Date,Close,High,Low,Open,Volume
2006-06-26,148.28465270996094,148.43099270423718,147.8700454684,148.17083822767864,24900
2006-06-27,148.30087280273438,148.59354030224398,148.24397178038663,148.24397178038663,23400
2006-06-28,147.82122802734375,147.85374112534444,147.6911508256515,147.6911508256515,125000
2006-06-29,148.94313049316406,148.94313049316406,147.2846770911727,147.30906501724505,47600
2006-06-30,150.34141540527344,150.40645400902693,150.18696267680983,150.22760094991617,31800
2006-07-03,149.84005737304688,150.38534314645293,149.72611724753727,150.17374360437577,17200
2006-07-05,149.84005737304688,149.84005737304688,149.84005737304688,149.84005737304688,0
2006-07-06,149.84005737304688,149.84005737304688,149.84005737304688,149.84005737304688,0
2006-07-07,150.8004608154297,150.92254754737118,150.613276062042,150.92254754737118,8500
2006-07-10,150.0761260986328,150.16565140240976,149.9866007948559,150.00288150969172,13800
2006-07-11,150.50743103027344,150.50743103027344,150.0760853433626,150.0842319078416,13000
2006-07-12,149.50640869140625,149.66917856608055,149.34363881673198,149.66917856608055,700
2006-07-13,150.13308715820312,150.32027189490904,149.880791987307,150.32027189490904,14800
2006-07-14,149.6529083251953,149.8156781977526,149.6529083251953,149.8156781977526,6200
2006-07-17,148.2693634033203,148.55422005192,148.2693634033203,148.32633970045936,13300
2006-07-18,148.92042541503906,149.2134161533439,148.85531498224407,149.2134161533439,42700
2006-07-19,150.30397033691406,150.30397033691406,148.87971238520745,148.87971238520745,900
2006-07-20,150.75985717773438,150.9144805834113,150.75985717773438,150.9144805834113,7300
2006-07-21,151.6469268798828,151.6632075991087,151.55740155196565,151.55740155196565,600
2006-07-24,150.9713592529297,151.21552026912326,150.93066368047323,151.21552026912326,1000
2006-07-25,150.21461486816406,150.71920566868815,150.165772684209,150.6459610205908,18000
2006-07-26,151.32130432128906,151.3945613145132,150.96321559445101,150.96321559445101,20000
2006-07-27,151.63059997558594,152.2084473558722,151.48411080282247,152.2084473558722,10000
2006-07-28,152.12704467773438,152.31422941271066,152.12704467773438,152.22470411884456,14900
2006-07-31,152.53399658203125,152.58282630931157,152.23287165143782,152.47703270638658,14400
2006-08-01,153.26068115234375,153.30149497646434,152.44420533501577,152.5258454416892,36400
2006-08-02,153.30966186523438,153.49744780770206,153.1708624765903,153.39130196879643,9400
2006-08-03,154.150634765625,154.27310115323252,153.94651581399108,154.27310115323252,24300
2006-08-04,155.85707092285156,156.17549599868926,155.69377824829448,155.69377824829448,25500
2006-08-07,155.70201110839844,156.16740852920418,155.61219822675722,156.06942291204396,12600
2006-08-08,155.6611328125,156.75522003934935,155.6611328125,155.734625115432,8400
2006-08-09,155.7509307861328,156.16734144871157,155.7509307861328,156.0367023209052,9900
2006-08-10,154.53443908691406,155.4407280805989,154.50177306531202,155.4407280805989,7600
2006-08-11,154.54249572753906,155.08953286738193,154.54249572753906,154.68129508017725,1300
2006-08-14,154.40370178222656,154.7547803114719,154.40370178222656,154.57516714056595,1100
2006-08-15,154.7874298095703,155.11401503258085,154.7874298095703,155.11401503258085,12100
2006-08-16,155.0977783203125,155.48151055845884,155.0977783203125,155.48151055845884,1400
2006-08-17,154.3139190673828,155.01608872126477,154.3139190673828,154.90994288547276,1700
2006-08-18,153.8484649658203,154.10158282352856,153.7586646252995,153.8239716986916,8800
2006-08-21,155.12220764160156,155.22834100054683,155.09771436965812,155.22834100054683,1600
2006-08-22,154.4772186279297,154.6078577457501,154.3792455187804,154.5996974727983,12000
2006-08-23,155.00790405273438,155.17119668780052,154.754786141188,155.17119668780052,2300
2006-08-24,154.58334350585938,155.0732214436069,154.58334350585938,155.0732214436069,500
2006-08-25,154.4853973388672,154.4853973388672,154.46089160219935,154.46089160219935,1100
2006-08-28,155.18751525878906,155.36712841975992,155.18751525878906,155.23650179891095,500
2006-08-29,155.51417541503906,155.57949498614437,154.90181845166543,155.52233568951436,6300
2006-08-30,155.99583435058594,156.06115389703427,155.90602153152315,155.90602153152315,1000
2006-08-31,155.84890747070312,156.1591598085036,155.8162414613985,156.1591598085036,500
2006-09-01,156.17083740234375,156.17083740234375,155.56457941508037,155.56457941508037,1600
2006-09-05,155.29421997070312,155.29421997070312,155.097588658387,155.20409884854107,19700
2006-09-06,154.49957275390625,154.49957275390625,154.19644364704735,154.38487424040284,4200
2006-09-07,153.74583435058594,153.9588422990033,153.49185996945752,153.49185996945752,18700
2006-09-08,152.9511260986328,153.12316760650825,152.89377059520797,153.12316760650825,17300
2006-09-11,153.0248260498047,153.03301433377524,152.6479649680092,153.03301433377524,12500
2006-09-12,153.83595275878906,153.8523293306214,153.6638987449508,153.84414104470522,10600
2006-09-13,153.9916229248047,154.00799949719269,153.81138061893435,153.86053533849895,20600
2006-09-14,153.9916229248047,153.9916229248047,153.9916229248047,153.9916229248047,0
2006-09-15,153.9916229248047,153.9916229248047,153.9916229248047,153.9916229248047,0
2006-09-18,154.2947235107422,154.41761028694006,154.07351481238805,154.07351481238805,23800
2006-09-19,154.5814971923828,154.92560524315877,154.40126738172972,154.92560524315877,8000
2006-09-20,155.03207397460938,155.39255853089148,155.03207397460938,155.19592718168352,8900
2006-09-21,156.27735900878906,156.27735900878906,155.73663224993933,155.79398774005824,26900
2006-09-22,156.0643310546875,156.09709668683098,156.0643310546875,156.09709668683098,200
2006-09-25,156.1052703857422,156.1052703857422,156.0315383444114,156.0315383444114,600
2006-09-26,155.7693634033203,155.86767278393242,155.60549776737636,155.86767278393242,700
2006-09-27,155.15492248535156,155.22046624697336,155.1221443539435,155.1221443539435,2300
2006-09-28,154.14724731445312,154.352066942828,154.065326963822,154.352066942828,6100
2006-09-29,153.92605590820312,153.92605590820312,153.8195456977493,153.8195456977493,500
2006-10-02,155.16641235351562,155.16641235351562,154.04028219450717,154.04028219450717,1000
2006-10-03,155.25682067871094,155.25682067871094,155.23216208607292,155.23216208607292,1300
2006-10-04,155.08424377441406,155.08424377441406,155.08424377441406,155.08424377441406,100
2006-10-05,154.38548278808594,154.43479996244645,154.32793772298774,154.352596310168,1000
2006-10-06,154.38548278808594,154.38548278808594,154.38548278808594,154.38548278808594,0
2006-10-09,153.60462951660156,153.61285740968526,153.48955189610925,153.48955189610925,9200
2006-10-10,152.58538818359375,152.6429207278616,152.48674125517286,152.6429207278616,8100
2006-10-11,152.7004852294922,152.87309542676306,152.61006618341418,152.61828153577667,4700
2006-10-12,152.7004852294922,152.7004852294922,152.7004852294922,152.7004852294922,0
2006-10-13,152.74977111816406,152.74977111816406,152.74977111816406,152.74977111816406,400
2006-10-16,153.24293518066406,153.2758216640466,153.17718729893593,153.2758216640466,1700
2006-10-17,154.1060333251953,154.1060333251953,154.02384219653732,154.02384219653732,3200
2006-10-18,153.84303283691406,153.84303283691406,153.72795520132203,153.7608291504105,2200
2006-10-19,154.64028930664062,154.64028930664062,154.53342707218778,154.53342707218778,5700
2006-10-20,155.22393798828125,155.22393798828125,155.1910640447999,155.1910640447999,500
2006-10-23,154.45950317382812,154.45950317382812,154.04028198561565,154.04028198561565,2400
2006-10-24,154.4512176513672,154.4512176513672,154.2868229031716,154.2868229031716,600
2006-10-25,154.6978302001953,154.6978302001953,154.6978302001953,154.6978302001953,100
2006-10-26,155.87332153320312,155.87332153320312,155.87332153320312,155.87332153320312,100
2006-10-27,156.38296508789062,156.6953240383353,156.38296508789062,156.6953240383353,8300
2006-10-30,156.81857299804688,156.8925487679041,156.81857299804688,156.85145947966194,1000
2006-10-31,157.3199920654297,157.500830094615,156.75281938685018,156.75281938685018,17000
2006-11-01,157.5484619140625,157.5484619140625,157.4165006157426,157.4165006157426,800
2006-11-02,157.44955444335938,157.44955444335938,157.44955444335938,157.44955444335938,100
2006-11-03,156.88043212890625,156.88043212890625,156.73197088174712,156.76495807476203,7200
2006-11-06,156.57522583007812,156.6247129037517,156.5339824067749,156.56698217970776,1700
2006-11-07,157.34226989746094,157.8536655921837,157.34226989746094,157.73819158093468,8500
2006-11-08,157.36697387695312,157.43296080761363,157.0452954560582,157.0452954560582,5600
2006-11-09,157.25987243652344,157.53206400716584,156.83920701565359,156.83920701565359,13100
2006-11-10,157.81248474121094,158.20015034389073,157.8042410891833,158.20015034389073,11800
2006-11-13,157.03707885742188,157.11130944755539,156.9628482672884,157.11130944755539,18400
2006-11-14,156.69900512695312,156.92170963177549,156.5093004080389,156.86396629930164,8800
2006-11-15,156.10511779785156,156.10511779785156,155.69270861913256,155.74220829259147,3400
2006-11-16,156.20399475097656,156.20399475097656,156.08026453290296,156.09676441245688,1600
2006-11-17,156.45152282714844,156.63298385272782,156.05561358303342,156.05561358303342,6300
2006-11-20,156.8225860595703,156.89681662855702,156.76484278210148,156.89681662855702,3000
2006-11-21,157.13607788085938,157.13607788085938,156.946373258546,156.9958603264778,1500
2006-11-22,158.3073272705078,158.53003167500967,158.1506224080917,158.18360959340956,9900
2006-11-24,159.8167266845703,159.92395704900642,159.77549585430123,159.8084830356612,6700
2006-11-27,160.30340576171875,160.38588002182306,160.15493195636992,160.1796754929738,9100
2006-11-28,161.5818328857422,161.5818328857422,161.0374625987876,161.16942390687535,31700
2006-11-29,160.83953857421875,161.63961318321526,160.83953857421875,161.63961318321526,13500
2006-11-30,162.6954345703125,163.0006133605772,161.9778465669418,162.03557731219684,6700
2006-12-01,163.93104553222656,164.28695612078653,163.23579419621203,163.27718091061928,68800
2006-12-04,163.90631103515625,163.94769777355268,163.5090261313612,163.59178697869467,6400
2006-12-05,163.484130859375,163.6744946240812,162.98751545728,163.65793740949024,16800
2006-12-06,162.76406860351562,163.16963834763388,162.76406860351562,163.0289335701537,2000
2006-12-07,162.5240478515625,162.66475263083765,162.47438882704856,162.66475263083765,3500
2006-12-08,161.84535217285156,163.17792415161583,161.721204602872,163.16137956192375,11500
2006-12-11,162.17640686035156,162.35021342987088,161.52252942027795,161.6880763257611,13200
2006-12-12,163.35171508789062,163.35171508789062,162.8716568513488,163.08685014519628,3000
2006-12-13,162.99581909179688,163.18619552256428,162.52404573559969,162.7226944605261,8300
2006-12-14,162.49916076660156,162.78884251678562,162.3501711163892,162.76401301332564,5600
2006-12-15,161.71290588378906,162.67300973681608,161.704620960839,162.67300973681608,2400
2006-12-18,161.56394958496094,161.6053363198974,161.20805144931575,161.20805144931575,6300
2006-12-19,163.2855224609375,163.30207967961374,162.55715639267243,162.55715639267243,8500
2006-12-20,162.8551025390625,163.49242276801172,162.79717122522484,163.49242276801172,1100
2006-12-21,162.6564178466797,162.77229306918053,162.3749957667902,162.3749957667902,11300
2006-12-22,162.6233367919922,162.87164449957322,162.37502908441115,162.87164449957322,1400
2006-12-26,162.22604370117188,162.49090861016884,162.1018961684883,162.39986287638288,12000
2006-12-27,162.466064453125,162.48262166709483,162.36674642821365,162.48262166709483,800
2006-12-28,162.7227325439453,163.21933552830052,162.63995906515626,163.21933552830052,5700
2006-12-29,162.6399688720703,162.879991767896,162.6399688720703,162.879991767896,6700
2007-01-03,162.09909057617188,162.80519798907844,161.98278978605578,162.73873858389274,7600
2007-01-04,161.45938110351562,161.60060254342324,161.45938110351562,161.60060254342324,3200
2007-01-05,160.4791717529297,160.53732848671794,160.18012343916928,160.32134492372356,14700
2007-01-08,161.12722778320312,161.12722778320312,160.56232888871332,160.56232888871332,3500
2007-01-09,161.3264923095703,161.50094981236154,161.18527084342216,161.50094981236154,1400
2007-01-10,160.70343017578125,161.0689504794007,160.13854437988388,161.0689504794007,16900
2007-01-11,161.81663513183594,161.81663513183594,161.47604810911906,161.80833245961594,3300
2007-01-12,162.87167358398438,162.87167358398438,162.87167358398438,162.87167358398438,600
2007-01-16,163.24545288085938,163.48636976844008,163.1042314221339,163.48636976844008,18000
2007-01-17,163.9599151611328,164.06791328690576,163.69409019686236,163.70239286967706,22300
2007-01-18,164.24234008789062,164.2838661200297,163.9100430999401,164.0928032743544,20100
2007-01-19,164.40023803710938,164.50823618940615,164.06795358120476,164.31717326105294,11100
2007-01-22,164.61624145507812,164.70762158577654,164.46670457037166,164.4833225966368,2100
2007-01-23,165.1230010986328,165.71280799754592,165.1230010986328,165.62974320905295,3000
2007-01-24,163.87684631347656,163.91838502818558,163.83530759876754,163.89345165869133,800
2007-01-25,163.60267639160156,164.19248293585864,163.55283501330757,164.19248293585864,10100
2007-01-26,163.27049255371094,163.40341143849466,161.99118314623448,161.99118314623448,6900
2007-01-29,163.3203125,163.4033772787431,163.237235045417,163.237235045417,12100
2007-01-30,163.59437561035156,163.72729441485913,163.4946928448883,163.51961353625413,4300
2007-01-31,163.81045532226562,163.81045532226562,162.71389363997014,162.71389363997014,13900
2007-02-01,164.04725646972656,164.36413117020095,164.0055604211619,164.18067873559448,11900
2007-02-02,164.0388946533203,164.11393989375756,164.02221369194132,164.08059069484506,6600
2007-02-05,163.52186584472656,163.53019996178492,163.22167222066898,163.24668729568688,2800
2007-02-06,164.4975128173828,164.4975128173828,164.26403027169064,164.30571358611505,5200
2007-02-07,164.3307342529297,164.54753582913193,164.31405329357753,164.50583979267353,21000
2007-02-08,163.43849182128906,163.45517278109008,163.2133433974303,163.3384315101715,9900
2007-02-09,162.87977600097656,162.8881101176991,162.6296125370342,162.72967283307423,900
2007-02-12,162.62962341308594,162.7296837158176,162.5378972276342,162.5378972276342,3000
2007-02-13,162.57125854492188,162.57125854492188,160.253088841494,162.33776329967043,13900
2007-02-14,164.00552368164062,164.02220464209924,163.43016414618805,163.43016414618805,9000
2007-02-15,163.23837280273438,163.31343076650467,163.07160136161937,163.31343076650467,16500
2007-02-16,162.97987365722656,163.01323557944906,162.82143633628274,162.82143633628274,24600
2007-02-20,163.36343383789062,163.53020525135196,163.26336081073924,163.26336081073924,8200
2007-02-21,163.43014526367188,163.43014526367188,163.07157463638643,163.18831589841915,2900
2007-02-22,163.64703369140625,163.77210913717178,163.64703369140625,163.738759926251,2500
2007-02-23,164.18893432617188,164.3557184406597,164.18893432617188,164.24731131101092,2600
2007-02-26,164.130615234375,164.2473565123391,164.130615234375,164.22234143305002,2400
2007-02-27,164.1139373779297,164.53087233909463,164.1139373779297,164.31407073987316,3000
2007-02-28,164.31407165527344,164.37243593376215,163.84710653198246,163.90547081047117,9200
2007-03-01,164.03363037109375,164.17588113364124,163.77423117067056,164.17588113364124,9200
2007-03-02,162.68653869628906,162.8957334039175,162.58612932246155,162.6028684741767,34300
2007-03-05,161.0045928955078,161.40624309681297,160.9962169368323,160.9962169368323,4900
2007-03-06,161.8413543701172,161.8413543701172,161.16356573748618,161.16356573748618,3000
2007-03-07,161.94174194335938,161.95010513179054,159.45650877905254,161.53171588215272,4000
2007-03-08,161.57363891601562,161.69078745431656,161.44812718506213,161.48996868479097,7800
2007-03-09,161.86648559570312,161.98363411153196,161.78280261229798,161.84138325432772,6700
2007-03-12,161.9083251953125,161.9836322185587,161.4815598604564,161.55687965193306,7600
2007-03-13,161.9585418701172,162.12589507913322,161.89159803286447,162.11753188756342,3100
2007-03-14,162.2848663330078,162.2848663330078,161.3895069775358,161.3895069775358,3100
2007-03-15,162.42715454101562,162.42715454101562,162.08407212394067,162.08407212394067,4200
2007-03-16,162.86227416992188,163.2890267934317,162.83717182549378,163.23882210457552,4900
2007-03-19,162.99610900878906,163.3391913225967,162.8873364657549,163.31408898434043,3600
2007-03-20,164.51901245117188,164.65290006826706,164.16756703246642,164.17593022045014,3200
2007-03-21,165.22195434570312,165.31400051487208,164.3433341433141,164.37681244204637,6700
2007-03-22,164.87887573242188,165.35584573840416,164.7533640299161,165.19685573641007,2700
2007-03-23,164.6781005859375,164.8287146688003,164.50237138769737,164.68646377890758,2700
2007-03-26,165.3558349609375,165.61523430802924,165.05459412632757,165.05459412632757,5400
2007-03-27,165.13824462890625,165.18007333997,165.02109614782876,165.07966400425408,2900
2007-03-28,164.71990966796875,165.23034523982074,164.71990966796875,165.23034523982074,5300
2007-03-29,164.9040069580078,164.9040069580078,164.82868716091284,164.8705286552475,3400
2007-03-30,165.2554473876953,165.6152561376734,164.43539498258198,164.51071477733433,13100
2007-04-02,166.21983337402344,166.4298341690412,166.21142513906668,166.40463509903356,6300
2007-04-03,165.942626953125,166.34582488136417,165.85022609275447,166.1274286738661,7600
2007-04-04,165.97613525390625,166.23653404770727,165.85013997220395,165.94254078459375,3800
2007-04-05,165.64013671875,165.89214009566547,165.64013671875,165.74934117281234,11300
2007-04-09,164.93455505371094,165.05215493311854,164.8085469431435,164.99334858470195,7500
2007-04-10,165.88375854492188,166.0769684281719,165.88375854492188,165.9761593707378,3300
2007-04-11,166.19456481933594,166.41296094056935,166.0937557640216,166.32056011669638,5200
2007-04-12,166.50535583496094,166.6313511278345,166.320554193796,166.42135042809485,9100
2007-04-13,167.1605682373047,167.19416271185563,166.5977678622351,167.1605682373047,5300
2007-04-16,167.5973663330078,167.6645680967381,167.49655727869947,167.62256539222844,4000
2007-04-17,169.050537109375,169.050537109375,168.73974022346994,168.77333469055824,4000
2007-04-18,168.96656799316406,169.05057340505635,168.82376904688823,168.9917670532465,6300
2007-04-19,168.67263793945312,168.69783700898532,168.45422891359925,168.45422891359925,4900
2007-04-20,168.7818145751953,168.82381729314494,168.58861745354298,168.6558192387764,8200
2007-04-23,168.5969696044922,168.72296489899927,168.35336161187755,168.35336161187755,10300
2007-04-24,168.55494689941406,168.79014663286844,168.5297478435028,168.57173772507213,8300
2007-04-25,168.5969696044922,169.07576454104483,168.5969696044922,168.7901666618783,5600
2007-04-26,167.88290405273438,167.88290405273438,167.67290342286842,167.86610041346717,5200
2007-04-27,168.4121551513672,168.86575099451755,168.2693562226453,168.8405519375328,7000
2007-04-30,168.6976776123047,168.95807629638298,168.25247738131552,168.25247738131552,6200
2007-05-01,168.6083221435547,169.29969159067838,168.6083221435547,169.29969159067838,1200
2007-05-02,167.73992919921875,168.04345509928578,167.59659931100416,167.86640582887833,11100
2007-05-03,167.6978302001953,167.83273350730047,167.51234136919763,167.83273350730047,3100
2007-05-04,168.0519561767578,168.22900551204546,167.95077226293444,168.03509004693933,9100
2007-05-07,168.22901916503906,168.49882580368137,168.21215303385176,168.44822741011947,3000
2007-05-08,167.9928741455078,168.2795339297045,167.8073853757139,168.1952290393966,2400
2007-05-09,168.27110290527344,168.65050706445777,168.27110290527344,168.54089655832877,7500
2007-05-10,167.16664123535156,167.46172769681985,166.86311527792813,167.35213003517063,9000
2007-05-11,167.3858642578125,167.5039014258776,167.27625372136407,167.3268521063232,11600
2007-05-14,167.06549072265625,167.20883353168364,167.06549072265625,167.19196740148845,3800
2007-05-15,167.79901123046875,167.8748895150041,166.97273813745983,166.97273813745983,8700
2007-05-16,167.06549072265625,167.62195723330703,167.01490519715853,167.52921281486525,12300
2007-05-17,166.93055725097656,166.93055725097656,166.78722734397948,166.8546661172026,11100
2007-05-18,166.94741821289062,167.099187622355,166.60174624010955,166.60174624010955,6500
2007-05-21,166.6185760498047,166.64386880364123,166.40779452444463,166.51740503445853,15700
2007-05-22,167.0401611328125,167.08232001646186,166.88840458977683,166.93899010412207,5100
2007-05-23,167.97601318359375,168.29640522582636,167.95072042921575,167.99287930820694,14200
2007-05-24,168.11941528320312,168.22059920925466,167.84962149894037,168.22059920925466,4200
2007-05-25,167.95079040527344,167.95079040527344,167.7821676841363,167.9170710070816,5600
2007-05-29,167.5460662841797,167.99292221242612,167.5460662841797,167.99292221242612,18500
2007-05-30,167.15821838378906,167.2762555531467,167.0739134714402,167.22567003272007,4900
2007-05-31,167.5629425048828,167.63039415954105,167.2088309667428,167.4870513527125,1700
2007-06-01,167.7668914794922,167.902333816072,167.52140062987974,167.60605531936517,15800
2007-06-04,168.6472625732422,168.72345697019753,168.46103256556256,168.52029343913964,16900
2007-06-05,168.7742462158203,169.01126387937668,168.68959151462423,168.93508239819656,11200
2007-06-06,168.91815185546875,169.01972716550137,168.68113418772987,169.01972716550137,33800
2007-06-07,167.52142333984375,168.09704689009607,167.46217538236576,167.97853805864617,10700
2007-06-08,166.81884765625,166.8273079599558,166.11625495384388,166.79344091214426,13500
2007-06-11,166.97972106933594,166.9881942920804,166.73424302320956,166.77657038743772,2600
2007-06-12,167.4706573486328,167.7753962284219,167.2759670110301,167.30982114589753,3700
2007-06-13,167.2928924560547,167.36907394319832,166.9458262370738,166.9458262370738,3400
2007-06-14,167.01353454589844,167.03046806945667,166.8526983633299,166.8780921904203,1600
2007-06-15,167.49600219726562,167.75841364436053,167.48754189514673,167.5298692387247,8600
2007-06-18,168.26632690429688,168.3340480751383,168.02930926459823,168.16475160628104,7900
2007-06-19,168.73193359375,168.73193359375,168.66421241018054,168.66421241018054,4100
2007-06-20,169.29058837890625,169.29904868140306,169.14668573750615,169.19747338547177,11600
2007-06-21,169.17213439941406,169.17213439941406,169.06208584882086,169.1382673454639,6100
2007-06-22,169.67999267578125,169.69692619963425,169.61227149686343,169.66305915192825,3900
2007-06-25,169.6630859375,169.8070015382299,169.48532911670975,169.8070015382299,14800
2007-06-26,169.87466430664062,169.87466430664062,169.7476951829448,169.7900225296743,28700
2007-06-27,169.7815704345703,169.7815704345703,169.62073425911856,169.74770338895237,21000
2007-06-28,169.9593505859375,170.17943474674237,169.91702323134172,170.1117264791833,90500
2007-06-29,170.6789093017578,170.6789093017578,170.33184301120633,170.48420601691325,12300
2007-07-02,171.45306396484375,171.4955471611953,170.82415444913497,170.82415444913497,19100
2007-07-03,171.59759521484375,171.66558650587825,171.47861369753656,171.5550990369456,6500
2007-07-05,171.19815063476562,171.41911259964874,170.96868165368653,171.41911259964874,1400
2007-07-06,171.05369567871094,171.3426489697075,170.85821583361258,170.85821583361258,6200
2007-07-09,171.47007751464844,171.63155518238696,171.402086235179,171.402086235179,5600
2007-07-10,172.4899139404297,172.65137862162484,171.84400334361266,171.84400334361266,12900
2007-07-11,173.06785583496094,173.39930524738335,172.39646296241722,173.1953313905035,40300
2007-07-12,172.81288146972656,172.99985425206785,172.60041357779426,172.86387168890855,4900
2007-07-13,173.13583374023438,173.3142995042017,173.1273396931919,173.26330928592532,1800
2007-07-16,173.50132751464844,173.72230248820432,173.4418432303937,173.5353296496639,14100
2007-07-17,174.24073791503906,174.3852145796765,174.18974767669832,174.24073791503906,18100
2007-07-18,174.8950958251953,175.10756375552614,174.58064743806997,174.58064743806997,24300
2007-07-19,174.49560546875,174.59758588897208,174.41910718557475,174.436108244948,37200
2007-07-20,175.09910583496094,175.45605047540343,174.8526486908516,174.90363892976964,38400
2007-07-23,175.38790893554688,175.5238914348606,175.34542575151562,175.45590018520372,31200
2007-07-24,175.62599182128906,176.01693853192796,175.62599182128906,175.85546082466436,37700
2007-07-25,174.91209411621094,175.26054462874956,174.80160664442718,175.20104738455427,26800
2007-07-26,174.64862060546875,175.16704282039038,174.37665545822568,174.48714292029467,14000
2007-07-27,172.75343322753906,173.34834085540308,172.75343322753906,173.34834085540308,14700
2007-07-30,172.82986450195312,172.92335088337097,172.72788407422806,172.91485683706375,8100
2007-07-31,173.51828002929688,173.84972942887163,173.16982956697154,173.39080447869554,7200
2007-08-01,173.36724853515625,173.62331971535414,173.09408857630018,173.53796699694942,64500
2007-08-02,173.8196258544922,173.8196258544922,173.33306465302758,173.33306465302758,123300
2007-08-03,174.3232421875,174.7158932566825,174.05862667892467,174.15252376503017,14900
2007-08-06,173.43544006347656,173.4781229141447,173.24765896549596,173.36716313238034,32300
2007-08-07,172.89768981933594,172.89768981933594,172.4623429472881,172.65868146898657,11100
2007-08-08,174.03297424316406,174.2719825773727,173.97321564712323,174.13540266497424,27200
2007-08-09,172.92337036132812,173.6318643525156,172.89776324327178,172.957508843742,4400
2007-08-10,172.87203979492188,173.01715104125307,172.37694747068747,172.37694747068747,6100
2007-08-13,172.17213439941406,172.25750011362214,172.00994735740628,172.25750011362214,4900
2007-08-14,170.9344024658203,171.10512086203886,170.79782253885398,171.06243800673954,12500
2007-08-15,170.26011657714844,170.65276771587241,170.02963950225555,170.02963950225555,30500
2007-08-16,169.4150390625,169.95281455085984,169.15042351266666,169.8674488138246,51100
2007-08-17,169.62843322753906,170.53325269203563,168.9370150716495,170.53325269203563,22700
2007-08-20,170.1491241455078,170.22594548663926,169.64550020922636,169.9954684382634,10200
2007-08-21,169.71380615234375,169.73086887976814,169.35528047670763,169.51746756211855,9400
2007-08-22,170.59303283691406,170.6186399551796,170.191837284109,170.2771900033328,50000
2007-08-23,171.67706298828125,171.71974585062534,171.54049606375338,171.7112144881489,16100
2007-08-24,172.43678283691406,172.462389951075,172.03558734841695,172.04413173645844,22200
2007-08-27,172.48800659179688,172.74407772821263,172.38556511224908,172.66725638728792,19900
2007-08-28,171.6599884033203,172.30019221930738,171.6514440164533,172.24043361115818,8000
2007-08-29,172.9318389892578,172.94891473676185,172.61600929781756,172.65869215408816,175700
2007-08-30,172.470947265625,172.8635983955094,172.32583593284315,172.32583593284315,3800
2007-08-31,173.0684814453125,173.0684814453125,172.58192015300548,173.02579857362147,20900
2007-09-04,172.703125,172.7802941996905,172.28295977286177,172.35155897835133,14500
2007-09-05,173.39767456054688,173.5348729719971,172.46303491496866,172.4887579816205,421100
2007-09-06,173.6034698486328,173.7921013068953,173.1661515534975,173.28619689091573,18900
2007-09-07,174.06655883789062,174.25520344590996,173.83503807641867,174.25520344590996,9400
2007-09-10,174.09228515625,174.4610043820529,174.0494090019987,174.4438513035593,7300
2007-09-11,174.52952575683594,174.55526190700778,174.2980181609333,174.41806349790667,4300
2007-09-12,174.36669921875,174.64108308179627,174.3323930583901,174.3838392149634,10700
2007-09-13,174.52101135253906,174.76110210296133,173.96366062847974,173.96366062847974,13100
2007-09-14,172.48016357421875,172.94320491145854,172.48016357421875,172.75456037909564,8600
2007-09-17,171.5799102783203,172.20586029138485,171.19403795572464,172.11153798114503,30300
2007-09-18,172.95176696777344,173.20901068954976,171.5626691877242,171.5626691877242,33700
2007-09-19,172.1029510498047,172.21441334441855,171.59703338977022,171.90572336709437,25300
2007-09-20,172.78033447265625,173.24336286268613,172.7117352511771,172.73745832373632,38600
2007-09-21,173.7921142578125,173.83499039950567,173.55202356508462,173.59489970677777,48700
2007-09-24,173.87786865234375,174.07508320577298,173.81785252041382,174.07508320577298,33800
2007-09-25,173.76644897460938,173.77503205617913,173.43203589253403,173.43203589253403,15200
2007-09-26,173.51780700683594,173.62069932509598,173.35488544694604,173.62069932509598,9100
2007-09-27,174.3923797607422,174.52956511682095,174.08368981262902,174.34093361671722,9300
2007-09-28,176.17591857910156,176.19305857097373,175.0011749376945,175.30129488697995,12900
2007-10-01,175.98818969726562,176.0828862142883,175.79019266562702,175.99680683073308,18900
2007-10-02,175.81600952148438,176.03122767405688,175.70410501454072,175.80740552429597,15500
2007-10-03,175.02406311035156,175.69554290580191,175.02406311035156,175.62667149910473,50500
2007-10-04,175.65249633789062,175.94520309982855,175.4028489829281,175.59224206705596,55100
2007-10-05,176.02272033691406,176.16906718472256,175.63533007672916,175.65253808055547,138900
2007-10-08,175.47174072265625,175.83330579719444,175.35121903114353,175.7988766578533,14200
2007-10-09,175.7213592529297,175.78162665672969,174.67109334111095,174.76578987859878,51200
2007-10-10,176.1087646484375,176.2723194552608,176.04849724391536,176.08292637801574,29800
2007-10-11,175.4200439453125,175.87630545194182,175.1617794931377,175.3511725490075,16800
2007-10-12,175.5491943359375,175.66971601248218,175.3167549826451,175.40284752412452,19000
2007-10-15,176.2550811767578,176.3153354350515,176.03986300194114,176.09151326215715,23800
2007-10-16,175.47174072265625,175.72138810654718,175.31677675592323,175.61808755264462,6000
2007-10-17,175.76437377929688,176.17758898831025,175.68689839058337,176.02263821088323,4900
2007-10-18,176.5822296142578,176.8921443566117,176.5564044803847,176.8663192227386,16600
2007-10-19,177.22787475585938,177.22787475585938,176.68553383764853,176.9696234309381,22200
2007-10-22,175.4458770751953,175.65247813765316,175.04126581338033,175.48892334183282,25800
2007-10-23,177.184814453125,177.184814453125,176.91793289850753,177.03845454361337,11300
2007-10-24,177.115966796875,177.21066332613756,176.8577023410793,177.06430339701515,18100
2007-10-25,177.33978271484375,177.33978271484375,177.00404287494484,177.24508618892992,7900
2007-10-26,177.46893310546875,177.48615424054663,177.18485662400877,177.33980743207786,21100
2007-10-29,178.4848175048828,178.4848175048828,177.89941697899772,177.90803411677356,15800
2007-10-30,178.88941955566406,179.06159153573392,178.6311550176192,178.76028071870158,8400
2007-10-31,179.6986083984375,180.11182369979855,179.17347542000627,179.18207941982797,15800
2007-11-01,179.81446838378906,180.49744457986117,179.76258525205725,180.16891737094957,13000
2007-11-02,180.79139709472656,180.79139709472656,180.00468095749594,180.06519149493874,11700
2007-11-05,180.02194213867188,180.13433579939135,179.900907885491,180.03059592287752,17600
2007-11-06,180.59254455566406,180.77410253805604,180.4715102979843,180.70493822056122,17900
2007-11-07,181.8461151123047,182.28703598405016,181.08533400907248,182.09683741030597,24600
2007-11-08,182.6761474609375,182.79718176656218,182.24388019917086,182.24388019917086,29400
2007-11-09,181.0075225830078,181.83748122556733,180.85191275788452,181.76831690604195,14600
2007-11-12,178.0334930419922,179.6415269248588,177.92111258432595,178.69054737177734,44700
2007-11-13,179.29576110839844,179.84906251161766,179.16608624504474,179.49460029612283,11900
2007-11-14,177.77415466308594,179.52050408100718,177.77415466308594,179.52050408100718,9400
2007-11-15,177.18624877929688,177.6703857307985,176.98740964387497,177.6703857307985,27400
2007-11-16,177.88650512695312,177.88650512695312,177.03062493836316,177.26403961248326,24400
2007-11-19,177.7050018310547,178.1718444799299,177.393769001223,177.87790602724013,64300
2007-11-20,179.26976013183594,179.84035570400133,178.8115581943598,179.02769168153688,96800
2007-11-21,179.36489868164062,179.42540921159892,178.32746035430011,178.5003645435662,61200
2007-11-23,178.57818603515625,178.64735035563504,177.57532317583195,177.98165531380394,121200
2007-11-26,179.65879821777344,179.95273659504835,178.43116159055958,179.44266473005817,21300
2007-11-27,179.67608642578125,179.84034998148755,179.23517887499645,179.59828153889111,167300
2007-11-28,180.66163635253906,180.6875713122208,179.58096906000185,180.66163635253906,42400
2007-11-29,178.863525390625,179.20069328631112,177.24685024871312,177.24685024871312,30700
2007-11-30,178.61276245117188,179.46864282550646,178.3533995652318,179.46864282550646,205700
2007-12-03,179.40965270996094,179.54855144565406,179.2099940562224,179.49646773129726,56000
2007-12-04,178.69786071777344,179.0537705959378,178.59368001913327,179.0537705959378,7400
2007-12-05,176.01539611816406,176.64911665678255,175.99804371012112,176.58834349029325,26100
2007-12-06,176.1108856201172,176.41472495735863,175.85914324483278,176.2063768478691,34500
2007-12-07,176.57101440429688,176.66650565276146,176.16300754686773,176.40608701705415,5800
2007-12-10,177.97726440429688,177.97726440429688,177.61266522565106,177.79495819191897,8000
2007-12-11,176.8401336669922,178.1422798147417,176.82276800944317,178.07283043066118,36200
2007-12-12,178.02940368652344,178.3679611185368,177.8644630729067,178.00336182606966,31500
2007-12-13,177.49122619628906,177.51726806240936,177.03981177334245,177.47386053683653,42800
2007-12-14,175.4597930908203,176.3626215517001,175.31221816370007,176.3626215517001,24500
2007-12-17,175.73756408691406,176.03271389672827,175.33823362661116,175.34692307438237,16300
2007-12-18,175.15603637695312,175.75502577164997,175.11262885270673,175.75502577164997,7100
2007-12-19,173.8104248046875,174.69588766962679,173.54131678840994,174.62643830314997,52500
2007-12-20,172.65585327148438,173.1767168950376,172.49091268248878,173.1767168950376,18400
2007-12-21,172.62982177734375,172.99442103727188,172.5343305488307,172.9510135250181,87500
2007-12-24,172.18707275390625,172.38673138688955,172.11762339327922,172.11762339327922,29900
2007-12-26,172.95968627929688,172.95968627929688,172.75133818825856,172.75133818825856,22400
2007-12-27,173.8451385498047,174.0534866440637,173.27220447128823,173.74097112573114,13900
2007-12-28,173.7583465576172,173.97537086739254,173.56736410532585,173.8277959262788,52600
2007-12-31,173.28955078125,174.99970324555474,172.86419165050663,174.99970324555474,16500
2008-01-02,172.75,172.97662117413913,172.48850584513474,172.50594233549782,232000
2008-01-03,172.139892578125,172.41880998273678,171.92198295258692,172.37522539759956,7600
2008-01-04,172.10507202148438,172.68906839982222,172.00047962540955,172.68906839982222,31800
2008-01-07,171.87835693359375,172.25315501509752,171.83477235896325,172.0613935268391,37100
2008-01-08,172.08758544921875,172.60186228063404,172.08758544921875,172.34907966347006,6400
2008-01-09,170.9806365966797,171.19854625385324,170.7714385377391,171.19854625385324,43200
2008-01-10,171.3640899658203,171.3989496447121,170.7888055130216,170.9195459340465,40100
2008-01-11,170.86729431152344,171.285677068022,170.81499812947962,170.97188667561107,21300
2008-01-14,170.90216064453125,171.16364154456798,170.83242797113894,171.04161269116833,45300
2008-01-15,171.72146606445312,172.4972236617744,171.62558531421587,172.41006780710595,44400
2008-01-16,171.5732879638672,172.38391853760896,171.29437061063845,171.9916839439287,90000
2008-01-17,172.21836853027344,173.03771100103563,172.07890315223935,172.45371469318715,135600
2008-01-18,170.9369659423828,171.53839842139834,170.74520447660558,171.2681927105695,54500
2008-01-22,171.5384979248047,171.66923840906196,170.2746244764308,170.45766115439096,57000
2008-01-23,171.5122528076172,171.52967599556163,170.33553591433812,170.4401282425786,50300
2008-01-24,173.06385803222656,173.06385803222656,171.97430971082014,171.97430971082014,127300
2008-01-25,173.3340301513672,173.62167244825181,173.02023976387014,173.37761473577052,31400
2008-01-28,173.61293029785156,173.9703052342365,173.54321092991225,173.75239563402323,80200
2008-01-29,174.1098175048828,174.20569828682895,173.69143468373164,173.935492437749,19500
2008-01-30,174.44102478027344,174.76352678312742,173.88317664823347,173.96162092457928,78700
2008-01-31,174.14462280273438,174.37125728935226,173.92671321184545,173.92671321184545,42300
2008-02-01,172.16769409179688,172.98158788053968,172.04517402564787,172.78905444035044,51400
2008-02-04,172.91159057617188,173.1916307446729,172.78031048001367,172.91159057617188,16100
2008-02-05,171.9839324951172,172.22021262585335,171.75638567541876,172.15895926540986,19500
2008-02-06,171.66006469726562,171.91386478461266,171.59006469422062,171.63381135770317,14800
2008-02-07,170.23355102539062,170.58360438695462,169.94475099294442,170.39983104592145,66700
2008-02-08,170.55740356445312,170.82869700624417,170.35612348726687,170.42613685187163,38100
2008-02-11,170.86373901367188,170.91624570750812,170.34739203234764,170.47867212062442,65300
2008-02-12,171.96644592285156,172.0714593265708,171.63388567282308,171.7914191320901,35400
2008-02-13,172.2726593017578,172.40392598514725,171.86133922222976,171.86133922222976,53800
2008-02-14,172.63145446777344,173.09528120752827,172.56144112072056,172.57894779590393,54400
2008-02-15,171.9751434326172,172.37771695461953,171.75635666827958,172.0714101430731,35700
2008-02-19,170.91622924804688,171.423816162393,170.91622924804688,171.423816162393,28200
2008-02-20,170.3647918701172,170.5923251852716,170.1284985423599,170.1284985423599,32600
2008-02-21,172.32518005371094,172.43019340900184,171.61631319813333,171.808846585288,46500
2008-02-22,172.7102508544922,173.0077976038746,172.49146412341412,172.73650419392698,51800
2008-02-25,172.73654174804688,173.02534189829896,172.62276834997283,173.02534189829896,21000
2008-02-26,174.37307739257812,174.5043441294418,173.10411663937944,173.21787669343252,38400
2008-02-27,174.16299438476562,175.04690137433676,174.0667276835356,174.5305545111849,40000
2008-02-28,174.9768829345703,175.16941633144128,174.39053608180242,174.39053608180242,25800
2008-02-29,174.48683166503906,174.6706050764945,174.28553821900803,174.45181830325762,125700
2008-03-03,174.31118774414062,174.9962754648835,174.01254911036557,174.6010212088455,46400
2008-03-04,174.53074645996094,174.68005905781905,174.17063251108314,174.5922218110403,88200
2008-03-05,174.94354248046875,175.4178421656391,174.18820113386798,174.18820113386798,72900
2008-03-06,176.6738739013672,176.79683803392265,176.06784500654155,176.22593600464774,75800
2008-03-07,177.18324279785156,177.5697052033365,177.01636008620298,177.49065973005483,47000
2008-03-10,176.86703491210938,177.4116016274728,176.67380372312235,177.4116016274728,20600
2008-03-11,176.2434539794922,177.1481212731479,175.86576992564918,176.98123855647873,25700
2008-03-12,178.26361083984375,178.3865749504495,177.411640429903,177.42919715850175,43400
2008-03-13,178.6237335205078,179.3966585412006,178.44807239819158,179.19464892064119,28000
2008-03-14,177.85960388183594,179.38788382142297,177.6663726227358,178.386600661579,30800
2008-03-17,176.17318725585938,177.0163658022528,176.11169850660082,176.71774062549187,107400
2008-03-18,176.90223693847656,178.44807358808524,176.87588844005765,177.56097620311823,166600
2008-03-19,174.60101318359375,176.0502474509257,174.4604923411933,175.86579457978047,117800
2008-03-20,174.7854766845703,174.96113779981638,174.28482843393076,174.64494243153982,105900
2008-03-24,174.82937622070312,175.12800142421688,174.30237953043442,174.8820732093135,60500
2008-03-25,176.34007263183594,176.50695535138968,175.77794912507056,175.77794912507056,71000
2008-03-26,176.94613647460938,177.00761183025776,175.84823781868704,175.90971317433542,78100
2008-03-27,176.65626525878906,177.9825218274912,176.52450939699872,177.97374346420438,54000
2008-03-28,175.77798461914062,176.0853882258972,175.30368485704818,176.0853882258972,66000
2008-03-31,174.96987915039062,175.88332472771668,174.9083904066259,175.23336404629612,72400
2008-04-01,174.1358642578125,174.8059518541622,173.76555162927585,174.8059518541622,37700
2008-04-02,175.18502807617188,175.48480293785235,174.47085301300672,174.47085301300672,25300
2008-04-03,175.8551483154297,176.18138662348287,175.32613612890822,175.32613612890822,32700
2008-04-04,175.8904266357422,176.26073920824123,175.7052636226521,176.11966390814223,27600
2008-04-07,175.43190002441406,175.65232508717241,175.18502503041896,175.54652536222542,35000
2008-04-08,173.82730102539062,174.01246410628787,173.62451361578778,173.78322674994055,47300
2008-04-09,174.48849487304688,174.75300767028284,174.08292024380748,174.08292024380748,34700
2008-04-10,174.18869018554688,175.07039038972854,174.03880276527727,175.07039038972854,24200
2008-04-11,174.2151336669922,174.24158359584442,173.9858964657138,173.9858964657138,43200
2008-04-14,174.4708251953125,175.55531258299746,174.41792534035366,175.52886265551805,36000
2008-04-15,173.3334503173828,173.61560085742522,173.19237504736162,173.4568878152318,43400
2008-04-16,174.04759216308594,174.67360514580676,174.0387800055204,174.61187968182097,32200
2008-04-17,175.81109619140625,175.99625923906268,174.93822119816724,174.94703336093806,97800
2008-04-18,176.3224334716797,176.5781341090468,175.9080332279576,175.91685884187493,88800
2008-04-21,175.12335205078125,175.54657798479352,174.79712716528536,175.4495903899593,38700
2008-04-22,176.3136749267578,176.80742512380215,175.84637467214915,175.93453666237343,112600
2008-04-23,175.12335205078125,175.34377717961516,174.79712716528536,174.99110235495377,65900
2008-04-24,174.49734497070312,174.7530321899096,174.15348232215285,174.28573201248696,57400
2008-04-25,175.35255432128906,175.9168419569669,175.23792898080376,175.51125391241166,21400
2008-04-28,176.01382446289062,176.62219978538755,175.98737453179754,176.09317425616985,39200
2008-04-29,174.16226196289062,174.84117497175833,174.0123745239394,174.5414000938559,60200
2008-04-30,175.92564392089844,176.10198127426372,174.59428143126112,174.62073136158205,94000
2008-05-01,174.77806091308594,175.0523522739609,174.45068264381558,174.94617845717016,149500
2008-05-02,174.67184448242188,175.07885301498933,174.4594833994008,174.6806877979142,41500
2008-05-05,174.521484375,174.62765820072542,174.0879187512054,174.17640594014287,34900
2008-05-06,174.7603759765625,175.008123904788,174.61881537561183,174.63650201244974,41700
2008-05-07,173.05267333984375,173.10576024960605,172.76952515278003,172.97304297520031,66200
2008-05-08,173.15003967285156,173.81365318470444,173.08809593114458,173.71632266291596,116900
2008-05-09,173.02618408203125,173.03502740267874,172.53953142136143,172.53953142136143,15800
2008-05-12,173.51278686523438,173.92865233742214,173.42429967918417,173.71629119165104,15100
2008-05-13,172.5306396484375,172.76953075010726,172.19440454071824,172.60142669749675,48500
2008-05-14,172.42442321777344,172.52175370614373,171.92008414257964,172.2120756076905,73100
2008-05-15,172.69874572753906,172.84031982731887,172.27403692944893,172.33598066107106,22900
2008-05-16,173.4331512451172,173.76938636659924,172.54833334753252,172.54833334753252,36400
2008-05-19,172.8137969970703,173.34469318398385,172.62799278252618,173.34469318398385,32100
2008-05-20,174.55686950683594,174.89310462013432,174.3976087697468,174.43299554423905,52300
2008-05-21,174.68959045410156,175.04352571269908,174.04367717137933,174.23833818829556,50700
2008-05-22,175.53895568847656,175.9990646013359,175.53011237329937,175.9990646013359,37600
2008-05-23,175.77786254882812,176.0786972837881,175.63628849664292,176.00791025769553,28000
2008-05-27,175.4062957763672,175.4682260053349,175.1585478579983,175.2381782243492,23800
2008-05-28,175.77786254882812,176.00791025769553,175.37969734064637,175.37969734064637,24400
2008-05-29,175.45050048828125,175.5832312475817,175.23815287539574,175.41511371988267,22900
2008-05-30,176.00794982910156,176.0344932821984,175.07004514968625,175.08774528550006,38200
2008-06-02,174.69989013671875,174.7975727217883,174.07827984540702,174.3535634351245,42200
2008-06-03,174.54891967773438,174.7087700588034,174.24699663026635,174.61996278597755,39800
2008-06-04,173.7141876220703,173.81187020637722,173.54546192644128,173.77635542576016,47900
2008-06-05,174.1670684814453,174.1670684814453,173.50992992948557,173.50992992948557,33600
2008-06-06,175.1350555419922,175.4281033497855,174.30919107455819,174.30919107455819,46800
2008-06-09,175.41917419433594,175.79215390046045,175.25046205595928,175.6500676838499,23700
2008-06-10,173.8119354248047,174.0428290107604,173.5988195609601,173.85633907980332,44500
2008-06-11,174.58450317382812,174.95746944739287,174.28256648086378,174.28256648086378,52200
2008-06-12,173.2435302734375,173.305698074044,172.8972035917241,173.16361185844687,71400
2008-06-13,173.2613067626953,173.57211868766242,172.71961488352494,172.7995333042005,28400
2008-06-16,174.69100952148438,175.0462115199883,174.65548119158137,174.98405726778955,26800
2008-06-17,174.13153076171875,174.2558527999689,173.50992057046807,173.56319950827728,18100
2008-06-18,174.46902465820312,174.4778999666409,173.8740537907303,173.94509690850023,10800
2008-06-19,175.60560607910156,175.74769224880873,175.2947942766275,175.40136567894936,26200
2008-06-20,176.04966735839844,176.04966735839844,175.69446537897113,175.82766273373463,28000
2008-06-23,175.01951599121094,175.05504430973468,174.45118484558085,174.5488673963962,28400
2008-06-24,175.46360778808594,175.6589729817587,175.15280938003542,175.1616846888061,34500
2008-06-25,175.9519805908203,176.10294210598576,175.13500521752619,175.77437960533666,62500
2008-06-26,177.1331024169922,177.21302085304362,176.80453981316464,176.8134151226956,51300
2008-06-27,177.73699951171875,177.7991673464923,177.05323462977822,177.05323462977822,56600
2008-06-30,177.5149688720703,177.76361307471518,177.18640622216665,177.71033410987596,27400
2008-07-01,177.75283813476562,177.99344587249428,177.4587650325414,177.99344587249428,52500
2008-07-02,177.72608947753906,177.82411383613618,177.56567980097225,177.74391579660147,63500
2008-07-03,176.7101593017578,177.02204501519194,176.5854022968854,176.77253100544715,36700
2008-07-07,176.32708740234375,176.5409625254776,175.37358970639903,175.45378777851062,141300
2008-07-08,175.55174255371094,175.96166631110074,175.44481183330382,175.81908295222624,44200
2008-07-09,176.8349609375,176.89733265693116,176.0774987612122,176.0774987612122,68900
2008-07-10,176.42506408691406,176.60328650924086,176.07752560425203,176.10425828772608,40700
2008-07-11,177.3785858154297,178.12712819282638,177.1914434223305,178.09148914521225,109900
2008-07-14,178.02015686035156,178.18055293429163,177.5211287225421,177.5300350830398,71800
2008-07-15,178.8756103515625,179.54395444870366,178.6706553024046,179.2231487381761,95400
2008-07-16,178.5459442138672,178.70634031164641,178.251871103773,178.4390134820144,53500
2008-07-17,178.5192108154297,179.303405772538,178.20731138544372,178.7687249204189,43200
2008-07-18,178.4033660888672,178.51031042136557,178.18950461886914,178.19841098095262,83800
2008-07-21,178.64402770996094,178.64402770996094,178.1271730057766,178.15390569758756,44300
2008-07-22,177.83297729492188,178.73302262422342,177.7795119481305,178.72410266809547,111900
2008-07-23,178.59945678710938,179.00938069672767,178.41232795690516,178.78659921481616,226300
2008-07-24,177.5657501220703,177.66377451948787,177.19147885852217,177.40535397947943,150600
2008-07-25,178.03799438476562,178.2607758057172,177.6904559119811,178.0558207057414,60400
2008-07-28,178.26971435546875,178.44793679131584,177.84197778993573,178.06475923411963,61400
2008-07-29,177.03993225097656,177.61917208523812,176.76368547352033,177.61917208523812,55400
2008-07-30,177.2271270751953,177.40534953944783,176.67461975925931,176.71027241061128,106000
2008-07-31,177.2984161376953,178.06478496031033,177.09344738923275,178.0558649988541,58000
2008-08-01,176.57760620117188,176.86378646970036,176.51499616483557,176.7207031586746,94100
2008-08-04,175.6385040283203,176.38080394379602,175.3880912431566,175.9872942395464,134300
2008-08-05,175.03033447265625,175.13765032149334,174.7262501568326,175.02138238760574,89700
2008-08-06,174.30599975585938,174.6637421771263,174.2612938938693,174.48487778973185,173000
2008-08-07,173.9392547607422,174.2522638871004,173.89453527227045,174.24332544799483,48400
2008-08-08,171.93603515625,172.1148995636576,171.4709767798066,171.96286413503717,239800
2008-08-11,171.12208557128906,171.97170124067836,170.8090764543938,171.97170124067836,233700
2008-08-12,169.92373657226562,170.71075614010425,169.87901707018824,170.68392716815302,418900
2008-08-13,167.6342010498047,167.87567538775008,167.0886560027268,167.83095589606052,250100
2008-08-14,167.31224060058594,168.18868532663225,167.24963058263188,167.80412771853597,155000
2008-08-15,166.99920654296875,167.41060673564238,166.57886791110707,167.1870229376935,194900
2008-08-18,167.1602325439453,167.56268074381916,167.05290301656382,167.32120636530476,137500
2008-08-19,167.40167236328125,167.45534394350466,166.68621505131767,166.86507937930855,72300
2008-08-20,166.96348571777344,167.06186316217432,166.48053693745064,166.954533629616,100500
2008-08-21,168.42120361328125,168.4569710151768,167.68784223294284,167.82198704814058,211700
2008-08-22,166.01547241210938,166.874026690697,166.01547241210938,166.67727182550522,272500
2008-08-25,166.0780029296875,166.7487541641745,166.03328345142793,166.39996406810002,73200
2008-08-26,164.96011352539062,165.2105262723897,164.71863921704463,165.00483301159858,71900
2008-08-27,164.6649627685547,165.5235304091626,164.11047941207084,165.5235304091626,64800
2008-08-28,164.25360107421875,164.89752349020594,163.75277556100022,164.84386556328565,64300
2008-08-29,163.66334533691406,164.26254829701898,163.17145823638842,164.20889036722934,170100
2008-09-02,159.9969024658203,160.66109292000212,159.9699771213058,160.06870794969097,288900
2008-09-03,159.61984252929688,160.03272040121493,159.15312769467909,159.5480370865508,120300
2008-09-04,158.86599731445312,160.19436453070523,158.36337262157372,160.19436453070523,166100
2008-09-05,158.4800567626953,159.37760476172605,158.2736108621614,159.04550268914767,200300
2008-09-08,157.8696746826172,158.69541697691471,157.0259775984133,158.61464096557398,144500
2008-09-09,157.93252563476562,159.12625222264762,157.92354139115432,158.09407767384982,201800
2008-09-10,157.7350311279297,158.30946108407292,157.6452708834893,158.04916459249011,148400
2008-09-11,157.62728881835938,157.84270515044457,157.03491787222924,157.79782503599083,461600
2008-09-12,161.27133178710938,161.45085224746364,159.61984763756098,159.77242907247148,319200
2008-09-15,162.1420135498047,162.15099779341628,160.63413973633428,161.0111081897019,178100
2008-09-16,160.53536987304688,161.92657144058109,158.51588770273622,160.08659605742227,69900
2008-09-17,163.8922119140625,164.05376392269386,160.83157103707734,160.87645116019408,276700
2008-09-18,163.12037658691406,164.35001295030827,162.95881082710204,163.82943347279584,141900
2008-09-19,165.16676330566406,165.3462701410365,163.98199354031738,164.11663393846695,198500
2008-09-22,167.48248291015625,167.778661734606,165.86689357203468,166.19898199038565,158200
2008-09-23,167.02464294433594,167.24902986226712,166.18993018346742,167.05156827884844,160400
2008-09-24,166.18997192382812,167.14137050353162,166.11816644859658,167.14137050353162,66400
2008-09-25,165.46292114257812,167.15928571873832,164.74488025576363,167.05157068364713,124300
2008-09-26,165.89370727539062,166.1270646967127,165.26542675991726,165.40902395239112,38700
2008-09-29,162.9138946533203,163.60501028729485,162.20483792427598,162.6087316912249,80400
2008-09-30,160.3109893798828,162.5458880014964,159.96991688380373,162.20481550541732,68700
2008-10-01,159.44554138183594,160.27406215895732,158.88717996779496,159.33746389502886,49600
2008-10-02,158.80613708496094,159.22040435715945,158.09469450415577,158.34685241190257,32200
2008-10-03,159.86888122558594,160.3912124649272,158.4549824626409,158.4549824626409,24300
2008-10-06,157.05905151367188,158.0856984696954,156.2935769692903,158.00465064880387,60500
2008-10-07,157.2031707763672,159.01332151460633,156.96902800923448,158.56303744902712,40200
2008-10-08,155.94235229492188,157.08606371783884,155.6631784241063,156.67181014875013,21100
2008-10-09,154.0061492919922,156.67183697414055,154.0061492919922,156.67183697414055,58100
2008-10-10,153.81703186035156,154.8706948721413,151.93484785830609,153.56487389555977,59700
2008-10-13,156.7708282470703,157.24812803295237,155.69915047597087,156.52767111828635,22300
2008-10-14,156.97796630859375,158.48191284047292,156.97796630859375,158.39186430811964,43900
2008-10-15,156.38368225097656,158.51803849972586,156.23960176431902,158.23886452100055,69300
2008-10-16,156.4466552734375,156.68981245188115,155.12281937307563,155.51907144414662,45600
2008-10-17,155.9693603515625,156.4916913944467,155.4470293086783,155.8702973306435,55400
2008-10-20,154.66354370117188,155.25790810081236,154.21325972902153,155.25790810081236,71000
2008-10-21,150.55694580078125,153.55583877338054,150.55694580078125,153.39374313562865,53500
2008-10-22,146.513427734375,148.4046125168112,145.78396976532255,148.12543860189768,62200
2008-10-23,145.63087463378906,146.1892224628412,144.8293695681973,145.414733341134,279600
2008-10-24,143.35232543945312,143.8566547731731,141.0468748801532,141.20898417281265,88500
2008-10-27,141.34413146972656,141.98354073548353,138.73249001361833,139.36288480561936,145700
2008-10-28,143.7216339111328,143.82971140795237,140.38953528922616,142.10060887460153,34200
2008-10-29,148.26953125,148.90894064649967,145.7659530344389,145.7659530344389,87400
2008-10-30,149.09805297851562,149.16109934170223,146.6935377917776,148.30554865033398,74400
2008-10-31,145.36068725585938,147.0177291129672,144.8293554225874,146.72054001768524,26100
2008-11-03,143.00291442871094,144.4573349914004,142.7228730295317,144.33086423743947,82700
2008-11-04,144.3127899169922,145.44199797581058,143.69850734944845,143.7978644257175,39300
2008-11-05,143.42750549316406,146.3363467751599,143.40943430325999,144.9812970022157,84300
2008-11-06,141.45816040039062,143.96951822931672,141.30458974573304,143.49073507530213,55600
2008-11-07,141.78334045410156,143.12031874138043,141.47619921507248,142.8312486882578,15900
2008-11-10,141.20521545410156,142.2982949845294,140.80773198849144,141.87371162665303,112100
2008-11-11,139.08229064941406,140.50959736598506,138.94677742504413,140.37409792589185,54200
2008-11-12,135.17071533203125,137.50140223760704,134.77323192087115,137.36588901056047,39000
2008-11-13,134.7371063232422,134.7371063232422,131.8915073965487,134.1408949165425,126500
2008-11-14,133.78858947753906,135.26106755771346,133.2465640422993,133.2465640422993,89500
2008-11-17,135.99278259277344,136.4083372348628,135.63144151778317,135.6856413006039,46200
2008-11-18,135.1616668701172,136.2005464277653,134.81839703551967,135.97470484361696,69900
2008-11-19,135.4416961669922,137.79045394667273,135.30619674228086,137.26649986399707,27700
2008-11-20,133.36390686035156,134.63764225204142,133.36390686035156,134.63764225204142,45800
2008-11-21,134.6016387939453,135.6947185700406,133.20141764695055,135.6947185700406,25100
2008-11-24,137.0948944091797,137.4201068989651,135.78501574742248,136.35414105061665,75600
2008-11-25,140.37408447265625,140.51862638442083,138.07954020656408,139.0009638794436,83200
2008-11-26,138.8383331298828,139.75072789578766,137.5103839078173,138.42277867372212,66100
2008-11-28,139.30816650390625,139.3171952073743,138.43189981770195,138.80226963981337,25200
2008-12-01,134.2859649658203,135.61615728753125,134.27692101669618,135.61615728753125,72700
2008-12-02,134.7203826904297,136.34917793729798,134.53034921426197,136.1591582686923,74500
2008-12-03,133.6163330078125,134.20450718343045,133.13674143506466,133.64347865853003,76000
2008-12-04,132.89244079589844,133.94211883858685,132.2952087570354,132.48524215396682,76700
2008-12-05,133.38108825683594,133.4082339148731,131.54415842268128,132.3133222205542,36400
2008-12-08,134.85604858398438,135.28134891259498,133.77018098633087,134.23167091825582,51300
2008-12-09,133.28152465820312,134.24976563904337,132.88338381223699,132.9738647195932,36600
2008-12-10,133.95115661621094,134.62078164174014,133.4896666842922,133.99640397602,26700
2008-12-11,135.82432556152344,136.39439826181854,134.72939991759918,134.84704032272705,69700
2008-12-12,135.218017578125,135.69762308592993,134.00546549853914,135.42615269903047,34300
2008-12-15,138.3489227294922,139.06378125873752,137.24495350137556,137.24495350137556,91800
2008-12-16,141.46176147460938,141.61559145058834,137.88744100142512,138.62040127831833,70600
2008-12-17,140.43927001953125,140.9369635028832,139.2267177564989,139.31721250167544,69800
2008-12-18,135.5257110595703,138.95524648296345,134.66606621586232,138.41231943788657,117900
2008-12-19,134.78363037109375,135.62518692204063,134.00542287354799,135.31751321739003,69700
2008-12-22,134.1592559814453,134.36739104104777,133.07338856123067,134.05971732915168,19500
2008-12-23,133.45347595214844,133.9602132920187,132.72955954909506,133.9602132920187,23300
2008-12-24,133.00103759765625,133.6163714083889,132.7114793042674,133.57112404167125,11500
2008-12-26,132.59384155273438,133.20011761766196,132.59384155273438,132.96485063662615,22100
2008-12-29,131.24554443359375,132.376659561394,130.84740350695654,132.376659561394,42500
2008-12-30,130.49447631835938,131.35412092340314,130.2953989815001,130.95596624968462,46800
2008-12-31,131.987548828125,132.81100386914952,129.8972504990291,132.10518920757315,86500
2009-01-02,131.1663055419922,131.77301027680355,130.79503413466384,131.37457401697026,31700
2009-01-05,132.88674926757812,133.44817438297724,131.4560078218154,131.54656649986043,51800
2009-01-06,135.5218963623047,135.83882421093602,131.91786974723283,131.99031395137348,115100
2009-01-07,136.7986297607422,138.4014103261937,136.3730289143738,136.53601792754702,72600
2009-01-08,138.175048828125,139.01720031153707,137.00691926801508,138.99003547181223,125100
2009-01-09,137.43255615234375,138.43769693719486,137.03411997567227,137.8672075190227,111000
2009-01-12,134.272216796875,134.97853029874474,134.2269374560239,134.9423151164528,119300
2009-01-13,131.12091064453125,132.36148387352475,131.12091064453125,132.08077143344374,152500
2009-01-14,132.04457092285156,132.55166620215672,131.70951497113845,131.84535294636595,96800
2009-01-15,132.8415069580078,132.932065661296,131.13911663819886,131.8906958427545,131700
2009-01-16,133.62925720214844,135.44937009499915,132.75994109646243,135.40409076767924,135300
2009-01-20,126.1134033203125,127.29059728997184,125.79646169940982,126.36695109010779,259100
2009-01-21,126.70195770263672,126.70195770263672,123.41487414673833,125.27121636624346,310100
2009-01-22,125.79642486572266,125.95036355107328,124.021590996834,124.66451057580939,205600
2009-01-23,125.0267333984375,125.10822791243334,123.2156705061926,124.13025229254347,293400
2009-01-26,126.52088165283203,126.79254390788013,125.54290582504865,126.1405600226912,198500
2009-01-27,128.3137969970703,128.61262401803404,127.17283240391916,127.41732975149178,331500
2009-01-28,128.76654052734375,130.0071277311907,128.35000389152293,129.63585660386022,184400
2009-01-29,129.6812286376953,129.92571230063936,128.94773619690267,129.6812286376953,100700
2009-01-30,131.2386932373047,131.30208708407085,129.672127377495,129.672127377495,69600
2009-02-02,129.4176788330078,129.53544540419927,128.04965677817674,128.24897106664233,146900
2009-02-03,131.04840087890625,131.23866043775436,129.5988588777337,129.9250082471956,176900
2009-02-04,131.04840087890625,132.05402694941463,130.67696412189903,131.2658383998771,139600
2009-02-05,132.5614471435547,133.2409241827908,132.40742018287824,132.47989939260958,135800
2009-02-06,134.12875366210938,134.52738235415657,132.7154438077559,132.7154438077559,131900
2009-02-09,135.12522888183594,135.76847275474907,134.545409454753,135.63258297652087,111800
2009-02-10,131.47422790527344,133.95658815052462,131.04842133356993,133.8841089655548,251900
2009-02-11,130.31459045410156,130.7041643508772,129.71664753755732,130.47767207860963,252400
2009-02-12,129.28172302246094,129.49009194033022,128.3395217131518,128.79250603616254,205700
2009-02-13,130.51388549804688,131.12995157616947,130.12432548275473,130.4685842854808,158400
2009-02-17,129.1005859375,129.5173377711522,128.62042346063413,128.9375181486732,151600
2009-02-18,128.9918975830078,129.0553082377761,128.41207785487487,128.91034984974468,101200
2009-02-19,129.4629364013672,130.74942426655937,129.30892336375672,130.74942426655937,148800
2009-02-20,130.7403564453125,131.2114640960976,129.02807595148371,129.02807595148371,172800
2009-02-23,131.2477569580078,132.32586254559192,131.08468913332783,132.11749349494752,174100
2009-02-24,131.20245361328125,131.5195345085163,130.27836124707042,130.7947564531351,50800
2009-02-25,128.65667724609375,129.79820725111844,128.44830820707836,129.69855008915584,161900
2009-02-26,129.63511657714844,130.22400479279355,129.49015820185195,130.09716967040703,64700
2009-02-27,129.70762634277344,130.18778897814656,128.31243966761272,128.33054910080037,85500
2009-03-02,127.27392578125,127.61823213015934,126.5400212588639,127.44607895570466,234100
2009-03-03,127.44609832763672,127.68166838749862,126.67594363812049,127.68166838749862,136000
2009-03-04,128.41555786132812,128.6058360672749,127.79037581723071,128.1075015520274,180200
2009-03-05,127.98063659667969,128.2433872187543,127.50042717246816,127.81755286408341,243400
2009-03-06,127.57292175292969,129.57530144655573,127.23767101628816,129.2763007586368,204800
2009-03-09,124.99064636230469,125.51616144283089,124.62822884314144,124.78225698005294,240400
2009-03-10,124.5829086303711,125.92386988489719,124.05739361128938,125.6158136470929,144500
2009-03-11,125.6067886352539,125.80612244362905,124.35642453278147,125.27153787098086,174600
2009-03-12,126.36785125732422,126.44033752246042,124.18424918062303,124.76412547637133,165200
2009-03-13,126.6215591430664,127.2376717213368,126.18665533338478,126.75746226317227,113900
2009-03-16,127.3917007446289,128.2796332982147,127.34639510075034,128.1709108131793,139900
2009-03-17,127.17425537109375,127.25579724347617,126.57625398960356,126.7393515597113,34200
2009-03-18,129.4666290283203,129.4666290283203,126.39509291480248,126.58537118083815,306400
2009-03-19,131.5414276123047,132.24816521599502,131.19713514678892,131.69546956109707,249200
2009-03-20,130.81658935546875,131.42364623572703,130.4994636928628,130.66256123588147,146700
2009-03-23,132.13040161132812,132.16663783770224,130.91628756030923,131.83140089870219,137200
2009-03-24,132.8190460205078,133.81571540406463,132.74655971758108,132.92778238757222,111100
2009-03-25,131.77703857421875,133.4170008548447,131.5052184899211,132.08509488459563,146500
2009-03-26,130.8709716796875,132.10321066025577,130.7078741103917,132.10321066025577,48900
2009-03-27,129.5481414794922,129.95586472790595,129.3759882839665,129.61157216219954,72600
2009-03-30,129.0950927734375,129.14945402150806,128.03500696003266,128.29777142616425,129600
2009-03-31,130.05555725097656,130.21865487766706,129.32165249423852,129.66595895309248,57200
2009-04-01,130.8074951171875,130.943412014809,129.81989592435906,130.08266029789124,135200
2009-04-02,133.17234802246094,133.64350186623778,132.7374442264667,132.800874897415,307200
2009-04-03,134.28684997558594,134.51336445485933,133.91536291149438,134.1056273318899,156400
2009-04-06,133.53475952148438,134.44987262448365,132.91863322885908,134.36833076710894,144900
2009-04-07,133.38075256347656,133.8337813878782,133.0545712568937,133.32637749126064,140400
2009-04-08,133.00921630859375,133.47130056108534,132.61054887883438,133.21760561948165,117400
2009-04-09,132.85523986816406,133.353560523734,132.2391134666694,133.29014367635025,38100
2009-04-13,134.5133056640625,134.68544497978337,133.4622756215172,133.56194250185064,99700
2009-04-14,135.0841064453125,135.36498205220406,134.51329963384705,134.8847726935817,69600
2009-04-15,135.77273559570312,136.05361123697062,135.22003991195876,135.22003991195876,107900
2009-04-16,135.14764404296875,135.27449163759138,134.72179558416047,135.1204634030747,44800
2009-04-17,133.92433166503906,134.44984657520408,133.72499794651654,134.22333224282283,69600
2009-04-20,131.6592559814453,132.12135430512316,131.34214404839724,131.97638173983816,88200
2009-04-21,132.90052795410156,133.19047303496788,131.9944703144079,131.9944703144079,75300
2009-04-22,131.10653686523438,131.66830199950647,130.93438370273208,130.97063375028114,176200
2009-04-23,133.31732177734375,133.38980804822683,131.42366461105428,131.68641524583074,110500
2009-04-24,132.74647521972656,133.7884496075274,132.65587776774814,133.31729585108405,77100
2009-04-27,132.56521606445312,132.93670280467387,132.04877069113917,132.32964618850892,80100
2009-04-28,132.43844604492188,132.95490554549943,132.06695908752496,132.69214108281668,245300
2009-04-29,133.7522430419922,134.06031318980718,133.28110295774687,133.28110295774687,101500
2009-04-30,133.95155334472656,134.3683459272337,133.1270376040041,133.61631645413604,106600
2009-05-01,135.0479278564453,135.09323351486952,134.32307879769547,134.44992634607576,69500
2009-05-04,135.85430908203125,135.89054531096966,135.12040447426062,135.21100195927912,169300
2009-05-05,136.57913208007812,137.0593415177987,136.15328388808558,137.0593415177987,142800
2009-05-06,137.05026245117188,137.1046375184166,135.90863489517525,136.57912247111432,331900
2009-05-07,135.9630126953125,136.59725030366224,135.39219193512625,136.32544406104304,241900
2009-05-08,137.89292907714844,137.96541535508194,136.2438973611853,136.37074489123293,90500
2009-05-11,136.91436767578125,137.3673964863258,136.42510264354368,136.68785327050898,42900
2009-05-12,138.18287658691406,138.62684990687745,137.68455583379972,138.62684990687745,40500
2009-05-13,137.0684051513672,137.72076778902687,136.67880698391815,136.9053214046238,46800
2009-05-14,137.8657684326172,138.02885221259612,136.91440490670246,137.20433623511363,48500
2009-05-15,137.29498291015625,138.37319426217957,137.15001029594234,138.11042967074812,35300
2009-05-18,138.91680908203125,138.9258646842467,138.2010155719513,138.463780115015,57000
2009-05-19,140.25772094726562,140.54765219360655,139.80469214176756,139.895289607662,101800
2009-05-20,142.65875244140625,143.01211431792916,140.42985870498194,140.49327554161914,106800
2009-05-21,143.55575561523438,143.8819368752989,141.81612683667043,142.01546059700655,177300
2009-05-22,144.0359649658203,144.28060436715498,143.53763056507952,143.96347870522706,107500
2009-05-26,144.2262725830078,144.53434273931188,143.30210359012978,143.30210359012978,117100
2009-05-27,144.91488647460938,145.58536039714204,144.71555265295243,145.13233149798438,158100
2009-05-28,144.24441528320312,144.9058336807948,143.80951136118975,144.37126283651313,149400
2009-05-29,146.3736114501953,146.65448710067471,145.34070631518026,145.8843325926217,265200
2009-06-01,148.81997680664062,149.3454919302045,148.2854060832258,148.4575592577968,177900
2009-06-02,150.2152557373047,150.2424501796074,148.67496086623783,148.8652390103214,176500
2009-06-03,147.45188903808594,148.9921849267193,147.03509626040125,148.79285105374163,317900
2009-06-04,146.5548095703125,147.07126901299912,145.7031132562728,146.56386516874272,219300
2009-06-05,144.65208435058594,145.37693316579248,144.3077918780023,145.37693316579248,266000
2009-06-08,145.42227172851562,145.77563370493561,143.88197628836033,144.23533826478035,130400
2009-06-09,147.75086975097656,148.0408010924687,146.8357424153202,146.85386744458424,133300
2009-06-10,148.08609008789062,148.3941464239793,147.0622403425633,148.17668757332234,139900
2009-06-11,150.061279296875,150.45994691671433,148.98306836831247,149.1371103512591,188800
2009-06-12,148.7475128173828,149.5448481347092,148.12233070041964,148.50287333132215,170400
2009-06-15,147.63304138183594,148.52097404189482,147.12565129037372,148.52097404189482,217900
2009-06-16,148.61154174804688,149.11893169067554,148.22192986866762,148.73838923370403,74800
2009-06-17,148.41226196289062,148.86529083712085,147.04410591449513,147.53338484085646,126400
2009-06-18,147.94110107421875,148.42131055219136,147.2978078453921,147.52432227180722,234700
2009-06-19,149.34544372558594,149.88906987338407,148.4303307236555,148.8833594261567,125800
2009-06-22,148.00450134277344,148.71122510196722,147.72361189843798,148.25819634221014,68800
2009-06-23,148.93777465820312,149.12803904004733,147.27968734684168,147.93205002099515,100400
2009-06-24,148.66592407226562,149.89816289004025,148.22195089680986,149.88909346634583,189000
2009-06-25,148.1494598388672,148.32161297939723,147.20716610299294,147.24340232057477,91200
2009-06-26,149.58106994628906,149.77134815607147,149.0011935419511,149.39080556185067,53100
2009-06-29,149.9615936279297,150.09751056787408,149.39078672125848,149.77132926748672,87900
2009-06-30,148.9558868408203,149.67168019720424,148.65689995309367,149.63543014543234,55700
2009-07-01,149.0736846923828,149.7441724233561,149.0193234379096,149.5176579794881,76900
2009-07-02,148.35784912109375,148.62965529084062,147.75984789697213,148.140390359957,121600
2009-07-06,147.3521728515625,147.3702840518901,146.13804498776932,146.210531265111,243100
2009-07-07,145.91152954101562,146.55483660710993,145.8571682897233,146.48235033027228,93300
2009-07-08,145.29539489746094,145.92963244195306,144.65208792889933,145.76654871280147,121400
2009-07-09,147.9320068359375,148.1675768007571,146.57292063242636,146.87192125623957,145400
2009-07-10,146.66354370117188,146.7722800176763,146.2105148875397,146.39173747326635,101100
2009-07-13,146.89910888671875,146.94440070205937,145.60343945501083,145.81182881173515,71900
2009-07-14,147.38839721679688,147.66021727861803,146.98972963617152,147.5424253592489,39600
2009-07-15,148.62965393066406,148.99208519590854,148.5209314637603,148.9105433457307,77800
2009-07-16,148.70216369628906,148.93774751228293,148.42128806214987,148.66592747670455,57300
2009-07-17,147.91392517089844,148.30352336060466,147.56961880764635,147.96828642291848,90700
2009-07-20,149.73512268066406,149.79855336945067,148.91062050386222,149.34552442216219,60700
2009-07-21,148.6931610107422,149.05557863692013,148.26731269604267,149.05557863692013,86300
2009-07-22,148.94680786132812,149.27298914935707,148.03169466521382,148.03169466521382,57600
2009-07-23,149.44512939453125,150.04313067514744,149.03740627605313,149.03740627605313,81200
2009-07-24,148.64784240722656,148.88342628653973,148.4847586372513,148.6569118335663,28500
2009-07-27,149.22772216796875,149.36363913797834,148.95590205329486,149.33645850904549,48100
2009-07-28,148.70216369628906,149.09177563986435,148.31256557805506,148.9105668912592,117400
2009-07-29,148.10415649414062,148.89242204958396,147.97730900446768,148.8380608147726,23500
2009-07-30,149.1280059814453,149.49949288791524,148.94679723998266,149.18236722135003,38500
2009-07-31,151.13043212890625,151.40225221297473,149.32737226908444,149.32737226908444,165400
2009-08-03,153.2596435546875,153.6764361502769,152.20862720449335,152.40796099038278,101900
2009-08-04,153.24151611328125,153.46803049820582,152.87002920392314,153.2596273098298,52100
2009-08-05,153.7852020263672,154.13856405097667,153.2053255289222,153.7852020263672,96200
2009-08-06,151.84622192382812,152.58012652271603,151.57440182137287,152.57107092192726,61100
2009-08-07,150.87672424316406,151.66498997713575,150.78611294773032,151.574378681702,44000
2009-08-10,148.96493530273438,150.10656291669855,148.64780960840667,150.10656291669855,161600
2009-08-11,149.04652404785156,149.34552481288577,148.88344026256726,148.9378015243287,53300
2009-08-12,149.34544372558594,149.77129181196418,148.63872005571116,148.99208189064854,67400
2009-08-13,149.97972106933594,150.26966615228412,149.7894567058259,150.13374921014872,20300
2009-08-14,149.4813690185547,150.16998159689854,149.18236837143291,150.16998159689854,27700
2009-08-17,147.79612731933594,147.87768301944206,147.28873722035402,147.58773791982765,78100
2009-08-18,149.81663513183594,149.97971886959547,148.61157682102433,148.61157682102433,73100
2009-08-19,149.54481506347656,149.8347463168038,148.3125761298156,148.33070115356801,59100
2009-08-20,149.3636016845703,149.44514355092198,148.9558647021282,148.99211474851242,36700
2009-08-21,149.1371307373047,150.30593930492554,149.01933879024787,149.997882947611,83100
2009-08-24,148.48468017578125,149.1914037895877,148.3034576488871,149.08266750838365,55300
2009-08-25,147.95924377441406,148.60253708008756,147.77803497670374,148.60253708008756,52600
2009-08-26,146.9444580078125,146.9444580078125,146.22867837713594,146.3736509537159,81600
2009-08-27,147.225341796875,147.46091185558757,146.13806134042852,146.40988145454014,88200
2009-08-28,147.17999267578125,148.13135588154705,147.08938138938785,148.04980019365652,71200
2009-08-31,147.23435974121094,147.6602079184898,146.68166405316873,146.69978907623258,30000
2009-09-01,146.20152282714844,147.11663645126796,145.75754941971616,146.50052363313162,92400
2009-09-02,147.243408203125,147.37932513150324,146.5276288182276,146.58199005944246,60900
2009-09-03,147.65121459960938,148.0861185591938,147.5787283021207,147.86865966672778,81500
2009-09-04,148.28541564941406,148.37601312979803,147.39746909437986,147.51526102675757,43800
2009-09-08,149.19146728515625,149.8438299486737,149.10992540855247,149.6807323701225,53200
2009-09-09,149.5176239013672,150.04313895040667,149.48137385641752,149.59916576449194,26000
2009-09-10,150.7045440673828,150.90387782133786,150.08841778461087,150.43272405514048,52900
2009-09-11,150.7679901123047,151.21196334582712,150.67739264089832,151.11229644954017,50200
2009-09-14,149.87103271484375,150.3059366129897,149.71700453894508,149.9978802611924,40900
2009-09-15,149.2095184326172,149.31825471633584,148.40312794050553,148.90146225031341,53000
2009-09-16,149.22772216796875,149.4451810247769,148.7565682242237,148.7565682242237,73900
2009-09-17,148.55723571777344,149.61732163297285,148.54816629199556,149.1008620760237,62900
2009-09-18,146.84478759765625,148.00454042283565,146.7994819446496,148.00454042283565,109200
2009-09-21,146.59107971191406,146.71792724599658,146.2196065355366,146.33738464374903,37000
2009-09-22,148.00450134277344,148.14946003863687,147.72361189843798,147.75986194140924,98700
2009-09-23,147.82330322265625,148.85620841268994,147.82330322265625,148.64781901983778,40100
2009-09-24,145.24105834960938,146.13804666314033,144.9148770105043,146.0293241585533,93100
2009-09-25,144.0359649658203,144.86953622463193,144.02690936774886,144.51617434507764,135900
2009-09-28,143.6192169189453,143.93634267912316,142.9849792239345,143.03934047988616,32300
2009-09-29,144.17189025878906,144.5161965932777,143.8185283248349,144.31686280229403,99300
2009-09-30,144.53433227539062,144.9873611382426,144.2896928183543,144.93299988675534,48600
2009-10-01,144.08128356933594,144.77893796779796,144.06315854622184,144.57054859068214,29800
2009-10-02,143.8457489013672,144.08133280633126,143.4017893734208,143.52863692788355,46700
2009-10-05,144.0994110107422,144.2262585361562,143.81853533485003,143.9091466352929,24400
2009-10-06,143.83665466308594,144.09034970386583,143.67357091916006,143.67357091916006,19900
2009-10-07,144.16285705566406,144.33501024965315,143.456133077963,143.64639747369682,24700
2009-10-08,145.3135528564453,145.7575123255451,145.07796898270777,145.2863722287594,82900
2009-10-09,143.27490234375,144.13565435654561,143.09367975129388,144.13565435654561,59900
2009-10-12,142.93966674804688,143.19336181394536,142.66786048125863,142.9215555471571,44200
2009-10-13,143.65545654296875,144.0088185063434,142.93060759043658,143.0483995200094,52200
2009-10-14,144.45277404785156,144.64305225007467,143.96350896767478,144.54338534897562,59600
2009-10-15,147.10748291015625,147.14371912371985,146.63632918179528,146.9625104052238,136100
2009-10-16,147.89576721191406,148.01355911529035,147.61489158879286,147.61489158879286,109900
2009-10-19,148.02261352539062,148.4212810486882,147.4336816639178,147.54240414287509,65500
2009-10-20,147.9773712158203,148.9377903021635,147.64212041797472,148.9377903021635,39200
2009-10-21,149.89817810058594,150.3874431427968,149.89817810058594,150.00690059322338,52800
2009-10-22,150.2787322998047,150.3330935503375,149.58106399216547,149.762272769056,48800
2009-10-23,147.40655517578125,148.1404598289335,147.3703051192564,148.1404598289335,51100
2009-10-26,147.55148315429688,148.2400819413395,147.28871871262137,147.59677497324506,62800
2009-10-27,148.01361083984375,148.26730593166326,147.48809562811888,148.1042221549274,102200
2009-10-28,148.09507751464844,148.82898178792047,147.87763258943514,147.87763258943514,48400
2009-10-29,149.43612670898438,150.07943391791792,149.0555840400992,149.1008897013503,62300
2009-10-30,148.4303436279297,149.65351293581983,148.42127420487435,149.51760984338983,93500
2009-11-02,148.12232971191406,148.5481779967037,147.65118959604297,147.79614834112508,23900
2009-11-03,148.35784912109375,148.6024746738659,147.3974166284109,147.41554164817376,53500
2009-11-04,149.73512268066406,150.0431928720834,149.18242681195827,149.3183437913526,81600
2009-11-05,149.9163360595703,150.21532298000764,149.4995433706577,149.82572474557114,60100
2009-11-06,150.15187072753906,150.17905135026288,149.67166129229562,149.80756440591463,66100
2009-11-09,151.36598205566406,151.746524592675,151.02167573988856,151.746524592675,182800
2009-11-10,151.184814453125,151.302606398553,150.7227299235429,150.91299433116964,76400
2009-11-11,149.73512268066406,150.55058308099112,149.49955260519872,150.4962218193719,65700
2009-11-12,149.8890838623047,149.8890838623047,149.32733264288424,149.65351389214067,56700
2009-11-13,150.87672424316406,150.94921051444254,150.3330841212468,150.50523728736536,43800
2009-11-16,152.16334533691406,152.57106857164382,151.27541258622676,151.27541258622676,104600
2009-11-17,151.9458770751953,152.0364883774498,151.45661198891455,151.80997394715723,76000
2009-11-18,151.3207244873047,151.85530915410334,151.11233504197259,151.85530915410334,47500
2009-11-19,150.58676147460938,150.62301151866308,150.1156076792983,150.32401086925455,23300
2009-11-20,149.22772216796875,149.3908197669112,148.88342959303748,148.88342959303748,113000
2009-11-23,150.16094970703125,150.4418254024716,149.98879651941445,150.36028352160395,94300
2009-11-24,149.8619384765625,149.96160537686,149.39985402537042,149.85288287666032,99300
2009-11-25,151.13941955566406,151.1756695907055,150.48705717829387,150.9219746467657,22400
2009-11-27,149.0736846923828,149.2005322279351,147.98641812688527,148.0226543547526,71900
2009-11-30,148.66592407226562,148.7746465538707,148.08604779480348,148.67497967061905,76000
2009-12-01,150.18807983398438,150.42366362218058,149.78035674139667,150.03405172457747,38600
2009-12-02,150.34213256835938,150.70456390750962,150.2877713238223,150.6773832852411,55600
2009-12-03,149.72601318359375,150.00688881775343,149.64447132051666,150.00688881775343,21200
2009-12-04,148.62965393066406,150.1699626136096,148.4122089968565,150.0974763605607,73300
2009-12-07,148.55723571777344,148.9921395694425,147.55151105586464,147.55151105586464,41400
2009-12-08,147.23435974121094,147.35215165311328,146.9444146735565,147.23435974121094,81700
2009-12-09,147.0350341796875,147.08939542657492,146.31925472009905,146.78133914398455,74600
2009-12-10,147.08035278320312,147.27061716406905,146.60919889310506,147.23438093806632,70100
2009-12-11,146.77227783203125,146.94441716536062,146.4007908923027,146.67261094150268,167900
2009-12-14,147.37933349609375,147.43369474039392,146.75415153595821,146.86287402455852,41600
2009-12-15,147.06222534179688,147.06222534179688,146.50047398324776,146.7360440117553,53300
2009-12-16,147.63304138183594,148.2944596206818,147.33404068679363,147.76894450442649,94000
2009-12-17,146.05648803710938,146.21051617606068,145.65782046554494,145.84809865209792,64000
2009-12-18,145.88438415527344,146.30117689143464,145.050812508298,146.18338493495162,68900
2009-12-21,145.04173278808594,145.78469298724886,144.8514545688954,145.63066482187784,87100
2009-12-22,144.36219787597656,144.67025422470942,143.881988324909,144.67025422470942,82300
2009-12-23,144.19900512695312,144.53425570910002,143.97249081552195,144.153713324936,41100
2009-12-24,144.08128356933594,144.18095045845075,143.95443605822086,144.16282543533666,59800
2009-12-28,144.59774780273438,144.67928967921844,144.39841399887757,144.5343309516946,100500
2009-12-29,143.6192169189453,144.724608541112,143.3927024689168,144.67024728516031,78100
2009-12-30,145.24105834960938,145.3497808541964,143.61920725435172,143.70981855840355,138100
2009-12-31,145.99302673339844,146.32826353224337,145.73026235700257,146.25577728445617,48200
2010-01-04,145.485595703125,146.23761093251863,145.37685944950914,146.22855533860658,27000
2010-01-05,144.53433227539062,145.03266678959653,144.2987484184876,144.91487486114502,28500
2010-01-06,144.7427215576172,144.93299976300378,144.06317826391944,144.37123457231326,28800
2010-01-07,144.0087432861328,144.12653515417932,143.70068713545064,144.1174657333532,28200
2010-01-08,144.82421875,145.15039998334709,144.1899813033083,145.15039998334709,45800
2010-01-11,145.50379943847656,146.14710647409748,145.4584937894312,145.73031385836038,38700
2010-01-12,146.0292510986328,146.28294603263905,145.76650056888957,145.76650056888957,14900
2010-01-13,147.1256561279297,147.25250365496603,146.76322474686614,147.02598922630517,80200
2010-01-14,147.49708557128906,147.65112750342877,147.17997376034953,147.24339059240165,23100
2010-01-15,146.89910888671875,147.26152636148632,146.5819832272918,147.26152636148632,74100
2010-01-19,147.9864044189453,148.04982126817492,147.70552874662152,147.71458434641343,38200
2010-01-20,147.0984649658203,147.24342368251877,146.97161744787007,147.08033994172953,43800
2010-01-21,146.31924438476562,146.69071748737124,145.83903497072328,146.34642500628942,68500
2010-01-22,145.54002380371094,145.8299550208183,145.28632880423928,145.42223190204888,57200
2010-01-25,146.68167114257812,146.7813380362337,145.93871106515303,145.96589168839162,60900
2010-01-26,145.81185913085938,146.0836792061257,145.63971978102262,145.6578309807886,36600
2010-01-27,146.0384063720703,146.3374071395169,145.78471126490592,146.19244838209897,70100
2010-01-28,145.67596435546875,146.79041152005868,145.54006122271784,146.79041152005868,137500
2010-01-29,144.37120056152344,144.99638245650075,144.37120056152344,144.9692018371835,94600
2010-02-01,144.15379333496094,144.1990851621165,143.61015315565365,143.89102884566958,70100
2010-02-02,144.3349609375,144.4708640308785,143.91816840890579,144.1718634001057,41300
2010-02-03,143.60107421875,144.23531177464284,143.51046292847596,144.13564488547811,94600
2010-02-04,142.28724670410156,143.0845816328761,142.0969823940413,143.03022040143034,127500
2010-02-05,141.19097900390625,141.63495227275172,140.55674135222984,141.5443409687934,185500
2010-02-08,140.89195251464844,141.39934254316103,140.7832300300647,140.90100811324996,36800
2010-02-09,141.80709838867188,142.23294665195408,140.79231809762214,141.22722196159424,128200
2010-02-10,140.73793029785156,141.10941723623824,140.66544402997062,140.95538910149443,37600
2010-02-11,141.75274658203125,141.88866355350615,140.76514685256964,140.86481376817972,54500
2010-02-12,141.50804138183594,141.64395829019534,140.81944271896774,140.91005399120735,51600
2010-02-16,142.58633422851562,142.6497649207646,141.1819554755406,141.33598366698473,77400
2010-02-17,141.62588500976562,142.52288716141194,141.50809307788992,142.35073397646875,41400
2010-02-18,141.04598999023438,141.5261994294252,140.547655527298,140.93726749844546,50800
2010-02-19,139.53294372558594,139.7322776083647,138.93494207724964,139.19770666152579,189400
2010-02-22,139.78660583496094,140.10373161678027,139.65975828730237,140.01312030044735,82700
2010-02-23,139.14328002929688,139.7503369961163,139.13421060457225,139.324488794336,51900
2010-02-24,139.04359436035156,139.74124870281838,138.99828871887354,139.1251362198076,95900
2010-02-25,137.88381958007812,138.1918896281008,137.22240149600273,137.9200696211819,177500
2010-02-26,137.69358825683594,137.84761640509643,136.83283621639515,137.01404498932848,115000
2010-03-01,135.3831329345703,135.59152232379114,134.3955334102818,134.95728473137387,484500
2010-03-02,135.10227966308594,135.31066908684093,133.75224855844513,135.2291272025905,273900
2010-03-03,136.33453369140625,136.64259006016454,135.77278221598274,135.9539910314084,121600
2010-03-04,135.7817840576172,136.65160538275583,135.50996402942755,136.46132721542082,103300
2010-03-05,136.74221801757812,136.94155180534986,135.64589601017602,135.76367410270117,109300
2010-03-08,136.017333984375,136.95057201078018,135.7364583992894,136.88715518124744,140700
2010-03-09,135.3831329345703,135.57341112496678,135.06602105103298,135.36500791040336,92900
2010-03-10,135.1656951904297,135.2744315270388,134.72173571920382,135.01166702435697,44200
2010-03-11,136.017333984375,136.03545900367246,135.4193466009478,135.50088844977802,31500
2010-03-12,137.1137237548828,137.35836322345415,136.61538921717988,136.7331811511854,46500
2010-03-15,135.89959716796875,136.1351671889759,135.70026337121536,135.99926406634546,42200
2010-03-16,137.7388916015625,137.80230844962358,136.61537510762693,136.73316702946698,73600
2010-03-17,138.3822021484375,138.78992538814032,137.95635388187054,138.6087165955329,124100
2010-03-18,137.58489990234375,138.2010126482854,137.40367725909354,138.08322069524206,71300
2010-03-19,135.5824737548828,136.75128210542053,135.4012649798447,135.5824737548828,113200
2010-03-22,136.2710418701172,136.33447253100135,135.35592877626723,135.4193594371514,49500
2010-03-23,135.8633270263672,136.20763331990443,135.45560389342842,135.57339579918403,35400
2010-03-24,134.35025024414062,134.83045977485156,134.25058333255845,134.7489178904693,107800
2010-03-25,133.74314880371094,134.70356754650874,133.62535690400694,134.70356754650874,115700
2010-03-26,134.5223846435547,134.68546838953296,133.92438325761512,133.95156388194482,89400
2010-03-29,135.29258728027344,135.37412918224064,135.075128383013,135.3288235171429,49800
2010-03-30,136.05360412597656,136.57911916054078,135.94486781946404,136.32542415424646,71000
2010-03-31,137.0955810546875,137.25867862115737,136.52476031005676,136.71503850004788,80100
2010-04-01,138.02880859375,138.0650586391871,137.47611291623707,137.54859918176976,72700
2010-04-05,137.97445678710938,138.29158249233566,137.80230362286326,137.98351238641723,49800
2010-04-06,137.9110107421875,137.9291219369686,136.869036378014,136.93246703576642,48500
2010-04-07,137.630126953125,137.9291275833276,137.20427882756434,137.22240384842695,53200
2010-04-08,137.83856201171875,137.91104828659513,137.131838113353,137.28586626296163,48800
2010-04-09,138.85330200195312,138.91673265860626,138.39121768693172,138.39121768693172,71000
2010-04-12,138.76272583007812,139.20669906294103,138.67212835880633,139.0526709189705,37400
2010-04-13,138.7174530029297,139.4060519453309,138.57248043863112,139.4060519453309,77300
2010-04-14,139.65972900390625,139.840937773231,139.31542266444924,139.36979773805527,110600
2010-04-15,139.9134063720703,140.02212885486267,139.45132199486164,139.46037759331398,95300
2010-04-16,138.898681640625,139.46043312586076,138.80807031865623,139.26109927780678,188900
2010-04-19,138.46372985839844,138.46372985839844,137.70263096279496,137.70263096279496,105100
2010-04-20,138.78085327148438,138.80803389587356,138.52715822695657,138.74461704741313,50000
2010-04-21,139.0979766845703,139.224824204732,138.85333724377892,139.05267103622484,50500
2010-04-22,138.90773010253906,138.9349107326632,138.50906242692346,138.5906181426419,85000
2010-04-23,138.81707763671875,138.81707763671875,138.1375345020332,138.2553125774805,28800
2010-04-26,139.5238494873047,139.7684751458735,139.40605754591175,139.56914131829097,24800
2010-04-27,137.58489990234375,138.5724997114631,137.5758304749733,138.40034649558334,96500
2010-04-28,137.12274169921875,137.38550612209545,136.53380984161052,137.36738110060796,97000
2010-04-29,138.3368377685547,138.47275467432064,137.44890538397348,137.68448915716561,116000
2010-04-30,138.07411193847656,138.23720948954437,137.7026250183111,138.21001504324866,83800
2010-05-03,137.57579040527344,137.89291611325012,137.3492759925308,137.82948544151776,56700
2010-05-04,136.8328399658203,137.0502849691614,136.19860233050292,136.78753431500974,84200
2010-05-05,136.2801055908203,136.6787730844384,136.06264682375416,136.06264682375416,146700
2010-05-06,134.0240936279297,136.02648783022946,132.57440916719472,135.86339020600514,314000
2010-05-07,133.7522430419922,133.7613124678759,132.22100320483403,132.65592088692188,170500
2010-05-10,134.1327667236328,135.5281032291483,134.02404423111975,135.3197138433841,277700
2010-05-11,134.9754180908203,135.410321920286,133.4894840002477,133.90626280442714,505000
2010-05-12,133.815673828125,134.32306396561964,133.77036817470346,134.16903580426194,96000
2010-05-13,131.89486694335938,132.87339739663008,131.84049185120202,132.7193691988866,295000
2010-05-14,131.16998291015625,131.96730432023946,130.97064910129947,131.96730432023946,205200
2010-05-17,130.65347290039062,130.93434847929547,129.6205680285871,130.59005607225336,306500
2010-05-18,129.3759307861328,130.84375318356908,129.11318022181294,130.8346837613016,161500
2010-05-19,130.05555725097656,130.31832180915913,129.13138805933858,129.52098635722263,181700
2010-05-20,129.88340759277344,130.4995203385575,128.43370939922207,129.12230843721835,521600
2010-05-21,130.7169647216797,130.8256872352699,129.55721182556724,129.6296981097424,134400
2010-05-24,130.27297973632812,130.42700789188694,129.58438083641622,129.84713149581802,73700
2010-05-25,129.95587158203125,129.9921216384459,129.1494806436263,129.24009195931725,42400
2010-05-26,129.95587158203125,130.3454836490875,129.72030151671876,129.73842654492609,63200
2010-05-27,131.59573364257812,131.77694229126166,130.0826199968033,130.535648531179,98200
2010-05-28,130.4904022216797,131.40551529992524,130.30919349063524,131.40551529992524,89600
2010-06-01,132.1757049560547,132.8371232222516,132.00355177675902,132.03073240240113,113300
2010-06-02,132.24819946289062,132.42940825356266,131.34214168418592,132.00355999154388,93200
2010-06-03,131.8766632080078,132.17566382236402,131.67732946510367,132.17566382236402,102500
2010-06-04,130.57196044921875,131.5505043099661,130.4722935608461,131.51425426400783,57400
2010-06-07,130.53579711914062,131.3965495491761,130.49954705294053,130.81667291811908,38600
2010-06-08,130.182373046875,130.20956749914342,129.47564909615997,130.00116425893296,117400
2010-06-09,131.12466430664062,131.84044376749546,131.02499741205654,131.26056742409958,99700
2010-06-10,132.76463317871094,132.7736887785535,132.085089906251,132.12133995630776,114400
2010-06-11,131.06121826171875,131.659219559079,130.8890789415765,131.49613583725764,105500
2010-06-14,133.03643798828125,133.58913367281326,132.92771550127225,133.1089242547345,80200
2010-06-15,133.7160186767578,133.86099125031464,133.22673969733998,133.46232358570617,29000
2010-06-16,133.2176513671875,133.96062525512374,133.18141514537356,133.50759644306765,80800
2010-06-17,133.6615753173828,133.75217275119783,133.4350609948396,133.72499213851964,32100
2010-06-18,133.73416137695312,133.77945321499732,133.33549365966314,133.59824438677842,65000
2010-06-21,133.13607788085938,133.92434340252376,133.00016097431592,133.77031530204562,60500
2010-06-22,133.58912658691406,134.01497473890026,133.40791784306356,133.67972404616884,133800
2010-06-23,134.90292358398438,135.06602115092235,134.0602966017231,134.38647791025645,52400
2010-06-24,134.63111877441406,135.31973151785135,134.61300757352458,135.2744258649393,131500
2010-06-25,135.89959716796875,135.90865276769642,134.80326128582504,134.81231688555272,39700
2010-06-28,136.33453369140625,136.45232564283882,135.91774097311543,135.91774097311543,44700
2010-06-29,136.03555297851562,136.1442755187293,135.6821908974727,136.08085864538748,46200
2010-06-30,134.8032989501953,135.32881421343515,134.76706271581708,135.07511909674653,71900
2010-07-01,136.95970153808594,137.0050071935426,135.90867116300922,135.90867116300922,87400
2010-07-02,137.0955810546875,137.2224285729007,136.77846917182578,136.96873353647428,48600
2010-07-06,136.59725952148438,137.3945947545542,136.515717643196,137.0502883902115,58100
2010-07-07,137.03211975097656,137.27674528330377,136.66063291625116,136.66063291625116,48100
2010-07-08,136.76031494140625,136.82373177429838,136.2801055946273,136.66064806799895,35800
2010-07-09,135.92677307128906,136.44321874468994,135.7999255527921,136.34355184977503,42200
2010-07-12,135.60963439941406,136.08078820536895,135.28345312226702,135.62775942185036,100500
2010-07-13,136.76031494140625,137.01400992365402,136.56098119459165,136.58816181230821,70300
2010-07-14,137.61204528808594,137.96540723136502,137.34022521817673,137.34022521817673,84200
2010-07-15,139.35169982910156,139.56008926310707,138.47282261025134,138.59967015599543,79600
2010-07-16,138.0016326904297,138.67212030052397,137.8566601544079,138.67212030052397,106100
2010-07-19,137.43991088867188,137.63017528585567,137.1409101534667,137.54863340134833,42600
2010-07-20,137.8657684326172,137.98354655415335,136.92346050825265,136.92346050825265,60200
2010-07-21,136.80564880371094,137.31303887288595,136.4613424744811,137.294913848889,59000
2010-07-22,137.70265197753906,140.43895023383658,137.53049879422963,137.54862382019485,34300
2010-07-23,139.1160125732422,139.23380443010532,138.53613653422687,138.73547021876357,88000
2010-07-26,139.6416015625,139.88624100079284,139.39697594954984,139.87718540135336,37000
2010-07-27,140.62921142578125,140.62921142578125,139.94966820042868,140.23054385485298,37700
2010-07-28,140.6020050048828,141.03692258632074,140.46610190152168,140.774158152701,57600
2010-07-29,140.80133056640625,141.16376186314594,140.54763557135863,141.000664323278,47400
2010-07-30,141.48089599609375,141.79802170256238,140.60201897280447,140.60201897280447,80000
2010-08-02,143.29299926757812,143.45609681947195,142.79467866399574,142.86715110334706,88900
2010-08-03,143.81857299804688,143.87293426241138,143.3111827635156,143.62830857277115,64500
2010-08-04,143.3564910888672,143.80046446500364,143.0212540688268,143.63736684353316,118800
2010-08-05,143.32022094726562,143.32022094726562,142.74034448894173,143.15713717399265,85500
2010-08-06,144.01785278320312,144.2534366074681,143.69167149412542,143.70979651722467,73200
2010-08-09,143.4832763671875,144.00879141327204,143.3564288612596,143.85476328645538,41100
2010-08-10,142.9306182861328,143.47425849754924,141.7074347231183,141.943018599893,97800
2010-08-11,141.43560791015625,141.49902475791967,141.00069027402336,141.48996915833715,96700
2010-08-12,140.52052307128906,140.8195238515409,140.38461990996868,140.71080132248463,60800
2010-08-13,140.6744384765625,140.87377217024758,140.48417420325873,140.54759101924802,46800
2010-08-16,141.19097900390625,141.59870222103083,140.94633954349396,140.94633954349396,63300
2010-08-17,140.52955627441406,140.98258512916672,140.29397242172286,140.98258512916672,106400
2010-08-18,140.73793029785156,141.16377848081345,140.44798522632775,141.15470905648962,101900
2010-08-19,140.6744384765625,141.32680077856165,140.44792417240546,141.20902274162842,129100
2010-08-20,140.10372924804688,140.1490210801018,139.5872696393036,139.84096473033154,215100
2010-08-23,139.9405975341797,140.50236266338607,139.82281944406307,140.1489869170096,67800
2010-08-24,139.13421630859375,139.5872451524354,138.93488251127596,139.07079945963434,210300
2010-08-25,139.28822326660156,139.51473765406286,139.1341951421688,139.17950078472927,82800
2010-08-26,140.10372924804688,140.629244458132,139.99499290521666,140.0221735345878,64400
2010-08-27,139.88621520996094,140.02211830321014,139.32446399074414,139.74124269360172,114300
2010-08-30,139.40602111816406,139.65066053815215,139.3878960952986,139.58722987079383,29700
2010-08-31,138.26441955566406,138.9439628749245,138.21004447683407,138.69026780842813,93200
2010-09-01,139.31544494628906,139.5329037994644,139.20672243237394,139.41511185915962,64600
2010-09-02,138.835205078125,138.8805107241401,138.4818431597545,138.52714880576963,47900
2010-09-03,139.43319702148438,139.43319702148438,139.08889072539972,139.22480765427895,84100
2010-09-07,138.56338500976562,138.62681567924713,137.93821686606813,138.2553287374494,113000
2010-09-08,139.45126342773438,140.0311394679909,139.35159658525268,139.35159658525268,76100
2010-09-09,139.20669555664062,139.54193246005366,139.12515368694704,139.15233431017825,37100
2010-09-10,138.4727783203125,138.8442652373679,138.35498641360198,138.83519581356484,77700
2010-09-13,139.03456115722656,139.42417318502788,138.86240796996628,138.99832492980855,48400
2010-09-14,140.29393005371094,140.52951383525712,139.08887200494868,139.11605262199797,247100
2010-09-15,140.82852172851562,141.07316114396212,139.9858948230263,140.07650611032986,171500
2010-09-16,140.91912841796875,141.10033716132207,140.52953031102612,140.7197946526778,125800
2010-09-17,140.8738555908203,141.34500949356186,140.77418868495852,141.10943945486315,196000
2010-09-20,140.22146606445312,140.63825863428679,140.10368798031828,140.3936192166596,125400
2010-09-21,140.81040954589844,140.99161829389604,140.04932450910377,140.22146383322968,75700
2010-09-22,141.25437927246094,141.46278248202873,140.79229485734987,141.0912955348955,48100
2010-09-23,141.34500122070312,141.94300262087313,141.2906399707501,141.47184874570797,85300
2010-09-24,142.69500732421875,142.82185482713624,142.26008974963798,142.26008974963798,75700
2010-09-27,142.9306182861328,143.06652142631447,142.60443692435192,142.89438205719932,66200
2010-09-28,142.40512084960938,142.60445469694844,141.73463301534647,141.9973975529055,125100
2010-09-29,142.2963104248047,142.56813039648117,142.2238241773351,142.40503288334006,46900
2010-09-30,141.6439971923828,142.64065233405213,141.29063525414082,142.64065233405213,104200
2010-10-01,142.75845336914062,142.8037590205959,142.40509140833953,142.64066144042567,72100
2010-10-04,142.72218322753906,143.03023946368023,142.64969696750458,143.0121144423365,41900
2010-10-05,143.283935546875,143.58293618728024,142.98493490646973,143.10272680808592,157600
2010-10-06,143.27490234375,143.4289304870635,142.9034153846948,143.0574435280083,51600
2010-10-07,142.98497009277344,143.881972234727,142.69503880443156,143.85479160848695,89200
2010-10-08,143.81857299804688,143.93636495440126,143.50146101413833,143.537697248599,121300
2010-10-11,143.09373474121094,143.65550010809045,143.06655410696575,143.65550010809045,51600
2010-10-12,142.40512084960938,142.58632966755036,142.0427032137274,142.58632966755036,103300
2010-10-13,143.2658233642578,143.40174029953533,142.53191891992128,142.61346078588272,87500
2010-10-14,144.29876708984375,144.3984340055812,144.0269607972375,144.07225262910822,84800
2010-10-15,144.1265869140625,144.79706067982292,144.05410064810485,144.7698800582565,153500
2010-10-18,143.6101531982422,143.7007645032683,143.09369364521268,143.2839718556299,89600
2010-10-19,141.5262451171875,141.90678778663852,141.34503629726035,141.64403707154617,122300
2010-10-20,142.80374145507812,143.00307523668732,141.8433225938749,141.8433225938749,61800
2010-10-21,141.5262451171875,142.30545548568625,141.40846698817558,142.07894100444065,62300
2010-10-22,141.3540496826172,141.58963352097513,141.12753526902233,141.58963352097513,50900
2010-10-25,141.7799835205078,142.12429006124086,141.6440803204032,141.8162335907697,88000
2010-10-26,142.75845336914062,143.10275972978815,142.50475831140363,142.7312727433362,31300
2010-10-27,142.08792114257812,142.64967227894678,141.82515676726254,142.64967227894678,73400
2010-10-28,143.691650390625,143.9272341802906,143.41983038542455,143.49231664183398,63700
2010-10-29,144.47088623046875,144.56149752353795,143.85477367869345,143.99973239212503,94500
2010-11-01,144.5796356201172,144.96923379978924,144.29874611634156,144.86956689853815,33300
2010-11-02,144.4346466064453,144.56149411854906,144.28061847212945,144.5161884730816,18900
2010-11-03,145.09613037109375,145.67600694928646,144.85149083526846,145.1233110055912,85200
2010-11-04,146.84478759765625,146.90820445159014,146.46423117267605,146.6635649856298,79700
2010-11-05,145.91152954101562,146.5457810070091,145.91152954101562,146.29208595074917,115500
2010-11-08,145.36785888671875,145.59437324827863,145.28631703463867,145.37691448405894,64000
2010-11-09,144.10850524902344,145.65785644582738,143.81856009795735,145.63974524289506,70400
2010-11-10,145.24105834960938,145.40414210648996,144.41654248890717,144.9511132369187,52800
2010-11-11,145.24105834960938,145.58535088924967,145.05078014123814,145.54911466283528,30700
2010-11-12,145.43128967285156,145.75747093780834,145.34974781294758,145.40410905288357,26600
2010-11-15,144.6249237060547,144.87861875261743,144.6249237060547,144.64304873090722,20600
2010-11-16,143.19337463378906,144.27158567305997,142.7856513717598,144.27158567305997,164900
2010-11-17,143.24774169921875,143.7007705928591,143.2205610716279,143.34740860883343,50000
2010-11-18,144.5796356201172,144.69741372134592,144.0450510632194,144.15378738980283,65300
2010-11-19,144.0994110107422,144.12660546114975,143.66450718437187,144.08129981092833,47300
2010-11-22,143.86378479003906,143.954396055088,143.3020336576819,143.954396055088,71200
2010-11-23,142.2147674560547,143.31108910518307,142.0516699442036,143.31108910518307,153500
2010-11-24,142.1785888671875,142.4866452022969,142.03361630054368,142.3597976628198,111900
2010-11-26,140.6744384765625,140.9372028115728,140.54759101924802,140.78317474378633,47300
2010-11-29,140.35739135742188,140.38457198040604,139.949668187317,140.23054384171496,95100
2010-11-30,140.18521118164062,140.53857303768527,139.68687681405467,139.69593241152364,41600
2010-12-01,140.80133056640625,140.8828862490104,140.17616250204338,140.52952437552688,67400
2010-12-02,140.57484436035156,140.66545565902925,140.01309301951065,140.04027364404533,91600
2010-12-03,142.1151580810547,142.22388058270892,141.13661409013594,141.39936474424817,72000
2010-12-06,141.67115783691406,141.8070609380938,141.15469840174924,141.36310159067938,145900
2010-12-07,142.0970458984375,142.51382474267635,141.97019835992853,142.50476914183457,74600
2010-12-08,142.42318725585938,142.64970164138612,142.0788809657496,142.42318725585938,24800
2010-12-09,142.06985473632812,142.3054247688506,141.6440064974786,142.27824414299585,45200
2010-12-10,142.45042419433594,142.550091116385,142.01552027327935,142.25109035023783,25700
2010-12-13,142.9306182861328,143.21149399273818,141.93394917365097,142.03361608489917,85700
2010-12-14,142.2147674560547,142.48657360024325,141.8251556071545,142.19664243799613,86800
2010-12-15,140.04934692382812,141.01882148471617,139.94061059735344,140.91009898358496,160100
2010-12-16,140.8738555908203,140.8738555908203,140.23961792867445,140.62922995171385,111900
2010-12-17,139.83187866210938,139.94060115590534,139.27918294307565,139.87718430963855,116900
2010-12-20,139.73220825195312,140.10369519686594,139.51474944449,140.10369519686594,77800
2010-12-21,139.30636596679688,139.7140891508994,139.0798515505907,139.70503355137458,61400
2010-12-22,138.6268310546875,138.7989842334117,138.37313599930772,138.63588665475692,75900
2010-12-23,139.1160125732422,139.17944321165626,138.70828960953907,138.898567699446,73800
2010-12-27,138.81707763671875,138.88955007145228,138.5361881944294,138.82613323472532,16500
2010-12-28,138.6087188720703,138.91678903244184,138.39127384750793,138.90771960618846,110000
2010-12-29,139.63253784179688,139.83187162061336,138.98017526118693,139.14327281901035,78300
2010-12-30,138.94393920898438,139.33353734283597,138.4818409823749,138.97111983109767,70600
2010-12-31,141.1366424560547,141.1366424560547,140.11279260855682,140.11279260855682,161900
2011-01-03,139.4604034423828,139.74127912521766,139.09798588233988,139.6416122224043,31100
2011-01-04,140.4208221435547,140.69264222572497,140.30304404071106,140.69264222572497,36000
2011-01-05,139.7412872314453,139.7412872314453,139.2429526884707,139.52384221294332,23400
2011-01-06,139.41505432128906,140.0221111490191,139.2157205778148,140.0221111490191,34300
2011-01-07,140.0583953857422,140.33927104957866,139.72315847411065,139.8862422174959,48400
2011-01-10,140.37547302246094,140.5476261487032,139.8590274690736,139.994930555402,26600
2011-01-11,140.69264221191406,140.8829204170177,140.07652959604272,140.43894715533838,42400
2011-01-12,142.0517120361328,142.16043452602423,140.96444566119234,141.18190446631726,104800
2011-01-13,142.58633422851562,143.0846688628037,142.55915359622236,142.82191814218658,276600
2011-01-14,143.00308227539062,143.12087419541442,142.86716533105331,142.9668322267636,149900
2011-01-18,143.64633178710938,144.45272230703975,143.60103997811368,144.1809161517115,101300
2011-01-19,144.02696228027344,144.09943474215103,143.87292027908308,144.0178928535295,39200
2011-01-20,143.2205352783203,143.4651608825821,142.68595077283877,143.4651608825821,46200
2011-01-21,144.19004821777344,144.2715901076166,143.8004499716255,144.0178950112073,90100
2011-01-24,144.13565063476562,144.24437312715776,143.61919114521834,143.62826056981257,227300
2011-01-25,142.5047607421875,142.57724702068361,141.9520649658306,142.11516254878285,152600
2011-01-26,143.20242309570312,143.3383262213683,142.78563046809083,142.82188051849715,77900
2011-01-27,143.47421264648438,143.90006078342216,143.17521200829356,143.8819357620753,43100
2011-01-28,142.8671417236328,143.2748786639274,142.54097429194184,143.16614236135663,87800
2011-01-31,144.31687927246094,144.56151873937722,143.3655158569814,143.40176590966604,67900
2011-02-01,145.4766845703125,145.56729590936,144.92398858296093,144.96023864871964,50000
2011-02-02,145.8390655517578,146.04745496891795,145.40414786549604,145.80281549856375,17400
2011-02-03,145.41322326660156,145.8118770907058,145.21388944187694,145.8118770907058,48200
2011-02-04,144.9963836669922,145.03263370994475,144.4889936683806,144.86048056927143,31000
2011-02-07,145.07797241210938,145.26825063575336,144.96019429780122,145.15045869610017,39800
2011-02-08,144.76080322265625,145.00542878086668,144.38026075121158,144.6339557321747,19700
2011-02-09,145.0508270263672,145.1414383597075,144.6249786452947,144.6249786452947,43200
2011-02-10,144.92391967773438,145.3407122836966,144.45276582432984,144.58868276827832,32200
2011-02-11,144.17189025878906,144.41652969778588,143.85477837338246,144.04504273955789,45500
2011-02-14,144.46180725097656,144.46180725097656,144.01783410733967,144.11750098344837,30500
2011-02-15,145.2047882080078,145.52191390296923,145.2047882080078,145.45848323384016,25000
2011-02-16,144.9510955810547,145.07794309607013,144.23531613746943,144.26249676030542,20700
2011-02-17,145.62164306640625,145.76661566468923,145.4947954992456,145.5672817983871,57200
2011-02-18,146.2104949951172,146.48231501138292,145.99305004237686,146.21956441837492,35700
2011-02-22,145.29539489746094,145.88432679763042,145.07793609991725,145.4766036494099,28600
2011-02-23,145.9840087890625,146.39174580481063,145.75749436935487,146.21052320877013,71800
2011-02-24,145.34071350097656,145.97495110202001,144.96922653988582,145.97495110202001,52800
2011-02-25,145.13232421875,145.14139364449898,144.39841965097938,144.79708727429778,44400
2011-02-28,146.42799377441406,146.59107753352055,146.22865996305453,146.31020184260777,82200
2011-03-01,146.40985107421875,147.0440886586435,146.40985107421875,146.76321300163698,24900
2011-03-02,147.0350341796875,147.18000672161563,146.83570039087198,146.83570039087198,25600
2011-03-03,146.52764892578125,146.62731582346584,146.40080140375932,146.6001351991285,25500
2011-03-04,146.5186004638672,146.64544799206857,146.2195997562474,146.49140601286203,18600
2011-03-07,145.91152954101562,147.68740876017878,145.77562641278482,147.68740876017878,49200
2011-03-08,145.4766845703125,145.57635151312505,145.26829508092234,145.2864201138017,10600
2011-03-09,145.95684814453125,145.974973171685,145.64879180964184,145.70315306575822,3800
2011-03-10,144.52525329589844,144.91486528137412,144.37122515175224,144.8242539846562,36000
2011-03-11,144.85145568847656,144.8605251146739,144.14473171232603,144.14473171232603,30900
2011-03-14,145.73028564453125,145.82995252299804,145.01450629942644,145.01450629942644,57000
2011-03-15,144.79705810546875,144.99639187697292,144.38027936529923,144.39839056246043,83600
2011-03-16,144.29876708984375,144.7427404100098,143.95447451076066,144.68837915148853,26100
2011-03-17,145.33163452148438,145.45848203335368,145.03264767770398,145.34975954470625,28900
2011-03-18,146.11080932617188,146.23765680740402,145.4403357076613,145.65778063243724,158500
2011-03-21,146.8900909423828,147.00788288436675,146.37364516857878,146.63639585606762,50800
2011-03-22,147.57864379882812,147.60582441665434,147.37931005120936,147.49708812000978,44400
2011-03-23,146.21957397460938,146.42796334305166,146.04742082554526,146.04742082554526,46400
2011-03-24,145.0236053466797,145.87530186777647,144.9873691188082,145.5400649149235,48300
2011-03-25,144.19900512695312,144.9329231092727,144.16276892027216,144.86043687057438,85500
2011-03-28,144.0087432861328,144.3349244531306,144.0087432861328,144.15371576598443,37000
2011-03-29,144.0087432861328,144.06310450974303,143.70974273094012,143.77315955003982,89600
2011-03-30,144.81529235839844,144.81529235839844,144.34413819534183,144.34413819534183,25800
2011-03-31,144.5433349609375,144.79702992523417,144.27151497766573,144.36212624720255,20700
2011-04-01,145.10513305664062,145.22292498007158,143.81853280002008,144.0178665972064,43000
2011-04-04,145.19573974609375,145.50379603184098,145.05983662748253,145.47661540811873,16200
2011-04-05,146.63636779785156,146.7360346930721,146.128977722308,146.16522777075693,28000
2011-04-06,147.06222534179688,147.0984753925479,146.44611273246477,146.50047398324776,49300
2011-04-07,146.88101196289062,147.01691508559085,146.72698381538265,146.78134506446276,12200
2011-04-08,147.30682373046875,147.65112998990247,147.04405932447784,147.48803245767715,27900
2011-04-11,147.19805908203125,147.8232269379677,147.1527534568758,147.54235141747398,70000
2011-04-12,146.31924438476562,146.95348192922327,146.1923968758741,146.95348192922327,27500
2011-04-13,146.4552001953125,146.70889530438953,146.30117200946907,146.44614459332638,20600
2011-04-14,147.161865234375,147.4155602416968,146.97160089155415,147.0350177307141,21700
2011-04-15,146.6997833251953,147.0984508649204,146.672602704336,147.0622008202138,26600
2011-04-18,146.40985107421875,146.86287989528535,145.6578215722071,146.76321300163698,47200
2011-04-19,146.8538360595703,147.1075311136622,146.61826603086885,146.61826603086885,31300
2011-04-20,147.66929626464844,147.87769951274396,147.39747615977873,147.47903186898102,22100
2011-04-21,148.81997680664062,149.29113068041227,148.67500425696576,149.20051938052967,31900
2011-04-25,148.50277709960938,148.79272205451105,148.28533220876952,148.7836664591715,15900
2011-04-26,148.33978271484375,148.46663025262666,148.03172638384882,148.04983758542872,21100
2011-04-27,149.73512268066406,149.74419210783145,148.56631407981214,149.06464868689875,31200
2011-04-28,149.81663513183594,150.3149557696627,149.6897876162422,149.91630202446976,46600
2011-04-29,150.39649963378906,150.51427771557027,149.83473454434008,149.83473454434008,27000
2011-05-02,149.95254516601562,150.45993525180347,149.86193386840654,150.14282336085753,47000
2011-05-03,148.27630615234375,148.89243244903125,148.23101433706387,148.44845929149673,63000
2011-05-04,148.57534790039062,149.14616871440222,148.5209866467408,149.11898808757732,61000
2011-05-05,147.41554260253906,148.2672388074978,147.30682013393647,148.13133572174453,61600
2011-05-06,147.6057891845703,148.0225677753178,147.27053860250183,147.8957203139595,22000
2011-05-09,147.59678649902344,147.60585592379454,146.4913950536739,146.926312682408,33000
2011-05-10,147.25247192382812,147.3430693805637,146.92629066383086,147.14373562026867,22800
2011-05-11,147.1437225341797,148.21287750116338,146.9534582142176,148.21287750116338,53900
2011-05-12,146.59107971191406,146.90820545979253,146.27396778937992,146.51860725701917,49000
2011-05-13,145.7393798828125,146.30113120690714,145.3769485242493,146.30113120690714,49800
2011-05-16,145.82994079589844,146.18330264107547,145.7846351592677,145.93867708888007,24400
2011-05-17,146.21957397460938,146.29206023870697,145.70311452741706,145.91150389585934,76500
2011-05-18,145.4403839111328,145.6215926836172,145.1413832151292,145.2772863381567,75400
2011-05-19,146.0927276611328,146.12896388080674,145.27726755238538,145.5309625661269,41500
2011-05-20,146.22862243652344,146.73601243510245,145.6125099597748,146.05646929586115,100500
2011-05-23,145.0326690673828,145.27729470291735,144.81521023267487,145.04172466765834,47900
2011-05-24,145.71217346191406,145.87525717538782,145.48565908741813,145.48565908741813,39100
2011-05-25,146.5186004638672,146.63637856661896,146.11993285370747,146.20147473069187,46200
2011-05-26,147.5243377685547,147.55151839655224,147.04411441479346,147.0894200699043,60600
2011-05-27,148.32164001464844,148.4394319376059,147.73270805054733,147.73270805054733,71500
2011-05-31,148.06788635253906,148.39406754246463,147.84137202135014,148.3397063150333,32500
2011-06-01,147.0259552001953,147.84140142451895,146.9897051578065,147.59676202708573,41000
2011-06-02,147.32498168945312,147.32498168945312,146.82664720920855,147.1437590963876,41800
2011-06-03,147.83236694335938,147.95014503459586,146.9263093089804,146.9263093089804,89500
2011-06-06,147.10748291015625,147.59674783262952,147.0984273131001,147.59674783262952,28500
2011-06-07,147.91392517089844,148.13138400432248,147.89580014511048,147.89580014511048,33900
2011-06-08,147.5424041748047,147.64207105565063,147.270584152012,147.38837605446832,44200
2011-06-09,147.3702850341797,147.47902136358886,147.23438190409806,147.35217383373137,59700
2011-06-10,145.99302673339844,146.33731912871497,145.95677669683576,146.31013851396202,58000
2011-06-13,147.46092224121094,147.50622790097793,146.60922560883762,146.87199014027854,90000
2011-06-14,147.3521728515625,147.8233129162677,147.27061714871328,147.5877428839151,38800
2011-06-15,145.55821228027344,146.42803404408633,145.52197604339904,146.12903324481778,94400
2011-06-16,145.286376953125,145.3860438663292,144.88770930030825,144.95112615852264,88100
2011-06-17,145.58535766601562,145.67596897428524,145.33166259327413,145.40414887482092,98800
2011-06-20,145.7846221923828,145.97490031917187,145.54905225833076,145.7846221923828,31400
2011-06-21,146.2104949951172,146.2104949951172,145.7755912642962,145.7755912642962,13000
2011-06-22,144.5796356201172,145.2591789035537,144.53432996948604,144.97828939977808,58100
2011-06-23,144.08128356933594,144.08128356933594,143.46515721153284,143.718852233763,46900
2011-06-24,143.68263244628906,144.144716898485,143.66450742110194,144.08130004834518,54300
2011-06-27,143.79135131835938,144.06317138793352,143.35644750224657,143.35644750224657,43800
2011-06-28,143.89102172851562,144.34405058041594,143.69168792765203,143.69168792765203,64500
2011-06-29,144.52525329589844,144.6068089930817,143.8728906704893,144.2896832799118,53900
2011-06-30,144.4074249267578,144.7698423367723,144.00875748053906,144.0721743058895,41700
2011-07-01,144.61585998535156,144.7155268784289,144.06316427380315,144.08128929763785,53400
2011-07-05,144.52525329589844,145.05983782598565,144.3440445278054,144.93299030578626,22300
2011-07-06,143.95445251464844,144.18096694077278,143.50142366239976,144.18096694077278,47100
2011-07-07,143.6735076904297,143.92720261956197,143.61007704547825,143.77316071763326,39700
2011-07-08,144.37120056152344,144.50711748345006,144.1628112049778,144.22622804160454,34100
2011-07-11,143.04833984375,143.3835766414892,142.96678417442206,143.238604146393,61500
2011-07-12,143.20242309570312,143.4832987723068,142.5591160417532,142.64972734242562,87700
2011-07-13,144.8786163330078,144.98735265496381,143.46516857566615,143.63732174553212,80700
2011-07-14,145.2047882080078,145.45848323384016,144.95109318217547,145.25009385376543,54300
2011-07-15,145.1866912841797,145.3860250848374,144.83332933307614,144.95110743321507,49200
2011-07-18,144.4346466064453,144.86049478822406,144.06315966909077,144.70646665390822,42200
2011-07-19,145.08702087402344,145.5491053141825,144.90579827755977,145.06889584930846,58900
2011-07-20,145.38600158691406,145.4403628282449,144.96920902780903,145.177598394691,39800
2011-07-21,146.65451049804688,146.80853865916282,146.1289953349396,146.25584286911416,39500
2011-07-22,146.65451049804688,146.8628999130456,146.3373847499383,146.4823573105219,43800
2011-07-25,146.54580688476562,146.7723213553784,146.42801493593623,146.5186262543198,20200
2011-07-26,147.66929626464844,147.8052132297557,147.29782307418284,147.42467061307607,37100
2011-07-27,146.97158813476562,147.48803370293695,146.78130998311946,147.37931123076189,46400
2011-07-28,147.04408264160156,147.0803326879953,146.79038761821286,146.79038761821286,20300
2011-07-29,147.66929626464844,148.1766864202213,147.415601186862,147.45185124102855,45200
2011-08-01,146.60916137695312,147.04406510441618,146.14707703060736,147.04406510441618,61700
2011-08-02,146.6997833251953,146.76320016542,146.2920601869642,146.32829640632954,30500
2011-08-03,147.79612731933594,147.79612731933594,147.2796816204948,147.51525164492404,27500
2011-08-04,146.3283233642578,147.0259916873075,146.228656460965,146.9897416359226,51000
2011-08-05,147.46092224121094,147.49715847381677,146.7723232189296,146.98071266344238,55100
2011-08-08,146.99884033203125,147.31595230540208,146.6998395626154,147.00789593400873,21500
2011-08-09,146.57293701171875,146.79038198036218,145.63062939645937,146.7813263817825,89700
2011-08-10,145.08702087402344,145.67595283650124,145.04171522490753,145.6487722121003,60800
2011-08-11,145.94778442382812,145.9659094499735,145.63065868033266,145.70314495957004,28200
2011-08-12,146.42799377441406,146.70886946532687,146.37363252137857,146.5095356539673,26900
2011-08-15,147.37933349609375,147.58772287435832,147.0893884260371,147.0893884260371,19700
2011-08-16,148.0770263671875,148.1948183106668,147.38842738492528,147.4699692725592,24300
2011-08-17,148.8380889892578,149.26393717634403,148.4666020472733,148.4666020472733,49800
2011-08-18,148.55723571777344,148.56629131820713,147.79613669567237,148.54816629199556,41300
2011-08-19,148.22193908691406,149.49948344534678,148.22193908691406,148.96491285292683,151900
2011-08-22,148.1675567626953,148.44843232804786,147.88668119734277,148.44843232804786,15300
2011-08-23,148.45748901367188,148.71118394289297,148.32157212815838,148.4212389807336,22000
2011-08-24,147.33409118652344,148.01363468308043,147.19818801735116,148.01363468308043,43600
2011-08-25,146.52764892578125,147.21624778456558,146.27395388173738,147.1618865358909,66900
2011-08-26,147.0712890625,147.16188653517636,145.85716126561826,146.3283151297016,101800
2011-08-29,147.56961059570312,147.95015316401089,147.4608880977132,147.68740251875425,28700
2011-08-30,146.66354370117188,146.78133561682574,146.2286399111808,146.5457656108602,120700
2011-08-31,146.0292510986328,146.8084609174625,146.0292510986328,146.77222470917746,48000
2011-09-01,145.56719970703125,145.9114921521077,145.1232265596699,145.9114921521077,117400
2011-09-02,145.9205780029297,145.95681422347084,145.6215773384339,145.65781355897505,54100
2011-09-06,143.44703674316406,144.29871921969945,143.27488359806046,144.20812176066764,110600
2011-09-07,143.70980834960938,143.87289209490487,143.2114738634127,143.7460445734496,57200
2011-09-08,143.60107421875,144.5705486630415,143.51046292847596,144.20813115262897,43200
2011-09-09,142.83998107910156,143.15710678249087,142.5681748480163,143.09367611167607,63900
2011-09-12,142.67689514160156,142.67689514160156,141.90674063114946,142.4685057592003,56700
2011-09-13,142.0245361328125,142.52287060361016,141.95204986202896,142.45943993217114,42200
2011-09-14,141.93394470214844,142.05173663682487,141.50809644253533,142.00643098307665,40800
2011-09-15,142.078857421875,142.69498363758683,142.05167680614315,142.38691361706162,46300
2011-09-16,142.0970458984375,142.4866441148062,141.95207333290014,142.25107406481663,82000
2011-09-19,141.17282104492188,141.4627660896743,140.69261166172382,140.94630666321183,124700
2011-09-20,141.44467163085938,141.5715191590121,141.02787899530404,141.38124095411118,49500
2011-09-21,139.5238494873047,141.03696439643002,139.5238494873047,140.40272668382437,33500
2011-09-22,138.12852478027344,138.55437310142946,137.90201030414136,138.4094005186218,47400
2011-09-23,139.32449340820312,139.32449340820312,138.7446170456693,138.86239514290662,41100
2011-09-26,139.93153381347656,139.97683945720368,139.51474124666504,139.60535253411928,11200
2011-09-27,140.53866577148438,141.21820931422084,140.52054073924708,140.9645141642938,47700
2011-09-28,140.0583953857422,140.8919667777333,140.00403413794712,140.61109111389686,53900
2011-09-29,140.44793701171875,141.30870250647274,140.26672831689478,140.56572888475608,58900
2011-09-30,140.1942596435547,140.81038587357602,139.7049947236798,140.00399532901292,39100
2011-10-03,138.9801483154297,139.5781495359374,138.90766206215548,139.38787139292523,146300
2011-10-04,138.8442840576172,138.85333965730658,138.00164322484144,138.33688014280804,90600
2011-10-05,139.07078552246094,139.22481365488977,138.45465916740383,138.9801742326361,41000
2011-10-06,138.998291015625,139.0164022122429,137.68451034309825,137.71169096336604,70000
2011-10-07,139.8953094482422,140.6745196572236,139.81376756976996,139.95874012617207,87800
2011-10-10,140.95541381835938,141.0550669006604,140.76513560363838,140.8104412571762,71800
2011-10-11,140.4117431640625,140.62920195865928,140.12179810460012,140.45704880777117,186800
2011-10-12,141.662109375,142.05170750156896,141.35403928790507,141.3631087120012,66800
2011-10-13,141.86146545410156,141.88864607998016,140.95540772389822,141.1547277052267,32200
2011-10-14,142.16041564941406,142.48659690111882,141.98827633839065,142.26915195020914,22600
2011-10-17,141.63491821289062,141.9792106693814,141.62584878946944,141.92484943021654,23600
2011-10-18,141.41748046875,141.7798980006573,140.59296468451686,141.32686917310187,50000
2011-10-19,141.78895568847656,142.41412380546532,141.74365004440278,142.41412380546532,48000
2011-10-20,142.060791015625,142.10609666898355,141.20003890318995,141.76180411921612,44200
2011-10-21,143.43801879882812,143.52863011572086,143.15714307194483,143.2477543888376,105900
2011-10-24,143.76419067382812,143.91821884207977,143.07559171717162,143.07559171717162,68800
2011-10-25,143.79135131835938,144.0359907635104,143.50142004939852,143.9725600896278,56000
2011-10-26,143.59201049804688,144.08128936441412,142.92153669461806,144.08128936441412,55100
2011-10-27,144.76080322265625,145.114165076522,144.10844075008265,144.53428885927207,40500
2011-10-28,145.0054168701172,145.15945879086422,144.72454129464626,144.75172190999257,44100
2011-10-31,144.57054138183594,145.34069583435146,144.20812388967636,144.26248513096618,101900
2011-11-01,143.32022094726562,143.80949991777516,143.2296234594513,143.3111653460878,50700
2011-11-02,143.29299926757812,144.03597311167195,143.27488807041098,143.99972306665495,49300
2011-11-03,144.17189025878906,144.36216845030717,143.51047203889385,144.02693154062678,19900
2011-11-04,144.0087432861328,144.3349244531306,143.38356156394235,143.8909514180863,18200
2011-11-07,144.37120056152344,144.37120056152344,143.91817180578224,143.9725330444167,14100
2011-11-08,144.80613708496094,144.98734584592026,144.44370573770001,144.68834516893335,16200
2011-11-09,143.1842803955078,143.546697902773,143.0483772866188,143.24771106321717,26200
2011-11-10,143.19337463378906,143.46519475025704,142.71316508567864,143.46519475025704,34600
2011-11-11,144.56149291992188,144.66115980898715,143.628254697466,143.628254697466,43700
2011-11-14,142.98497009277344,143.29302640705666,142.82188633533312,143.21148452833648,39900
2011-11-15,142.1967010498047,142.70409116188083,142.15139539865282,142.60442425948418,72400
2011-11-16,141.49000549316406,141.97021507587093,141.4718804640016,141.72557557089027,63200
2011-11-17,141.68931579589844,142.15140027266642,141.5533988377826,141.93394143488754,47400
2011-11-18,141.94297790527344,142.06982540819118,141.74364413992546,142.0154641677037,55200
2011-11-21,140.71981811523438,140.87384626403323,140.42081741744485,140.46612306717233,66900
2011-11-22,140.5929412841797,140.82851125817683,140.39360752720506,140.39360752720506,35800
2011-11-23,139.50564575195312,140.05834126654366,139.3334926502276,140.0492856705245,28000
2011-11-25,138.82618713378906,139.43324424408968,138.81713153226667,139.1886047495266,14900
2011-11-28,139.3788604736328,140.04027873693596,139.27013797154012,140.0312231368761,42400
2011-11-29,140.35739135742188,140.5839057658515,140.23054384171496,140.23054384171496,47000
2011-11-30,141.0912628173828,141.87047275308174,141.01877656460394,141.47180527546755,62400
2011-12-01,141.01881408691406,141.45371789396745,140.90102216663894,141.30875917517815,12500
2011-12-02,140.26681518554688,141.05508110014765,140.0674813501899,141.05508110014765,111100
2011-12-05,140.69264221191406,141.3178242532412,140.49330840669836,140.9282122429219,42500
2011-12-06,140.15809631347656,140.57487519799844,139.91345681365522,140.24869380668534,25100
2011-12-07,141.28160095214844,141.35408724280074,140.80139137375488,140.84669703358088,36300
2011-12-08,140.54766845703125,140.88291921312577,140.37551527896665,140.7832523113696,16200
2011-12-09,140.81939697265625,140.8284525668028,140.3210627879044,140.3210627879044,17100
2011-12-12,140.07652282714844,140.50237104268166,140.00403655372332,140.3392734711394,30600
2011-12-13,139.07078552246094,140.16710747249616,138.95299361075698,140.0221349389131,51800
2011-12-14,138.9801483154297,139.2519683088731,138.52711960147036,138.94391210146216,53000
2011-12-15,139.3788604736328,139.4875829757255,139.09798479299766,139.45134675014248,35200
2011-12-16,139.51473999023438,139.6053512768726,139.2519893795296,139.53286501263028,35000
2011-12-19,139.27915954589844,139.7140632733664,139.27010394805086,139.47849330126712,46300
2011-12-20,140.7560577392578,141.11847525954676,140.7016826684065,140.90101645216808,50000
2011-12-21,140.92820739746094,141.20002747025868,140.65640115000642,141.0822493714761,68300
2011-12-22,140.94631958007812,141.09129211574017,140.76511082317154,140.97350020234703,22400
2011-12-23,140.1489715576172,140.8375841259495,140.13086036133316,140.8375841259495,37500
2011-12-27,140.85572814941406,140.88290877284751,140.7469918303376,140.7469918303376,12600
2011-12-28,138.87144470214844,139.7050159899632,138.83519465792023,139.67783536946257,24100
2011-12-29,138.58148193359375,138.68114880446842,138.17375885286626,138.68114880446842,28600
2011-12-30,139.62347412109375,139.8771691293135,139.30634844814853,139.61440469736667,50000
2012-01-03,140.6564178466797,140.85575166870382,139.9949856984429,140.067471981483,64900
2012-01-04,140.38461303710938,140.58394688085176,140.19433479522934,140.2940017171005,99000
2012-01-05,139.34263610839844,139.3517055354737,139.01645471665023,139.2520386150688,41700
2012-01-06,138.64495849609375,138.7446253999685,138.2100408289982,138.7355559743974,34700
2012-01-09,139.0073699951172,139.0164255949493,138.62682742201952,139.0164255949493,28700
2012-01-10,139.0979766845703,139.27918545260945,139.05267103622484,139.08890725969553,75000
2012-01-11,137.7298126220703,138.19191085240607,137.5848539114112,138.19191085240607,120700
2012-01-12,137.9019775390625,137.9291581637126,137.68453254186167,137.9291581637126,40200
2012-01-13,137.7117156982422,137.74795192332746,136.9777973431674,137.53956252206453,71800
2012-01-17,137.80233764648438,138.02885211318923,137.68455952503302,138.0016714832123,26500
2012-01-18,138.753662109375,138.76271770836934,138.12848014521734,138.12848014521734,47500
2012-01-19,139.2157745361328,139.2157745361328,138.72650941046066,138.72650941046066,50600
2012-01-20,139.8680877685547,139.89526838673413,139.4331840523435,139.45130907290977,35500
2012-01-23,139.98590087890625,140.1852346593243,139.7412614528765,139.75938647618958,56100
2012-01-24,140.3936309814453,140.3936309814453,139.92247712939945,139.96778277725164,223000
2012-01-25,140.82852172851562,140.89195239469637,139.85904731600615,140.13992295116924,25000
2012-01-26,140.96446228027344,141.3721854907771,140.9282122291412,141.04600415730545,42800
2012-01-27,141.33592224121094,141.43558912475248,140.64730965479978,141.33592224121094,21900
2012-01-30,141.100341796875,141.100341796875,140.70167425319573,140.728868699666,12600
2012-01-31,141.5986785888672,141.87955422877963,141.56244236853786,141.83424858436177,17200
2012-02-01,142.2419891357422,142.6044066495155,142.16950286791914,142.30540597924863,65300
2012-02-02,142.0155029296875,142.21483674944204,141.97925287590775,142.1695310948897,100000
2012-02-03,142.12423706054688,142.25108460845777,141.6621525271598,141.6893331570446,25300
2012-02-06,142.2329559326172,142.33262284808742,141.68932952351673,141.68932952351673,7900
2012-02-07,142.8944091796875,142.90346478230347,142.16049060736833,142.2148656991067,30900
2012-02-08,142.13327026367188,142.59536854958395,141.98831153557865,142.59536854958395,17600
2012-02-09,142.10609436035156,142.5863038623932,142.08798315957785,142.5863038623932,11100
2012-02-10,141.37213134765625,141.63489572902773,141.3540063290317,141.62582630704628,51700
2012-02-13,141.6983184814453,142.01544410661293,141.67113786504112,141.96106904846556,45900
2012-02-14,140.91912841796875,141.20000404396757,140.59294714979637,141.09128156302373,39900
2012-02-15,141.04598999023438,141.13660128362,140.97350372059432,141.05504558943602,10900
2012-02-16,141.97918701171875,142.07885387536055,140.98253220063924,140.99158779721094,44000
2012-02-17,142.25106811523438,142.36886004797498,141.9792480225568,142.23294308896408,60900
2012-02-21,141.7799835205078,142.11523445635086,141.76187231072785,141.97931743089526,39800
2012-02-22,140.774169921875,140.9644481078296,140.62921120795116,140.69262805304115,26500
2012-02-23,141.33592224121094,141.41746410265193,140.99161594800538,141.0187965684857,22400
2012-02-24,142.83998107910156,142.83998107910156,142.25104914462702,142.25104914462702,31900
2012-02-27,142.13327026367188,142.57724352406845,142.10608963807042,142.24200659142136,11600
2012-02-28,142.83998107910156,142.83998107910156,141.97922908819936,142.38695226016964,37800
2012-02-29,142.92152404785156,143.54669214902424,142.92152404785156,143.44703909006114,61500
2012-03-01,143.29299926757812,143.47422184198047,143.2024018057183,143.22958242681037,23000
2012-03-02,142.30538940429688,142.35975064249698,142.25102816609677,142.35975064249698,11900
2012-03-05,142.52285766601562,142.60439952874162,142.4231907809034,142.47755202272074,3700
2012-03-06,141.25437927246094,141.66211626705913,141.03693428904035,141.63493564413156,29800
2012-03-07,141.37213134765625,141.46274261544056,141.0550057357495,141.19997823406905,18900
2012-03-08,142.1151580810547,142.23293618273226,141.81615737616198,141.84333800157555,32800
2012-03-09,140.81939697265625,141.16370310490927,140.7197301357059,141.16370310490927,28000
2012-03-12,140.4661407470703,140.50239080155225,140.22150126802472,140.44801571982936,16100
2012-03-13,140.9916534423828,141.47186296569376,140.42990203594618,140.42990203594618,34000
2012-03-14,140.8466796875,141.10037476086592,140.7379571775845,141.04601350590818,30100
2012-03-15,141.19097900390625,141.34500716036024,140.50238009999242,140.53861632636938,31100
2012-03-16,142.2329559326172,142.4413591901839,142.02456650039596,142.02456650039596,47000
2012-03-19,142.75845336914062,142.83999524655385,142.41414700849307,142.50475831140363,20400
2012-03-20,142.45042419433594,142.66788306753745,142.38699350514727,142.43229916523256,10500
2012-03-21,142.4866180419922,142.50474306570396,142.1151449206256,142.33258990379778,14300
2012-03-22,142.0970458984375,142.11517092546586,141.79804516652104,141.79804516652104,13300
2012-03-23,142.57720947265625,142.6678207532497,142.4865981920628,142.6678207532497,5200
2012-03-26,143.45611572265625,143.45611572265625,143.11180937633225,143.2658375245974,4400
2012-03-27,143.29299926757812,143.70073623464205,143.29299926757812,143.61012494744088,77300
2012-03-28,142.74037170410156,142.76756616351065,142.33264836783647,142.63164916785698,76700
2012-03-29,143.2567901611328,143.2567901611328,142.63160810700833,142.6587887332447,85200
2012-03-30,143.68263244628906,143.76417432161597,143.47424304533914,143.66450742110194,6800
2012-04-02,144.0359649658203,144.07220118344665,143.73696432537582,143.73696432537582,14100
2012-04-03,142.94869995117188,143.59199305335488,142.74936618914148,143.58293745520467,16300
2012-04-04,142.7041015625,142.75846281770677,142.40510083351816,142.40510083351816,9600
2012-04-05,142.15135192871094,142.34163007522417,142.08793509676613,142.08793509676613,16200
2012-04-09,142.84912109375,142.9125379705604,142.3960920509501,142.3960920509501,5100
2012-04-10,142.5047607421875,142.5681914203756,142.11516254878285,142.40509383742335,6100
2012-04-11,142.87625122070312,143.07558503509458,142.70409803324284,143.03027938176118,10000
2012-04-12,143.3745880126953,143.52861617617702,143.11182351443364,143.24774047657246,9400
2012-04-13,142.28724670410156,143.10270665180425,142.2781911073068,143.10270665180425,19000
2012-04-16,142.77658081054688,142.89437274125484,142.27824628679468,142.27824628679468,8000
2012-04-17,143.1117706298828,143.2476875417958,143.01210375794903,143.15707626718716,4900
2012-04-18,143.8819580078125,144.0722223726797,143.48329042858637,143.48329042858637,21300
2012-04-19,144.15379333496094,144.30782149318438,144.10848768246132,144.12661270853,14700
2012-04-20,144.7789306640625,144.91484759254885,144.62490253871752,144.63397196248795,17400
2012-04-23,144.85145568847656,144.8695807155264,144.47998249869627,144.58870501030566,33100
2012-04-24,144.90573120117188,145.04164808560415,144.81513377022034,144.98728686196588,49000
2012-04-25,145.21385192871094,145.46754694457874,144.6611562529972,144.78800376093108,52100
2012-04-26,145.41322326660156,145.44040389494174,145.2682506985573,145.3497925835778,3400
2012-04-27,145.96591186523438,146.19242630709516,145.80281427791553,145.90248118534808,6100
2012-04-30,145.7393798828125,145.95682487260774,145.73031045800926,145.87528300143452,4900
2012-05-01,145.66693115234375,145.8209593349257,145.3769859907686,145.8209593349257,18300
2012-05-02,145.44943237304688,145.53097424286176,145.1232510684449,145.13230666775462,71000
2012-05-03,145.286376953125,145.57630826631757,145.18671003992083,145.24107129706036,72000
2012-05-04,145.0054168701172,145.42220934765814,144.94200004275524,145.33159807961144,21700
2012-05-07,145.4041290283203,145.4131984531161,145.0779477185532,145.15043399020618,9500
2012-05-08,145.0688934326172,145.15950472933955,144.80614279267087,144.8876846645153,10400
2012-05-09,144.92391967773438,144.97828092517668,144.44371022487036,144.461835249132,19000
2012-05-10,145.0054168701172,145.28630627092653,145.0054168701172,145.24100063690318,67800
2012-05-11,144.31687927246094,144.66118564624355,144.21721236559463,144.30782367196193,100000
2012-05-14,144.498046875,144.73363067427113,144.22622685871656,144.22622685871656,28600
2012-05-15,143.6192169189453,143.9907039350748,143.56485566299366,143.94539828000015,31000
2012-05-16,142.83998107910156,143.1842874055994,142.77656423362913,143.1842874055994,21000
2012-05-17,141.8795928955078,142.18764924095785,141.82523163752785,141.99738483802798,101300
2012-05-18,142.1151580810547,142.17857493190513,141.7074210491642,142.17857493190513,91800
2012-05-21,142.2238311767578,142.2238311767578,141.74362186080944,141.75267745768704,102400
2012-05-22,141.4627685546875,142.04264482895607,141.35403224834025,141.7164635605962,12600
2012-05-23,141.04598999023438,141.24532377540893,140.74698931247255,141.24532377540893,17000
2012-05-24,140.6744384765625,141.0187446429887,140.50229921868535,141.00061962756206,15100
2012-05-25,140.57484436035156,140.82853940623735,140.39363558833932,140.6564000592987,6200
2012-05-29,140.3211212158203,140.83758062924693,140.13991248009427,140.73791375079654,29900
2012-05-30,138.9620361328125,139.8046768077947,138.9529805348189,139.8046768077947,36800
2012-05-31,138.3368377685547,139.0707558788777,137.9200591050189,139.0707558788777,52400
2012-06-01,137.89292907714844,138.59059740508238,137.68453966892957,138.07413785931024,37700
2012-06-04,138.17379760742188,138.39125642996038,137.95633878488337,138.2009782320713,16400
2012-06-05,138.0559844970703,138.1012901396476,137.75698384646944,137.92008139467947,11800
2012-06-06,139.19764709472656,139.25200834397634,138.68118757616745,138.78085447490642,43300
2012-06-07,139.40602111816406,139.9768418230224,139.39696551940213,139.93153617852954,29900
2012-06-08,138.87144470214844,138.88050030053495,138.29156842256683,138.3368602398405,19800
2012-06-11,138.98919677734375,139.68686483212014,138.98919677734375,139.68686483212014,26900
2012-06-12,139.83187866210938,139.91342053245634,139.26105791899548,139.5781836263571,29500
2012-06-13,139.30636596679688,139.94967299197322,139.25200471896224,139.5510054073955,41400
2012-06-14,139.6688232421875,139.69600387383846,139.32453063282657,139.3426418370294,28200
2012-06-15,140.92820739746094,140.9372768226049,139.8771909815026,139.8771909815026,46900
2012-06-18,140.63824462890625,140.72885590799402,140.42985527741249,140.47514709161626,20100
2012-06-19,141.2091064453125,141.43562088373915,140.82855002245287,140.9372863541317,30800
2012-06-20,140.94631958007812,141.41747340830878,140.56577704297172,141.29062589594,21900
2012-06-21,139.88621520996094,140.69260582236637,139.8590345913111,140.69260582236637,26100
2012-06-22,139.87725830078125,140.08564779923654,139.67792440648492,140.06752276556875,23300
2012-06-25,139.75942993164062,139.79566616419177,139.60540174894228,139.64163798149343,12900
2012-06-26,140.4117431640625,140.43892378521943,139.96776997626375,140.22146499062265,5200
2012-06-27,139.73220825195312,139.81375012024847,139.53287446811416,139.7684444738592,12700
2012-06-28,139.2520294189453,139.36075193389937,138.98926490734604,139.2248487902068,18400
2012-06-29,140.5657501220703,140.93723698905455,140.5657501220703,140.8194450982207,43500
2012-07-02,141.01881408691406,141.0550503102757,140.6110909037176,141.0278696864188,13000
2012-07-03,140.8738555908203,140.99164752284173,140.59297989939458,140.71982743182375,43400
2012-07-05,139.32449340820312,139.4150908810516,139.1432846371631,139.25200713471853,19900
2012-07-06,138.9801483154297,139.2519683088731,138.7626895556071,139.16135703594557,39400
2012-07-09,139.38787841796875,139.38787841796875,139.09794721559882,139.16136404957294,20600
2012-07-10,139.28822326660156,139.41507077056625,138.9439307988923,139.39695957381488,22200
2012-07-11,139.13421630859375,139.75939832515013,138.9983131855785,139.66878702624456,30600
2012-07-12,138.49093627929688,138.62683941525248,138.16475492765898,138.62683941525248,19600
2012-07-13,139.7774658203125,139.82277145111837,138.8985891189608,138.8985891189608,15400
2012-07-16,140.31210327148438,140.47518702980022,139.92249125104536,140.02215815624194,21700
2012-07-17,140.4117431640625,140.4117431640625,139.5872274547254,140.04025624112933,8600
2012-07-18,140.4842529296875,140.49330852980754,140.2033772471857,140.23961347300954,6700
2012-07-19,141.08226013183594,141.20003823960144,140.7017037056881,140.7470093588337,35700
2012-07-20,140.13986206054688,140.56571004022862,140.11268145123404,140.56571004022862,30700
2012-07-23,139.3788604736328,139.3788604736328,138.97113726544166,139.07080416747448,15400
2012-07-24,139.27015686035156,139.51478252323795,139.08893423182693,139.51478252323795,14100
2012-07-25,139.07986450195312,139.25201768635586,138.77180818530823,138.98019759652755,10700
2012-07-26,140.81040954589844,141.10034077762634,140.6563814188334,140.873826386294,31100
2012-07-27,141.0912628173828,141.39931902268867,140.95535973425936,141.07313779785332,11600
2012-07-30,140.97352600097656,140.97352600097656,140.7198309298119,140.7198309298119,3000
2012-07-31,140.6744384765625,140.82846654434897,140.27578491452832,140.48417420325873,12300
2012-08-01,139.4604034423828,140.24866923941522,139.4604034423828,140.24866923941522,17600
2012-08-02,139.17950439453125,139.57817193885765,138.9892262209786,139.39696318925695,118500
2012-08-03,140.34829711914062,140.47514461242076,139.48754528435828,139.5328509231026,61500
2012-08-06,140.04025268554688,140.32112831393135,139.59629333436152,139.62347395482834,23700
2012-08-07,140.25772094726562,140.52954099563286,140.25772094726562,140.52954099563286,12300
2012-08-08,140.45712280273438,140.65645667979155,140.3393308321055,140.3393308321055,10300
2012-08-09,140.284912109375,140.35739838274174,140.03121706526298,140.03121706526298,13500
2012-08-10,140.73793029785156,140.83759718802014,140.00402584540208,140.0674426889592,38200
2012-08-13,140.72886657714844,140.99161718587888,140.71074155488876,140.85571408228404,18100
2012-08-14,140.71072387695312,140.81944634616985,140.68354325964893,140.77414070888307,1800
2012-08-15,140.71072387695312,140.84662696347402,140.64729321968375,140.79226572886566,11400
2012-08-16,141.20004272460938,141.25440397997312,141.05507016007624,141.05507016007624,16500
2012-08-17,140.79232788085938,141.0369673699312,140.62924410504186,141.0369673699312,24600
2012-08-20,140.93724060058594,140.95536562087236,140.8013236864472,140.8013236864472,2400
2012-08-21,141.54434204101562,141.79803710360798,141.49903638869327,141.49903638869327,17200
2012-08-22,142.35977172851562,142.35977172851562,141.58963103104202,141.60774222956442,7700
2012-08-23,142.2963104248047,142.56813039648117,142.27818540660277,142.3597272505043,2600
2012-08-24,141.7617645263672,141.84330638443203,141.7617645263672,141.84330638443203,4200
2012-08-27,141.68020629882812,141.81612321850267,141.68020629882812,141.81612321850267,2200
2012-08-28,141.91578674316406,142.06074543191576,141.79799484729716,141.82517546552185,2600
2012-08-29,142.03353881835938,142.10602506213857,141.82514950833007,142.0607194316094,1400
2012-08-30,141.6168212890625,142.06078071388666,141.5080849638183,142.06078071388666,7600
2012-08-31,142.43226623535156,142.5772387839687,142.23293243733877,142.359779961043,4200
2012-09-04,142.40512084960938,142.64976035777036,142.36888461615982,142.37794021818556,13600
2012-09-05,142.6406707763672,142.82189339404943,142.63161517562094,142.66786522929524,11900
2012-09-06,142.96681213378906,142.9940065791087,142.50472776880744,142.61345024872293,45500
2012-09-07,143.58302307128906,143.79141255572875,143.40181422284806,143.47430052729425,33900
2012-09-10,143.41078186035156,143.61011561897297,143.25675374238784,143.25675374238784,8300
2012-09-11,144.16285705566406,144.2353433386776,143.8548007218651,143.8548007218651,8000
2012-09-12,144.4346466064453,144.52524407203833,144.2624934488741,144.28061847212945,11700
2012-09-13,144.896728515625,145.0054510026022,144.4074634988859,144.41651909768677,33400
2012-09-14,145.56719970703125,145.79371407960213,145.39504657182297,145.44940780918557,35700
2012-09-17,145.68504333496094,145.94780786757252,145.59444584036956,145.6759877331057,34800
2012-09-18,145.6940460205078,145.89337977278,145.55812910286403,145.6849765974609,45000
2012-09-19,145.467529296875,145.5581267484988,145.31350118630877,145.4584598739748,127500
2012-09-20,145.467529296875,145.467529296875,145.02355616029715,145.13227863238163,38100
2012-09-21,145.7393798828125,146.04743616858423,145.6578241862966,146.00213052059598,25300
2012-09-24,145.45852661132812,145.57631856035655,145.14141464714208,145.21390093690218,11400
2012-09-25,145.15948486328125,145.77559735557708,145.15948486328125,145.63062483079892,43100
2012-09-26,144.93299865722656,145.06890178479173,144.73366485323524,144.9601792827396,65900
2012-09-27,145.59442138671875,145.66690766542507,145.05985063477175,145.50381008199986,38700
2012-09-28,144.76080322265625,145.09604005635617,144.53428885927207,145.09604005635617,56100
2012-10-01,144.6702117919922,145.04169871698164,144.6067949507221,144.74269805725902,14000
2012-10-02,144.72459411621094,145.1504423458472,144.70648291626213,144.83333044262122,21900
2012-10-03,144.1175079345703,144.42556417545907,144.1175079345703,144.3349667180251,16900
2012-10-04,145.2047882080078,145.2047882080078,144.6611619349422,144.84237069263074,16500
2012-10-05,144.65208435058594,145.3950581881415,144.62490372973306,145.24103006152805,13900
2012-10-08,143.71888732910156,143.80949864145703,143.6826510993665,143.7641929852793,20000
2012-10-09,143.41986083984375,143.66450027900598,143.2930133205268,143.59201400720448,33600
2012-10-10,143.55575561523438,143.70072813644984,143.49232495269987,143.54668619182056,16000
2012-10-11,143.8819580078125,143.9453748543207,143.79134671240925,143.90913863136495,12100
2012-10-12,144.16285705566406,144.2353433386776,144.06319014468855,144.19003768362603,7400
2012-10-15,144.10850524902344,144.15381090704574,143.8819907842577,144.054143989535,48500
2012-10-16,144.498046875,144.6339637958119,144.30778254133983,144.5252274940943,41700
2012-10-17,144.7789306640625,145.0416950972648,144.7698750656332,144.85141692752035,21800
2012-10-18,143.89102172851562,144.73366258222873,143.89102172851562,144.64305128171134,28300
2012-10-19,143.51956176757812,144.02696579050715,143.4289642753503,144.02696579050715,33600
2012-10-22,143.53762817382812,143.82757321137083,143.46514191444243,143.78226757108723,28400
2012-10-23,143.01214599609375,143.10275729746417,142.70408969198397,143.093687872121,73900
2012-10-24,143.68263244628906,143.8457161969429,143.5467154954008,143.79135494672497,17200
2012-10-25,144.6249237060547,144.69740998012165,144.47996498326393,144.64304873090722,34500
2012-10-26,144.28970336914062,144.67024598272118,144.2625227414095,144.51621781712987,10700
2012-10-31,144.6793212890625,144.68839071643797,144.32595925508463,144.3984455473553,8400
2012-11-01,144.552490234375,144.83337983349193,144.53437902824993,144.83337983349193,28100
2012-11-02,143.59201049804688,143.86383055432398,143.58295489879652,143.74603863735734,18000
2012-11-05,143.20242309570312,143.23865932076603,143.08463116989768,143.13899242016376,9700
2012-11-06,143.4832763671875,143.51045698807624,143.22052575681587,143.26581757473627,5700
2012-11-07,143.30210876464844,143.42895630699704,143.17526122229984,143.23867808080152,11000
2012-11-08,143.1842803955078,143.32925292855057,143.17522479669577,143.32925292855057,14600
2012-11-09,142.51380920410156,142.86717115323054,142.42321172952737,142.78562927851078,38600
2012-11-12,142.40512084960938,142.40512084960938,142.24203706106647,142.3869958202113,9900
2012-11-13,142.3145294189453,142.48666881685077,142.27827935860412,142.28733496101583,4500
2012-11-14,141.997314453125,142.34162068346032,141.997314453125,142.26006501157036,27100
2012-11-15,142.16949462890625,142.33257835305062,142.03357770011146,142.18760582580597,14300
2012-11-16,142.45948791503906,142.55009924037358,141.97022270413524,142.28733469211176,24400
2012-11-19,142.57720947265625,142.62251511295298,142.50472321324955,142.56815387473304,11000
2012-11-20,142.77658081054688,142.78563641085364,142.6587888798389,142.67691390579643,10900
2012-11-21,143.01214599609375,143.01214599609375,142.75845094266882,142.88529846938127,26700
2012-11-23,143.85476684570312,143.86382244444303,143.1933348534685,143.20240427755,16400
2012-11-26,143.64633178710938,143.68258182471214,143.51042870944525,143.5466649217095,6200
2012-11-27,143.50137329101562,143.7913044655055,143.49230386893439,143.7913044655055,2500
2012-11-28,143.58302307128906,143.59207867483897,143.10281340151343,143.13904964106206,3400
2012-11-29,143.7732391357422,143.7913641620909,143.6373360014875,143.7279473078868,2700
2012-11-30,143.59201049804688,143.68262179192004,143.41080173564293,143.45610738257952,10000
2012-12-03,144.19900512695312,144.39833882703948,144.05404647489283,144.06310207022898,9000
2012-12-04,144.3349609375,144.44368341220277,144.20811344190003,144.31683591660283,12800
2012-12-05,144.19900512695312,144.38022763636718,144.18089393628085,144.2352551589705,22800
2012-12-06,143.83665466308594,144.40747541751213,143.78229341511064,144.3712253686334,13700
2012-12-07,143.74600219726562,143.76412721651397,143.48325163218942,143.48325163218942,20600
2012-12-10,144.06321716308594,144.2172453588727,143.9816752639072,144.16288409275356,9500
2012-12-11,144.36219787597656,144.44373976381547,144.27158656148077,144.28065598813765,7500
2012-12-12,144.6249237060547,145.18668887373772,144.42558990870637,144.6249237060547,42200
2012-12-13,144.37120056152344,144.6520761780285,144.18093622630278,144.60678436272673,25100
2012-12-14,144.79705810546875,144.97826685447035,144.4255711835436,144.46182122854876,4600
2012-12-17,145.21385192871094,145.27726877000717,145.1413656634142,145.20478250471044,27400
2012-12-18,145.60348510742188,145.79376332780583,145.34979003047312,145.36791505749656,25700
2012-12-19,145.63966369628906,145.92959485967106,145.63966369628906,145.8842892270163,16000
2012-12-20,145.8933868408203,145.97492870015301,145.6668724591135,145.8390256012652,13000
2012-12-21,144.8876953125,145.33165475317537,144.76990338317282,145.29541852702906,17900
2012-12-24,144.552490234375,144.86056046802773,144.28068388901698,144.86056046802773,45400
2012-12-26,144.60682678222656,144.85145242784108,144.3531317106189,144.6521186108144,8900
2012-12-27,144.28970336914062,144.86957980297927,143.97257761181783,144.8242741483125,8500
2012-12-28,144.85145568847656,144.85145568847656,144.56152438240332,144.56152438240332,31100
2012-12-31,145.61253356933594,145.81185353651773,145.38601915286188,145.4222553763469,25300
2013-01-02,145.63064575195312,146.16523028570288,145.40413133394927,146.16523028570288,16400
2013-01-03,144.27157592773438,144.86052177785686,144.20815907253797,144.84239675122453,19100
2013-01-04,144.06321716308594,144.07227276565666,143.60113257572564,143.64642441392667,8300
2013-01-07,144.4074249267578,144.41648052313988,144.03593809502325,144.06311870950745,224200
2013-01-08,143.89102172851562,143.94538297868874,143.6554517026511,143.90009115377342,17100
2013-01-09,143.6101531982422,143.61920879860716,143.34740253421697,143.34740253421697,236500
2013-01-10,144.6973876953125,144.8604852431803,144.15376146154887,144.2171783007512,51200
2013-01-11,144.4346466064453,144.77893909624586,144.17188215793914,144.77893909624586,36500
2013-01-14,144.1175079345703,144.14468855433458,143.69165979114263,143.79132667205846,32100
2013-01-15,143.98162841796875,144.23532346088078,143.79135022311328,143.85478089651275,29000
2013-01-16,143.34738159179688,143.36549278988088,143.1933396306885,143.32018714398677,13800
2013-01-17,143.34738159179688,143.41985403481698,143.03025589588023,143.09367273985833,29100
2013-01-18,142.2329559326172,142.55913730821564,142.01551089911518,142.55913730821564,59600
2013-01-22,141.86146545410156,142.26011924210226,141.75272912524338,142.0879798866524,143200
2013-01-23,141.98834228515625,142.35981552393852,141.8524253023706,142.2148567644524,19400
2013-01-24,141.45372009277344,141.47184511740736,141.1637888253453,141.17284442499079,26200
2013-01-25,141.6439971923828,141.7889697376469,141.51714967161243,141.62587216788907,17600
2013-01-28,140.57484436035156,140.9100951051845,140.43894123767814,140.9100951051845,29700
2013-01-29,141.15476989746094,141.25443683058825,140.9554498565542,140.9554498565542,10900
2013-01-30,141.58053588867188,141.6711471661941,141.29966028382879,141.29966028382879,17100
2013-01-31,142.060791015625,142.1423467218081,141.58965093166026,141.61683155860652,39200
2013-02-01,140.66551208496094,141.5806257371804,140.62927584616008,141.5806257371804,49200
2013-02-04,141.18191528320312,141.2181515074959,140.89197018748862,140.9372758368619,9000
2013-02-05,140.24864196777344,140.73792078656817,140.06743322298837,140.61107328268454,25900
2013-02-06,140.30300903320312,140.33018965210385,140.14896709231203,140.2214533511607,29200
2013-02-07,140.6744384765625,140.7197441024611,140.5294798291573,140.54759101924802,11100
2013-02-08,141.4627685546875,141.8523666618541,141.2996710078371,141.33592105173315,45800
2013-02-11,140.31210327148438,140.5567427343022,140.2214919666351,140.5567427343022,18400
2013-02-12,140.1942596435547,140.35735716707228,139.68686970432472,139.69592530133278,31300
2013-02-13,139.1704864501953,139.56008467598033,139.07987513820828,139.50572341892615,19000
2013-02-14,138.74462890625,139.0979908788552,138.61778137314414,138.86240701355558,40300
2013-02-15,138.94393920898438,139.19763423226956,138.78084165096283,138.78989724988665,26800
2013-02-19,138.16481018066406,138.6359504572852,138.07419883689462,138.57253357692656,24800
2013-02-20,136.5157012939453,137.12275824629668,136.10797812598898,137.10464704796422,45000
2013-02-21,136.6243896484375,136.77843157317034,136.2891528335998,136.5700284163383,84600
2013-02-22,136.50662231445312,136.92340101019144,136.47037227331248,136.86903977382036,47800
2013-02-25,135.81800842285156,136.06264780940572,135.22002100343215,135.2743822392576,53900
2013-02-26,135.45562744140625,136.02644822195822,135.3559605404423,135.79993379479868,29000
2013-02-27,135.79087829589844,136.00833714539735,135.43751630630328,135.77276709411552,29200
2013-02-28,135.8633270263672,136.07171639203082,135.69117387959858,135.76366014272963,32700
2013-03-01,134.47708129882812,134.6854706973743,134.18715002589556,134.45895627385008,94700
2013-03-04,135.283447265625,135.30157228727663,134.83948792521494,134.91196036114013,15300
2013-03-05,135.41033935546875,135.75464575352237,135.18382489892718,135.7183956982824,39300
2013-03-06,134.5948944091797,134.98449264280163,134.49522749412714,134.94825641248497,26000
2013-03-07,134.4499053955078,134.9029342584653,134.3864885438725,134.8032673556009,29000
2013-03-08,133.6253662109375,133.95154748831737,133.57100496893108,133.70692189928846,38500
2013-03-11,133.5981903076172,133.66162097575878,133.21764777479297,133.2267033736667,18400
2013-03-12,133.46234130859375,133.53482760499784,133.05461798849973,133.36267437920657,30100
2013-03-13,133.6434783935547,133.8609371660293,133.49850587857162,133.85186774300539,25100
2013-03-14,135.07508850097656,135.33783916040753,133.96969696063755,133.96969696063755,102700
2013-03-15,135.1656951904297,135.69121037044857,135.0207364505255,135.591543460008,124300
2013-03-18,135.183837890625,135.5009636903983,135.12947662788594,135.23819915336406,71400
2013-03-19,135.2110137939453,135.47377832179123,135.01167995397466,135.30162511223963,57000
2013-03-20,135.29258728027344,135.96306135246758,135.22010098118662,135.66406055323995,94900
2013-03-21,135.836181640625,135.95397357693483,135.51906971067913,135.5915421672679,32800
2013-03-22,136.416015625,136.53380752465898,135.93580625378468,135.93580625378468,125800
2013-03-25,135.90866088867188,136.04456401942298,135.59153514979408,136.00832779300399,71200
2013-03-26,135.7183380126953,135.8089492869367,135.5190180949751,135.69115739549076,41700
2013-03-27,135.44656372070312,135.45561932012293,135.13849361097556,135.27441055432843,59200
2013-03-28,136.05360412597656,136.0717153226112,135.59150593031546,135.59150593031546,24800
2013-04-01,136.343505859375,136.43411712431245,135.23811478876016,135.9720328539425,46400
2013-04-02,135.22007751464844,135.50095323402329,135.20195248668523,135.45564757678804,35300
2013-04-03,135.4737091064453,135.70022346110582,135.4737091064453,135.5643065531061,22600
2013-04-04,136.416015625,136.47944628645956,135.31062436381066,135.31062436381066,44800
2013-04-05,137.3221435546875,137.42181048428057,136.89629520327588,136.9506564693544,55400
2013-04-08,136.49757385253906,137.10464461947987,136.4251014098084,137.04121395041304,36400
2013-04-09,137.14991760253906,137.34925135602523,136.83280577678568,137.01401450940764,13200
2013-04-10,137.20428466796875,137.21335409145615,137.0230759276494,137.1861734716753,16000
2013-04-11,137.7388916015625,137.94728099568164,137.59391905550444,137.67546092815851,14600
2013-04-12,137.42178344726562,137.58488103876,137.3583665911001,137.56675601185069,11200
2013-04-15,136.78749084472656,137.17708890212964,136.72406018868097,137.14085268820298,279200
2013-04-16,137.630126953125,137.6482519739876,136.91434762046308,136.99588947633467,8500
2013-04-17,136.37982177734375,136.5610305694184,136.2439048142793,136.31639109617808,13800
2013-04-18,136.7965545654297,136.99588831721152,136.69688768953878,136.84186020453282,70500
2013-04-19,136.343505859375,137.07741009921938,136.2891446305477,137.07741009921938,20200
2013-04-22,136.77850341796875,136.86910091060878,136.3526551090571,136.40701636971033,20900
2013-04-23,136.3979034423828,136.80564041793772,136.3979034423828,136.44320908692688,28200
2013-04-24,136.64256286621094,136.76035479420113,136.62443784067162,136.66068789175029,4200
2013-04-25,138.11032104492188,138.47275229539912,138.09220985140195,138.3549604108267,24200
2013-04-26,138.6087188720703,138.68120515537274,138.51812138695095,138.51812138695095,21100
2013-04-29,138.69932556152344,138.81711749613353,138.65401990780074,138.80804807018234,12000
2013-04-30,139.03456115722656,139.33356187846636,138.7536854623679,138.81711614202985,59500
2013-05-01,139.18853759765625,139.66874692823592,139.17042640334927,139.41505195454624,43400
2013-05-02,139.05267333984375,139.2067014864959,138.71743642215048,139.1070345886218,66300
2013-05-03,139.32449340820312,139.56911902770278,139.2338821100116,139.28824335878932,8700
2013-05-06,139.15231323242188,139.15231323242188,138.92579885624434,139.02546573477608,61900
2013-05-07,138.5271453857422,138.8170904528069,138.34593663149764,138.8170904528069,28000
2013-05-08,139.05267333984375,139.52382720482515,138.9892426660407,138.9892426660407,8800
2013-05-09,138.2281494140625,138.80802574254275,138.08317687560688,138.7083588505223,37000
2013-05-10,137.43991088867188,137.8385785356121,137.0865488971285,137.8385785356121,47400
2013-05-13,136.8962860107422,137.37649559598643,136.69695216494122,137.3312037608606,23100
2013-05-14,136.2710418701172,136.63347316372625,136.2348056534264,136.56098690500443,248200
2013-05-15,136.2710418701172,136.6244037405484,136.0082912794233,136.3072919121482,39600
2013-05-16,136.65159606933594,137.06837476885923,136.55192919330383,136.57910981173623,65700
2013-05-17,135.70932006835938,136.1351682898359,135.66401441866847,135.81804256734293,86500
2013-05-20,136.5428924560547,136.74222625583562,136.06268298167606,136.08080800674978,33100
2013-05-21,135.5915069580078,135.91768822933574,135.25627008829395,135.42842323501438,28300
2013-05-22,134.57675170898438,135.64590700508901,134.40459853055995,134.99354434229315,102600
2013-05-23,135.2290802001953,135.37405271648151,134.7307458162991,134.96632961159918,30900
2013-05-24,135.35597229003906,135.4375141728123,135.093221614877,135.1294578432169,16600
2013-05-28,134.71270751953125,135.23822286037503,134.5405680991307,135.12044471224297,20400
2013-05-29,135.34690856933594,135.52811735085336,135.13850533651427,135.32878354358104,18900
2013-05-30,136.28915405273438,136.31633466902713,135.6096109947379,135.79988913412603,25400
2013-05-31,136.00831604003906,136.0898579114434,135.50092596195512,136.0898579114434,54100
2013-06-03,137.04119873046875,137.57576934462492,136.3254193789272,136.43414185629035,56900
2013-06-04,137.00503540039062,137.04127163700937,136.70603460323179,136.72414580886723,34200
2013-06-05,137.80233764648438,137.87482393487144,137.32212808309774,137.36743374150788,39800
2013-06-06,139.58717346191406,140.3210775999571,138.26433765948332,138.26433765948332,150300
2013-06-07,139.16143798828125,139.22486868129695,138.66310334796927,138.70840901078805,24800
2013-06-10,139.38787841796875,139.4241284591024,138.75364095152844,138.75364095152844,484900
2013-06-11,140.0221710205078,140.04029604821167,139.27015518761382,139.27015518761382,151900
2013-06-12,140.24864196777344,140.39361449373789,140.1399194859706,140.21240574895282,7600
2013-06-13,140.45712280273438,140.78330425379625,140.1762470192489,140.2577889256772,35200
2013-06-14,140.52955627441406,140.52955627441406,139.92248544274324,139.94061046802952,19900
2013-06-17,140.79232788085938,140.91011982473572,140.33929895868332,140.8376335381461,14600
2013-06-18,139.98590087890625,140.03120652451798,139.36978833968104,139.38789953765215,15600
2013-06-19,138.58148193359375,140.1852074648171,138.35496757481857,140.1852074648171,57500
2013-06-20,138.53616333007812,138.57241336627922,138.20092653457687,138.47274650473318,37800
2013-06-21,137.95631408691406,138.2190785119406,137.51235474689238,138.05598096789987,78700
2013-06-24,138.11940002441406,138.31873376963512,137.70260751385922,137.94724689669226,48100
2013-06-25,138.02880859375,138.1466005034083,137.7932385997749,138.1375449047198,113300
2013-06-26,137.04119873046875,137.61201938730628,136.85998999308333,137.53953312728402,59800
2013-06-27,136.5157012939453,136.56100694046094,136.0173668329577,136.35261755689967,71300
2013-06-28,136.0626983642578,136.28921281458628,135.7455864290049,136.28921281458628,33500
2013-07-01,136.1351776123047,136.3435670247413,136.0173856801107,136.1442332127257,34600
2013-07-02,135.55531311035156,135.7455913386612,135.45564619558849,135.50095185236177,17900
2013-07-03,136.61537170410156,136.82376109302905,136.44321853811437,136.44321853811437,14800
2013-07-05,133.32638549804688,133.40794119859726,133.09987107224296,133.19953797261041,77400
2013-07-08,133.7703399658203,133.7703399658203,133.48946432931874,133.6072562383064,17700
2013-07-09,133.00921630859375,133.07263313132597,132.51993761740272,133.03639692195574,84100
2013-07-10,133.4441680908203,134.1237113207065,133.2448343040263,133.30826497498003,45800
2013-07-11,135.90866088867188,136.13517532348632,134.8576305930503,135.0569644017145,73800
2013-07-12,135.1112823486328,135.3287411134794,134.9572542413688,134.9572542413688,25100
2013-07-15,135.10227966308594,135.1113352639988,134.82140395599336,134.97543212358138,2300
2013-07-16,135.55531311035156,135.65498002511464,134.9301309927782,135.00261727854638,10300
2013-07-17,136.05360412597656,136.37978539483225,135.55526971170525,136.30729913227088,19200
2013-07-18,136.15322875976562,136.78746607869425,135.7907975594231,136.03543689148722,19600
2013-07-19,136.5881805419922,136.5881805419922,136.39790236654463,136.47038863217506,3000
2013-07-22,137.31298828125,137.50325257441835,137.13177958407243,137.14083518006322,47200
2013-07-23,137.53956604003906,137.61205231740703,137.17713465319915,137.17713465319915,11900
2013-07-24,136.88717651367188,137.43080274926402,136.7693846078901,137.22241338355408,16800
2013-07-25,137.6392364501953,137.68454210287263,136.8962624572509,137.0140543891431,21900
2013-07-26,137.6029510498047,137.68450673381108,137.41268671291778,137.6392010927721,7600
2013-07-29,137.25865173339844,137.30394354683315,137.1227348170747,137.30394354683315,6800
2013-07-30,136.28915405273438,136.57002963798536,136.20761220385614,136.57002963798536,7900
2013-07-31,136.017333984375,136.41600145688574,135.33779092677867,135.4193466009478,21500
2013-08-01,135.1747283935547,137.88383162578876,135.1747283935547,135.98111906181282,571700
2013-08-02,136.70602416992188,136.81474669682825,136.2167451481496,136.2167451481496,15100
2013-08-05,137.3492889404297,137.3492889404297,137.0593576539655,137.3039832885417,13200
2013-08-06,137.22242736816406,137.54860867289756,137.22242736816406,137.24960799144665,11500
2013-08-07,138.56338500976562,138.78989941447028,138.3459400294681,138.36406505294025,30500
2013-08-08,139.03456115722656,139.21576994500526,138.7536854623679,138.7536854623679,54200
2013-08-09,138.6630096435547,138.84423217236483,138.58146780079284,138.58146780079284,19300
2013-08-12,138.26441955566406,138.4818645696071,138.26441955566406,138.47280896914089,27500
2013-08-13,138.14659118652344,139.52380248807955,138.0559799043832,138.06504932780157,42600
2013-08-14,138.69932556152344,138.99832628567987,138.65401990780074,138.80804807018234,22900
2013-08-15,139.88621520996094,139.95870146814053,138.85331022524676,138.98921331849596,54700
2013-08-16,139.7412872314453,139.9315654479791,139.60538409488157,139.90438482066634,14800
2013-08-19,139.9678192138672,140.06748613495034,139.877221719921,139.99499984458566,9500
2013-08-20,140.1489715576172,140.32112469970028,140.0855547199417,140.21240222063335,8700
2013-08-21,140.18521118164062,140.4842118021922,140.04930809290792,140.23051681966473,18200
2013-08-22,139.34263610839844,139.47855308641212,139.24296918799354,139.4241918253451,2800
2013-08-23,139.30636596679688,139.44226908638345,138.95300403052894,138.95300403052894,5100
2013-08-26,139.2610321044922,139.28821272290278,139.14325403315968,139.27915712521258,4500
2013-08-27,138.9711151123047,138.9711151123047,138.79896196120484,138.9711151123047,1600
2013-08-28,138.78988647460938,138.83519211639472,138.69928901637948,138.69928901637948,2400
2013-08-29,138.65399169921875,138.65399169921875,138.47278294653862,138.64493610045432,34300
2013-08-30,138.56338500976562,138.56338500976562,138.2825093599866,138.36406505294025,5900
2013-09-03,139.2157745361328,140.14901295804705,138.84430134780635,140.14901295804705,26100
2013-09-04,139.73220825195312,139.8590557666377,139.50569384534904,139.51474944449,7300
2013-09-05,139.36074829101562,139.7322353078583,139.31544263585397,139.7322353078583,3400
2013-09-06,139.72314453125,139.84092261460546,139.60535262255317,139.84092261460546,7800
2013-09-09,140.3302001953125,140.5838952076732,140.29395015049454,140.29395015049454,8100
2013-09-10,140.6564178466797,140.67452904843108,140.5386259085714,140.5386259085714,3500
2013-09-11,141.45372009277344,141.46278951776188,141.0731775275186,141.0731775275186,16700
2013-09-12,141.32688903808594,141.49904222880977,141.28158338389366,141.41750034647046,23100
2013-09-13,141.91578674316406,143.25674793516154,141.68927237439843,141.84330048611827,8000
2013-09-16,142.15135192871094,142.55907501370854,142.14229633138723,142.51376937641118,11000
2013-09-17,142.1876220703125,142.25105274273173,142.07889957512836,142.19669149513967,4600
2013-09-18,144.0087432861328,144.02686830244843,142.66778241084708,142.69496302265216,18100
2013-09-19,143.3111114501953,143.89098769044156,143.23862519199702,143.89098769044156,15700
2013-09-20,143.1752166748047,143.22957791527656,143.12085543433284,143.12991103263118,5600
2013-09-23,143.4651336669922,143.56480053975037,143.1933136662572,143.56480053975037,33500
2013-09-24,143.07554626464844,143.1933243409867,142.79467064557485,142.79467064557485,13900
2013-09-25,143.75509643554688,143.77320763258282,143.5195126206668,143.5195126206668,37400
2013-09-26,143.33828735351562,143.37453739409233,143.03023113531194,143.22956488246484,15400
2013-09-27,144.29876708984375,144.29876708984375,143.94540508411012,143.94540508411012,8400
2013-09-30,144.6973876953125,144.75174893615477,144.2443589211723,144.33497020613675,9700
2013-10-01,144.8332977294922,145.59438271574243,143.27487771459482,145.12322894196546,33700
2013-10-02,145.05982971191406,145.23196904550082,144.86955152958697,145.1504271782215,10400
2013-10-03,144.41653442382812,144.59774319646806,144.38935379919928,144.56150697207732,22500
2013-10-04,143.15711975097656,143.6373292365188,143.15711975097656,143.51048170874054,5800
2013-10-07,143.81857299804688,143.86387866013294,143.5920585129635,143.74608670377856,11900
2013-10-08,143.70074462890625,144.00880090283914,143.65543898265915,143.9363146339122,6300
2013-10-09,142.58633422851562,142.66788995074245,142.28733344794276,142.38700037480038,9200
2013-10-10,142.7675323486328,142.7675323486328,142.35073968283385,142.35073968283385,2200
2013-10-11,142.6134796142578,142.6134796142578,142.34167335850148,142.59536841410315,3700
2013-10-14,142.93966674804688,143.0393336543173,142.8490692675655,143.0393336543173,23700
2013-10-15,142.9306182861328,142.9668545150663,142.45946435792823,142.4775893850674,23800
2013-10-16,142.46852111816406,142.75845239989056,142.04267288299457,142.75845239989056,27000
2013-10-17,144.46180725097656,144.46180725097656,144.08126476729066,144.24434847801032,17700
2013-10-18,144.45277404785156,144.70648292593017,144.3893571973395,144.58869099953762,24900
2013-10-21,144.28970336914062,144.3803146784742,144.20816148594724,144.23534211367837,4200
2013-10-22,145.0688934326172,145.20479655235792,144.61586459969106,144.61586459969106,8300
2013-10-23,144.46180725097656,144.57052972478968,144.41650161177444,144.41650161177444,5500
2013-10-24,144.7698974609375,144.86050876061228,144.2625073635826,144.29874358824657,1800
2013-10-25,144.57054138183594,144.62490262312576,144.36215201511123,144.62490262312576,1600
2013-10-28,144.20809936523438,144.4164886965198,144.19902994300102,144.24433557815146,5800
2013-10-29,143.3655242919922,143.86385885564366,143.28398240667062,143.55580251642095,59200
2013-10-30,143.2567901611328,143.6554577797249,143.02122012530293,143.6101521275496,30700
2013-10-31,143.24774169921875,143.51954797512724,143.24774169921875,143.48331174678768,57200
2013-11-01,142.26010131835938,142.6497132824373,142.1876150500346,142.6497132824373,58600
2013-11-04,142.75845336914062,142.75845336914062,142.50475831140363,142.63160584027213,4900
2013-11-05,143.3745880126953,143.40176864005417,143.17525419516733,143.32021293263307,11600
2013-11-06,143.70074462890625,143.8910089876651,143.5829527137322,143.80041152051302,14500
2013-11-07,143.63734436035156,143.9182200710528,143.09370414100752,143.22962110851608,36700
2013-11-08,143.09373474121094,143.09373474121094,142.57728886520414,143.08467913824524,20700
2013-11-11,142.83090209960938,142.83090209960938,142.69499900631297,142.83090209960938,7400
2013-11-12,142.12423706054688,142.43229341613824,141.9339588260076,142.16047329194464,19700
2013-11-13,143.20242309570312,143.3111455962353,142.64065791715234,142.7584498429578,18000
2013-11-14,143.51046752929688,143.80946820637672,143.4470506843454,143.7007457148358,9500
2013-11-15,143.97251892089844,143.9996995375493,143.7913102014464,143.98158834334146,35300
2013-11-18,143.8819580078125,144.0812917974256,143.67356861879614,143.97255547787316,38100
2013-11-19,144.06321716308594,144.06321716308594,143.81857764020228,143.81857764020228,12600
2013-11-20,143.8728790283203,144.5071304033366,143.7279203207816,144.4346441368964,28700
2013-11-21,144.498046875,144.498046875,144.04501812297437,144.04501812297437,3900
2013-11-22,144.8786163330078,144.8786163330078,144.59774066652875,144.6521019148353,23600
2013-11-25,144.29876708984375,144.45279526410246,144.10850268501937,144.4165590335368,65800
2013-11-26,144.81529235839844,144.83341739457225,144.27165187599837,144.28072130676117,7300
2013-11-27,145.4041290283203,145.59440721957725,145.259170310357,145.59440721957725,13600
2013-11-29,146.1470947265625,146.3464285060649,145.8390384583649,145.92963592383026,15900
2013-12-02,146.0836944580078,146.27397267816326,146.04745822934927,146.21054199632985,54500
2013-12-03,146.3826904296875,146.69981617785328,146.34645420220724,146.45517670999237,10600
2013-12-04,146.31924438476562,146.50950873543215,145.83903497072328,145.83903497072328,39500
2013-12-05,145.91152954101562,146.01119644349941,145.6215982590087,146.0021408433986,83100
2013-12-06,145.97500610351562,146.3102431420924,145.80285287007956,146.16528436819445,26000
2013-12-09,146.73605346679688,146.7723035198837,146.24678835288015,146.26489955407914,31900
2013-12-10,146.91722106933594,146.96252671032124,146.70883171121218,146.8447486341681,38900
2013-12-11,146.29205322265625,146.5548038202351,145.97492756060606,146.4823175596139,40000
2013-12-12,146.0384063720703,146.21055958593467,145.7937806921702,146.1199620907168,32900
2013-12-13,145.55821228027344,145.5763373113846,145.31358657433836,145.37700344520556,92400
2013-12-16,145.62164306640625,145.81190750447323,145.54010116437755,145.61258746351905,25400
2013-12-17,145.2501220703125,145.39509463476276,144.87863505841298,145.3769696078703,34800
2013-12-18,146.4008026123047,147.20719340010297,145.03266048310672,146.25583006441343,86400
2013-12-19,146.21957397460938,146.3736021013138,145.92962891821904,145.9839901599569,82700
2013-12-20,145.96591186523438,146.3283294420739,145.811869878466,146.0021480927806,42300
2013-12-23,146.0655517578125,146.14709362371855,145.85714855559684,145.86621797981428,53300
2013-12-24,146.23765563964844,146.23765563964844,146.11080815942918,146.16518321552752,1700
2013-12-26,146.59107971191406,146.77230232518423,146.58202411138828,146.58202411138828,8300
2013-12-27,147.0712890625,147.58773475025,146.9988027891531,147.50619287723836,35600
2013-12-30,147.38839721679688,147.58773100710957,147.20718845069698,147.21624405013205,14100
2013-12-31,147.95924377441406,148.03173005856723,147.66929863780146,147.71460429356532,19800
2014-01-02,146.8085479736328,147.10754871430288,146.63639477518532,147.10754871430288,63800
2014-01-03,146.50949096679688,146.84474163383376,146.4913659461987,146.51856038976592,26300
2014-01-06,146.43701171875,146.73601235890175,146.4098310992217,146.4551367402157,15500
2014-01-07,146.50045776367188,146.69979154470298,146.23769331352085,146.35548522740524,23900
2014-01-08,146.91722106933594,147.0712630137541,146.77226237365971,146.89910987321426,20700
2014-01-09,147.161865234375,147.189045854778,146.9353508474562,146.98065648990814,9000
2014-01-10,147.17999267578125,147.41556266492637,146.9716033074859,146.9716033074859,26600
2014-01-13,146.4008026123047,146.4008026123047,146.11992694160483,146.12898254134439,24400
2014-01-14,146.82664489746094,146.96254801477752,146.61825550912798,146.6816723554282,21200
2014-01-15,146.18333435058594,146.23769559619896,145.73030553668775,145.91151429717857,29100
2014-01-16,146.05648803710938,146.2014605768314,145.75748735843604,146.13802990619965,69600
2014-01-17,146.50949096679688,146.84474163383376,146.4913659461987,146.7903665720392,32900
2014-01-21,147.06222534179688,147.17094784336288,146.93537781485534,147.0712947671564,41400
2014-01-22,148.02261352539062,148.07697476486928,147.7960991440025,147.85046038348116,146100
2014-01-23,148.4665985107422,148.50283473149946,148.2400841113193,148.24913971017318,65300
2014-01-24,147.30682373046875,147.51521307549143,147.16185121856617,147.51521307549143,52300
2014-01-27,148.0316619873047,148.0769537968964,147.8866894856629,147.98635635237432,70900
2014-01-28,148.0316619873047,148.21287070168756,147.868564466623,148.21287070168756,91200
2014-01-29,147.7689208984375,148.049796523817,147.74174027826146,147.85953218258484,36900
2014-01-30,147.0894012451172,147.45183261427448,147.07129004566664,147.37934634044302,40500
2014-01-31,146.73605346679688,147.02599859011377,146.71792844025347,147.01692916416985,30900
2014-02-03,145.56719970703125,146.1017703082169,145.44035221140518,145.90243655432732,32300
2014-02-04,145.74842834472656,145.74842834472656,145.43130264968178,145.54003896459707,14200
2014-02-05,145.61253356933594,145.76656171349717,145.19574095987284,145.37694972798352,26200
2014-02-06,145.7574920654297,145.89340901031167,145.68500579322784,145.7393808663863,15500
2014-02-07,146.54580688476562,146.55486248646554,146.21055606702336,146.24680612451525,26400
2014-02-10,146.4460906982422,146.6091744260537,146.30111816773766,146.40078505429184,29700
2014-02-11,146.84478759765625,147.17095511847774,146.754176291643,146.754176291643,49900
2014-02-12,148.09507751464844,148.14038314918074,147.77796572359952,147.77796572359952,43600
2014-02-13,148.67495727539062,148.70213789169762,148.40313728698175,148.59341542646965,22600
2014-02-14,149.4813690185547,149.49043844216925,149.18236837143291,149.18236837143291,10400
2014-02-18,148.8471221923828,149.24578969693357,148.8471221923828,149.16424784155,22600
2014-02-19,148.9105987548828,149.27301632964256,148.82904304901922,148.89247372854155,22000
2014-02-20,148.66592407226562,148.86525783876894,148.40315964126532,148.84713281672109,33800
2014-02-21,148.50277709960938,149.2457506775426,148.348749026819,148.8833333092519,113500
2014-02-24,148.65695190429688,148.76567444692006,148.04988084038743,148.21297847967097,26300
2014-02-25,148.75653076171875,149.30017085415741,148.53908578501677,149.18237894154927,77300
2014-02-26,148.73843383789062,148.73843383789062,148.38507189149692,148.62969751376266,13100
2014-02-27,148.93777465820312,149.0374415619028,148.64782954731544,148.79280210275928,16800
2014-02-28,149.44512939453125,149.61728253519414,149.04646187412044,149.19143439524083,52500
2014-03-03,148.66592407226562,149.36359225502724,148.63874345186434,149.23674475137432,41800
2014-03-04,148.76556396484375,148.99207831065164,148.60246644668607,148.99207831065164,8100
2014-03-05,149.20046997070312,149.36356749141115,149.0917475071236,149.0917475071236,233000
2014-03-06,149.38168334960938,149.71693399834575,149.11893277930812,149.11893277930812,61500
2014-03-07,149.26393127441406,149.35452873755398,149.18237558464412,149.35452873755398,10200
2014-03-10,148.50277709960938,148.56620774299526,148.39405465418943,148.39405465418943,11700
2014-03-11,148.3035430908203,148.50287692497565,148.3035430908203,148.34884874864574,7800
2014-03-12,148.32164001464844,148.3578900641783,148.14948684273926,148.26727876569672,23700
2014-03-13,148.27630615234375,149.0555161648559,148.24912553303963,148.90148804701911,27300
2014-03-14,148.4665985107422,148.4665985107422,148.20384789056203,148.20384789056203,18500
2014-03-17,148.4303436279297,148.7021498127897,148.25819049395832,148.25819049395832,6000
2014-03-18,148.040771484375,148.07700771030935,147.7145901495909,148.00453525844065,21800
2014-03-19,147.51524353027344,148.54814869648,147.31590974158948,148.29445366094453,25600
2014-03-20,147.243408203125,147.3521445108958,147.09844950166575,147.27965824749563,13700
2014-03-21,147.17088317871094,147.25243884439465,147.10746635577632,147.25243884439465,8900
2014-03-24,147.225341796875,147.54245374221748,146.99882733933953,147.09849425366895,35800
2014-03-25,147.46986389160156,147.6510863906372,147.28865521790152,147.39737765705442,30200
2014-03-26,148.040771484375,148.06795211016168,147.6058676464441,147.66928449816513,15200
2014-03-27,148.2129364013672,148.52099273490683,148.19481137429284,148.33978394019792,26700
2014-03-28,148.50277709960938,148.5118465202853,148.3125128201245,148.43030468622035,14300
2014-03-31,148.7475128173828,148.81094350187257,148.33073395630427,148.33073395630427,14000
2014-04-01,148.42135620117188,148.5572731940301,148.33981430066555,148.448536834674,17900
2014-04-02,148.3125762939453,148.56627132539077,148.29445127017283,148.52096567863074,2100
2014-04-03,148.02261352539062,148.0588635686035,147.91389104643335,147.9320160680398,14200
2014-04-04,147.90489196777344,148.0679757485292,147.85958630911486,147.96830882961868,7500
2014-04-07,148.18572998046875,148.30350807258964,148.1494799326297,148.23103562759636,3800
2014-04-08,149.3907928466797,149.4451540947495,149.3454871981739,149.4451540947495,11900
2014-04-09,149.78036499023438,149.86190684817473,149.24579437661595,149.46325315646396,199300
2014-04-10,149.6807403564453,149.80758789082265,149.52671219508315,149.52671219508315,7600
2014-04-11,149.2911376953125,149.37267957383236,149.19147079089578,149.23677644296592,4600
2014-04-14,149.28204345703125,149.36359914733941,149.155195947525,149.155195947525,23200
2014-04-15,149.19146728515625,149.3364398382365,149.10992540855247,149.2548841362891,7500
2014-04-16,149.8619384765625,149.95254977695782,149.77134100151054,149.95254977695782,23100
2014-04-17,149.76226806640625,149.97067128736265,149.76226806640625,149.92536563822676,8000
2014-04-21,149.8075714111328,149.89818270801072,149.79851581158215,149.86193265912243,12700
2014-04-22,150.0975341796875,150.1790760612761,150.02504789871614,150.115645380922,13800
2014-04-23,149.67166137695312,149.84381453786273,149.54481386238956,149.762258844303,7300
2014-04-24,149.8619384765625,149.8619384765625,149.70791032616512,149.70791032616512,4700
2014-04-25,149.85284423828125,149.9434555153132,149.8347192178069,149.9434555153132,3300
2014-04-28,149.93441772460938,150.2334184114882,149.88911207653513,150.2334184114882,10400
2014-04-29,150.061279296875,150.25155750646888,150.061279296875,150.11564054951782,11000
2014-04-30,150.55958557128906,150.6955025027372,150.36932122273964,150.40555744258762,5800
2014-05-01,150.64117431640625,150.74084123368263,150.55963242736533,150.60493808528108,3200
2014-05-02,150.50526428222656,150.55056993806954,150.12472165876682,150.12472165876682,9300
2014-05-05,150.45086669921875,150.4780473210928,150.36025540941077,150.39650545547067,6900
2014-05-06,151.43846130371094,151.59248943117018,151.4203362812624,151.5562532116144,11400
2014-05-07,151.22096252441406,151.32969880501182,151.22096252441406,151.32062938351504,7100
2014-05-08,151.05792236328125,151.32974240508406,151.03979734040328,151.23007551726775,7300
2014-05-09,150.20623779296875,150.41462718370636,150.13375152111595,150.41462718370636,7400
2014-05-12,150.4327850341797,150.67742452689822,150.4056044044716,150.65929949864426,10600
2014-05-13,150.061279296875,150.30591875911168,150.061279296875,150.30591875911168,10400
2014-05-14,149.57200622558594,149.70790934994938,149.4904643509679,149.50857555065417,12700
2014-05-15,149.7713165283203,149.86191398856832,149.59010778248322,149.62634400151418,14900
2014-05-16,150.0069580078125,150.16098620645005,149.9888329769882,150.03413864137514,7500
2014-05-19,149.9887237548828,150.16087685898242,149.95248754496916,150.07027942152942,10500
2014-05-20,150.17906188964844,150.19718691451703,150.17906188964844,150.17906188964844,4700
2014-05-21,150.7045440673828,150.7045440673828,150.34211277594633,150.6048771904053,4100
2014-05-22,150.39649963378906,150.39649963378906,150.2877633251602,150.3874302099543,1400
2014-05-23,150.01596069335938,150.21528064235815,150.00689126930837,150.21528064235815,5000
2014-05-27,149.85284423828125,149.97969173092207,149.6716355095572,149.96156671044773,18800
2014-05-28,149.02838134765625,149.13711768363194,148.93778386391196,149.13711768363194,13800
2014-05-29,149.082763671875,149.12806933282224,148.96498554382813,149.07370806982422,12100
2014-05-30,149.44512939453125,149.58103249224376,149.32733749295338,149.39076815544624,6300
2014-06-02,149.34544372558594,149.42698557395482,149.2095268196323,149.34544372558594,113800
2014-06-03,149.33644104003906,149.4542191431889,149.227704711682,149.4542191431889,37400
2014-06-04,149.2729949951172,149.40889810989236,149.2729949951172,149.38171748693733,9400
2014-06-05,149.88003540039062,149.96157726025194,149.53572911385513,149.53572911385513,4900
2014-06-06,149.87103271484375,149.87103271484375,149.75324076989656,149.75324076989656,2300
2014-06-09,149.7985076904297,149.7985076904297,149.71696582286594,149.77132706790843,2900
2014-06-10,149.3998260498047,149.51761795319305,149.31828418992387,149.51761795319305,4700
2014-06-11,149.7713165283203,149.86191398856832,149.7713165283203,149.86191398856832,900
2014-06-12,150.0975341796875,150.2334373156685,150.05222852591234,150.2334373156685,22700
2014-06-13,151.29348754882812,151.32066816961,151.13040382413678,151.23912630726434,18600
2014-06-16,151.39321899414062,151.44758025888643,151.3569827594258,151.44758025888643,3600
2014-06-17,151.2300567626953,151.2481679579856,151.1756955261446,151.18475112378977,6500
2014-06-18,151.447509765625,151.447509765625,150.89481412239053,151.09414788390725,25100
2014-06-19,151.89146423339844,152.00925612125204,151.87333921403507,151.94582546614967,5900
2014-06-20,151.74655151367188,151.83716282084853,151.61064837825126,151.83716282084853,138000
2014-06-23,151.80995178222656,151.80995178222656,151.5834373850061,151.5834373850061,27400
2014-06-24,151.40228271484375,151.5200608422377,151.27543516010263,151.5200608422377,23400
2014-06-25,151.37506103515625,151.58345042743352,151.3297553867457,151.52001975459015,8300
2014-06-26,151.80091857910156,151.80091857910156,151.57440412783285,151.61065418222898,5900
2014-06-27,151.9005584716797,151.9005584716797,151.67404406070173,151.7646553552299,2300
2014-06-30,152.56201171875,152.56201171875,152.00024650018196,152.00024650018196,19000
2014-07-01,152.89724731445312,153.01503924760553,152.79758040763437,152.83381663495743,11600
2014-07-02,153.01499938964844,153.04218000939667,152.9062630853148,152.9062630853148,4200
2014-07-03,152.87008666992188,152.88821169862473,152.78854477877812,152.83383661251617,2600
2014-07-07,152.72509765625,152.7794589111627,152.55294446546338,152.55294446546338,10800
2014-07-08,152.71604919433594,152.72510479546318,152.57107662422885,152.57107662422885,4800
2014-07-09,152.93344116210938,152.93344116210938,152.5166624493393,152.5166624493393,5100
2014-07-10,152.76136779785156,152.78854842888217,152.58014515718568,152.58014515718568,12300
2014-07-11,152.5529022216797,152.57102724341308,152.41699912203117,152.51666600355367,43600
2014-07-14,152.23580932617188,152.31735119610872,152.17237865488158,152.21768430218287,2800
2014-07-15,152.8065948486328,153.1780817490169,152.7884836525218,153.02405363002995,17000
2014-07-16,152.7341766357422,152.770412866169,152.67074595081343,152.7613572648987,2200
2014-07-17,152.44418334960938,152.5347946350799,152.36264148789056,152.41700272903643,4100
2014-07-18,152.29010009765625,152.3444613191241,151.9820439591143,151.9820439591143,4300
2014-07-21,152.19960021972656,152.19960021972656,152.03651643598351,152.10900272609584,12500
2014-07-22,152.07269287109375,152.09081789283132,151.97302598954812,152.06363727289533,14300
2014-07-23,151.8371124267578,151.91865428094678,151.7827511906318,151.8552374472464,7000
2014-07-24,151.4113311767578,151.4113311767578,151.23012236786525,151.35696991662465,8100
2014-07-25,151.3025360107422,151.4293834985976,151.2481609513705,151.32064720519347,9900
2014-07-28,151.3297119140625,151.50186503336232,151.3115868948365,151.42030935951476,91100
2014-07-29,150.9945068359375,151.04888191002348,150.9220343878422,150.9401455871945,11000
2014-07-30,150.6864013671875,150.6954707892469,150.5776789051825,150.59580392396282,19300
2014-07-31,150.45086669921875,150.49617234412273,150.39650545547067,150.39650545547067,5700
2014-08-01,149.8347625732422,150.17001333499493,149.8347625732422,149.99786015402478,69200
2014-08-04,150.2425079345703,150.2425079345703,150.0522297173416,150.0522297173416,11600
2014-08-05,150.39649963378906,150.41461083077618,150.17904084187256,150.2243464850228,15100
2014-08-06,150.15187072753906,150.16999575113567,149.98877316585407,150.00689818945065,7600
2014-08-07,150.04318237304688,150.13377986095736,149.97069608751127,149.9797516886987,6800
2014-08-08,149.50856018066406,149.78038022679016,149.46326836076125,149.60822707006557,20500
2014-08-11,149.60824584960938,149.61731527500186,149.54482899857996,149.54482899857996,1700
2014-08-12,149.8075714111328,149.8166408360263,149.63541824227048,149.70790451470424,5800
2014-08-13,148.73843383789062,148.97400386037202,148.68407258849822,148.9649482605877,35300
2014-08-14,148.72930908203125,148.72930908203125,148.62058662369375,148.69307287103143,58100
2014-08-15,148.81092834472656,148.81998394501187,148.638775161898,148.71126144021233,37600
2014-08-18,149.082763671875,149.082763671875,148.96498554382813,149.07370806982422,16800
2014-08-19,148.0770263671875,148.1585820801669,148.02266510876487,148.1585820801669,41000
2014-08-20,147.83236694335938,148.32163198277343,147.83236694335938,148.30350695899,6800
2014-08-21,147.75991821289062,147.8867657609164,147.75991821289062,147.76897381441182,3200
2014-08-22,147.65121459960938,147.85053463601872,147.5787283021207,147.82335400262892,7100
2014-08-25,147.7236328125,147.7598828606034,147.68739658973914,147.68739658973914,2000
2014-08-26,147.41554260253906,147.79608506798755,147.41554260253906,147.7689044508369,14900
2014-08-27,147.70555114746094,147.85957931934198,147.6421204632683,147.84145429166617,2600
2014-08-28,147.70555114746094,147.75085680397777,147.68742611978513,147.70555114746094,4200
2014-08-29,147.89576721191406,147.96825347358094,147.66019723050226,147.75080851392107,12900
2014-09-02,146.7269744873047,147.15282267848315,146.7269744873047,147.11657263117226,129700
2014-09-03,146.6273651123047,146.6726707765441,146.50051754764291,146.6726707765441,16700
2014-09-04,145.63064575195312,146.38267527876712,145.521923255421,146.37361967917042,58900
2014-09-05,145.45852661132812,145.56726295864135,145.25013716910917,145.37698471985283,14000
2014-09-08,143.4923858642578,144.2081793507709,143.41989957288013,143.9273036125239,59900
2014-09-09,143.63734436035156,143.65546938775506,143.11182916841102,143.5195524202465,70300
2014-09-10,144.41653442382812,144.51620132258157,143.68262990816334,143.83665805617443,325300
2014-09-11,144.498046875,144.77892248920145,144.488991277082,144.77892248920145,55800
2014-09-12,144.8332977294922,144.95107580393116,144.49804705135264,144.59771392993352,26900
2014-09-15,144.6249237060547,144.76989625418858,144.53432623247838,144.68835438036695,129000
2014-09-16,144.9963836669922,145.27725928584212,144.38932678827186,144.5071186898569,265400
2014-09-17,145.0236053466797,145.7122181043381,144.7699102755459,145.5400649149235,137800
2014-09-18,145.88438415527344,146.17432933266332,145.6578696699427,145.87532855298514,159600
2014-09-19,145.17764282226562,145.73033865383496,145.17764282226562,145.70315802485166,308400
2014-09-22,145.7574920654297,145.793742114202,145.43131075319278,145.48568582635124,44900
2014-09-23,146.0474853515625,146.1380828527059,145.6850538709468,146.0474853515625,64700
2014-09-24,145.52188110351562,145.74839545590729,145.49470048725573,145.74839545590729,24500
2014-09-25,145.32257080078125,145.54002959126467,145.14136205471561,145.39505706427573,20600
2014-09-26,144.6793212890625,145.04175275041584,144.63402945357163,144.99644708957834,42200
2014-09-29,144.68836975097656,144.84239791522793,144.61588346920922,144.68836975097656,9300
2014-09-30,144.36219787597656,144.52528165165435,144.28971158944904,144.33501724669694,98700
2014-10-01,144.09031677246094,144.61583175835528,144.0450111343884,144.35308117807793,27100
2014-10-02,143.72793579101562,143.92726958884614,143.51953256806533,143.92726958884614,20900
2014-10-03,142.25106811523438,142.459457528638,142.0970399552974,142.45040192817498,76600
2014-10-06,143.20242309570312,143.32020119616516,142.46851856642422,142.46851856642422,21600
2014-10-07,143.34738159179688,143.5467015481152,143.14804781013646,143.51046532660516,10600
2014-10-08,143.99972534179688,144.1175172519512,142.83997273907323,143.31112655434896,119800
2014-10-09,143.4923858642578,144.2353599818692,143.48333026234053,144.0450817388345,11400
2014-10-10,142.91246032714844,143.07555788312814,142.767501619473,142.78561281709386,25000
2014-10-13,143.1299285888672,143.3654986015871,142.97590044685694,143.3654986015871,10400
2014-10-14,141.62588500976562,141.9339413273776,141.59870438323185,141.87052447391355,39900
2014-10-15,142.28724670410156,142.9849147667793,141.43556436921983,142.38691357019837,31200
2014-10-16,143.34738159179688,143.34738159179688,142.52286584268722,142.68594957749553,24400
2014-10-17,143.29299926757812,143.45609681947195,143.03024865524088,143.1570961621177,19300
2014-10-20,144.02696228027344,144.08132353935446,143.62829461321857,143.74607273277886,21700
2014-10-21,143.52859497070312,143.80947062881,143.52859497070312,143.80041502947648,5000
2014-10-22,142.94869995117188,143.13896428971137,142.83996364666575,142.87621368994803,36700
2014-10-23,142.69500732421875,142.91245228616822,142.676882302276,142.6859379005769,15300
2014-10-24,143.27490234375,143.28395794323572,142.96683223178024,142.96683223178024,43700
2014-10-27,143.59201049804688,143.74603863735734,143.59201049804688,143.74603863735734,800
2014-10-28,143.70074462890625,144.0178565019517,143.6463695582044,144.0178565019517,3500
2014-10-29,142.54095458984375,143.81848499674035,142.53188516776785,143.5285538224205,26700
2014-10-30,142.7675323486328,142.7675323486328,142.48664282095055,142.48664282095055,6800
2014-10-31,142.43226623535156,142.46851628517743,142.01548743975624,142.14233496346046,9500
2014-11-03,142.2419891357422,142.34165602583116,142.2419891357422,142.31447540356524,3600
2014-11-04,142.43226623535156,142.541002559486,142.43226623535156,142.47757188496232,2700
2014-11-05,142.26922607421875,142.36889300376012,142.02458655164494,142.11519787862707,6900
2014-11-06,140.9916534423828,141.61683553036923,140.9916534423828,141.61683553036923,11500
2014-11-07,141.2091064453125,141.32688455206033,140.94634195454486,140.98259200688585,17400
2014-11-10,141.100341796875,141.48995374195843,141.100341796875,141.4808843180212,4000
2014-11-11,141.72555541992188,141.7889861002985,141.24534590549266,141.24534590549266,8900
2014-11-12,140.54766845703125,140.96446108946895,140.5023766315141,140.9010304131952,11300
2014-11-13,139.85910034179688,140.14903168547755,139.82286410834178,140.14903168547755,15000
2014-11-14,139.50564575195312,139.67779885367864,138.82610276640762,139.05261709492277,18500
2014-11-17,139.2520294189453,139.36075193389937,139.18859873499196,139.2339043913379,1300
2014-11-18,139.19764709472656,139.23388331911204,139.17046647010167,139.22482771935145,900
2014-11-19,139.56002807617188,139.8680842914407,139.48754182104872,139.48754182104872,12000
2014-11-20,139.75035095214844,140.0312266398098,139.70504530002862,140.0312266398098,9300
2014-11-21,139.4422607421875,139.61441390025743,139.27012140945953,139.31541322971628,25700
2014-11-24,139.82286071777344,139.83191631958096,139.64163807885254,139.64163807885254,5100
2014-11-25,139.85910034179688,139.98594789690966,139.75943341811208,139.75943341811208,10400
2014-11-26,140.62017822265625,140.72891456795412,140.50240010115687,140.53863633269225,3200
2014-11-28,139.04359436035156,139.1251362198076,139.01639991519218,139.1251362198076,13200
2014-12-01,140.1127166748047,140.29392539089034,139.95868857486494,140.1942585232424,6700
2014-12-02,139.2157745361328,139.33356647347853,139.1614132805409,139.28826081870366,2700
2014-12-03,139.56002807617188,139.81372305643322,139.50566684116438,139.50566684116438,2800
2014-12-04,139.6416015625,139.92247722389345,139.31542025322378,139.41508714842882,22800
2014-12-05,138.61778259277344,138.9711445684877,138.59965756635762,138.9711445684877,15100
2014-12-08,139.36074829101562,139.41510954707164,139.02551132844022,139.05269195646824,10600
2014-12-09,139.45126342773438,139.8771114069438,139.45126342773438,139.55093027021604,22000
2014-12-10,139.84091186523438,139.84091186523438,139.6415781083044,139.6415781083044,3000
2014-12-11,139.88621520996094,139.90434023084086,139.65970083765222,139.65970083765222,4600
2014-12-12,139.87725830078125,140.01316148991518,139.74134128629746,139.9497446101026,10400
2014-12-15,139.27015686035156,139.36982377590192,139.15236491687963,139.36982377590192,13100
2014-12-16,140.00405883789062,140.16714261004762,139.98593381031367,139.98593381031367,4700
2014-12-17,138.59059143066406,139.82283045172576,138.31877135646718,139.82283045172576,24600
2014-12-18,139.4604034423828,139.4694590425136,139.14329153368118,139.20670838528403,4700
2014-12-19,139.16143798828125,139.4060775072248,139.03459042759704,139.4060775072248,2700
2014-12-22,138.63589477539062,139.07081246038305,138.63589477539062,139.02550680669495,8200
2014-12-23,138.01976013183594,138.1556632458986,137.81137074849244,138.01976013183594,10000
2014-12-24,138.3731231689453,138.40935939120666,138.28251187527843,138.28251187527843,6400
2014-12-26,138.41845703125,138.47281828839428,138.41845703125,138.47281828839428,2300
2014-12-29,138.0379180908203,138.35503004107568,138.0379180908203,138.35503004107568,1700
2014-12-30,138.46372985839844,138.60868856796597,138.40029918987236,138.40029918987236,14800
2014-12-31,138.68116760253906,138.68116760253906,138.56337569590082,138.63586195957504,7400
2015-01-02,136.46133422851562,137.03215493451572,136.4341536068339,137.03215493451572,11400
2015-01-05,135.74560546875,135.89963365753604,135.33786834069346,135.33786834069346,29200
2015-01-06,134.83041381835938,135.11128943017047,134.82135822051845,135.0025669547185,51900
2015-01-07,134.4317626953125,134.56767963153612,134.02403953732542,134.23242891579136,9200
2015-01-08,134.21437072753906,134.51337151491484,134.03314807433142,134.03314807433142,21900
2015-01-09,134.93917846679688,134.9573034934836,134.43178832232437,134.43178832232437,20400
2015-01-12,135.02072143554688,135.10226330992725,134.7126513123156,134.7942070120392,16400
2015-01-13,134.9210205078125,135.1384654513185,134.75792297484327,134.93913170287817,12000
2015-01-14,135.5643310546875,135.58245607743115,135.3468860831299,135.3468860831299,18900
2015-01-15,135.0297393798828,135.43746246342704,134.83947505938724,135.43746246342704,68900
2015-01-16,134.8938751220703,134.93011134700575,134.19620682030902,134.93011134700575,27600
2015-01-20,134.84852600097656,135.10222096977134,134.8304009816801,135.10222096977134,5800
2015-01-21,134.64015197753906,134.64920757554754,134.3592625351905,134.3592625351905,7800
2015-01-22,133.50765991210938,134.98452514027576,133.48953487991474,134.86674699438257,47400
2015-01-23,133.3988494873047,133.70691956219179,133.2991826035879,133.2991826035879,45300
2015-01-26,134.34117126464844,134.34117126464844,133.65255860433575,133.67973922773308,29000
2015-01-27,135.2110137939453,135.41941706095307,135.00262435228365,135.17477756183524,15000
2015-01-28,134.84852600097656,135.11127656675012,134.68542847798625,135.02067912094563,16000
2015-01-29,134.0511932373047,134.4498607162805,133.64347016120274,134.4498607162805,10700
2015-01-30,134.0149688720703,134.0149688720703,133.44414821985637,133.70691263847627,7100
2015-02-02,133.6615753173828,134.12365955824959,133.6343947047046,133.7974783807739,5900
2015-02-03,134.96640014648438,135.14760897387373,134.26873164442065,134.35027354294377,16800
2015-02-04,135.30160522460938,135.4737584088566,135.2291189456977,135.34691087709717,12500
2015-02-05,136.4522705078125,136.49756232435846,136.01735293610838,136.07171417623618,20300
2015-02-06,135.53713989257812,135.8270849325614,135.346875557262,135.67305681457296,42300
2015-02-09,135.3740234375,135.52805151823802,135.3740234375,135.39213462911357,5700
2015-02-10,135.691162109375,135.8814402617564,135.42841152549005,135.48277276178763,12900
2015-02-11,135.5281219482422,135.95397020319288,135.47376069447728,135.95397020319288,3300
2015-02-12,136.9959716796875,136.9959716796875,136.5157620287331,136.70604029861522,15000
2015-02-13,137.00503540039062,137.14999417221338,136.8419377722368,137.00503540039062,15100
2015-02-17,136.6243896484375,136.73312593797473,136.23479160150055,136.57909783858068,9800
2015-02-18,137.39459228515625,137.63016231553667,137.13184162916826,137.36741165954865,15900
2015-02-19,137.0684051513672,137.38553087049232,137.0684051513672,137.1861970742439,9700
2015-02-20,136.8600311279297,137.11372620158832,136.59726662820455,136.66069730929152,41900
2015-02-23,137.52145385742188,137.57581511418869,137.0956055789551,137.1680918630925,18200
2015-02-24,137.5033416748047,137.5033416748047,137.01407649285403,137.26777159836124,137800
2015-02-25,138.12852478027344,138.12852478027344,137.78423217778825,137.79328777970883,8200
2015-02-26,137.05026245117188,137.3402075084454,136.97777618685348,137.3402075084454,6800
2015-02-27,137.3221435546875,137.4761717503591,136.94160086679045,136.94160086679045,5200
2015-03-02,136.6787872314453,136.87812099888652,136.5609953255916,136.85092655301628,31200
2015-03-03,136.6787872314453,136.83281535622422,136.61535656664992,136.61535656664992,10500
2015-03-04,135.7545928955078,136.20762163219763,135.65492602042247,136.20762163219763,12100
2015-03-05,135.4737091064453,135.58243157257385,135.3830978344455,135.50088972297746,6200
2015-03-06,133.8428192138672,134.205236695125,133.67972166956267,134.1871254988006,50800
2015-03-09,134.57675170898438,134.63111295999343,134.31400105399274,134.46802920696626,7800
2015-03-10,133.99684143066406,134.29584206093088,133.93342459564147,134.13274452381256,13100
2015-03-11,132.8009033203125,133.41701601105686,132.5109581773655,133.41701601105686,13900
2015-03-12,132.36598205566406,133.08177546727515,132.13041200234693,133.08177546727515,7200
2015-03-13,131.08839416503906,131.34210298764464,130.7712823311279,131.34210298764464,26400
2015-03-16,131.90383911132812,132.03068659543038,131.4055047718768,131.7407415887173,5000
2015-03-17,131.10653686523438,131.36023189670863,131.0068699724879,131.0068699724879,29800
2015-03-18,132.94586181640625,132.94586181640625,130.32735523497664,130.3817164928406,198500
2015-03-19,130.95248413085938,131.9038472328728,130.6625529316336,131.9038472328728,31000
2015-03-20,132.92771911621094,133.29919223204112,132.07602274390075,132.3115927472738,80900
2015-03-23,133.11801147460938,133.16331713007233,132.50189880141693,132.80089953705854,66900
2015-03-24,132.03976440429688,132.5199738052754,132.03070880581583,132.5199738052754,11200
2015-03-25,132.21189880371094,132.6286913055339,132.21189880371094,132.55620505194122,40000
2015-03-26,132.06698608398438,132.23008368473785,131.7589297357612,131.78611036499586,47000
2015-03-27,132.32073974609375,132.6559906972974,132.18483653976227,132.45665677777683,34400
2015-03-30,131.56866455078125,131.7770539821262,131.46899763573012,131.61395638234006,6600
2015-03-31,131.9311065673828,132.1213848314508,131.51431380222564,131.58680010161595,16200
2015-04-01,131.8223114013672,131.94008947580522,131.30585198726843,131.69546390365983,23500
2015-04-02,131.83140563964844,131.95825317453534,131.77704438546039,131.8857668938365,17000
2015-04-06,132.36598205566406,133.18144237932182,132.24820394167799,133.02741421076698,276100
2015-04-07,131.8131866455078,132.59239632585331,131.77695044366283,132.2933958156276,6500
2015-04-08,132.4021759033203,133.00016329639982,132.2753284168684,133.00016329639982,12000
2015-04-09,130.7350616455078,131.51427183360815,130.58103349296215,131.50521623357966,75700
2015-04-10,130.20953369140625,130.35449238891607,130.10079738659797,130.22764488775704,32800
2015-04-13,130.47232055664062,130.48137615733302,130.10990297412113,130.18237543034937,40900
2015-04-14,131.3873748779297,131.56859741307113,131.36019426272614,131.43268051171503,3100
2015-04-15,132.02166748046875,132.02166748046875,131.26963796500203,131.46897175586514,24800
2015-04-16,132.8009033203125,133.03647337994792,132.38411063366252,132.59250006431483,14800
2015-04-17,133.05462646484375,133.23583530472433,132.78280629234877,133.13616836898777,12400
2015-04-20,132.53810119628906,132.66494870399677,132.41125368858133,132.47468435510592,19100
2015-04-21,132.73744201660156,133.09985953633935,132.19380191165266,132.25723258154497,19200
2015-04-22,133.7069091796875,133.81563165335754,133.48039480931493,133.77938161190752,12000
2015-04-23,133.87904357910156,133.96059925670377,133.28105617050204,133.28105617050204,10200
2015-04-24,134.95726013183594,134.96632955493757,134.4136339340011,134.72169016197486,28200
2015-04-27,135.3831329345703,135.65495299570418,134.65828404666087,134.65828404666087,19500
2015-04-28,136.22572326660156,136.3253901245769,136.0082645331997,136.01732012925655,15800
2015-04-29,137.1680450439453,137.76604631495647,136.92340564665162,136.92340564665162,41000
2015-04-30,136.50662231445312,136.68783104413674,136.2619829254433,136.56098355082423,9500
2015-05-01,134.6220245361328,135.30156765874565,134.4861076164061,135.30156765874565,14200
2015-05-04,134.4408416748047,134.47707789850128,134.37741100165704,134.44989727439312,16700
2015-05-05,134.84852600097656,135.1203459890678,134.73073411355796,134.73073411355796,10100
2015-05-06,135.5824737548828,135.8633494299934,135.35595932974934,135.3650149296311,15200
2015-05-07,135.691162109375,135.7364677480696,134.89384093477733,135.22002217790268,7600
2015-05-08,137.41268920898438,137.47610604731844,136.5972291314918,137.03214670295748,40900
2015-05-11,138.59962463378906,138.69929151737767,137.83853960929838,137.83853960929838,20900
2015-05-12,139.32449340820312,139.5419384033139,139.07985396336045,139.07985396336045,15100
2015-05-13,139.8953094482422,139.99497635260064,139.45135000410863,139.45135000410863,23200
2015-05-14,140.1942596435547,140.43889901616163,139.9496340962867,140.43889901616163,26300
2015-05-15,139.87725830078125,140.40277367434888,139.84100823344562,139.85007766295445,15200
2015-05-18,139.0979766845703,139.56006111687157,139.05267103622484,139.56006111687157,10100
2015-05-19,137.82044982910156,138.02883924794986,137.7117273193276,137.74796354747073,48800
2015-05-20,138.12852478027344,138.32785862529738,137.96544099362464,138.13759420754045,44600
2015-05-21,139.2248077392578,139.44225270505146,139.0707796133736,139.24291893617985,34300
2015-05-22,137.55764770507812,137.9019401323692,137.4217307933527,137.9019401323692,65400
2015-05-26,136.70602416992188,136.89628859200803,136.56105158381553,136.6969547424485,38800
2015-05-27,136.37982177734375,136.5247805157967,136.05364042147156,136.32546052225584,17100
2015-05-28,136.05360412597656,136.2076322494166,135.790839696024,135.88145098056094,25100
2015-05-29,135.87237548828125,135.96297293421227,135.5461942671839,135.75458360069808,14100
2015-06-01,135.0388946533203,135.98120283007012,134.84863019238497,135.6459657534272,47000
2015-06-02,136.343505859375,136.52471456391197,135.84517155289487,135.84517155289487,42300
2015-06-03,136.2076416015625,136.46133662527575,136.08984968864496,136.14421093296323,9000
2015-06-04,136.5428924560547,136.82376813065235,136.46135058123792,136.5519618812632,14000
2015-06-05,135.7002716064453,135.71838280699976,135.16568703252267,135.2019370843194,9300
2015-06-08,136.37982177734375,136.40700240488772,135.66402838443366,135.77276471995415,16200
2015-06-09,136.72402954101562,136.75121015170268,135.63676363752498,136.14415347079822,28900
2015-06-10,138.09222412109375,138.21000219249814,137.81134851378633,137.93819600822644,49800
2015-06-11,137.9110107421875,137.92006633957806,137.65730193651729,137.65730193651729,3600
2015-06-12,138.11032104492188,138.42744666092216,137.75695921654315,137.7660286386417,11000
2015-06-15,138.6630096435547,138.72644029370582,137.98346663653018,137.98346663653018,3300
2015-06-16,138.998291015625,139.08888847473733,138.76270720618288,138.76270720618288,5800
2015-06-17,140.73793029785156,140.7651109201392,139.45133014998402,139.80469206506496,51200
2015-06-18,141.19097900390625,141.38124338673722,140.91010331711698,141.29064590812283,88700
2015-06-19,141.03692626953125,141.21813502052547,140.97349560274546,141.21813502052547,14200
2015-06-22,140.52955627441406,140.7288900765327,140.4933062238415,140.69264002596015,12800
2015-06-23,139.78660583496094,140.02217590194235,139.60539702764095,139.8228558916324,52500
2015-06-24,139.46945190429688,139.8953001194909,139.3244931829051,139.83188327113382,5700
2015-06-25,139.85000610351562,139.85906170304096,139.75939480689107,139.85906170304096,4400
2015-06-26,139.8680877685547,139.99493526183878,139.70500405947794,139.9043378096872,5300
2015-06-29,139.75942993164062,140.27588956658178,139.36076224684666,139.60540174894228,46000
2015-06-30,139.58717346191406,140.07645210416678,139.57811786681162,140.01302146244157,43000
2015-07-01,138.76272583007812,138.97112904722306,138.54528083875164,138.83521210230123,22700
2015-07-02,138.6630096435547,138.73549589001118,138.59959281874143,138.69925967945187,14900
2015-07-06,138.65399169921875,138.84426987600497,138.17378228321263,138.17378228321263,80100
2015-07-07,137.42178344726562,137.5939366395423,136.97781015272813,137.19526899960573,46800
2015-07-08,136.46133422851562,136.51569547187913,136.24387542971996,136.4885148501974,12500
2015-07-09,136.65159606933594,136.8599854190976,136.3707066366346,136.8146797799303,9300
2015-07-10,137.84759521484375,137.95631769682205,137.5304695419523,137.7932339738546,38000
2015-07-13,137.6029510498047,138.11941047203607,137.59389545173312,138.00161857040283,12700
2015-07-14,138.93490600585938,138.9620866350588,138.29161268101228,138.60872463012078,49200
2015-07-15,138.94393920898438,139.03453667424802,138.44560476133782,138.5996328950937,22200
2015-07-16,138.6902618408203,138.77180371754034,138.59059493860352,138.59059493860352,9500
2015-07-17,138.8442840576172,138.9711315799837,138.22815764516332,138.4093664163522,11400
2015-07-20,138.29164123535156,138.63593388474874,138.22821053722546,138.32787747331767,9800
2015-07-21,138.13755798339844,138.25533607886632,138.04694668656825,138.04694668656825,17400
2015-07-22,138.6268310546875,138.844289884446,138.47280290144576,138.7627341824468,33500
2015-07-23,137.92013549804688,138.3006781593617,137.70267662357566,138.3006781593617,19500
2015-07-24,137.7479705810547,137.78422063639337,137.68455372222994,137.68455372222994,4300
2015-07-27,138.21002197265625,138.44560579986103,138.08317446006214,138.08317446006214,10200
2015-07-28,138.59962463378906,138.69929151737767,138.59056903540503,138.59056903540503,7400
2015-07-29,138.6268310546875,139.3335549697231,138.51810855248004,139.1160961399646,33700
2015-07-30,138.58148193359375,138.7445794610883,138.29155074353793,138.73551003852018,20100
2015-07-31,138.73553466796875,139.11607719922733,138.64493720357865,139.09796600155434,45000
2015-08-03,138.40933227539062,138.7536385334608,138.40933227539062,138.7083328955032,8400
2015-08-04,138.32781982421875,138.7989736735114,138.2825141766313,138.59963988440077,7300
2015-08-05,138.572509765625,138.94399685575604,138.50002346813497,138.94399685575604,26700
2015-08-06,137.84759521484375,137.91102587955845,137.64826144765615,137.8747758353383,30100
2015-08-07,137.53045654296875,137.6663734579362,137.0140109770437,137.33113661996137,53000
2015-08-10,138.43653869628906,138.5905806591247,137.69357863159476,137.69357863159476,14500
2015-08-11,138.3822021484375,138.4093827760614,138.19193775507037,138.37314654767778,7200
2015-08-12,138.78988647460938,139.07983152176294,138.572441514585,138.7174140381618,46900
2015-08-13,138.5271453857422,138.5271453857422,138.32781160847065,138.34593663149764,2200
2015-08-14,138.998291015625,139.07983287642838,138.6539847251117,138.76270720618288,13000
2015-08-17,138.45465087890625,138.88049902997477,138.40934523670603,138.88049902997477,4700
2015-08-18,139.13421630859375,139.36073073051458,139.0617300345379,139.36073073051458,10100
2015-08-19,139.30636596679688,139.37885223902398,138.90769838221917,139.04361532714853,17800
2015-08-20,139.39698791503906,139.39698791503906,139.1160984041921,139.23389033372973,17900
2015-08-21,139.39698791503906,139.51476601923284,139.152348455747,139.37886288926163,37400
2015-08-24,140.1762237548828,140.30307130783524,139.66881971772676,140.30307130783524,25200
2015-08-25,139.3788604736328,140.1580706644321,139.31542979718301,140.14900123902865,19700
2015-08-26,137.42178344726562,138.39127191941546,137.3583665911001,138.39127191941546,39600
2015-08-27,136.92340087890625,137.04119277449058,136.50662218356754,136.94152589945918,18100
2015-08-28,136.80564880371094,136.9324963210047,136.2348280632178,136.30731433386316,35900
2015-08-31,136.24388122558594,136.869063201545,136.23482562642067,136.869063201545,21500
2015-09-01,135.99020385742188,136.2167182940524,135.89960637797608,136.05363453584357,14200
2015-09-02,135.90866088867188,136.10799469733612,135.86335523664022,135.89053586279041,3800
2015-09-03,135.5190887451172,135.7093531647395,135.29257426676432,135.7093531647395,15700
2015-09-04,134.82138061523438,135.02977000291224,134.77607496782375,134.83950563926712,9400
2015-09-08,136.74221801757812,136.74221801757812,136.48852298320364,136.59724547640914,19200
2015-09-09,136.388916015625,136.6244861295221,136.388916015625,136.5701248590342,5000
2015-09-10,137.15902709960938,137.37647211215094,137.03217956717876,137.03217956717876,13000
2015-09-11,136.95970153808594,137.05936844995261,136.7875483425576,137.05936844995261,5500
2015-09-14,136.9868621826172,136.9868621826172,136.74222273911525,136.74222273911525,3800
2015-09-15,136.22572326660156,136.6062656810517,136.15323702213428,136.6062656810517,11000
2015-09-16,137.54864501953125,137.82952075123313,137.33119997581164,137.33119997581164,8100
2015-09-17,138.41845703125,138.6721521148201,137.86576120804116,137.86576120804116,12300
2015-09-18,137.82044982910156,138.853355147988,137.8023248023577,138.853355147988,15500
2015-09-21,137.58489990234375,137.84765061450202,137.58489990234375,137.84765061450202,54700
2015-09-22,136.5157012939453,136.91436886273542,136.24388124019367,136.91436886273542,3700
2015-09-23,135.44656372070312,135.50092496790722,135.1656742345776,135.50092496790722,13300
2015-09-24,135.36492919921875,135.4645960361694,135.21997056620063,135.45554044202282,2200
2015-09-25,134.7398223876953,134.7398223876953,134.44987733974062,134.62203048379612,21900
2015-09-28,134.71270751953125,134.9935971351668,134.61305440393835,134.61305440393835,33500
2015-09-29,134.56765747070312,134.62201870610352,134.45892117456273,134.51329623530273,5200
2015-09-30,134.28684997558594,134.4680587939353,134.25059991670807,134.4680587939353,6800
2015-10-01,134.40455627441406,134.6945012890965,134.40455627441406,134.57670939871434,4500
2015-10-02,134.90292358398438,134.91197918340325,134.83950673736706,134.83950673736706,1000
2015-10-05,134.5404815673828,134.76699593971472,134.4317452674322,134.76699593971472,8300
2015-10-06,135.283447265625,135.283447265625,134.8485435233704,134.8485435233704,17200
2015-10-07,136.07174682617188,136.08987185234378,135.79994056031387,135.79994056031387,27300
2015-10-08,136.33453369140625,136.33453369140625,135.57344837141056,135.57344837141056,5300
2015-10-09,135.917724609375,136.126127856103,135.87243277998127,136.126127856103,5400
2015-10-12,136.25296020507812,136.3888633287987,136.1985989555899,136.35262710425428,5600
2015-10-13,135.5190887451172,135.5190887451172,134.94826783555706,134.98450406894102,8800
2015-10-14,137.45799255371094,137.4761037498804,136.8418662504347,136.8418662504347,9800
2015-10-15,137.47608947753906,137.58482576997008,136.8690326607109,137.15897767340806,19500
2015-10-16,137.04119873046875,137.28583812987634,137.04119873046875,137.19522684851339,8900
2015-10-19,137.285888671875,137.52145873466748,137.2405830145142,137.52145873466748,49500
2015-10-20,137.05026245117188,137.44892999225232,137.05026245117188,137.44892999225232,10900
2015-10-21,136.7965545654297,137.34019458398743,136.77844337006042,137.25865272880577,12400
2015-10-22,136.6243896484375,136.79654276697755,136.6243896484375,136.72405651573234,8100
2015-10-23,136.04458618164062,136.31640631276736,135.99929434757465,136.30735071102342,5700
2015-10-26,136.25296020507812,136.3798077289984,136.0445569815823,136.0445569815823,1800
2015-10-27,135.836181640625,135.8543066674445,135.79087598624855,135.84523724136244,10200
2015-10-28,135.44656372070312,136.04455126529078,135.3740774493168,135.69118933312154,8600
2015-10-29,135.92677307128906,136.0083149420351,135.4465636208833,135.4465636208833,15300
2015-10-30,136.9415283203125,137.24958454845907,136.61534707129258,136.61534707129258,6300
2015-11-02,136.82379150390625,137.28588985749352,136.80568030108196,136.94158344899253,11000
2015-11-03,136.9053497314453,137.03219728027253,136.38889010921213,136.38889010921213,2900
2015-11-04,136.57005310058594,136.57005310058594,136.3978999509302,136.57005310058594,3800
2015-11-05,135.02072143554688,135.48280588237895,135.02072143554688,135.24723585905454,26200
2015-11-06,133.58912658691406,133.84282159337295,133.3626122007657,133.59818218523725,9600
2015-11-09,134.15997314453125,134.259626221333,133.90626426378915,133.90626426378915,13200
2015-11-10,134.18714904785156,134.18714904785156,134.04217649977033,134.0784127241191,20200
2015-11-11,135.0569305419922,135.10223618266542,134.78511052329324,134.78511052329324,48700
2015-11-12,135.13844299316406,135.18374862397854,134.81226180677217,134.94817869921565,26400
2015-11-13,135.12940979003906,135.14753481043593,134.83947859038793,135.05692353379135,13100
2015-11-16,134.95726013183594,135.00256577132387,134.84853765733698,134.84853765733698,15200
2015-11-17,135.0388946533203,135.09326975322284,134.97547777479173,135.08420032389765,6500
2015-11-18,135.2110137939453,135.2110137939453,134.97544372186456,134.98449932355558,10800
2015-11-19,135.70932006835938,136.01737636570823,135.6187087689776,135.6459032190667,34600
2015-11-20,134.82138061523438,135.09320067435561,134.82138061523438,135.09320067435561,6200
2015-11-23,134.1237030029297,134.63109303772376,134.09652238144724,134.4951899303116,5400
2015-11-24,133.815673828125,133.9062713096237,133.58915938636173,133.77942377525005,12100
2015-11-25,134.19622802734375,134.27776991534205,133.73414350334122,134.00594979666886,11500
2015-11-27,133.56195068359375,133.64349254740515,133.44415877452747,133.5528812596093,3500
2015-11-30,133.63442993164062,133.64348552980812,133.3716655060353,133.53476305043526,17900
2015-12-01,133.8428192138672,133.8428192138672,133.55287416858837,133.72502731105507,10700
2015-12-02,132.61962890625,132.83708767854412,132.37500334092658,132.83708767854412,95000
2015-12-03,134.41366577148438,134.49520764667275,133.35356609266196,133.35356609266196,75500
2015-12-04,134.06024169921875,134.13271411557486,133.8699635866073,134.13271411557486,5100
2015-12-07,133.53475952148438,133.7250238553587,133.51663450028767,133.7250238553587,2400
2015-12-08,133.1632537841797,133.1632537841797,133.0545313230639,133.0545313230639,5100
2015-12-09,134.68545532226562,134.7851222102525,134.20524590524033,134.20524590524033,6600
2015-12-10,134.50428771972656,134.71267715823902,134.50428771972656,134.5133571466266,15500
2015-12-11,135.10227966308594,135.21100217541985,134.9482514954979,135.00261275166488,29000
2015-12-14,134.3140106201172,134.41367752918015,134.30494119407402,134.41367752918015,2700
2015-12-15,133.38075256347656,134.04217077600703,133.38075256347656,134.02404575193503,8700
2015-12-16,133.0908203125,133.88815554443664,132.81900022658124,133.50761295428794,44200
2015-12-17,132.2209930419922,132.40221564160504,131.93106176822948,132.40221564160504,33000
2015-12-18,132.3750457763672,132.40222640344976,132.13040630727977,132.19382316202427,9600
2015-12-21,132.0941925048828,132.35695707258387,132.03983123579934,132.29352637508768,2800
2015-12-22,131.44180297851562,131.731734266138,131.37837230055027,131.595831135275,16700
2015-12-23,131.9219970703125,132.00353893930875,131.80420515375639,131.96728889174886,6100
2015-12-24,132.429443359375,132.58347156354492,132.3660126618854,132.3660126618854,9400
2015-12-28,131.9945068359375,132.19384067785114,131.95827060347423,132.19384067785114,2100
2015-12-29,131.5233154296875,131.55955164802873,131.1790091414119,131.40552352573198,7500
2015-12-30,131.44180297851562,131.66831741351658,131.44180297851562,131.6320673617238,1600
2015-12-31,130.76223754882812,131.18807189526325,130.70786248033914,131.18807189526325,4600
2016-01-04,130.54478454589844,130.78035455177485,130.29108951638779,130.78035455177485,8200
2016-01-05,130.15513610839844,130.30010860616753,129.892385553363,130.30010860616753,20600
2016-01-06,129.76560974121094,129.78373476977677,129.56627590302475,129.78373476977677,7900
2016-01-07,129.68405151367188,129.70216271461015,129.14946692841934,129.3035089138044,11200
2016-01-08,128.85955810546875,129.3125870641224,128.6874048891249,129.3125870641224,5100
2016-01-11,129.06788635253906,129.25816450809793,128.88667762007447,129.25816450809793,4200
2016-01-12,128.08035278320312,128.1165890181687,127.60919877656758,127.95350522280285,11600
2016-01-13,128.1436767578125,128.3248992773115,127.83562059520366,127.83562059520366,2800
2016-01-14,127.87194061279297,128.1075106615957,127.65448176558253,128.1075106615957,6200
2016-01-15,126.41316986083984,127.35546375352997,126.41316986083984,127.31015810500752,27800
2016-01-19,125.74262237548828,126.16847038334767,125.38926060570456,126.14128977223632,109600
2016-01-20,125.68834686279297,126.08701453140087,125.5614993159946,125.82425001102489,15300
2016-01-21,126.17757415771484,126.1956991804886,125.09030782209518,125.18091911062247,13700
2016-01-22,126.5762710571289,127.34642571216922,126.5762710571289,127.08366120971533,13300
2016-01-25,126.37689208984375,126.58529526226319,126.21380838134836,126.44937834651054,7000
2016-01-26,127.34642028808594,127.37360091472074,126.57626566584892,126.57626566584892,7100
2016-01-27,126.32254791259766,126.73934048838144,126.27724226789525,126.73934048838144,16800
2016-01-28,127.40982818603516,127.67259265882713,126.97492436510402,127.14707753858637,4400
2016-01-29,126.36785125732422,126.57624062875244,125.64300243130349,126.57624062875244,20300
2016-02-01,128.07122802734375,128.09840864522826,126.88428113658162,126.88428113658162,85100
2016-02-02,127.90816497802734,127.90816497802734,127.61823370064886,127.68165055102963,12700
2016-02-03,129.41226196289062,129.7928046525685,129.01359424265263,129.04077487581907,6200
2016-02-04,129.24905395507812,129.57523509985234,129.24905395507812,129.43933205008628,35000
2016-02-05,128.48805236816406,128.6330249319476,128.2434128949474,128.62396933121536,3600
2016-02-08,127.97159576416016,128.04408203990317,127.53667810970204,127.57292816024528,5300
2016-02-09,128.25247192382812,128.58770885322397,127.51856738901913,127.58198423969294,13600
2016-02-10,128.89573669433594,128.90480611767484,128.29774924360817,128.49708300229756,1700
2016-02-11,128.38836669921875,128.38836669921875,127.93533787259813,128.1709217106601,8300
2016-02-12,128.66018676757812,128.69642299055909,128.1256160702176,128.1256160702176,13400
2016-02-16,126.72123718261719,127.11990480377438,126.6759315301504,127.11990480377438,7800
2016-02-17,126.72123718261719,127.11990480377438,126.62157027732789,126.66687592979467,42800
2016-02-18,127.08370208740234,127.31021660876362,126.93874330099653,127.18336902981528,9600
2016-02-19,127.30116271972656,127.36459342272971,126.40416022592797,126.40416022592797,15200
2016-02-22,125.47088623046875,125.52524748899474,124.90913479190621,124.95444044912637,22700
2016-02-23,124.25674438476562,125.03595450935939,124.2386193608423,124.80944009901634,57100
2016-02-24,123.55911254882812,123.76751582201709,123.35977870294526,123.47757065515236,55000
2016-02-25,123.84899139404297,123.99396389984194,123.29629581285607,123.60435201867458,22000
2016-02-26,122.95203399658203,123.37788224540968,122.9248533700904,123.24197911295154,12800
2016-02-29,123.45038604736328,123.52287233674454,123.02453773808965,123.02453773808965,14600
2016-03-01,123.72213745117188,123.9033461612944,123.35970620558847,123.5228037224356,20300
2016-03-02,124.83660888671875,124.94533136926607,124.3473438899147,124.3654550867785,21600
2016-03-03,125.79706573486328,125.8423713914092,125.0359804761349,125.0359804761349,17900
2016-03-04,126.12325286865234,126.17761412885292,125.59773764447033,125.59773764447033,11300
2016-03-07,126.48565673828125,126.6215598591557,125.47993216778157,125.58865466448114,27000
2016-03-08,126.01449584960938,126.12321834024584,125.69737015146346,125.89670393452509,25000
2016-03-09,126.08702087402344,126.20479899996718,125.77896450563762,125.77896450563762,7000
2016-03-10,126.60342407226562,126.90242473811483,126.42221531805627,126.42221531805627,8900
2016-03-11,127.41889953613281,127.95347026424321,127.01116250842291,127.01116250842291,11300
2016-03-14,126.73029327392578,127.09272466972004,126.73029327392578,126.95680771179316,5800
2016-03-15,125.45277404785156,125.69739970930755,125.39839896440483,125.69739970930755,5300
2016-03-16,126.5309066772461,126.5309066772461,124.79127817919272,124.79127817919272,15800
2016-03-17,128.48805236816406,128.5514830493236,128.08032912969938,128.10750975724073,26300
2016-03-18,128.33404541015625,128.5877405260269,128.2887397483193,128.56055989399408,34800
2016-03-21,127.44609832763672,127.68166838749862,127.34643141282103,127.64543215726809,12800
2016-03-22,125.95105743408203,126.23194689318898,125.85139054868056,126.0144880999472,17500
2016-03-23,125.10843658447266,125.44367347642934,124.87286658273848,125.44367347642934,48000
2016-03-24,125.41649627685547,125.65206628501856,125.09938439956005,125.23528751478061,11400
2016-03-28,126.40408325195312,126.62154204009285,126.28630517221745,126.39502765361682,16100
2016-03-29,127.57292175292969,127.67258864890266,126.5218915454588,126.73935036176604,13800
2016-03-30,127.46417236328125,128.1527849649798,127.31014423535956,127.71788120229847,12500
2016-03-31,127.35541534423828,127.54569346556853,127.27387350309857,127.27387350309857,13400
2016-04-01,126.12325286865234,126.16855852726813,125.62491827457062,126.00547474666644,72900
2016-04-04,126.46749877929688,126.77555498995083,126.46749877929688,126.64870750172042,16900
2016-04-05,125.51615142822266,125.83327710119448,125.22622020109335,125.83327710119448,5600
2016-04-06,125.22624969482422,125.51618099023916,124.59199819949941,124.59199819949941,6700
2016-04-07,124.5829086303711,124.94532610715959,124.5829086303711,124.94532610715959,10000
2016-04-08,125.24432373046875,125.26244875147381,125.02687877976892,125.02687877976892,7200
2016-04-11,126.21381378173828,126.48563379953428,126.15038311993835,126.24099440098384,10900
2016-04-12,126.45845031738281,126.51281155464325,125.9148102940983,126.51281155464325,4200
2016-04-13,125.92391204833984,126.17760713210532,125.83331456147799,125.96921770444337,11100
2016-04-14,125.46179962158203,125.53428589015037,125.28964646189998,125.49803584319515,12500
2016-04-15,125.86048126220703,126.13230134340301,125.68832808327144,125.73363373436139,11700
2016-04-18,126.48565673828125,126.63061545876636,125.7698634340947,125.7698634340947,35200
2016-04-19,127.61819458007812,127.79033387853966,127.46415265063806,127.60912515755858,29900
2016-04-20,127.05648803710938,127.6635451356697,127.05648803710938,127.53669759008015,14100
2016-04-21,127.00209045410156,127.53666111295297,126.85711792193594,127.52760551419573,7400
2016-04-22,127.74506378173828,128.02593942080378,127.50947996161246,127.60914684889457,10800
2016-04-25,128.3068389892578,128.5333534275677,128.25247773611852,128.36120024239713,27400
2016-04-26,129.11322021484375,129.65686035641193,129.11322021484375,129.63873533160148,73400
2016-04-27,128.82333374023438,129.17670967079738,128.20722086974888,129.12233457162273,17400
2016-04-28,129.50277709960938,129.52997154082732,129.02256778529113,129.10412345826757,28900
2016-04-29,129.48472595214844,129.9377548606715,129.42129526878955,129.81996292034506,48700
2016-05-02,130.019287109375,130.1008289887826,129.83807832446558,129.83807832446558,19300
2016-05-03,128.85955810546875,129.49379588251452,128.79612741509087,129.48474028046624,25600
2016-05-04,128.4517822265625,128.53332408765814,128.2705734823474,128.50614346729293,10700
2016-05-05,128.36119079589844,128.41555204503712,128.24339887253586,128.324954571587,20400
2016-05-06,127.87194061279297,128.15281631626598,127.78132930345244,128.0531494061293,64300
2016-05-09,127.65446472167969,127.75413161850926,127.45513092802054,127.73600659399219,12900
2016-05-10,127.98967742919922,128.2705668673892,127.8537743343817,128.06216368821532,19200
2016-05-11,128.02597045898438,128.24341548370447,127.98972040463443,128.02597045898438,11400
2016-05-12,128.07122802734375,128.66015984862764,127.97156115332066,128.66015984862764,20700
2016-05-13,127.22860717773438,127.42794095677192,127.14706531140317,127.42794095677192,14900
2016-05-16,127.55476379394531,127.75409753442331,127.43697190402489,127.43697190402489,17400
2016-05-17,128.1256103515625,128.34305533042823,127.94440159406038,128.22527724198997,11600
2016-05-18,129.26722717285156,129.66589470127275,129.1947409108349,129.3034772165303,20000
2016-05-19,129.33973693847656,129.69309888918266,129.20383381333704,129.45752886382638,25700
2016-05-20,128.37930297851562,128.97730430990742,128.37930297851562,128.97730430990742,9400
2016-05-23,128.33404541015625,128.3884066742218,127.98068336838308,128.27062854386205,12200
2016-05-24,129.6296844482422,129.72028192490438,129.31255871656546,129.40317001857127,12500
2016-05-25,130.3635711669922,130.4179324106268,130.13705676828687,130.20047361074668,21400
2016-05-26,129.91957092285156,130.32729399057646,129.7927234389963,130.32729399057646,7100
2016-05-27,129.4666290283203,129.77468543490366,129.45757342530837,129.61160162860006,11000
2016-05-31,128.3068389892578,129.81995377812646,128.22529710954885,129.62968939213889,30800
2016-06-01,127.65446472167969,127.84474291575174,127.50949217622887,127.77225664302634,16900
2016-06-02,127.89005279541016,128.09845604342306,127.7994553107194,127.7994553107194,10200
2016-06-03,128.6329803466797,129.06788406194443,128.56049408991225,129.06788406194443,13900
2016-06-06,128.1436767578125,128.17087119600708,127.69064810973934,127.69064810973934,24600
2016-06-07,128.85955810546875,129.25822580113942,128.69646049117318,128.91391936845173,12900
2016-06-08,128.5514678955078,129.18570550561526,128.4789816221608,129.10416363260353,16700
2016-06-09,128.3520965576172,128.41551338740726,128.1165127818111,128.2886659024882,13700
2016-06-10,126.33158111572266,127.49134734806935,125.9782192702335,127.44604171139859,46900
2016-06-13,126.05986785888672,126.75752264153428,125.60683880895222,125.61589441282511,107700
2016-06-14,124.97252655029297,125.57959734948753,124.85474845559156,125.488986053247,43400
2016-06-15,125.7064437866211,125.81516628089938,125.3077762071439,125.57052684343063,65200
2016-06-16,125.94197845458984,126.2591040743592,124.12986365668209,125.06310167157748,153400
2016-06-17,127.21961212158203,127.43705720194559,126.35885975266324,126.71222183360246,77800
2016-06-20,130.1280059814453,130.23674230962976,129.30350395933,129.74746339615893,116700
2016-06-21,129.5571746826172,130.30013468805836,129.54810525885475,130.30013468805836,65800
2016-06-22,130.14617919921875,130.88915344466514,129.6931501691706,130.25490174231868,179000
2016-06-23,131.795166015625,131.92201354724307,130.62634377932474,131.77704098958125,283500
2016-06-24,120.77751159667969,122.62586348814504,120.14327388026241,121.49329119977659,1764500
2016-06-27,117.08983612060547,117.40696185500741,116.33780654859422,117.38883682938177,1028300
2016-06-28,118.30398559570312,118.65734762057255,117.60631714775971,118.458013778303,435400
2016-06-29,118.98355102539062,119.88960908501005,118.88388408581854,119.45469126214158,252300
2016-06-30,117.92338562011719,119.0831381880993,116.99921686538657,118.82038757948166,384500
2016-07-01,117.66973876953125,118.16807339535755,117.34355736220375,118.09558710202401,119500
2016-07-05,115.41361236572266,116.00255117685852,115.214285504224,115.9028842897738,245800
2016-07-06,114.54380798339844,114.86998929476746,113.9911122565049,114.8609267825985,211400
2016-07-07,114.353515625,115.3229968682328,114.1179387407306,115.30487875990598,200900
2016-07-08,114.65253448486328,114.96965327602409,114.48944383331327,114.94247265287761,231000
2016-07-11,115.14179992675781,115.2867655462297,114.66159051120906,115.05119555050403,183100
2016-07-12,117.39791107177734,117.74220362072872,116.31970012098353,116.41936702799836,346200
2016-07-13,116.37403869628906,117.52473570297315,116.33778865061467,117.51566627888374,171100
2016-07-14,118.11370086669922,118.32209029931641,117.70597760276281,118.05027018157698,222900
2016-07-15,117.11700439453125,117.90528393465722,116.35591930264751,117.90528393465722,158800
2016-07-18,117.37977600097656,117.87811049340719,117.13513655463004,117.31634532678397,210800
2016-07-19,115.91193389892578,116.45556700535803,115.82132953329874,116.41026136620951,310500
2016-07-20,117.01732635498047,117.1351182598876,116.37403324050526,116.57336700634458,102800
2016-07-21,116.9267349243164,117.24384678607179,116.65491488185346,116.74552617112167,101500
2016-07-22,116.05691528320312,116.12034595170456,115.8394633935944,116.08409590532035,43600
2016-07-25,116.33779907226562,116.39217414564818,116.075048431626,116.12940967966573,56800
2016-07-26,116.27438354492188,116.7092873595207,115.99350787663215,116.27438354492188,46200
2016-07-27,116.854248046875,117.12606808791645,115.86664168291715,116.24719112290934,70000
2016-07-28,116.53711700439453,116.53711700439453,116.16564391823361,116.50088078574747,25800
2016-07-29,117.19857025146484,117.77844663251875,116.66398569561021,117.1079589503794,79000
2016-08-01,116.67304992675781,117.03546746427824,116.67304992675781,116.86331429508604,30500
2016-08-02,118.17709350585938,118.35831609744075,117.58816155924787,117.6244116077012,148800
2016-08-03,117.88716125488281,118.09555064304007,117.61534119513625,117.94152250176361,36000
2016-08-04,116.283447265625,116.41936422210264,116.02069660365186,116.26533606503648,170400
2016-08-05,115.75794982910156,115.94822114311283,115.31397651706932,115.32303903088108,127700
2016-08-08,115.44986724853516,115.622020418779,115.3864434878145,115.49517289733768,59500
2016-08-09,115.1236801147461,115.19616638409838,114.74313756965323,114.76126259332686,125100
2016-08-10,115.18710327148438,115.63107648444822,115.06931826890457,115.61295146086911,129600
2016-08-11,114.75220489501953,114.9424761755473,114.69783673438916,114.9424761755473,91000
2016-08-12,114.29914093017578,114.9968020776753,114.29914093017578,114.942440846425,96800
2016-08-15,114.01830291748047,114.10891422180397,113.9367610387957,114.00924731718571,81400
2016-08-16,115.45891571044922,115.53140197464371,114.75219191622952,114.76125442742149,132700
2016-08-17,115.37735748291016,115.83944873845546,114.8518493922283,115.25957249774648,199500
2016-08-18,116.59150695800781,116.60057638390882,116.21096435446324,116.3197006878648,94200
2016-08-19,115.80323791503906,115.84854356725562,115.34115344325578,115.42269532203919,89900
2016-08-22,116.283447265625,116.4465448483294,115.92102969903917,116.01162717801364,59800
2016-08-23,116.83610534667969,116.89953600430695,116.66395221922224,116.66395221922224,98100
2016-08-24,117.10796356201172,117.4613255296106,117.08078293568441,117.2438666936482,83300
2016-08-25,116.74554443359375,116.90862818937765,116.582446852466,116.89957258917093,50700
2016-08-26,116.2562484741211,117.54284860741403,116.17470660818195,116.95391669739787,121800
2016-08-29,116.02975463867188,116.12036594489166,115.6492120381684,115.68545517812188,39000
2016-08-30,115.7669677734375,116.10221154869801,115.73073155532265,116.0569059070489,23500
2016-08-31,116.2562484741211,116.34685976428132,115.8122821855537,115.8122821855537,44500
2016-09-01,117.41600799560547,117.88716184650785,117.11700731091796,117.43413301977088,99600
2016-09-02,117.6968994140625,118.14087270082976,117.65160758559897,118.04120579258995,56600
2016-09-06,118.82042694091797,118.95633008947489,118.20431423366564,118.24055046483224,114800
2016-09-07,118.08647918701172,118.56668857043297,117.93245106641817,118.3764104065582,139800
2016-09-08,117.70596313476562,118.0955613228726,117.6153518315416,118.02307504536213,50200
2016-09-09,117.47036743164062,117.66064561908726,117.21667239860672,117.66064561908726,29600
2016-09-12,118.05023193359375,118.13178762023358,117.48848067752495,117.48848067752495,26900
2016-09-13,116.79989624023438,116.92674375958977,116.59149302423837,116.8542574877663,46300
2016-09-14,117.17137908935547,117.1894902876691,116.30155768332317,116.59148893510579,32400
2016-09-15,117.24385070800781,117.24385070800781,116.70928002933177,116.84519696778064,54500
2016-09-16,115.15084075927734,116.13844008534025,115.0783614151711,116.05689823096952,384600
2016-09-19,115.38644409179688,115.87571606820508,115.27772159437605,115.81229230715243,131800
2016-09-20,114.94248962402344,114.97873276446039,114.61630827276306,114.77939894839325,65000
2016-09-21,115.44986724853516,115.45892976082996,114.67971960759245,115.01496343578535,213700
2016-09-22,115.70357513427734,116.0931871668137,115.68545702034814,115.91197146416049,43700
2016-09-23,114.73409271240234,114.82470401937098,114.5166407835564,114.58912706406244,229400
2016-09-26,114.81562805175781,114.91529494760636,114.55287050021813,114.65253739606668,39200
2016-09-27,115.16900634765625,115.25961074420655,114.73409556647356,114.80658184878273,47800
2016-09-28,115.19617462158203,115.223355246365,114.88811832381288,115.10557023474826,18600
2016-09-29,114.76126098632812,115.14180352609225,114.65253158382222,115.11462290363353,37300
2016-09-30,114.70690155029297,115.22335415428935,114.66160281364122,114.98778413328859,99300
2016-10-03,113.67400360107422,113.91864306276722,113.42937105205321,113.7374273665739,152800
2016-10-04,112.64111328125,113.04883655463797,112.55050887746079,112.94917654934086,202300
2016-10-05,112.79512786865234,112.96728105398074,112.65016222259058,112.80419038174122,157800
2016-10-06,111.65348052978516,112.07026619417503,111.56286924010273,111.85280739414225,130000
2016-10-07,110.11318969726562,110.32158600704449,109.54237584248767,109.61486211655611,437400
2016-10-10,109.3792724609375,109.73263436508434,109.26148055110805,109.5695437237342,162900
2016-10-11,107.34064483642578,109.00778750014449,107.00540103630651,109.00778750014449,392000
2016-10-12,108.038330078125,108.49135897788042,107.81181562824729,108.07457321962612,134000
2016-10-13,108.3373031616211,108.57288006491926,107.84803124523444,108.01112188402999,130900
2016-10-14,107.72118377685547,108.21045569341547,107.72118377685547,108.18327507238503,174900
2016-10-17,107.88427734375,107.9748817205341,107.4674916804065,107.67588105574282,234300
2016-10-18,108.78128814697266,109.04404571649093,108.72692689557985,108.8356563110373,198100
2016-10-19,108.61820220947266,109.01686983750318,108.46417404870529,108.89908481679969,82800
2016-10-20,108.40979766845703,108.61818705390745,108.15610263608026,108.21952639417445,106900
2016-10-21,108.13800048828125,108.29202866014084,107.86618728723595,107.92054854491047,107400
2016-10-24,108.12891387939453,108.273886417785,107.92052449629712,108.1832820376265,179800
2016-10-25,107.802734375,107.97488061532648,106.9238574125815,107.32251804888509,343100
2016-10-26,108.19237518310547,108.31922273377727,108.04740260366738,108.0836457485269,103500
2016-10-27,107.66680908203125,108.17419904499059,107.54901718872298,108.17419904499059,95900
2016-10-28,107.86616516113281,108.04737392465914,107.41313633964577,107.56716447991028,87400
2016-10-31,108.27387237548828,108.33729612464076,107.45841923447776,107.57621113481107,145700
2016-11-01,108.21952056884766,108.40072932145648,108.08361054805563,108.31012494515207,99200
2016-11-02,108.70880126953125,109.12558696430524,108.66349562138721,108.94437128440045,217200
2016-11-03,110.24004364013672,110.30346740547206,109.89574418726946,110.28534929223567,174600
2016-11-04,110.7112045288086,111.07362211780236,110.4846900793513,110.4846900793513,118100
2016-11-07,109.732666015625,109.8504510467568,109.5152140686614,109.84139544544318,185800
2016-11-08,109.41553497314453,109.78701505316106,109.3974099471894,109.41553497314453,121200
2016-11-09,109.87759399414062,110.40310902236364,109.37926649855292,109.40644711851783,190100
2016-11-10,110.94674682617188,111.29105312733029,110.14941865209313,110.33968991252087,206700
2016-11-11,111.43604278564453,111.73504350768279,111.13704897627844,111.56289031996279,98900
2016-11-14,110.4756088256836,110.63869947813444,110.07694125021013,110.51185196096947,65100
2016-11-15,110.22190856933594,110.68399988149923,109.49705972330217,109.86854665787897,307700
2016-11-16,109.96823120117188,110.30346814332746,109.80514053026548,110.19474563783787,222300
2016-11-17,109.86856079101562,110.24004086070751,109.75983137632268,110.076950195004,151100
2016-11-18,109.25243377685547,109.36115627142337,108.82658557267436,109.15276688172068,68300
2016-11-21,110.50276947021484,110.63867947479673,110.14034509555316,110.22189386337028,94700
2016-11-22,109.79607391357422,110.01352582909804,109.59674011073079,109.82325453893073,56100
2016-11-23,110.00446319580078,110.25815823313687,109.3611561776926,109.3611561776926,135700
2016-11-25,110.17660522460938,110.2490914932604,109.8957295744255,109.95915333132739,102100
2016-11-28,109.76887512207031,109.96820889192507,109.62390259393207,109.73263199003574,76700
2016-11-29,110.49372863769531,110.77461121231639,110.46654801398034,110.62057615681269,115500
2016-11-30,110.63872528076172,110.70214905413559,109.94105686097632,110.16757132483626,89800
2016-12-01,111.3635482788086,111.96154272891957,111.09172822069463,111.94342461762521,88500
2016-12-02,112.55956268310547,112.55956268310547,111.72598425978754,111.8618943112927,83200
2016-12-05,112.54141998291016,112.70451063657052,112.31490557019696,112.57766311846483,46500
2016-12-06,112.07025146484375,112.81321831896422,111.9615220791176,112.77697519038884,40200
2016-12-07,111.65348052978516,111.65348052978516,111.19138922055406,111.50850799642997,59600
2016-12-08,111.28201293945312,111.53570800424849,111.00113724809712,111.53570800424849,29900
2016-12-09,111.1913833618164,111.3182308654831,111.01016770467078,111.28198773405398,69100
2016-12-12,112.09745025634766,112.26960341682272,111.78938706984867,112.01590147566486,46000
2016-12-13,111.87091827392578,112.54139887425123,111.87091827392578,112.46891261673767,46200
2016-12-14,110.96488952636719,112.41458048867274,110.78367383565913,112.29679547421634,101700
2016-12-15,109.87759399414062,110.55713714394508,109.47893338020454,110.55713714394508,122100
2016-12-16,110.34878540039062,110.61154300407632,109.68736013419243,109.83233270698706,66600
2016-12-19,109.60578155517578,109.8504140490333,109.24335715718614,109.46080903091175,70800
2016-12-20,109.30679321289062,109.35209885999073,108.89907003967448,108.95343128605765,75900
2016-12-21,109.26146697998047,109.53328698602544,109.08932076131056,109.35207825710873,65300
2016-12-22,108.60913848876953,109.09841047404312,108.57289535141537,109.02592419933482,76000
2016-12-23,108.4913330078125,108.54570116338604,108.2376379907052,108.27388112353063,53500
2016-12-27,108.48230743408203,108.5638493210048,108.20142480511184,108.20142480511184,56200
2016-12-28,108.00205993652344,108.20139370861074,107.91145556175759,108.17421308744805,67000
2016-12-29,108.41886901855469,108.41886901855469,108.00207638833504,108.00207638833504,35600
2016-12-30,108.96249389648438,109.47894647560477,108.80845884380753,109.12558454845247,72700
2017-01-03,108.11985778808594,108.50946284239794,107.83897522440077,108.50946284239794,123000
2017-01-04,108.94436645507812,109.13463772604022,108.50040015616655,108.60006704752827,24700
2017-01-05,109.75981140136719,109.87759639467858,108.85375384849958,108.85375384849958,125000
2017-01-06,108.59100341796875,109.04403222397835,108.40073214896523,108.98060846764385,82500
2017-01-09,107.5309066772461,107.66681668768805,107.23190603680781,107.42217728635846,123100
2017-01-10,107.59432220458984,107.75741282212253,107.43123158705716,107.54901656701475,73900
2017-01-11,107.86616516113281,108.41886087636071,106.44365493817035,107.16849690494689,313900
2017-01-12,107.61244201660156,108.6272288653981,107.45841390667802,108.38259639155895,77100
2017-01-13,107.7483901977539,107.92960590246594,107.17757628142374,107.51282015063674,28300
2017-01-17,109.59673309326172,109.74170563610954,109.19806551310154,109.35210056804517,168200
2017-01-18,108.45511627197266,109.15278465149464,108.32826873254547,108.7359988915664,78200
2017-01-19,109.00779724121094,109.07122100228806,108.5638309136711,108.853769094691,73400
2017-01-20,109.27057647705078,109.43366716827349,108.67258188434941,108.79036691752636,85200
2017-01-23,110.49372863769531,110.53903428566781,110.03164420919826,110.07694294449942,103300
2017-01-24,110.53902435302734,110.81084439109488,110.18566245114198,110.18566245114198,94700
2017-01-25,111.67161560058594,111.70785873942927,110.9739541876995,111.05549606559308,89100
2017-01-26,111.27293395996094,111.4450871195988,111.05548206698278,111.21857271488416,79400
2017-01-27,110.94674682617188,111.15514310911884,110.69305181226821,111.10983746549147,82700
2017-01-30,110.3396987915039,110.68400512036848,110.21285127434471,110.68400512036848,24200
2017-01-31,111.2004623413086,111.318247351394,110.67494722676474,110.747433500358,70200
2017-02-01,111.87998962402344,112.02495523783442,111.48132208886976,111.61723210427856,160500
2017-02-02,110.81085205078125,111.02830394866399,110.62057386337877,110.89239392023558,50100
2017-02-03,110.33062744140625,110.63869061030898,110.09505744993609,110.27626619917017,50200
2017-02-06,110.1494369506836,110.28534699147312,109.83231813062261,110.0860131866714,62700
2017-02-07,110.5571517944336,110.81990934336443,109.36115596879709,109.44270475216867,66500
2017-02-08,110.69306945800781,110.83804201058913,110.5299787926897,110.71119448341636,43100
2017-02-09,110.45747375488281,111.00110687535985,110.39404309336815,110.69304372906508,36000
2017-02-10,110.3396987915039,110.4665463086631,109.95009372803746,109.95009372803746,27700
2017-02-13,110.6658706665039,110.71117630991648,110.3940506313697,110.47559940697822,21000
2017-02-14,110.17660522460938,110.24002898151124,109.99539646565289,110.15848711378214,35100
2017-02-15,110.05885314941406,110.28536762221268,109.4970947683112,109.4970947683112,71100
2017-02-16,110.31253814697266,110.50280945717158,110.10414180951337,110.43032317347509,63600
2017-02-17,109.67828369140625,110.01352060511351,109.67828369140625,109.81418681173545,57300
2017-02-21,110.20380401611328,110.23099155584302,109.67829576343229,109.69641387724658,31700
2017-02-22,110.09508514404297,110.2762939388596,109.72359812819474,110.17662702790872,41800
2017-02-23,110.85615539550781,110.93770418102484,110.43936969361931,110.43936969361931,55700
2017-02-24,110.07694244384766,110.58433943068081,109.99540057307364,110.56621440650571,115200
2017-02-27,109.94105529785156,110.23100044363582,109.71454083721217,109.74172837913402,40400
2017-02-28,109.65108489990234,110.12223871092166,109.55142492611401,109.90478682804314,82400
2017-03-01,108.54570770263672,108.90812522738314,108.50946456762783,108.6272495719033,74300
2017-03-02,108.364501953125,108.56383575759601,108.17423066140407,108.4098076042036,105900
2017-03-03,108.66349029541016,108.66349029541016,108.00206519335129,108.04737083927475,201600
2017-03-06,108.09268951416016,108.4098083358352,108.01114072420266,108.4098083358352,74400
2017-03-07,107.82083892822266,107.86614456678987,107.53090081433423,107.81177641797522,189500
2017-03-08,107.48561096191406,107.57622225235636,107.27722158430701,107.53997911871362,118900
2017-03-09,107.52188873291016,107.72122257582359,107.21383236671532,107.56719439272617,59300
2017-03-10,107.5309066772461,107.68493479650085,107.32251040621237,107.44030230784153,96000
2017-03-13,108.01114654541016,108.21048036196942,107.97490340488372,108.03832717263693,67700
2017-03-14,107.37689208984375,107.51280211741337,107.24098206227413,107.30440582011713,281300
2017-03-15,108.6453857421875,108.67256636806495,107.69402236044532,107.72120298632277,182200
2017-03-16,109.14371490478516,109.30680557505075,108.98968674749875,109.21620118327475,106700
2017-03-17,109.46083068847656,109.54237947767767,109.11653124423317,109.12559375696036,133200
2017-03-20,109.15274810791016,109.48798495873027,108.98965748143789,109.46986685030896,49200
2017-03-21,110.25816345214844,110.34876783938985,109.91385710289079,110.06789216514,144600
2017-03-22,110.29438781738281,110.30344341569553,109.73262965182316,109.75074776111907,49300
2017-03-23,110.60247039794922,110.66589416459145,110.43937972477319,110.53904663130699,37800
2017-03-24,110.28535461425781,110.44844529194349,110.17662519157659,110.1856877049681,16800
2017-03-27,110.98299407958984,111.34541850405442,110.9376953469511,111.32730039353312,45500
2017-03-28,110.02256774902344,110.87426405169946,109.91383835527634,110.85613902973971,89400
2017-03-29,109.89575958251953,109.89575958251953,109.54239756719575,109.61488385563985,56900
2017-03-30,110.15850067138672,110.5843489112833,110.09507690667904,110.46655698206055,43200
2017-03-31,110.6658706665039,110.78365566163771,109.99539000255567,110.04975124451425,60700
2017-04-03,110.24004364013672,110.50280121443225,110.13132113537442,110.29441180518985,33600
2017-04-04,109.92291259765625,110.05882262617733,109.72357881084814,110.01351697911323,99900
2017-04-05,110.38500213623047,110.38500213623047,110.04069581454786,110.14036270633271,172600
2017-04-06,110.08600616455078,110.44843061264736,110.08600616455078,110.10412427625349,119600
2017-04-07,109.25243377685547,109.59673319743933,109.24337126475103,109.57861508590179,41000
2017-04-10,109.58769226074219,109.75078294737433,109.57863665952624,109.61487980240811,27600
2017-04-11,110.27627563476562,110.30345625820934,109.75076053928309,109.75076053928309,47000
2017-04-12,110.64777374267578,110.75649624741025,110.24910612485749,110.30346737722472,54600
2017-04-13,110.4393539428711,110.62962519837923,110.40311081144043,110.62962519837923,40600
2017-04-17,110.91957092285156,111.20950908145505,110.87427218996817,110.89239030058732,45100
2017-04-18,113.42029571533203,113.97299142905577,112.42363369330717,112.45987682844805,770100
2017-04-19,112.92196655273438,113.32969665771981,112.777000918032,113.32969665771981,100300
2017-04-20,113.15756225585938,113.40220174196445,113.02165219832018,113.03071471220217,58400
2017-04-21,113.02162170410156,113.04880232574129,112.7679266852363,112.92195481630867,38300
2017-04-24,112.93104553222656,112.97635118805506,112.79513547741361,112.97635118805506,33600
2017-04-25,113.31156921386719,113.37499297382134,113.09411731012025,113.19378420614414,72300
2017-04-26,113.47467041015625,113.57433731543789,113.13943346754716,113.15755158092927,177200
2017-04-27,113.94580078125,113.99109951168744,113.61055699519407,113.82800887423734,77500
2017-04-28,114.33540344238281,114.46225094525511,113.93673591182962,114.05452090373376,53500
2017-05-01,113.78272247314453,114.1813831424771,113.78272247314453,114.10890378338931,53700
2017-05-02,114.19044494628906,114.20856997045209,113.99111115652359,114.04547931634136,40800
2017-05-03,113.63775634765625,114.10891022802912,113.61963823502886,114.00924332689915,277600
2017-05-04,114.11796569824219,114.12702821088143,113.80990939522476,113.80990939522476,52000
2017-05-05,114.61631774902344,114.61631774902344,114.21765008392806,114.24483071333496,38900
2017-05-08,114.2176284790039,114.36260102531539,114.1542047181605,114.30823977678433,46400
2017-05-09,114.17230987548828,114.31727548390259,114.07264299541019,114.11794172374641,271700
2017-05-10,114.25386810302734,114.29011123849098,114.15420120867017,114.2719931270948,40100
2017-05-11,113.80084228515625,113.81896730970253,113.54714724287992,113.58339037930102,61700
2017-05-12,113.72836303710938,113.80084931442894,113.61057802096899,113.69212681112147,37500
2017-05-15,113.86427307128906,114.04548876457585,113.72836302949194,114.01830122607893,25900
2017-05-16,114.01830291748047,114.1270323350655,113.84615664714417,113.85521916011092,16600
2017-05-17,114.42601776123047,114.61628903207941,114.19950335602874,114.40789273771854,71300
2017-05-18,114.22669219970703,115.02402047484058,113.77366335669834,115.02402047484058,216800
2017-05-19,115.03308868408203,115.09651244873734,114.8609355031582,114.9062411547714,134500
2017-05-22,114.74311828613281,115.10554265931478,114.70687515754763,114.79747952267563,114300
2017-05-23,114.43511199951172,115.02404408617768,114.42604948524323,114.6525639532449,77300
2017-05-24,114.38978576660156,114.38978576660156,114.14515322673567,114.14515322673567,10300
2017-05-25,114.22669219970703,114.4169634842501,114.16326843819267,114.29011596122139,113900
2017-05-26,113.06694030761719,113.15754469435772,112.76793960996896,113.06694030761719,150500
2017-05-30,113.5018310546875,113.7283454517823,113.32968481351159,113.36592794656727,79500
2017-05-31,113.7374038696289,114.00922390142776,113.40216699810361,113.40216699810361,57200
2017-06-01,113.70116424560547,113.8914355086664,113.57431673689818,113.57431673689818,22100
2017-06-02,113.67400360107422,113.82803175833456,113.51091293083621,113.61964234855222,62200
2017-06-05,113.94580078125,114.19949579224559,113.91862016045341,114.14513455065241,51000
2017-06-06,113.92768096923828,113.93674348080846,113.70116656868001,113.81895848107969,21900
2017-06-07,114.41696166992188,114.51662856681708,113.97299534636143,114.12702349150076,173200
2017-06-08,114.28105163574219,114.31729477212846,113.93675220907964,114.0454816182385,69400
2017-06-09,112.37833404541016,112.50518156883923,112.16088213562767,112.33303530856924,189900
2017-06-12,111.72596740722656,111.93436370978998,111.55382115311382,111.86187743823128,112000
2017-06-13,112.55956268310547,112.56861828391274,112.25149943884892,112.28774258009513,40000
2017-06-14,112.50519561767578,113.10319708509118,112.35116745037391,112.96728703225382,145900
2017-06-15,112.58675384521484,112.72266390943665,112.42366315068331,112.43271875233788,132600
2017-06-16,112.83135223388672,112.96726225691707,112.69544221085637,112.74074785609012,132600
2017-06-19,112.37833404541016,112.7226403912933,112.32397279613242,112.65920971690718,115400
2017-06-20,111.4450912475586,111.70784879628071,111.2185768344538,111.70784879628071,269500
2017-06-21,111.76220703125,111.95247830360944,111.57193575889056,111.92529768079682,119600
2017-06-22,111.9615707397461,111.97968885557329,111.67163249780032,111.71693815637774,122600
2017-06-23,112.26960754394531,112.43269128596383,112.16087813659496,112.21523938393447,41900
2017-06-26,112.22429656982422,112.47799159559652,112.19711594744447,112.35114408271038,23600
2017-06-27,113.1756591796875,113.47465293681996,112.6229634855676,112.68638724164671,325100
2017-06-28,114.11796569824219,114.45320953917737,113.33875551538766,113.34781802802691,396000
2017-06-29,114.69783020019531,114.84280273672218,114.46226019734569,114.50755893050706,190400
2017-06-30,114.90623474121094,114.90623474121094,114.31729586647101,114.489449037786,85700
2017-07-03,114.29010772705078,114.36259399575098,114.12701707881085,114.30823275056136,95600
2017-07-05,114.0635757446289,114.1269994918002,113.85518639506752,113.86424199275628,68400
2017-07-06,114.40791320800781,114.4622813756003,114.05455122568195,114.20858630240966,79100
2017-07-07,113.71024322509766,113.7283613378209,113.5380900472039,113.6830625996769,42500
2017-07-10,113.65586853027344,113.70116726305919,113.44747223891194,113.56525723936004,28500
2017-07-11,113.3387451171875,113.49278016723608,113.20284200342566,113.40217578717115,83500
2017-07-12,113.68302154541016,113.81893153610459,113.46556970790063,113.61053529535056,140900
2017-07-13,114.20858001708984,114.21763561729665,113.918641819018,114.16327436536815,59500
2017-07-14,115.62202453613281,115.6763857864945,114.78845310478559,114.78845310478559,278100
2017-07-17,115.13274383544922,115.35019573311817,115.10556321232451,115.29583448686874,33800
2017-07-18,115.03308868408203,115.19617935214883,114.76127551241862,114.86999801601523,206500
2017-07-19,114.86093139648438,115.10557084617383,114.84281328409003,114.98778583393143,47300
2017-07-20,114.44412231445312,114.59815734537256,114.37164296700483,114.44412231445312,103300
2017-07-21,114.64348602294922,114.72503481505396,114.34448530635193,114.60724288342179,84300
2017-07-24,114.95152282714844,115.16897470165243,114.83373092259467,114.8971546740196,129300
2017-07-25,114.96060943603516,115.27773519137484,114.91531069432399,115.14182514089674,42500
2017-07-26,115.5948486328125,115.68545302467359,114.96060406444084,115.05121536897393,112100
2017-07-27,115.232421875,115.85760391802654,115.16899811068367,115.83947889240939,106800
2017-07-28,115.98443603515625,116.00256105944528,115.35926095061167,115.35926095061167,92200
2017-07-31,116.41028594970703,116.45559159842318,115.70356207083232,115.70356207083232,98200
2017-08-01,116.48278045654297,116.74554494246526,116.44654423021431,116.63680861279154,90500
2017-08-02,116.62775421142578,116.88144927436588,116.60057358506393,116.61869861108651,88800
2017-08-03,115.92102813720703,115.9753893889281,115.64920805325798,115.72169433066732,151800
2017-08-04,115.0421371459961,115.36831844229077,114.88810900959889,115.34113781971139,75500
2017-08-07,114.92433166503906,114.92433166503906,114.80654667687529,114.80654667687529,45100
2017-08-08,114.58004760742188,114.7159576351051,114.2629288179418,114.7159576351051,85400
2017-08-09,114.67973327636719,114.73409453127242,114.49852448490158,114.54382322643184,43300
2017-08-10,114.45319366455078,114.70688868188869,114.40788802031011,114.70688868188869,54800
2017-08-11,114.79749298095703,114.87904175800158,114.13607481657833,114.38070732237041,53700
2017-08-14,114.3444595336914,114.53473770149071,114.26291767263783,114.38070266504982,56500
2017-08-15,113.43840026855469,113.54712966098211,113.30249716885837,113.4202821594853,102200
2017-08-16,113.63775634765625,113.68306199823232,113.25721376843552,113.35688066956548,97800
2017-08-17,113.5290298461914,113.70117610443683,113.51996733386117,113.54714795818037,84100
2017-08-18,113.5380630493164,113.69209807785938,113.17564557965562,113.60148679777406,88400
2017-08-21,113.71024322509766,113.85521577757066,113.60151381074289,113.70118071240015,45000
2017-08-22,113.057861328125,113.23001447672783,112.97631946573667,113.13941010318393,68100
2017-08-23,112.90382385253906,112.90382385253906,112.72261512045672,112.84946261544837,48700
2017-08-24,112.88572692871094,113.01258136794637,112.80418505277932,112.98539382996408,55900
2017-08-25,113.5290298461914,113.62869674380947,113.0216328457709,113.15754288003838,97900
2017-08-28,113.98204040527344,114.09982539599052,113.82800537104907,113.82800537104907,20500
2017-08-29,113.92768096923828,114.16325788136673,113.90956285876882,114.16325788136673,96200
2017-08-30,113.90050506591797,114.04547760636329,113.82801879569531,113.8823869546979,23400
2017-08-31,114.00018310546875,114.01830121846028,113.45654985098847,113.5833973799448,54300
2017-09-01,114.19950103759766,114.51661981590787,114.12701477036364,114.49850170543482,59200
2017-09-05,114.94248962402344,114.97873276446039,114.46228011041016,114.46228011041016,64100
2017-09-06,114.97872924804688,115.3049105893316,114.95154862171849,115.07839615303232,151300
2017-09-07,115.468017578125,115.61298324325391,115.16901682091334,115.50426072257547,52000
2017-09-08,116.36500549316406,116.48279744025858,116.2109773144575,116.39219994855549,32100
2017-09-11,116.0841293334961,116.4012551166407,116.0297680736075,116.28346316998484,38600
2017-09-12,117.10796356201172,117.1895054409936,116.63680966343186,116.83614347339471,68600
2017-09-13,116.37403869628906,116.89048433174561,116.28342740744468,116.87237313425001,44500
2017-09-14,118.1318130493164,118.15899367560026,117.65160355117642,117.69689537808684,169500
2017-09-15,119.74456024169922,119.94389399393704,119.57240710791746,119.66301838633102,97200
2017-09-18,118.92007446289062,119.59961774553571,118.73886568592063,119.4999508444007,142800
2017-09-19,119.26435089111328,119.27340648881933,118.78414153123217,119.17373961269269,37100
2017-09-20,118.85660552978516,120.18851104108704,118.67539681114211,119.3005786419988,109100
2017-09-21,119.63583374023438,119.74457004830373,118.99254061697098,118.99254061697098,63300
2017-09-22,119.18280792236328,119.55429484803426,118.92005730746276,119.55429484803426,214600
2017-09-25,118.69353485107422,119.17374422955895,118.41265923256509,119.08313294762802,54300
2017-09-26,118.56670379638672,118.59388441966775,118.24957809098471,118.51234254982465,25300
2017-09-27,118.05023193359375,118.21332948153241,117.932453853498,118.03212073686579,44500
2017-09-28,118.39457702636719,118.54860520107884,118.34021576768609,118.34021576768609,27700
2017-09-29,118.09554290771484,118.24051544012956,117.73312540201968,117.96869539818738,23800
2017-10-02,116.99922943115234,117.14418814871287,116.8814375118757,116.97204880752584,62900
2017-10-03,116.71836853027344,116.89957731914666,116.64588224965526,116.71836853027344,57800
2017-10-04,116.82707977294922,117.11701104211957,116.76364909902077,116.90862164627747,41800
2017-10-05,115.60386657714844,115.84850595942551,115.53138723487167,115.80320032191649,71000
2017-10-06,115.14179992675781,115.1780430597935,114.82468115353419,114.99682739461512,96700
2017-10-09,115.84852600097656,115.97537351274245,115.69449786707098,115.9572554022063,27600
2017-10-10,116.38308715820312,116.51900408313502,116.18375339524226,116.18375339524226,16300
2017-10-11,116.5733871459961,116.61869279612146,116.16566394555441,116.37405334571912,29100
2017-10-12,116.8633041381836,117.10794355868619,115.81228092791304,115.8938297056375,265100
2017-10-13,117.10796356201172,117.41601987728376,117.08078293568441,117.406964276956,28100
2017-10-16,116.76365661621094,117.09890738149323,116.62775348524781,116.94487922462037,59100
2017-10-17,116.13845825195312,116.24719456679603,115.93006887196239,116.06598580918052,41300
2017-10-18,116.29249572753906,116.32873194752786,115.92100880228193,116.02973128758978,102300
2017-10-19,115.93913269042969,116.38309899046146,115.87570893328228,116.22907085348508,32800
2017-10-20,116.18376922607422,116.30156114533034,116.02068548434357,116.06599113216075,29300
2017-10-23,116.3287353515625,116.41027721792948,116.12034597351068,116.13845717136432,36100
2017-10-24,115.67636108398438,115.93005608172503,115.6129373345492,115.8756948429721,25200
2017-10-25,116.77271270751953,116.90861582296382,116.55525389746627,116.64586519132405,120600
2017-10-26,115.86665344238281,116.37405044297854,115.86665344238281,116.37405044297854,22200
2017-10-27,115.66732788085938,115.6945085054984,115.2505352608223,115.38644529668903,35400
2017-10-30,116.4012222290039,116.4012222290039,115.38643521753635,115.38643521753635,19400
2017-10-31,117.0354995727539,117.07174963165679,116.68213753785726,116.70931816936111,19300
2017-11-01,116.73646545410156,117.18043868408407,116.7092848303621,117.03546614057842,49800
2017-11-02,115.0874252319336,115.67636401312758,114.96057772985125,115.54045400013352,186600
2017-11-03,115.16900634765625,115.4589445642206,115.0602769241925,115.39552079536817,56800
2017-11-06,116.05691528320312,116.05691528320312,115.40455961437692,115.40455961437692,51600
2017-11-07,116.01163482666016,116.02975985378761,115.51330718341391,115.73076603290885,25800
2017-11-08,115.56767272949219,115.58579084353605,115.30491514348635,115.31397074417214,26600
2017-11-09,115.83041381835938,115.96632385679537,115.38644747796208,115.38644747796208,34400
2017-11-10,116.27438354492188,116.5280785888831,116.21095287126006,116.26532794526004,68700
2017-11-13,115.58577728271484,115.63108293151755,115.27772099140518,115.43174913706001,25700
2017-11-14,115.94818115234375,116.10220927065596,115.42266613527472,115.42266613527472,14500
2017-11-15,115.99352264404297,116.09318955438393,115.94821698927984,115.94821698927984,9600
2017-11-16,116.13845825195312,116.30155581154648,116.12034705393097,116.2200139444208,7800
2017-11-17,116.43745422363281,116.47370426889795,116.22906485205334,116.22906485205334,68500
2017-11-20,116.54619598388672,116.85425225633811,116.5099459369265,116.64586287501417,22900
2017-11-21,116.56431579589844,116.79989964252276,116.56431579589844,116.73646896832602,13100
2017-11-22,117.34351348876953,117.37069411043872,116.89955411794496,116.89955411794496,78600
2017-11-24,117.42506408691406,117.62439785407167,117.37068902059204,117.57002278774965,22000
2017-11-27,117.34351348876953,117.83279232949828,117.29822166954864,117.79654228371159,75600
2017-11-28,117.60625457763672,117.90525518196357,116.49180783448307,116.97201715573378,486400
2017-11-29,118.12269592285156,118.44887713188186,117.85994536643139,118.08645971088748,384600
2017-11-30,119.12847137451172,119.34593021578952,118.6392062633171,118.66638689030879,127700
2017-12-01,118.65731048583984,119.0559642202709,118.44890728165002,118.6391854625751,132200
2017-12-04,118.62106323242188,119.07409204731442,118.14085379466316,119.02878640075672,411500
2017-12-05,118.41265106201172,118.47606789471513,118.19519229558662,118.19519229558662,19200
2017-12-06,117.9324951171875,117.94155071871997,117.73316128070653,117.86000882889024,39400
2017-12-07,118.71166229248047,118.78414855443474,117.92338283456571,117.93245225814802,687000
2017-12-08,117.9324951171875,118.22242644503065,117.66067499240927,118.14994015673341,86800
2017-12-11,117.47036743164062,117.76031251244646,117.42507560993931,117.76031251244646,177500
2017-12-12,117.2982177734375,117.4975377172772,117.19855088884707,117.4522458995607,39800
2017-12-13,118.17709350585938,118.23146857853938,117.59721715868987,117.59721715868987,161600
2017-12-14,118.294921875,118.40364440317488,117.95061543531698,118.10465745069396,27200
2017-12-15,117.37977600097656,117.45226227490676,117.16231717918598,117.39790102579488,63500
2017-12-18,117.8509292602539,118.1680411535499,117.83280423552918,118.08649928030319,39000
2017-12-19,117.88716125488281,117.89621685424876,117.41600740634495,117.58816057169585,17000
2017-12-20,117.86901092529297,118.13177532926021,117.86901092529297,118.05928907386716,17600
2017-12-21,117.90530395507812,117.91435955580168,117.5428725459669,117.5428725459669,31800
2017-12-22,117.6968994140625,117.85094140207859,117.6968994140625,117.80563574827059,63800
2017-12-26,117.814697265625,117.90530857779156,117.6063078380561,117.65161349413938,13500
2017-12-27,118.03213500976562,118.16803812836426,117.93246811434572,118.14085750464453,40600
2017-12-28,118.37641906738281,118.46703035687466,118.3311272479786,118.37641906738281,30500
2017-12-29,118.87477111816406,119.25531370478559,118.87477111816406,119.01974367268953,33400
2018-01-02,119.72647857666016,119.76271480594355,119.27344967122019,119.43654726635799,40000
2018-01-03,118.9925537109375,119.30060999612675,118.92006743936192,119.30060999612675,23500
2018-01-04,119.3277816772461,119.38214292051822,119.21000359193701,119.23718421357307,49000
2018-01-05,119.45462799072266,119.4999336347764,119.30059986121314,119.36403052795667,35700
2018-01-08,119.44561767578125,119.60870146579258,119.23722822454009,119.23722822454009,18700
2018-01-09,119.20999145507812,119.20999145507812,118.9200464200241,119.09219955641989,26400
2018-01-10,118.97441101074219,119.15561975008774,118.93817479300932,119.11938353235487,22300
2018-01-11,119.18280792236328,119.34590547584823,119.09221045961962,119.14657170233411,43600
2018-01-12,120.93150329589844,120.9405588943499,120.32444639146284,120.39693265509798,195900
2018-01-16,121.45695495605469,121.49319115629186,121.09452382701326,121.13077385258437,43200
2018-01-17,121.97347259521484,122.69832145756048,121.45702694008273,121.48420756270325,44900
2018-01-18,122.28152465820312,122.44460836987264,122.10937152343635,122.18185778151394,13600
2018-01-19,122.06409454345703,122.19999766842372,121.91912199326367,122.10940019356038,33600
2018-01-22,123.14232635498047,123.16950698459483,122.54432485277307,122.54432485277307,33600
2018-01-23,123.22383117675781,123.52283183791886,122.97013615977416,122.97013615977416,42500
2018-01-24,125.11750030517578,125.31683409856012,124.92723593670891,124.9544165607756,52200
2018-01-25,124.43795776367188,126.01450309526054,124.04835959959507,125.92389179762536,233900
2018-01-26,124.5647964477539,125.21715903348428,124.51949080215059,125.13561716660348,41800
2018-01-29,123.90341186523438,124.09369009823438,123.5319248260198,124.03931501355886,63400
2018-01-30,124.5195083618164,124.7097865700465,124.21145204881901,124.5557584135478,56200
2018-01-31,125.00874328613281,125.26243825758941,124.61007580946128,124.66443704258211,84700
2018-02-01,125.66117095947266,125.68835159014135,124.9453774842738,125.02693320162611,29800
2018-02-02,124.35640716552734,124.73694970327699,124.19332343163833,124.70976908096216,42300
2018-02-05,122.93392944335938,123.5138197726708,122.93392944335938,123.49569474354323,67800
2018-02-06,122.81611633300781,123.0607557678318,121.9825449600865,122.0278367819844,91300
2018-02-07,122.20002746582031,122.67118145616381,121.94633235379229,122.49902823899907,41500
2018-02-08,122.36309051513672,123.74030203806612,122.31778486678417,123.74030203806612,153700
2018-02-09,121.72891235351562,121.72891235351562,121.17621635456,121.52957846370543,30300
2018-02-12,121.78318786621094,121.82849350478092,121.4932428396349,121.61103473484889,34100
2018-02-13,122.25433349609375,122.38119482014012,122.04594413936414,122.26340291943447,16000
2018-02-14,123.30536651611328,123.30536651611328,121.81037711475997,121.8737939529793,80100
2018-02-15,124.11180877685547,124.12993380617237,123.52287666484801,123.76751617191341,21500
2018-02-16,123.38692474365234,123.83089797144474,123.2782022492308,123.34163292120512,16700
2018-02-20,123.17854309082031,123.45036316928929,123.07887618955981,123.29633501740369,28800
2018-02-21,122.53524017333984,123.27820024873513,122.46275390312087,122.89765769909232,50200
2018-02-22,122.77987670898438,123.14230809233491,122.5986679299809,122.76176550882457,38000
2018-02-23,122.94296264648438,123.28726897172947,122.90671259890999,123.0698101623101,46200
2018-02-26,122.92483520507812,122.97919645002824,122.68019577746055,122.8523489366973,43300
2018-02-27,122.48086547851562,122.69832428984162,122.0097254586563,122.39026800946996,34000
2018-02-28,121.17616271972656,121.64730277315203,121.1217876440143,121.52952467246739,49800
2018-03-01,121.24866485595703,121.27584548469696,120.72314965807627,121.24866485595703,47000
2018-03-02,121.4207534790039,121.4207534790039,121.16705849990521,121.21236413731701,34100
2018-03-05,121.90094757080078,122.10028129020574,121.49322453577707,121.56571078150048,114300
2018-03-06,122.24525451660156,122.37210199104572,122.15465707790591,122.29961574488651,23600
2018-03-07,122.38117218017578,122.3992833728258,122.12746340435848,122.25431087959818,26100
2018-03-08,121.62014770507812,122.13660734279706,121.32114693987447,122.13660734279706,66400
2018-03-09,121.90094757080078,122.17276753592917,121.78316951867075,121.84658634284266,40400
2018-03-12,122.40843963623047,122.4537314753254,122.24534200930653,122.25439761205598,65800
2018-03-13,122.88865661621094,123.15140736514273,122.71650337623731,122.81617031383529,48100
2018-03-14,122.95203399658203,123.0154646752919,122.61679705295589,122.9248533700904,18300
2018-03-15,122.68923950195312,123.12414319579618,122.67111448231907,122.94293447547317,26800
2018-03-16,122.75264739990234,122.79795303302099,122.28150752641538,122.76171682172897,44800
2018-03-19,123.49565124511719,123.79465190634758,123.3959843580404,123.76747128490314,98500
2018-03-20,123.21479797363281,123.38693733224865,123.11513106846364,123.23290917432246,33400
2018-03-21,124.5195083618164,124.52857778742121,123.74936757932295,123.79467323131524,88300
2018-03-22,124.202392578125,124.32018450456553,123.92151690000695,124.29299005394246,34500
2018-03-23,124.48323822021484,124.69162757219146,124.43793258056598,124.43793258056598,29000
2018-03-26,125.25337219238281,125.36209464953794,124.9634272061853,125.03591345273469,66800
2018-03-27,124.53761291503906,124.72789109198948,124.25673727434122,124.30204291888576,13200
2018-03-28,123.90341186523438,124.2114682183337,123.84905060590457,124.19335701545424,73600
2018-03-29,123.48662567138672,123.84905712824852,123.33259748672536,123.75844580769646,14600
2018-04-02,123.6496810913086,123.72216735794704,123.45034731438831,123.6225004694869,32700
2018-04-03,123.70403289794922,123.79464418067025,123.50469913623549,123.59531041895652,19100
2018-04-04,123.93051147460938,123.96676150736106,123.82178902702772,123.82178902702772,41700
2018-04-05,123.23289489746094,123.41411748611453,122.915783018002,123.36881183895115,25200
2018-04-06,123.98491668701172,124.12083362004743,123.75840229062707,123.75840229062707,13900
2018-04-09,124.32926940917969,124.51047822886935,124.3111443796067,124.4742419950701,38000
2018-04-10,124.7459945678711,124.79130020961125,124.58291084801544,124.63727208796732,23200
2018-04-11,124.70073699951172,125.10846023646948,124.70073699951172,124.80945950927524,12000
2018-04-12,125.19002532958984,125.33499791971616,124.8910245469595,124.8910245469595,8300
2018-04-13,125.3167724609375,125.50705056115808,125.27146683466249,125.44361991930587,26800
2018-04-16,126.10504913330078,126.1594241849098,125.96914606762151,126.09599353736793,32800
2018-04-17,125.7064437866211,126.02355567004695,125.67926316305152,125.9782500223168,34500
2018-04-18,124.9635009765625,125.31686299625665,124.92726474456522,125.07222349790037,21500
2018-04-19,123.98491668701172,125.26246120070303,123.80370793497232,125.16279431328013,72600
2018-04-20,123.28724670410156,123.531872267005,123.27817728117489,123.45938601029071,53500
2018-04-23,122.68021392822266,122.83425591216151,122.55336639612437,122.80706146032094,31300
2018-04-24,123.03356170654297,123.03356170654298,122.81611671965263,122.97014486048079,36800
2018-04-25,122.55335998535156,122.7164575611429,122.54430438544112,122.671151910904,20600
2018-04-26,122.4537353515625,123.11516765759742,122.35406841677286,123.11516765759742,37700
2018-04-27,121.25765991210938,121.4207436031199,121.12174301092894,121.18517366321414,78400
2018-04-30,121.1126937866211,121.17612444224369,120.79558198452536,120.79558198452536,31600
2018-05-01,119.75363159179688,120.07075728261904,119.59960345850497,119.98014599228648,37600
2018-05-02,119.3277816772461,120.0345054904671,119.26436483520914,119.99826927006622,33100
2018-05-03,119.33684539794922,119.59054040465556,119.11938660991196,119.52710974030849,64400
2018-05-04,119.05598449707031,119.14659580348443,118.76605320216481,118.77510880266851,21000
2018-05-07,119.26435089111328,119.36401776723993,119.08312833427209,119.16468401498663,24400
2018-05-08,119.17375183105469,119.23718249752037,118.6935424219398,118.74790366442957,9600
2018-05-09,119.18280792236328,119.49993360531977,119.1375161036622,119.45462796127721,13900
2018-05-10,118.9110107421875,119.17376137704858,118.49421814081117,119.05596945865781,110900
2018-05-11,119.11034393310547,119.45463643650504,119.04691326187721,119.42745581321935,51300
2018-05-14,119.26435089111328,119.68112959103199,119.24622587036116,119.59958773565745,30400
2018-05-15,118.83854675292969,118.94726926700301,118.33115658679404,118.52142098642234,43600
2018-05-16,118.65731048583984,118.7569773757831,118.50326852610235,118.73885235251834,33600
2018-05-17,118.8022689819336,118.89288027275221,118.61200462669318,118.69354649322479,17700
2018-05-18,118.60292053222656,118.65729559519714,118.37640615853985,118.43983681933543,25400
2018-05-21,118.10462188720703,118.19521935828988,117.91434369485034,118.11367748671249,39500
2018-05-22,118.15896606445312,118.28581356591762,118.13178544452079,118.25863294598528,6300
2018-05-23,117.47036743164062,117.52474250329853,117.2257418232209,117.33446431585189,42500
2018-05-24,117.70596313476562,117.878116315685,117.59722680582804,117.69689370923696,70300
2018-05-25,117.11700439453125,117.25292133437337,117.07171257325948,117.20761568775933,14400
2018-05-29,116.53711700439453,116.88142329557587,116.4283945231124,116.68208952966468,26200
2018-05-30,116.83610534667969,116.99013345405226,116.76361909167973,116.91764719905231,11200
2018-05-31,116.91765594482422,117.27101782354426,116.79080844542064,116.88141972728343,41200
2018-06-01,117.3707046508789,117.49755217184051,117.14419023306581,117.14419023306581,46400
2018-06-04,117.07170104980469,117.50660479873859,116.95390914527097,117.50660479873859,16600
2018-06-05,117.7784652709961,117.88718778922923,117.28013068685142,117.49757572331771,161000
2018-06-06,117.94151306152344,118.20427750087192,117.86902679637011,118.06836056920639,33700
2018-06-07,118.04121398925781,118.27678404993492,117.60631009825953,117.86906078803993,41300
2018-06-08,117.91435241699219,117.98683869442594,117.63347673277623,117.63347673277623,17800
2018-06-11,117.70596313476562,117.84186626425787,117.58817120564316,117.69689370923696,34900
2018-06-12,117.60625457763672,118.02303324402769,117.41597643839638,117.47940709325613,75700
2018-06-13,117.67880249023438,117.68785809195687,117.1532872580611,117.33449606993385,84900
2018-06-14,116.77271270751953,117.29822779614145,116.72740706059064,117.24385272462136,16400
2018-06-15,116.75457000732422,116.89047310219313,116.63677810821099,116.83611186424557,42400
2018-06-18,116.44654083251953,116.5462077336951,116.37405455663337,116.41936020723016,11000
2018-06-19,115.86665344238281,115.90289657904476,115.75793094506848,115.8938409793829,19200
2018-06-20,115.9300765991211,116.17471604214624,115.90289597493418,115.98443784749493,49500
2018-06-21,116.4555892944336,116.64586748513976,116.3740474235635,116.51901996644986,20800
2018-06-22,116.60059356689453,116.89052490622126,116.4918710428153,116.89052490622126,13600
2018-06-25,116.73646545410156,116.82707675012826,116.60056233540422,116.7908267015805,11700
2018-06-26,116.2381362915039,116.45559511670542,116.05692751650763,116.45559511670542,25800
2018-06-27,115.28677368164062,115.7669831310762,115.25053054604739,115.72168439608814,18200
2018-06-28,114.96060943603516,115.20524890943021,114.88813006676284,114.91531069432399,17900
2018-06-29,116.04786682128906,116.09317246938473,115.66732426290245,115.66732426290245,12800
2018-07-02,115.4317398071289,115.57670542877187,115.17804478475055,115.17804478475055,13700
2018-07-03,115.75794982910156,115.94822114311283,115.7488873152898,115.80324857281514,10200
2018-07-05,116.24722290039062,116.32876478739098,116.12943095782656,116.23815347382701,37600
2018-07-06,116.6549301147461,116.73647199053028,116.59149943890718,116.64587451477344,25300
2018-07-09,116.50993347167969,117.34350473313482,115.9663003408468,117.33444913503465,182300
2018-07-10,116.64588928222656,116.7364867694531,116.45561105596397,116.65494488334565,10100
2018-07-11,116.05691528320312,116.66397221939094,116.05691528320312,116.65491662046581,105400
2018-07-12,116.16565704345703,116.35592140719817,116.12035139602354,116.2562545129815,28100
2018-07-13,116.35591888427734,116.35591888427734,115.77604255559251,115.77604255559251,11700
2018-07-16,116.34689331054688,116.6549496653666,116.3106432538941,116.58246337740682,10700
2018-07-17,115.3139419555664,115.80321386466932,114.888100711462,115.73073451391635,134700
2018-07-18,114.98778533935547,114.98778533935547,114.62536087898245,114.75220840321226,39400
2018-07-19,114.31729125976562,114.53475007140199,114.07265873751378,114.07265873751378,35500
2018-07-20,115.468017578125,115.468017578125,115.08746801773152,115.15089179235162,19600
2018-07-23,115.18710327148438,115.35019392034084,115.042137646207,115.35019392034084,59500
2018-07-24,115.58577728271484,115.65826355573058,115.35020035174944,115.35020035174944,22900
2018-07-25,115.99352264404297,116.02070327183188,115.47706306536398,115.80324442417577,18300
2018-07-26,115.20521545410156,115.64918170490911,115.20521545410156,115.54045231356692,73700
2018-07-27,115.232421875,115.4136306551404,115.21430376205471,115.24148438780858,16000
2018-07-30,115.47705078125,115.58578019351174,115.3683282816599,115.38644639403437,39400
2018-07-31,115.36832427978516,115.48610928781261,115.07838610314948,115.43174803990324,25600
2018-08-01,115.35926055908203,115.47704556587557,115.21429492861854,115.39550369486574,10600
2018-08-02,114.45319366455078,114.80655556908155,114.45319366455078,114.77937494760545,19500
2018-08-03,114.31729125976562,114.47131940017128,114.23574938990542,114.23574938990542,11300
2018-08-06,113.75553894042969,113.82801829766403,113.63774702366544,113.71023329357095,12300
2018-08-07,113.76461029052734,113.92770096405928,113.63776275696608,113.84615908362937,18200
2018-08-08,113.28437805175781,113.347801805812,113.14846803230718,113.1847111650054,16500
2018-08-09,112.76795196533203,113.32064777147824,112.75888945186357,113.32064777147824,29600
2018-08-10,112.21522521972656,112.35113523359162,111.8799883532193,111.8799883532193,32400
2018-08-13,112.09745025634766,112.4417496646267,112.02496398744542,112.34208277305387,49900
2018-08-14,111.73501586914062,112.29677403407486,111.6897102269456,112.27864901212867,21700
2018-08-15,111.59911346435547,111.68066224333265,111.3363559295838,111.47226595276514,19200
2018-08-16,111.78034210205078,112.06121777992192,111.62630703781564,111.81658523994895,12200
2018-08-17,112.07025146484375,112.08836957279647,111.88903582196683,111.88903582196683,5000
2018-08-20,112.4145736694336,112.4236361815872,112.16087863050363,112.27866363781501,98100
2018-08-21,113.43840026855469,113.58337279179126,112.91289215349806,112.9491352843072,28200
2018-08-22,113.60149383544922,113.7011607195814,113.42934760049683,113.664917587836,27400
2018-08-23,112.64111328125,113.06696158299957,112.55957139164157,113.0307184389493,27400
2018-08-24,112.94007873535156,113.07598875489272,112.89477309128094,113.0216205994738,37200
2018-08-27,113.32970428466797,113.34782239797326,113.148488588255,113.19379424052624,68000
2018-08-28,113.11224365234375,113.59246005570655,113.10318805217094,113.58339754286185,31400
2018-08-29,114.51663208007812,114.51663208007812,113.13942741849439,113.16660804345034,134000
2018-08-30,114.43511199951172,114.43511199951172,114.1451737569765,114.2448337632381,12300
2018-08-31,113.90956115722656,114.13607555440124,113.90956115722656,113.98204742336345,2200
2018-09-04,113.01256561279297,113.11222558748071,112.61389806335889,112.8857111912424,79200
2018-09-05,113.465576171875,114.0816955071425,113.15751304790642,113.96390361591789,134200
2018-09-06,113.62869262695312,113.80990139096345,113.61056760294935,113.77365825562713,29400
2018-09-07,113.60149383544922,114.19043262913827,113.56525070370382,113.94580013069512,92000
2018-09-10,114.52568817138672,114.58004941825067,114.38977814155557,114.54380628278429,68100
2018-09-11,114.40791320800781,114.4351007481402,114.15421813481717,114.15421813481717,15400
2018-09-12,114.68876647949219,114.89715584515372,114.25385581338077,114.26291832443968,26000
2018-09-13,115.22337341308594,115.30492221296387,115.06028272600277,115.21431781184494,55500
2018-09-14,114.82469177246094,115.06932430223672,114.82469177246094,115.01496305399131,10300
2018-09-17,115.69451141357422,115.72169203889646,115.52235823630437,115.56766388695594,30900
2018-09-18,115.54045867919922,115.7760355837511,115.44079870581606,115.70354931886271,17700
2018-09-19,115.5133056640625,115.74888262491392,115.42270126763422,115.44082629452329,30600
2018-09-20,116.62775421142578,116.7183655161947,116.31969789576196,116.61869861108651,54400
2018-09-21,114.96060943603516,115.10558199992442,114.78846315725706,114.96060943603516,77500
2018-09-24,115.2414779663086,115.73074994063062,115.2414779663086,115.73074994063062,14400
2018-09-25,115.85761260986328,115.96633512103533,115.49518810972091,115.49518810972091,38900
2018-09-26,115.70357513427734,116.15660402190204,115.54954697152628,115.6492138798175,6900
2018-09-27,114.97872924804688,115.44987623397368,114.92436108271808,115.26866745000306,32000
2018-09-28,114.54380798339844,114.7522042872564,114.28105043186943,114.37166172821634,30200
2018-10-01,114.61631774902344,114.95156164127843,114.61631774902344,114.82471409559768,10600
2018-10-02,114.11796569824219,114.16327134876673,113.9095762962414,113.99111817197951,8400
2018-10-03,114.07266998291016,114.28105939043253,114.02736433118517,114.27200379022506,2800
2018-10-04,114.47135925292969,114.58008869660159,114.29921294129122,114.35357420679034,12000
2018-10-05,115.26864624023438,115.52234125618142,114.85186058365413,115.10555559960117,307200
2018-10-08,114.77030944824219,114.85185822321816,114.67970507479045,114.7884344705349,24900
2018-10-09,115.53141784667969,115.57671658352155,114.70690203170196,114.85187458000767,270500
2018-10-10,115.90291595458984,116.15661104096229,115.86667281186912,115.87573532571746,44400
2018-10-11,116.27438354492188,116.38310604223584,115.90289657864186,116.38310604223584,82100
2018-10-12,115.61296081542969,116.02974652674814,115.54953705311321,115.9572671645805,96800
2018-10-15,115.56767272949219,115.757944033978,115.39551953905023,115.46800582057024,59900
2018-10-16,115.93913269042969,116.22001525437193,115.76697952988486,116.18376520723506,26600
2018-10-17,115.35926055908203,115.52235121377304,115.28677428751462,115.36832307119579,54200
2018-10-18,114.44412231445312,115.1780336009803,114.41694169507623,115.1780336009803,25700
2018-10-19,114.81562805175781,115.15992747480738,114.57098861188543,114.61629426006073,156400
2018-10-22,113.96391296386719,114.11794108215088,113.92766983379981,114.05451733270053,7800
2018-10-23,114.11796569824219,114.28105636239015,114.0273613098648,114.25387573714411,12900
2018-10-24,113.24813842773438,113.6739866092937,113.15753404951707,113.59244474269943,16200
2018-10-25,112.65015411376953,113.09412044575802,112.47800094083313,113.09412044575802,117300
2018-10-26,112.77696228027344,112.84038601985246,112.55951044638384,112.60480916741504,5800
2018-10-29,112.53235626220703,112.76793318444653,112.49612003971285,112.70450942607488,52300
2018-10-30,111.69876861572266,112.27864486853252,111.63534486659252,112.26052675992543,21400
2018-10-31,112.32398223876953,112.74076798116998,112.01591900406439,112.08840528430939,126100
2018-11-01,114.36258697509766,114.54379572305281,113.46559192117958,113.46559192117958,67900
2018-11-02,113.97300720214844,114.29012603767919,113.85522218114335,114.19952164362357,11000
2018-11-05,114.56189727783203,114.70686286396632,114.34443852962679,114.34443852962679,34200
2018-11-06,115.13274383544922,115.13274383544922,114.93341004897303,115.02401443027915,11300
2018-11-07,115.42267608642578,115.6491904844151,115.42267608642578,115.55858610775354,15100
2018-11-08,114.78845977783203,115.33209305106732,114.75221663792672,115.15993986468517,2800
2018-11-09,113.98204040527344,114.62534042411981,113.94579727443654,114.62534042411981,67300
2018-11-12,112.95820617675781,113.64681193002622,112.91290744161584,113.64681193002622,207700
2018-11-13,113.90050506591797,114.70689581229924,113.76459503741829,113.87332444275228,401900
2018-11-14,114.36258697509766,114.92433824136101,113.23001501870138,113.82800941708989,1039300
2018-11-15,112.30585479736328,112.60485551244008,111.86188843758597,112.60485551244008,281200
2018-11-16,112.74980163574219,113.13940665149832,112.6229541341165,113.13940665149832,185200
2018-11-19,112.93104553222656,113.14849747232378,112.74077422055744,112.89480239009828,285000
2018-11-20,112.4145736694336,112.87666501186825,112.31490677375805,112.79511622782856,46600
2018-11-21,112.27867889404297,112.65016590343268,112.14276884395717,112.49613773924918,237600
2018-11-23,112.5776596069336,112.84041714700552,112.49611773898252,112.76793087815717,42300
2018-11-26,112.59576416015625,112.89476479864967,112.55046543208375,112.8494660705772,45800
2018-11-27,111.89811706542969,112.26054149918798,111.85281141895824,112.26054149918798,32800
2018-11-28,112.75886535644531,112.89477537874025,111.99778029186706,112.31489906877466,26000
2018-11-29,112.32398223876953,112.47801039978602,112.1518290513557,112.2605584717232,45400
2018-11-30,111.97062683105469,112.24244002890838,111.94344620253658,112.12465500110571,59900
2018-12-03,111.87091827392578,112.07025202575308,111.77125139801214,111.78031390836883,39300
2018-12-04,111.71693420410156,112.16996312315685,111.31826654327764,112.16090060922738,95400
2018-12-06,112.30585479736328,112.5957929994363,112.15182663965899,112.16088915266278,99000
2018-12-07,111.97062683105469,112.17901625814193,111.77129300502511,112.12465500110571,55900
2018-12-10,110.38500213623047,111.17326784603836,109.94102892276301,110.88332968248363,119200
2018-12-11,109.8594970703125,110.63870725203112,109.72358703160869,110.5843460016183,290600
2018-12-12,111.47227478027344,111.47227478027344,110.85615528404225,110.91052344522276,203200
2018-12-13,111.30915832519531,111.36352647377552,110.89237272031964,111.13701210725593,136300
2018-12-14,110.57528686523438,110.62964811730704,110.19474427538184,110.26722364058809,22500
2018-12-17,110.86522674560547,111.01019239088863,110.72931670069048,110.87428925864567,30900
2018-12-18,111.07360076904297,111.33635830943116,110.9376976556276,111.1279689270802,17500
2018-12-19,110.874267578125,111.35447698527469,110.86520506685689,111.20950445566763,15500
2018-12-20,111.30915832519531,111.54473520192326,111.0011021048102,111.26385959949332,34700
2018-12-21,110.95580291748047,111.55380419794193,110.90144167840953,111.13701856883407,40900
2018-12-24,111.78034210205078,111.91624522832925,111.60818892520243,111.65349457574307,48600
2018-12-26,111.08265686035156,111.56286626711976,111.04641372797859,111.3454143855526,21500
2018-12-27,111.1913833618164,111.36353650793714,111.01016770467078,111.12795960998307,33400
2018-12-28,111.59005737304688,111.63535610546016,111.41790421693209,111.45414735046525,8100
2018-12-31,112.03402709960938,112.62296594042179,111.78938766892107,112.30584024044279,87200
2019-01-02,110.84709167480469,110.93770297165172,110.57527852227784,110.8923973232282,22600
2019-01-03,111.02828979492188,111.09171354508047,110.54808041333968,110.67492791365684,9600
2019-01-04,111.95248413085938,111.97966475508677,110.89239830996196,110.9377039587886,22100
2019-01-07,112.20618438720703,112.37833756554112,112.05215623431432,112.05215623431432,158200
2019-01-08,111.78034210205078,111.95248836622741,111.6897308009695,111.88906460307356,32400
2019-01-09,112.46894073486328,112.50518387268113,111.97061314337918,112.17900254499219,19100
2019-01-10,111.98873138427734,112.28773208711344,111.97966887164456,112.24242643662129,16200
2019-01-11,112.87665557861328,113.0578643305133,112.39644616467453,112.39644616467453,49400
2019-01-14,113.07600402832031,113.59245664219848,112.88572582765894,112.97633712803928,96700
2019-01-15,113.19378662109375,113.24814787002242,111.40885187943967,112.931029063486,101200
2019-01-16,113.19378662109375,113.32063414370832,112.87666781455734,112.91291095140029,64100
2019-01-17,114.1360855102539,114.23575240671816,113.28438909053077,113.52902853191446,59600
2019-01-18,113.06694030761719,113.61963605320756,113.01257905810718,113.57433040350148,66600
2019-01-22,113.84617614746094,114.00020433091868,113.43844594618241,113.43844594618241,28200
2019-01-23,114.8699722290039,114.9333959794213,114.52567285711947,114.52567285711947,21600
2019-01-24,114.74311828613281,114.79747952267563,114.38975642326464,114.75218079644661,9500
2019-01-25,116.10223388671875,116.10223388671875,115.18711366816669,115.18711366816669,24800
2019-01-28,115.68544006347656,115.82135009237707,115.46798816483847,115.6220163050125,56500
2019-01-29,114.94248962402344,115.8847905373676,114.78846146167055,115.8032417432164,251900
2019-01-30,115.14179992675781,115.49516183301712,114.77031299764526,114.80655613068095,44100
2019-01-31,115.28677368164062,115.5495312301881,115.11462742841188,115.11462742841188,6900
2019-02-01,114.97872924804688,115.12369489268897,114.8699998300613,114.96060422204661,6500
2019-02-04,114.56189727783203,115.06928719830584,114.51659164378864,114.77028660402554,20400
2019-02-05,113.86427307128906,114.08173190323322,113.61057801335943,114.08173190323322,29900
2019-02-06,113.6649169921875,113.97298015407364,113.65586139380153,113.97298015407364,5400
2019-02-07,113.80084228515625,114.08172486425201,113.77366166100828,114.00017607913664,34500
2019-02-08,113.65586853027344,113.8098966645527,113.64680601864791,113.80083415292717,2900
2019-02-11,113.03975677490234,113.2209655437218,112.89478422970963,113.2209655437218,20200
2019-02-12,113.3387451171875,113.3387451171875,113.12129322249746,113.20284200342566,5300
2019-02-13,112.92196655273438,113.42030104349273,112.92196655273438,113.18472411034591,10200
2019-02-14,112.42362213134766,112.56858774433128,112.26053149632202,112.41455962032666,75900
2019-02-15,113.31156921386719,113.35687486212217,112.6229703665567,112.68639412651086,34700
2019-02-19,114.82469177246094,114.84280988431892,113.90050907626035,113.90050907626035,27200
2019-02-20,114.72500610351562,114.96963859326306,114.45318608142266,114.55285296201205,21900
2019-02-21,114.57098388671875,114.85186645101285,114.55286577579868,114.76126207107038,20100
2019-02-22,114.67973327636719,114.93342834948795,114.27201003923342,114.27201003923342,16100
2019-02-25,115.14179992675781,115.25052241319403,114.75219488746284,114.85186177514323,99700
2019-02-26,116.46466064453125,116.76366137016771,115.51330412569563,115.75794359673354,75900
2019-02-27,116.9267349243164,117.30727745362786,116.85424865797017,117.03545741116491,28500
2019-02-28,116.56431579589844,116.92674716557313,116.4827739222253,116.8633164913764,46800
2019-03-01,116.0025634765625,116.71835678479572,115.82135470592449,116.60962046213851,27900
2019-03-04,115.77603912353516,115.93006725662926,115.73074039109795,115.84852539063975,30300
2019-03-05,115.8122787475586,115.83039685745025,115.23240245363593,115.39549309334359,62400
2019-03-06,115.7941665649414,115.7941665649414,115.4679852688295,115.60388838165025,4600
2019-03-07,114.88810729980469,115.59483112703518,114.86091976495887,115.19616356801451,156500
2019-03-08,114.353515625,114.96963499816376,114.17230689105129,114.70687749506905,107500
2019-03-11,115.44986724853516,115.7307498283022,114.77032399252603,114.78844901711564,100100
2019-03-12,114.92433166503906,115.48608981182753,114.71594230808238,115.11460982597549,92500
2019-03-13,116.46466064453125,116.6821194882699,115.75794359673354,115.83948547863135,237600
2019-03-14,116.22003173828125,116.72742186742542,116.15660105946618,116.32875424442811,58800
2019-03-15,116.7907943725586,116.83610000803083,116.52804380736184,116.52804380736184,71300
2019-03-18,116.49183654785156,116.50089214706121,115.87571016803852,116.49183654785156,40900
2019-03-19,116.63681030273438,116.74554663398358,116.38311523872639,116.67306035493215,85600
2019-03-20,116.01163482666016,116.4012468705038,115.56767535212386,115.87573168656637,33300
2019-03-21,115.0783920288086,115.72169217532306,114.33542498088059,115.43175398375779,137200
2019-03-22,115.9753646850586,116.16564285089498,115.76696841006515,115.76696841006515,22000
2019-03-25,115.98443603515625,116.36497859316971,115.73980350862513,116.28343672188312,31700
2019-03-26,115.99352264404297,116.31063457669528,115.99352264404297,116.21096766635432,9100
2019-03-27,116.43745422363281,116.59148235265603,115.92100859400692,116.26531489731848,75600
2019-03-28,114.73409271240234,115.25054536383156,114.56194643704072,115.25054536383156,69800
2019-03-29,114.43511199951172,115.02404408617768,114.06362495390596,115.02404408617768,62200
2019-04-01,115.25053405761719,115.52235412651288,114.96965838905075,115.15992967220913,47100
2019-04-02,115.39549255371094,115.40455506494973,114.48943498460999,114.71594937688522,82500
2019-04-03,115.67636108398438,115.79415298484271,115.34112422811432,115.46797172698464,30600
2019-04-04,114.96965026855469,115.29583156312219,114.79749710956878,115.29583156312219,27400
2019-04-05,114.5528793334961,114.6072405853612,114.18139234529285,114.5528793334961,31400
2019-04-08,114.80655670166016,114.86998045662031,114.58004230356376,114.77937607991592,5800
2019-04-09,114.67973327636719,114.77940018547496,114.52570511235419,114.77940018547496,8400
2019-04-10,115.03308868408203,115.25054060394713,114.76127551241862,114.76127551241862,79900
2019-04-11,114.74311828613281,115.04211891245818,114.68875704959001,114.8518476718884,14600
2019-04-12,114.90623474121094,115.30490233260501,114.83374846774446,115.18711041005412,31300
2019-04-15,115.10557556152344,115.25960371753602,115.04215179653755,115.2324230914952,11200
2019-04-16,114.64348602294922,114.86093794744178,114.62536790952153,114.78845858105896,27700
2019-04-17,114.57098388671875,114.66159517933231,114.5075601294919,114.58910891030989,20200
2019-04-18,114.07266998291016,114.4079069200562,114.04548935694393,114.39885131984875,14900
2019-04-22,114.0545654296875,114.13611423489593,114.01832228433632,114.07269045869965,23900
2019-04-23,113.72836303710938,113.8642730789156,113.61057802096899,113.81897434009478,13200
2019-04-24,113.40216827392578,113.88237767785851,113.27531385503407,113.71928703947846,4500
2019-04-25,113.29344940185547,113.42029691986006,113.25720626632969,113.25720626632969,15300
2019-04-26,113.5380630493164,113.71021618627437,113.5018199198163,113.56524366827395,31400
2019-04-29,113.70116424560547,113.70116424560547,113.42935111809163,113.46559425096096,8100
2019-04-30,114.60720825195312,114.64345138052879,114.4169370114334,114.4169370114334,26000
2019-05-01,114.62533569335938,115.12366316829147,114.61627318285659,114.86090566507123,61600
2019-05-02,114.52568817138672,114.62535506575148,114.41695876498754,114.62535506575148,13800
2019-05-03,115.71258544921875,115.80318980333729,114.35349939943323,114.35349939943323,23400
2019-05-06,115.09651184082031,115.1508730923315,114.98778933779796,115.03308807649998,26000
2019-05-07,114.8699722290039,114.88809725064907,114.62533973815688,114.69781908672653,49100
2019-05-08,114.28105163574219,114.44414229314474,114.14514851513293,114.31729477212846,16300
2019-05-09,114.37167358398438,114.54381985701116,113.99112407282517,113.99112407282517,2700
2019-05-10,114.32635498046875,114.634411264537,114.28104933273104,114.51662625815878,25000
2019-05-13,113.85521697998047,114.55287838627738,113.74648756447743,114.55287838627738,48200
2019-05-14,113.42029571533203,113.55620574394251,113.39311509214417,113.47465696170774,11700
2019-05-15,112.84947967529297,113.19377908336635,112.72263216112535,112.84947967529297,41800
2019-05-16,112.42362213134766,112.56858774433128,112.38737899993413,112.50516399252523,34100
2019-05-17,111.78939056396484,112.08839124802893,111.78033496457233,112.08839124802893,21900
2019-05-20,111.83470153808594,111.93436843752092,111.78034028845654,111.8256390255905,14800
2019-05-21,111.59911346435547,112.60483795815806,111.59911346435547,111.83469037702505,566500
2019-05-22,111.25482177734375,111.51757933033421,110.97394611258595,111.19139801715097,84000
2019-05-23,111.20956420898438,111.45420375597438,110.95586905853135,110.95586905853135,74000
2019-05-24,111.72596740722656,111.88905806189796,111.29106360321704,111.44509174577577,38000
2019-05-28,111.20956420898438,111.49044690784972,111.17332105710904,111.4360787236995,25200
2019-05-29,110.92864227294922,111.21858045465409,110.87428102408941,111.21858045465409,7300
2019-05-30,110.82897186279297,110.88333310993009,110.56621431384471,110.74742999208729,12000
2019-05-31,111.08265686035156,111.08265686035156,110.54808621135923,110.55714180994947,33500
2019-06-03,111.31825256347656,111.35449570197015,110.87428621410585,110.92864746551031,33800
2019-06-04,111.68067169189453,111.69878980393847,111.35449037373166,111.45415727165206,19500
2019-06-05,111.49041748046875,111.89814073426953,111.48135496672332,111.78035570626926,51200
2019-06-06,111.52662658691406,111.83468976528471,111.49039036609012,111.54475160999692,18900
2019-06-07,111.89811706542969,112.10651336145882,111.89811706542969,112.0068464693585,12800
2019-06-10,111.53569793701172,111.55382296153088,111.2638847832672,111.38166979195601,37100
2019-06-11,111.78034210205078,111.8256408399197,111.63536955045812,111.6897308009695,8800
2019-06-12,111.47227478027344,111.96154675486922,111.44509415601892,111.88906048174286,27100
2019-06-13,111.3816909790039,111.56289978263649,111.36357286370975,111.50853852408126,7900
2019-06-14,110.54810333251953,110.99206967567413,110.54810333251953,110.99206967567413,33300
2019-06-17,110.1494369506836,110.65682706278118,110.1494369506836,110.62058392439252,37000
2019-06-18,110.36688995361328,110.40313309235833,109.99540987865235,110.04977113043398,32000
2019-06-19,111.1551513671875,111.30917950669073,110.70212254793954,110.71118505987243,51200
2019-06-20,111.62628936767578,111.67159501104466,111.43601810833363,111.43601810833363,25300
2019-06-21,111.97966766357422,112.00685520117923,111.28200627715495,111.28200627715495,13400
2019-06-24,111.95248413085938,111.97966475508677,111.70785160014131,111.73503222436871,51700
2019-06-25,111.4813461303711,111.89813186488159,111.34543608565262,111.85282621241808,77800
2019-06-26,111.50849914550781,111.56286038486569,111.36353353633004,111.40883226490483,3800
2019-06-27,111.32731628417969,111.65349762148922,111.25483000640604,111.65349762148922,82900
2019-06-28,111.57193756103516,111.8256325949455,111.47227066733163,111.81657699564244,17700
2019-07-01,111.05549621582031,111.26389253628341,111.01019056403688,111.24576751050127,35200
2019-07-02,110.70215606689453,111.0464555852101,110.65685040618338,111.01927495385272,26900
2019-07-03,110.49372863769531,110.58433993364031,110.41218676655042,110.557152397254,20800
2019-07-05,110.04068756103516,110.06787509439546,109.6782700682779,109.85947881465653,62000
2019-07-08,109.92291259765625,109.99539886789032,109.87760695059215,109.87760695059215,10400
2019-07-09,109.48795318603516,109.58762003510499,109.37923074171762,109.5604394240256,18900
2019-07-10,109.8594970703125,109.91385832072532,109.77795519469325,109.77795519469325,9600
2019-07-11,110.06787872314453,110.26720558566426,109.95008681271152,110.26720558566426,30600
2019-07-12,110.4665298461914,110.48465486746802,110.18565423043566,110.18565423043566,15900
2019-07-15,109.98632049560547,110.14034861313817,109.92289674646433,110.14034861313817,8200
2019-07-16,109.01687622070312,109.18902941791849,108.92627182157439,109.17090439048921,57900
2019-07-17,109.27057647705078,109.33400025071111,109.02594389655314,109.03499949802399,16900
2019-07-18,110.29438781738281,110.33062403597462,109.56047650649494,109.57860152846132,31700
2019-07-19,109.82323455810547,110.10411018591697,109.67826894502133,109.99538770427148,35300
2019-07-22,109.65108489990234,109.7779393203081,109.54236241479845,109.67827243384905,36700
2019-07-23,109.29773712158203,109.43364715819511,109.23431335951881,109.30679963406867,59100
2019-07-24,109.70545196533203,109.8685426040385,109.61484759108858,109.71450756388691,25400
2019-07-25,109.41553497314453,109.8051400791162,109.28868744214651,109.77795945285547,72500
2019-07-26,108.84469604492188,109.18900235401185,108.75409166825062,109.1708773310751,20000
2019-07-29,107.42219543457031,107.78461988608781,107.34065356213138,107.74837674966892,62700
2019-07-30,106.82421112060547,107.09602430057998,106.69736358741626,107.09602430057998,129600
2019-07-31,106.8785400390625,107.59432628131756,106.6882687968433,107.20472128648683,144800
2019-08-01,106.77889251708984,106.90574003489454,106.22619679836744,106.38023185227708,32900
2019-08-02,106.80607604980469,106.93292357106456,106.46177662248094,106.59768665602266,24900
2019-08-05,106.6701889038086,106.91482147068255,106.55239696451864,106.85139770055432,47300
2019-08-06,106.8695068359375,107.24099382452796,106.69736056729462,106.91481248765358,31800
2019-08-07,106.68830108642578,106.86950987309609,106.66112045969244,106.7336067394294,29800
2019-08-08,106.65203857421875,106.77888608438174,106.4164616642,106.4164616642,125100
2019-08-09,105.70069122314453,106.18995628236237,105.65538557452331,106.09935189779135,30200
2019-08-12,106.08125305175781,106.28964248285041,106.01782927977231,106.28964248285041,15000
2019-08-13,105.94532775878906,106.17184218511738,105.91814713365713,106.14466155998545,31700
2019-08-14,105.90908813476562,106.06311629073782,105.90002562186376,106.06311629073782,23500
2019-08-15,106.43458557128906,106.57049559151615,106.35303679408449,106.53425245861088,29800
2019-08-16,106.73360443115234,106.87857007481907,106.66111815298301,106.86950756187991,44200
2019-08-19,106.57955932617188,106.72453186885971,106.45271180765567,106.57050372675737,13800
2019-08-20,106.94194793701172,107.01443418406755,106.29864804789642,106.37113429495226,110000
2019-08-21,106.5433349609375,106.72455067122326,106.42554993375616,106.59770313035949,58200
2019-08-22,107.66680908203125,107.79365657277108,107.40405159045022,107.55807969882434,65700
2019-08-23,107.91148376464844,108.00208816309394,107.36785046130292,107.57624679913283,60900
2019-08-26,107.34969329833984,107.53090202931635,107.27720704088124,107.53090202931635,32000
2019-08-27,107.94772338867188,108.08363343824723,107.66684768884248,107.95678590202284,40100
2019-08-28,107.25908660888672,107.59433037947248,107.2047253698021,107.34969789092145,37500
2019-08-29,107.00541687011719,107.2138131902543,106.99635435724029,107.13226439970607,39500
2019-08-30,106.8785400390625,107.38593001831367,106.70638690495798,107.13223502868809,39600
2019-09-03,106.16277313232422,106.3621069212406,105.61913992516129,105.6735011720762,100300
2019-09-04,107.404052734375,107.44029586249665,106.87853774561586,107.15035775019331,112300
2019-09-05,108.34638214111328,108.46416715432994,108.20140959007276,108.43698652917777,78200
2019-09-06,107.96582794189453,108.3463704784057,107.92958480803571,108.33730796677327,50400
2019-09-09,108.48230743408203,108.72694000752298,108.22860543408609,108.55478680712248,98200
2019-09-10,108.4913330078125,108.69066678201703,108.42790925353567,108.6544236491916,25700
2019-09-11,108.364501953125,108.47323136811059,108.2104737997326,108.26483505088949,31500
2019-09-12,108.38262176513672,108.59101115966193,108.25577424342447,108.26482984306715,59500
2019-09-13,109.74169921875,109.77794235234258,109.18900352863747,109.28867041784929,68300
2019-09-16,109.16183471679688,109.42458536659579,109.08934844176947,109.42458536659579,46400
2019-09-17,109.8594970703125,110.03165024684876,109.25244006513013,109.25244006513013,33800
2019-09-18,109.70545196533203,109.90478573627,109.4245694187055,109.67827134432606,29700
2019-09-19,110.03166961669922,110.29442722773634,109.60582131304159,109.7507869772193,90100
2019-09-20,109.56049346923828,109.91385541291682,109.4970697078773,109.56049346923828,89100
2019-09-23,109.25243377685547,109.30679502413942,109.06216249869033,109.21619064110907,53400
2019-09-24,109.76887512207031,109.81417385261055,109.49705508814642,109.57860386339183,63700
2019-09-25,108.52757263183594,108.83563579455681,108.50945452234438,108.83563579455681,64400
2019-09-26,108.2376480102539,108.57289183541964,108.21046738628641,108.54571121145214,102200
2019-09-27,108.02925109863281,108.2829461215661,107.96582734289949,108.22857796474402,29900
2019-09-30,108.04737854003906,108.44604613203205,107.89335039319506,108.10173978888483,61200
2019-10-01,108.12891387939453,108.40073393254109,107.28628692251661,107.40407192545554,283600
2019-10-02,108.038330078125,108.22860138650158,107.81181562824729,107.83899625620502,63800
2019-10-03,108.44601440429688,109.05307121437478,108.42788938487006,108.68158435548952,68300
2019-10-04,108.40979766845703,108.40979766845703,107.9024006910323,107.99301198488502,21800
2019-10-07,108.02021026611328,108.31921099429428,108.00208523931136,108.2195440849006,19100
2019-10-08,107.36783599853516,107.4040791355658,107.18662722605352,107.24098847526369,55400
2019-10-09,107.28628540039062,107.40407040165846,107.21379913222378,107.40407040165846,20900
2019-10-10,109.4064712524414,109.48801313032344,107.33159821448938,107.44938323120962,226400
2019-10-11,111.21858215332031,111.61724975150527,111.064554004084,111.064554004084,223100
2019-10-14,110.31253814697266,111.07362338776835,110.20380872142792,110.54811511265001,103100
2019-10-15,112.30585479736328,112.4508273547358,110.9558306920238,111.07361571038496,896000
2019-10-16,112.69546508789062,113.24816089111856,112.29680436212382,112.51425629551228,278900
2019-10-17,113.0850601196289,113.17567142040299,112.50518374056767,112.70451754199591,145700
2019-10-18,113.71024322509766,113.90051451571466,113.02163742619439,113.06694307701015,131300
2019-10-21,113.87334442138672,114.2629495513492,113.87334442138672,114.07267824313577,46100
2019-10-22,113.30252838134766,114.19952364979875,113.0307082817335,113.53809842749617,268900
2019-10-23,113.43840026855469,113.51994904104285,113.04879525319437,113.25719152717934,84600
2019-10-24,112.85853576660156,113.17566146607474,112.3783263304911,113.17566146607474,45500
2019-10-25,112.70451354980469,112.77699982278767,112.51424226772792,112.65920790102244,62100
2019-10-28,112.98535919189453,113.08502606259268,112.76790734340297,112.76790734340297,64900
2019-10-29,112.93104553222656,113.3478312976931,112.89480239009828,112.97635118805506,27200
2019-10-30,113.3206787109375,113.37503998124559,112.91295535827832,113.27537304389793,29900
2019-10-31,113.77366638183594,113.84615265768585,113.57433257958455,113.8280276323875,72100
2019-11-01,113.70116424560547,113.92767864153573,113.59244175966825,113.83707426569778,13200
2019-11-04,113.15756225585938,113.44750048602906,112.97635345425557,113.23911105545196,21600
2019-11-05,113.1847152709961,113.2572015390221,112.98538149026005,113.13941653798308,23000
2019-11-06,112.93104553222656,113.1756850134244,112.85855924796998,113.15755998602398,24600
2019-11-07,112.58675384521484,112.71360139510905,112.5505107005775,112.71360139510905,44000
2019-11-08,112.32398223876953,112.65016358719983,112.21525281840204,112.49613542618334,38300
2019-11-11,112.90382385253906,113.19376197147282,112.89476134213395,113.09409509502653,37600
2019-11-12,112.8947982788086,113.0850695835486,112.77701325568542,112.84949953730228,121100
2019-11-13,112.90382385253906,112.90382385253906,112.67730948110113,112.72261512045672,40600
2019-11-14,113.16661834716797,113.2209796020294,112.81325636522413,112.84949950602251,43400
2019-11-15,113.34783172607422,113.43843612540111,113.28440795527816,113.39313738207395,28100
2019-11-18,113.77366638183594,113.94581955881154,113.71930513128437,113.7827288944851,83200
2019-11-19,113.56526184082031,113.79177625193987,113.42935872428556,113.7011718700263,31600
2019-11-20,113.5018310546875,113.5652548093672,113.37498354532808,113.5018310546875,60500
2019-11-21,113.40216827392578,113.7736482813816,113.27531385503407,113.7645857701742,42700
2019-11-22,112.75886535644531,113.0488035114281,112.65014286874606,113.0488035114281,49900
2019-11-25,113.3387451171875,113.42029389811569,113.07599448880055,113.11223071068963,52500
2019-11-26,113.02162170410156,113.066927348615,112.7679266852363,112.88571168323209,34300
2019-11-27,113.39311981201172,113.46560608531064,113.03975787051888,113.13942476813702,67500
2019-11-29,113.61964416503906,113.70118604512572,113.20285842613904,113.20285842613904,40100
2019-12-02,113.75553894042969,113.7645945396645,113.5108995076664,113.59244828947789,61200
2019-12-03,114.19044494628906,114.29917435325332,114.02735429217833,114.17232683479735,59400
2019-12-04,115.13274383544922,115.26865386374402,114.89716691391634,114.97871569596168,57800
2019-12-05,115.57669830322266,115.65824707691428,115.39548955917313,115.43173269051714,55500
2019-12-06,115.45891571044922,115.45891571044922,115.10555381333937,115.27770696263363,62800
2019-12-09,115.50421905517578,115.58576091626891,115.43173279242379,115.56764280691615,36100
2019-12-10,115.85761260986328,116.07506454487975,115.63109816135835,115.69452193043284,55800
2019-12-11,116.0025634765625,116.0569247252196,115.64013902261497,115.64013902261497,69300
2019-12-12,115.7941665649414,115.82134718750555,114.6525320285497,115.75792343063219,162600
2019-12-13,117.2166976928711,117.3979203201521,116.90864134704603,117.05361391873267,162700
2019-12-16,117.22576141357422,117.37072015285973,117.02642759354384,117.22576141357422,126700
2019-12-17,115.3139419555664,115.72167200282077,115.08742756687084,115.50422012522078,69400
2019-12-18,114.97872924804688,114.99684736137513,114.779395438076,114.93342359571821,37800
2019-12-19,114.32635498046875,114.634411264537,114.11795867861511,114.6162931530447,148700
2019-12-20,114.2176284790039,114.81562986353156,114.2176284790039,114.5528723078456,174000
2019-12-23,113.69212341308594,113.80990842570596,113.41124082503559,113.74648466311491,123300
2019-12-24,113.93675994873047,113.93675994873047,113.76460676736923,113.78273179312932,11700
2019-12-26,114.22669219970703,114.32635909818268,114.08172656453345,114.11796278882319,10000
2019-12-27,114.84281921386719,115.21430620751333,114.83375670086625,114.91530549253062,107100
2019-12-30,115.0874252319336,115.5132733800688,115.0874252319336,115.45891213993933,54000
2019-12-31,116.36500549316406,116.62777001739862,115.97540724561436,116.04789353418438,45300
2020-01-02,115.4317398071289,115.86664358472869,115.29582978437739,115.54952480675574,36000
2020-01-03,114.82469177246094,114.9787199176039,114.82469177246094,114.85187239658364,10100
2020-01-06,115.67636108398438,115.71260421404307,115.39548546686726,115.47702732499664,39200
2020-01-07,115.25959014892578,115.38643766396478,115.20522890324366,115.35925704112373,9400
2020-01-08,115.06934356689453,115.341163678972,114.96061413952903,115.33210116519005,47700
2020-01-09,114.77030944824219,114.79749006901065,114.52567694865543,114.60721881096082,18600
2020-01-10,114.70690155029297,114.83374907319232,114.67065841336864,114.79750593626801,12100
2020-01-13,114.17230987548828,114.20855300575943,114.00015673486789,114.15418485401756,37000
2020-01-14,114.36258697509766,114.49849699239934,114.12701007261946,114.1360725838184,36900
2020-01-15,114.45319366455078,114.50755490750296,114.3897699102163,114.44413115316848,43700
2020-01-16,114.85189056396484,114.86094616499054,114.54382731227776,114.62537611021678,24200
2020-01-17,114.31729125976562,114.56193069468873,114.30823566045088,114.56193069468873,27000
2020-01-21,114.52568817138672,114.7793832069802,114.52568817138672,114.7793832069802,30600
2020-01-22,115.37735748291016,115.44984374116629,115.25957249774648,115.44984374116629,14100
2020-01-23,115.232421875,115.2505399879453,115.0874493207502,115.18711622362898,3400
2020-01-24,114.85189056396484,115.03309936189427,114.73409862390542,115.03309936189427,12200
2020-01-27,114.67064666748047,114.75219544537492,114.55286166904499,114.71595231216304,20000
2020-01-28,114.37167358398438,114.37167358398438,113.98206847238887,114.1179716056542,15100
2020-01-29,114.29010772705078,114.3535314839957,114.12701707881085,114.14514210232143,14100
2020-01-30,114.9968490600586,115.10557847965028,114.87906404000502,115.0240296867885,27600
2020-01-31,115.9663314819336,115.97539399513767,115.45894134525996,115.4951844854041,86700
2020-02-03,114.12702941894531,114.42603012516021,114.07266816787781,114.38978698689127,50500
2020-02-04,114.47135925292969,114.52572743110245,114.33545608918185,114.35357420679034,11500
2020-02-05,114.12702941894531,114.23575883375213,113.83709122546561,114.0183000041385,55300
2020-02-06,113.51995086669922,113.71022212200442,113.51995086669922,113.71022212200442,22700
2020-02-07,113.15756225585938,113.80992500190932,113.15756225585938,113.80086248802733,24600
2020-02-10,113.42029571533203,113.68305326059998,113.40217760409719,113.61962950227124,35900
2020-02-11,113.8189697265625,113.89144908827232,113.69212220273083,113.80084470163135,24300
2020-02-12,113.83708190917969,114.00017256170686,113.80083877387683,113.86426253248901,20100
2020-02-13,114.5981674194336,114.75219555122304,114.46225739793138,114.46225739793138,18200
2020-02-14,114.65253448486328,114.65253448486328,114.31729066982405,114.36259631684896,22200
2020-02-18,114.17230987548828,114.45318549425183,114.14512925595248,114.42600487471604,8100
2020-02-19,113.5018310546875,113.81895674075686,113.42935170124697,113.81895674075686,10400
2020-02-20,113.13035583496094,113.18471708051403,112.93102205103808,112.95820267381464,10000
2020-02-21,113.83708190917969,114.00017256170686,113.59244938672452,113.59244938672452,46800
2020-02-24,113.54714965820312,113.61963593258724,113.474663383819,113.49278840875083,19800
2020-02-25,114.19950103759766,114.3082304384487,114.02734788108458,114.03641039265656,29500
2020-02-26,113.41124725341797,113.66494231816209,113.34782348723193,113.66494231816209,27100
2020-02-27,113.24813842773438,113.28438156155548,113.03974904910169,113.06692967129977,23500
2020-02-28,112.63203430175781,112.7498262308698,111.88001163883737,112.7498262308698,51800
2020-03-02,112.14276885986328,112.58674215105138,111.99780320904422,112.10653263166274,27300
2020-03-03,112.53235626220703,112.81323883157108,112.30584185192669,112.33302938780415,33000
2020-03-04,113.07600402832031,113.07600402832031,112.48706513920654,112.51424576425197,57000
2020-03-05,113.84617614746094,113.90959992374783,113.3750221698955,113.51093223698835,17000
2020-03-06,114.46226501464844,114.59817504519458,114.16326432998119,114.35353560767726,36900
2020-03-09,115.0783920288086,115.51329585982063,115.00590575274934,115.0783920288086,26200
2020-03-10,113.37500762939453,114.43510048662179,113.28440323384382,114.35355169175557,22100
2020-03-11,112.49613189697266,113.72836405911933,112.49613189697266,113.61057904192046,17500
2020-03-12,110.68399047851562,111.23667920864172,109.73262731300173,111.23667920864172,33300
2020-03-13,108.51850128173828,109.98631688713814,107.92050693983686,109.29771126714772,69500
2020-03-16,107.62152099609375,108.28294608796824,107.25004097339125,107.39500659530633,74200
2020-03-17,106.12654876708984,106.41648698970195,105.474192950717,106.26245882108638,126200
2020-03-18,101.7049560546875,104.10600985187564,100.61768980179903,104.02446108094037,214500
2020-03-19,101.33348846435547,103.52615332200499,100.99825154404913,101.985851105463,90500
2020-03-20,101.76841735839844,104.74028599811945,101.58720855360484,103.57147054298414,94700
2020-03-23,100.771728515625,102.5113574682224,100.53615160141774,101.77745301599215,116700
2020-03-24,103.17277526855469,103.60767901961076,102.7922258455425,103.3539840127163,61600
2020-03-25,104.3959732055664,104.64060575214278,102.34828079141249,103.96106245172051,38100
2020-03-26,107.404052734375,107.41311524457288,105.23857594596289,105.51945154806835,70200
2020-03-27,109.5061264038086,109.59673078484444,107.2228572907468,107.4765592353868,117100
2020-03-30,109.00779724121094,109.19806852444229,108.54571280165113,108.94437348013382,54100
2020-03-31,109.14371490478516,109.46989624531635,108.58195661549877,108.83565859021236,44000
2020-04-01,108.82658386230469,109.1346401423006,108.61818756320595,108.7994032390899,85600
2020-04-02,108.83563995361328,108.9624874629132,108.4913336460814,108.68160491003127,43300
2020-04-03,107.0325698852539,107.9748705138835,107.0325698852539,107.72117552015055,202900
2020-04-06,107.49469757080078,108.15612281087958,107.2681831192587,107.82087893403519,75800
2020-04-07,108.37354278564453,108.5638140393015,108.05642402954956,108.5638140393015,83900
2020-04-08,108.61820220947266,109.04405046438305,108.6091466089608,108.69068848960042,63900
2020-04-09,109.47894287109375,109.58766536037872,109.22524784586749,109.39739409145903,56900
2020-04-13,109.87759399414062,110.0135040066356,109.59671837094264,109.59671837094264,10700
2020-04-14,110.81085205078125,111.0192414367231,110.30345507215993,110.33969820725227,84700
2020-04-15,109.95008850097656,110.35781856903712,109.33396905577762,109.37021218933883,63700
2020-04-16,109.34305572509766,109.80514713925699,108.98063122208393,109.7235983425595,10900
2020-04-17,109.71450805664062,109.83229996508972,109.52423679607364,109.6329661932565,5200
2020-04-20,109.12557983398438,109.4517611238288,109.09839921194249,109.09839921194249,9500
2020-04-21,108.02925109863281,108.27388360998393,107.62152102948639,107.81179229668635,23700
2020-04-22,108.16516876220703,108.40074570634286,108.05644625927654,108.34638445487761,27300
2020-04-23,108.43697357177734,108.86282174873364,108.39166792682293,108.66348797120763,2900
2020-04-24,108.55477142333984,108.55477142333984,108.24671512172411,108.35543762221357,2400
2020-04-27,109.10746002197266,109.1255850459802,108.9262512579247,109.10746002197266,11700
2020-04-28,109.18899536132812,109.56047535569122,109.09839099045935,109.49705160481605,9400
2020-04-29,109.37023162841797,109.38835665475551,109.00780714106062,109.18902284107537,17400
2020-04-30,110.56620025634766,110.92862465408251,109.65108020741799,109.68732333845853,43000
2020-05-01,109.7870101928711,110.03164964373134,109.57862079231633,109.95010085588736,19300
2020-05-04,109.2161636352539,109.26146235923243,109.0258924041371,109.0258924041371,7600
2020-05-05,109.179931640625,109.35208478223733,109.179931640625,109.27053601048979,25300
2020-05-06,108.3373031616211,108.71784568125383,108.3373031616211,108.71784568125383,5600
2020-05-07,108.44601440429688,108.49131312752492,107.78458944860803,108.00204129304335,6400
2020-05-08,108.90811157226562,109.38832786641939,108.88093095258472,109.08932722458883,7100
2020-05-11,108.3192138671875,108.36451261004912,108.16517878597496,108.3192138671875,9800
2020-05-12,107.79367065429688,108.18327568751343,107.77554563172642,108.18327568751343,4900
2020-05-13,107.27721405029297,107.92957658470526,107.20472778809817,107.92957658470526,21200
2020-05-14,107.33159637451172,107.33159637451172,106.96011630496417,107.03259566872617,15200
2020-05-15,106.3802490234375,106.7789097525993,106.32588085512313,106.7789097525993,8400
2020-05-18,107.08697509765625,107.22287823942652,106.87857875915431,107.08697509765625,15800
2020-05-19,107.53997039794922,107.9114503904886,107.43124100583825,107.4584216256984,14400
2020-05-20,107.32254028320312,107.76651356842044,107.31348468261093,107.76651356842044,20400
2020-05-21,107.22284698486328,107.39500013115445,107.22284698486328,107.3406388902922,16400
2020-05-22,106.81512451171875,107.07788203195744,106.76981886894049,106.84230513231749,10500
2020-05-26,108.17422485351562,108.47322554416876,108.12891920486948,108.34637802316526,70400
2020-05-27,107.5309066772461,107.6939973072424,107.13223915666173,107.67587228575931,43600
2020-05-28,108.04737854003906,108.30107358488132,107.83898223167778,107.83898223167778,22900
2020-05-29,108.38262176513672,108.6634974328322,107.93864852647236,108.3191980042806,19200
2020-06-01,109.66924285888672,109.7236041177647,108.90815067123121,108.9534563287447,67800
2020-06-02,110.08600616455078,110.29440246882452,109.95009613243063,110.29440246882452,15700
2020-06-03,110.53902435302734,110.63869123947406,110.24002369368719,110.24002369368719,141500
2020-06-04,110.48468017578125,110.83804213224637,110.06789445566012,110.08601256841678,34000
2020-06-05,111.13702392578125,111.71690021272299,111.12796141460917,111.43601766775359,48100
2020-06-08,111.70785522460938,111.75315396223432,111.28200699743914,111.29106951003281,20700
2020-06-09,111.68067169189453,111.81658172657431,111.13703846584691,111.13703846584691,18400
2020-06-10,112.02497863769531,112.35115997774123,111.80752671522204,112.0612217768862,29900
2020-06-11,110.4393539428711,111.21856398695424,110.4393539428711,110.86520209634334,36500
2020-06-12,109.86856079101562,110.6205834431251,109.51519883410332,110.6205834431251,8300
2020-06-15,110.49372863769531,110.50279114982408,109.9591579375108,110.07694294449942,8600
2020-06-16,110.25816345214844,110.92864421294084,110.25816345214844,110.92864421294084,9300
2020-06-17,110.10409545898438,110.15846360520563,109.8866436121081,110.14940109539049,5400
2020-06-18,108.95342254638672,109.24336069162496,108.8537556608982,109.10745067389783,12400
2020-06-19,108.44601440429688,108.67252875844561,108.32822251603106,108.67252875844561,30100
2020-06-22,109.36117553710938,109.469904963503,108.76318097362588,108.86284788631856,52700
2020-06-23,109.82323455810547,109.96820708386011,109.53329641926669,109.53329641926669,49200
2020-06-24,108.90811157226562,109.56953660607229,108.90811157226562,109.45175161656493,53200
2020-06-25,108.97154998779297,108.99873752380309,108.7269174650719,108.89907062977973,75500
2020-06-26,108.22859191894531,108.41887012334928,108.10174439112387,108.41887012334928,14500
2020-06-29,107.82083892822266,107.94768642100696,107.57620645290145,107.94768642100696,17100
2020-06-30,108.70880126953125,108.77222502933009,107.9839523752548,107.9839523752548,24700
2020-07-01,109.48795318603516,109.5604394240256,109.20707765465735,109.20707765465735,60100
2020-07-02,109.31585693359375,109.77794827097378,109.2977319094848,109.49706569865546,12700
2020-07-06,109.57864379882812,109.67831072007866,109.53333813910582,109.59676191511316,5300
2020-07-07,110.01351165771484,110.44842234541129,110.01351165771484,110.14035916815321,18300
2020-07-08,110.62964630126953,110.67495195236765,110.37595124553235,110.43031249671266,10000
2020-07-09,110.60247039794922,111.1461036709786,110.54810914444792,111.1461036709786,21400
2020-07-10,110.76555633544922,111.06455704226713,110.69307005876516,110.93770951440592,44300
2020-07-13,110.16756439208984,110.81087151212144,110.16756439208984,110.65683643275861,9500
2020-07-14,110.07694244384766,110.22191498656322,109.49706609832805,109.49706609832805,29500
2020-07-15,110.45747375488281,110.90143999679421,110.34874436571933,110.90143999679421,3300
2020-07-16,110.10409545898438,110.70209667873108,109.99537299188103,110.25813047516341,11400
2020-07-17,110.25816345214844,110.27628156452806,109.92291961541643,109.95916275284732,16000
2020-07-20,111.01018524169922,111.06455340376706,110.72930956958979,110.83803898105388,35200
2020-07-21,111.69876861572266,111.95246361224319,111.2366773505344,111.2366773505344,41500
2020-07-22,111.73501586914062,111.75313397841637,111.35447336031605,111.44507773203566,38000
2020-07-23,111.65348052978516,111.85280739414225,111.26387548723166,111.36354237574564,6300
2020-07-24,112.14276885986328,112.2605607958681,111.8800181857117,111.89813629981198,27600
2020-07-27,112.88572692871094,113.11224135652776,112.70451815152617,112.73169877683671,45900
2020-07-28,113.43840026855469,113.5652477700515,113.08503838400351,113.08503838400351,18300
2020-07-29,113.86427307128906,114.0726693904009,113.67400177784184,113.87333558412138,27800
2020-07-30,114.81562805175781,114.81562805175781,114.29011294867846,114.36259922069038,15300
2020-07-31,114.78845977783203,115.44082247078323,114.78845977783203,115.27773179754543,27600
2020-08-03,114.70690155029297,114.70690155029297,114.04548331127084,114.11796267244793,39500
2020-08-04,114.65253448486328,114.65253448486328,113.90956749728463,113.90956749728463,20800
2020-08-05,114.93344116210938,115.39553261833397,114.93344116210938,115.13277500254638,169700
2020-08-06,115.25053405761719,115.51329161417063,115.11463093584085,115.49517350215761,61200
2020-08-07,114.54380798339844,114.54380798339844,114.0907791523494,114.38977983988289,22500
2020-08-10,114.67064666748047,114.8518623335399,114.60722291252739,114.76125795684561,9400
2020-08-11,114.42601776123047,114.98777597469237,114.41695524947451,114.8518659490371,15500
2020-08-12,114.19950103759766,114.48037668229085,114.12701477036364,114.38977230458379,8400
2020-08-13,114.45319366455078,115.06931309780174,114.42601304307469,114.86091681203374,6300
2020-08-14,114.75220489501953,115.15992808005454,114.75220489501953,115.15992808005454,18500
2020-08-17,115.00588989257812,115.00588989257812,114.80655611724065,114.82468114009177,6500
2020-08-18,116.10223388671875,116.17472016223552,115.83947632247423,115.83947632247423,21500
2020-08-19,114.89714813232422,115.90287249956587,114.85184940541147,115.90287249956587,20900
2020-08-20,115.9572525024414,115.9572525024414,114.77937487958964,114.80655550104963,13000
2020-08-21,114.77940368652344,114.82470934210792,114.6344311187911,114.78846620017484,9400
2020-08-24,114.58910369873047,114.94246560330481,114.53474245577158,114.94246560330481,6700
2020-08-25,115.26864624023438,115.29582686156145,115.06931246694148,115.15085433092273,7500
2020-08-26,115.83944702148438,115.87569015007524,115.54044639511213,115.54044639511213,19300
2020-08-27,115.71258544921875,116.219982275087,115.47700859837524,116.219982275087,25200
2020-08-28,117.05360412597656,117.08078475272569,116.44654708633897,116.53714456705465,13900
2020-08-31,117.18950653076172,117.35260411558619,116.79990833288481,116.79990833288481,46600
2020-09-01,117.34351348876953,118.00494548363092,117.27102722253781,118.00494548363092,14800
2020-09-02,117.02640533447266,117.02640533447266,116.54619590265017,116.77271030729634,13600
2020-09-03,116.43745422363281,116.55524613273234,116.12034236694083,116.46463484491095,48800
2020-09-04,116.46466064453125,116.53714692577748,115.54954726631873,115.87572861925445,19100
2020-09-08,113.83708190917969,114.38977762537341,113.83708190917969,114.16326321423405,38900
2020-09-09,113.94580078125,114.11794701718523,113.80989076459649,113.81895327575221,87400
2020-09-10,112.09745025634766,113.6105648281588,111.98872085299429,113.6105648281588,19500
2020-09-11,112.16995239257812,112.34209866473356,112.00686172081315,112.16995239257812,39400
2020-09-14,112.65921783447266,113.15755236433083,112.65921783447266,113.04882294526938,7500
2020-09-15,112.98535919189453,113.11220667957042,112.61387923874935,112.93099795793906,7800
2020-09-16,113.59244537353516,113.91862666706564,113.47465345979467,113.7555360203004,23200
2020-09-17,113.70116424560547,113.80989364421347,112.94007919336177,112.94007919336177,11600
2020-09-18,113.2572021484375,113.56525842019916,113.23002152594924,113.52902219866216,81200
2020-09-21,112.31487274169922,112.44172022272869,111.99775403912557,112.44172022272869,17800
2020-09-22,111.64442443847656,112.1608770210794,111.46320876136163,112.1608770210794,13500
2020-09-23,111.47227478027344,111.92530361830605,111.46321226796478,111.6444279507807,13100
2020-09-24,111.68972778320312,111.95248534136155,111.68067218347707,111.84376284327638,22500
2020-09-25,111.71693420410156,111.74411483321725,111.2820234002325,111.30920402934818,9600
2020-09-28,112.46894073486328,112.92196958857883,112.4508226222902,112.92196958857883,18100
2020-09-29,112.64111328125,112.84044711719004,112.51426573341051,112.6501757954308,30000
2020-09-30,113.10317993164062,113.3296943477918,112.6954498349657,112.6954498349657,11700
2020-10-01,112.93104553222656,113.10319872916781,112.74983673425766,113.03977495861145,19200
2020-10-02,113.32970428466797,113.43842678984375,113.25721800610278,113.25721800610278,15000
2020-10-05,113.80084228515625,113.80084228515625,113.61963351572214,113.76459914873513,47100
2020-10-06,113.14848327636719,113.67399840228587,113.0125801512776,113.58339401466891,31100
2020-10-07,113.15756225585938,113.22098602768797,112.78608213876979,112.78608213876979,16800
2020-10-08,113.30252838134766,113.42031340442192,113.16661833154058,113.21191707302808,5800
2020-10-09,114.27198028564453,114.28103588398936,113.6196177459517,113.67397898670261,12800
2020-10-12,114.48947143554688,114.5982008670175,114.22671382733087,114.22671382733087,3400
2020-10-13,113.41124725341797,113.83709550324079,113.25721909449075,113.76460922397901,13700
2020-10-14,114.1451416015625,114.35353098232255,114.09077344394034,114.1451416015625,8000
2020-10-15,113.06694030761719,113.30251724327987,113.03069717038665,113.11223904465166,16200
2020-10-16,113.29344940185547,113.4112344078108,113.11223372422657,113.11223372422657,13900
2020-10-19,113.40216827392578,114.06358642598272,113.39310576271838,113.71022452827107,26200
2020-10-20,113.37500762939453,113.62870961467767,113.34782700199655,113.40219516946479,3900
2020-10-21,115.18710327148438,115.44986081201264,114.5709838105456,114.5709838105456,59600
2020-10-22,114.58004760742188,114.77938139300112,114.57098509553069,114.77031888110993,7100
2020-10-23,114.27198028564453,114.51661278169409,114.12700776008145,114.51661278169409,5100
2020-10-26,114.09075927734375,114.12700240703457,113.94579367125068,114.04546054973287,11400
2020-10-27,114.38978576660156,114.54381391809756,114.18138945194625,114.23575761510557,8600
2020-10-28,113.71925354003906,114.00012909069241,113.45649609379265,113.49273921527512,48800
2020-10-29,113.30252838134766,113.43843151848246,112.88573571856,113.24816021382145,5800
2020-10-30,113.47467041015625,113.62870548092825,113.32064225205629,113.62870548092825,8600
2020-11-02,113.1756591796875,113.1756591796875,112.93101975433163,113.1756591796875,7300
2020-11-03,114.1360855102539,114.49850995988108,113.91863360554616,113.91863360554616,10100
2020-11-04,113.7374038696289,113.95485574746566,113.60149385372948,113.60149385372948,31300
2020-11-05,115.18710327148438,115.20522829506348,114.50756005336092,114.5528656996376,26400
2020-11-06,115.25959014892578,115.44080582231801,114.70689444225394,115.05120076536362,25000
2020-11-09,115.25959014892578,115.60388955936433,114.95153387316567,115.60388955936433,24000
2020-11-10,116.05691528320312,116.31061030652515,115.82134528307323,116.02973466108591,21400
2020-11-11,115.7669677734375,115.80321090422272,115.60387714123918,115.73978715351618,10100
2020-11-12,114.8699722290039,115.2686397531535,114.79748596776392,115.25051473150832,12400
2020-11-13,115.57669830322266,115.57669830322266,115.38642704816951,115.38642704816951,11800
2020-11-16,115.58577728271484,115.65826355573058,115.50423541007575,115.50423541007575,23500
2020-11-17,116.10223388671875,116.12941451186961,115.97538636090025,116.10223388671875,12800
2020-11-18,116.2381362915039,116.56431761663453,116.2381362915039,116.2834419415888,12800
2020-11-19,116.30155944824219,116.31061504753643,115.73074562250035,115.73074562250035,15300
2020-11-20,116.41937255859375,116.42842815953647,116.17473307969114,116.31970564684417,39300
2020-11-23,116.66398620605469,117.19857076424832,116.33780487620074,117.19857076424832,41600
2020-11-24,117.02640533447266,117.02640533447266,116.56430710077557,116.60055714771052,22900
2020-11-25,117.2982177734375,117.2982177734375,116.75457770742761,116.78175832819399,16000
2020-11-27,116.59150695800781,116.99924401391104,116.45560382293631,116.86332705349517,9600
2020-11-30,116.75457000732422,117.14416809617528,116.75457000732422,117.14416809617528,28100
2020-12-01,117.58815002441406,117.724053129426,116.89955125011811,116.89955125011811,24600
2020-12-02,117.05360412597656,117.07172915225739,116.50996394030552,116.54621399286718,33100
2020-12-03,117.8599853515625,118.21334729578189,117.67877657958849,117.95058282487796,89100
2020-12-04,117.66973876953125,118.46707417085332,117.524780008211,118.43989353902161,28800
2020-12-07,117.1623306274414,117.37978947419259,116.39218980105228,116.72742675928374,158600
2020-12-08,116.97205352783203,117.12608167637883,116.47371903233169,116.89956725345533,16700
2020-12-09,117.34351348876953,117.66969477414148,116.99922100584588,117.58815290913391,29900
2020-12-10,116.46466064453125,116.60963320702369,116.22003499883785,116.31970190738333,90700
2020-12-11,115.80323791503906,115.83041854130019,115.53142473975572,115.68545289701682,52800
2020-12-14,116.67304992675781,117.23480125751733,116.60056365418515,117.15325938537666,67000
2020-12-15,117.78746795654297,117.8055929765544,117.08979985216686,117.1894667242206,58700
2020-12-16,118.09554290771484,118.36736294965704,117.80561166822704,118.32205730510972,53600
2020-12-17,118.75701141357422,119.27345720923546,118.63921946660504,119.01070651062639,67600
2020-12-18,118.15896606445312,118.31299418584996,117.99586851951835,118.27674414237967,32100
2020-12-21,117.814697265625,118.1318230328628,116.364999223031,116.6821249902688,71800
2020-12-22,116.96298217773438,117.0354684509181,116.65492588571072,117.0354684509181,140700
2020-12-23,118.23149108886719,118.78418691759687,117.99590720509518,118.39457486192909,101400
2020-12-24,118.54857635498047,119.14657770565371,118.39454821774807,119.01067459201987,24000
2020-12-28,117.65160369873047,118.4036194606521,117.64253427306181,118.25866072873775,43200
2020-12-29,118.14989471435547,118.33111727807037,118.03211663834942,118.26768661570205,39100
2020-12-30,119.20096588134766,119.28250776795014,118.83854827955082,118.83854827955082,32000
2020-12-31,119.7083511352539,119.7083511352539,119.39123920304796,119.46372548549797,17700
2021-01-04,118.75701141357422,119.30969344080896,118.57578877966905,119.30969344080896,11000
2021-01-05,119.2824935913086,119.35497986812207,118.89289540694774,118.89289540694774,10500
2021-01-06,119.11939239501953,119.2371843057613,118.62105795573696,118.67541919905112,36200
2021-01-07,118.73884582519531,118.89287395112363,118.52138703399825,118.89287395112363,31700
2021-01-08,118.75701141357422,119.29158223769515,118.60296940968566,119.25533218077577,8500
2021-01-11,118.34017944335938,118.45797135124276,117.76935875172916,117.97776194649843,24400
2021-01-12,119.61775970458984,119.64494033371601,119.03788324098925,119.04693884224949,19200
2021-01-13,119.30061340332031,119.51807222425764,119.27343277887103,119.49994719951043,11300
2021-01-14,119.88050079345703,119.99829272713352,119.45465253745904,119.46372196333834,29000
2021-01-15,118.88384246826172,119.16471815636204,118.87477304261722,119.16471815636204,23700
2021-01-19,119.31873321533203,119.34591383859386,119.11034382854385,119.2009412976358,11700
2021-01-20,119.55428314208984,119.59958878169638,119.27340753200544,119.58146376078574,5500
2021-01-21,120.2701187133789,120.2701187133789,119.97111797694588,120.09796551737095,12700
2021-01-22,119.73553466796875,119.76271529637886,119.48183958591108,119.51808964068793,4700
2021-01-25,119.64491271972656,119.79894085767368,119.48181515726696,119.71739898911501,4600
2021-01-26,120.25200653076172,120.27918716194573,120.09797834560344,120.09797834560344,6600
2021-01-27,119.75363159179688,120.20666039277607,119.67208972570266,119.67208972570266,3900
2021-01-28,120.17948150634766,120.30632901944006,119.79893896707046,119.80799456609776,10400
2021-01-29,119.88050079345703,120.17044591470858,119.85332016650774,120.17044591470858,34700
2021-02-01,119.5633544921875,119.82610508559594,119.54522947098474,119.82610508559594,14800
2021-02-02,119.57242584228516,119.57242584228516,119.19188329893758,119.21906392165225,30000
2021-02-03,119.33684539794922,119.56335978431852,119.33684539794922,119.42744285729236,17300
2021-02-04,119.67205047607422,119.68110607200072,119.53613358515292,119.62674484576712,17200
2021-02-05,120.25200653076172,120.25200653076172,120.00736702475905,120.04361708323539,68700
2021-02-08,120.24291229248047,120.28820411300306,120.02545348753547,120.02545348753547,21700
2021-02-09,120.89525604248047,120.90432546648246,120.55096356394135,120.55096356394135,15800
2021-02-10,121.04024505615234,121.3120651317403,121.04024505615234,121.26675948158508,7400
2021-02-11,120.89525604248047,121.06740919442075,120.8046585798508,120.99492292911214,5300
2021-02-12,121.19428253173828,121.30301886554622,120.80468432618103,120.80468432618103,16800
2021-02-16,121.72891235351562,121.86481553959096,121.38460584832536,121.54768967161577,25600
2021-02-17,121.31207275390625,121.31207275390625,121.10368334051095,121.23958647417219,8900
2021-02-18,122.32683563232422,122.32683563232422,121.9009874402555,122.1365712722421,17900
2021-02-19,122.54426574707031,122.76172450444594,122.53521015001513,122.63487701897824,17800
2021-02-22,123.04261016845703,123.2509995205045,122.72548451614729,122.83422081640957,23900
2021-02-23,123.5046615600586,123.5046615600586,122.97009110053281,123.25096663603496,25500
2021-02-24,123.69498443603516,123.69498443603516,123.23288622297544,123.50470626147973,34600
2021-02-25,122.59864044189453,124.02115738008075,122.57145982240542,123.8943098806847,38000
2021-02-26,121.89192199707031,122.31777015474746,121.81943573349324,122.2905895340737,32900
2021-03-01,121.81942749023438,122.0731224829166,121.75601065473391,121.94627498657549,17700
2021-03-02,122.20906066894531,122.2724775154814,121.75603184241493,121.81039308954375,13700
2021-03-03,122.09127807617188,122.39027878356293,121.91912489688518,122.12751430191156,40600
2021-03-04,121.48423767089844,122.60775437724944,121.47518206956133,122.20001728620528,34100
2021-03-05,121.15800476074219,121.29390784972243,120.75028166846177,121.29390784972243,42200
2021-03-08,120.90434265136719,121.12178765285839,120.84091197570329,121.12178765285839,25400
2021-03-09,121.55668640136719,121.81943701241913,121.4842001370291,121.64728386278384,6100
2021-03-10,121.86475372314453,121.90098994593379,121.4389055223225,121.7922674522235,23400
2021-03-11,122.41742706298828,122.41742706298828,121.97345391926171,122.15467647610684,42200
2021-03-12,121.86475372314453,121.90098994593379,121.33018302861221,121.39359987482904,16800
2021-03-15,121.56576538085938,121.72886296332422,121.2124034150868,121.65637668504472,14100
2021-03-16,121.5748062133789,121.62011185996829,121.37548625400174,121.43890309895305,6100
2021-03-17,122.16378784179688,122.17284344363702,121.16711862552742,121.62014757376875,11000
2021-03-18,121.79225158691406,122.03689099123673,121.64727906395687,121.77412656520923,15700
2021-03-19,121.2667236328125,121.4116961403152,121.00397306013572,121.08551491110377,16900
2021-03-22,121.21236419677734,121.3301560890379,120.94961362020318,120.9586692175542,37100
2021-03-23,120.27918243408203,120.65066947945677,120.26105740555631,120.51475250353272,16600
2021-03-24,119.72647857666016,120.09796559720374,119.70835354934596,119.86238171815414,12300
2021-03-25,120.14325714111328,120.17949336614046,119.98015956513248,120.01640961550305,5300
2021-03-26,120.62345123291016,120.76840993987277,120.50565932224525,120.50565932224525,12100
2021-03-29,120.36070251464844,120.74124509265741,120.36070251464844,120.74124509265741,6600
2021-03-30,120.03447723388672,120.04354665585818,119.90762975433158,119.93481036956922,3800
2021-03-31,120.54193878173828,120.7684532602126,120.4875775189599,120.50570254833488,12400
2021-04-01,120.98587799072266,120.99493359018109,120.7956136246968,120.86808607104962,3100
2021-04-05,121.62916564941406,121.63822124743096,121.42076246696102,121.42983189031841,26500
2021-04-06,120.88618469238281,121.16706029301729,120.74121218065545,121.0583378218916,80100
2021-04-07,120.08885192871094,120.62343634744504,120.0526157127774,120.30631070033192,63000
2021-04-08,120.08885192871094,120.32443572096865,120.07979633106252,120.27007448439838,9300
2021-04-09,119.91675567626953,120.17950635581047,119.91675567626953,120.17045075491075,4200
2021-04-12,120.15229797363281,120.24290926307921,120.07981170714405,120.21571481597194,4300
2021-04-13,120.2881851196289,120.2881851196289,120.06167075141417,120.06167075141417,9600
2021-04-14,120.52379608154297,120.62346297903984,120.43318478369382,120.60533795440142,8700
2021-04-15,120.5600357055664,120.578160730716,120.5600357055664,120.578160730716,1700
2021-04-16,121.02215576171875,121.02215576171875,120.74126621005193,120.74126621005193,2200
2021-04-19,122.3177719116211,122.35400813125953,122.00064623208407,122.00064623208407,20100
2021-04-20,121.87381744384766,122.07315124582796,121.83758121864372,122.07315124582796,6900
2021-04-21,121.8104019165039,121.84663814210144,121.45703995921764,121.45703995921764,3000
2021-04-22,121.0130386352539,121.0764692970186,120.90431615833201,121.0764692970186,41200
2021-04-23,121.42987060546875,121.45705123352586,121.04932798732438,121.24866180997309,4400
2021-04-26,121.61102294921875,121.61102294921875,121.37545300696026,121.37545300696026,6200
2021-04-27,121.59291076660156,121.6925776421821,121.42982705674609,121.42982705674609,8700
2021-04-28,121.95538330078125,121.95538330078125,121.3573818450416,121.3573818450416,17900
2021-04-29,122.00062561035156,122.00062561035156,121.85566693095879,121.98251441626435,4500
2021-04-30,120.77751159667969,121.42987434080753,120.70502531118267,121.33020742641729,5300
2021-05-03,121.59291076660156,121.77411949710984,121.50231331401739,121.50231331401739,8100
2021-05-04,121.45695495605469,121.46601054978049,121.07641263956164,121.11264883979881,6900
2021-05-05,121.61102294921875,121.62007854591921,121.45699485327991,121.45699485327991,2100
2021-05-06,121.53861999511719,121.53861999511719,121.25774422618343,121.52049496395593,5700
2021-05-07,122.4537353515625,122.46280477994675,121.6926499360861,121.6926499360861,11800
2021-05-10,123.55911254882812,123.72221016152616,123.43226499466144,123.60441820931905,25900
2021-05-11,123.64063262939453,123.876202640561,123.55002133453068,123.55002133453068,7700
2021-05-12,122.86143493652344,123.41413071031813,122.84330991064743,123.3325750065481,17000
2021-05-13,122.84329986572266,122.86142489011657,122.64396607341799,122.64396607341799,2400
2021-05-14,123.23289489746094,123.27820054462434,123.11511680524701,123.24196432209908,9800
2021-05-17,123.63155364990234,123.65873427119236,123.24195552785123,123.3597336116608,29800
2021-05-18,124.04837036132812,124.24770417314424,124.02118973474813,124.1661484680601,11600
2021-05-19,123.41411590576172,123.88525591926918,123.16040704996396,123.74935280486169,16500
2021-05-20,124.03022766113281,124.0664638829612,123.70404636330875,123.70404636330875,11600
2021-05-21,123.72213745117188,124.12986050528214,123.63152618344142,124.12986050528214,10100
2021-05-24,123.77655792236328,123.83091917888403,123.65876598300498,123.65876598300498,23800
2021-05-25,123.62252807617188,123.73125058773797,123.46849990967162,123.46849990967162,4200
2021-05-26,123.4322738647461,123.58630206120681,123.37791259838909,123.56819085598613,8200
2021-05-27,124.1480484008789,124.24771531572513,123.83092262854674,123.83092262854674,12200
2021-05-28,124.03929138183594,124.08459703109446,123.71311006265486,123.72217948771241,24400
2021-06-01,123.71308135986328,124.01208198518643,123.71308135986328,124.01208198518643,11400
2021-06-02,123.86711120605469,123.93958363056824,123.71306928428248,123.71306928428248,12300
2021-06-03,123.29631042480469,123.48657476404252,123.11510168375031,123.48657476404252,22700
2021-06-04,123.80371856689453,124.11177485435068,123.75841291865856,124.04835800709455,16800
2021-06-07,123.96680450439453,123.97586010305498,123.78558192845372,123.93961005773023,3700
2021-06-08,123.71308135986328,123.74933140099692,123.43220575510695,123.5681226713483,4900
2021-06-09,123.34166717529297,123.6497235452683,123.32354214607487,123.6497235452683,3700
2021-06-10,123.83089447021484,123.88525571588859,123.58625503934073,123.59532446384785,4100
2021-06-11,123.34166717529297,123.49569536028064,123.23293082533084,123.49569536028064,10400
2021-06-14,123.33260345458984,123.41415917717163,123.31449224988022,123.39603414711489,5900
2021-06-15,123.05167388916016,123.12416015233994,123.00636824650516,123.10603513020973,7700
2021-06-16,122.33592224121094,123.35975810555405,122.33592224121094,123.35975810555405,15600
2021-06-17,121.66545867919922,122.00976511938401,121.55673615086589,121.83761189929162,19000
2021-06-18,120.70503234863281,120.98590808046879,120.62349045719903,120.98590808046879,22400
2021-06-21,121.7378921508789,121.7831977931419,121.3573496414835,121.3573496414835,28500
2021-06-22,121.937255859375,121.9916171133031,121.4389213227934,121.4389213227934,4500
2021-06-23,122.00062561035156,122.33587625571117,121.95533379979452,122.26339000334528,7300
2021-06-24,121.8104019165039,121.8104019165039,121.42078990827649,121.62919313782903,17400
2021-06-25,121.40267944335938,121.69261072592629,121.28488751510274,121.69261072592629,8500
2021-06-28,121.2667236328125,121.62915490156924,121.2667236328125,121.4660573742939,5400
2021-06-29,121.0493392944336,121.0493392944336,120.85000545316528,120.90436671435734,5100
2021-06-30,120.89525604248047,120.89525604248047,120.58719978392493,120.8046585798508,5900
2021-07-01,120.18852996826172,120.50565564483198,120.16134934745183,120.50565564483198,9500
2021-07-02,120.89525604248047,120.90432546648246,120.2791435253694,120.2791435253694,5100
2021-07-06,120.55097198486328,120.9405701346028,120.36069379696886,120.82279204242285,189200
2021-07-07,120.56908416748047,120.68686224711637,120.20665285422129,120.66873722511816,11000
2021-07-08,120.42411041259766,120.44222160906997,120.17041540857704,120.43316601083382,12900
2021-07-09,121.35733032226562,121.35733032226562,120.83181537142325,121.01302408628713,14300
2021-07-12,121.27586364746094,121.42989184183686,121.0946409949271,121.0946409949271,10400
2021-07-13,120.65062713623047,120.9405583641589,120.64155771247762,120.84996090401799,10300
2021-07-14,121.0493392944336,121.34832623098985,121.01308923674144,121.30303439689393,8300
2021-07-15,120.73219299316406,121.10367998199479,120.60534546348332,120.9949436527371,14700
2021-07-16,120.20668029785156,120.70501482651646,120.11608281785874,120.70501482651646,10400
2021-07-19,119.38216400146484,119.88956795406783,119.28249709608583,119.88956795406783,24600
2021-07-20,119.05598449707031,119.05598449707031,118.75699760166111,118.75699760166111,17900
2021-07-21,119.85330200195312,119.85330200195312,119.13752255852899,119.13752255852899,9700
2021-07-22,120.24291229248047,120.37881540473232,120.07981473243622,120.26102349055269,5700
2021-07-23,120.09795379638672,120.24292634996532,120.09795379638672,120.24292634996532,5900
2021-07-26,120.73219299316406,120.81373487109944,120.68688734141868,120.7412485933756,7500
2021-07-27,121.27586364746094,121.3483361180577,120.65973704460997,120.76845957585243,6900
2021-07-28,121.47513580322266,121.5113720201153,121.04928767169741,121.09457948647817,8700
2021-07-29,121.99160766601562,122.10939959063404,121.93724641629737,121.93724641629737,6800
2021-07-30,121.40267944335938,121.89194453127888,121.3120681408014,121.81945825430124,21400
2021-08-02,121.31207275390625,121.5023509663762,121.21240584743994,121.34830898110118,5100
2021-08-03,121.55668640136719,121.56574199990648,121.54761697748663,121.56574199990648,2800
2021-08-04,121.2939224243164,121.51138121815418,121.2939224243164,121.5023256195806,16400
2021-08-05,121.6563949584961,121.74699245094574,121.58390866932876,121.58390866932876,3000
2021-08-06,121.21236419677734,121.36639230378144,121.09457230451679,121.36639230378144,5300
2021-08-09,120.92247009277344,121.19427635006844,120.90434506717254,121.17616514981124,8500
2021-08-10,120.82278442382812,121.03117379716855,120.77747877953458,120.84996504533594,9600
2021-08-11,121.1126937866211,121.22141625301518,121.01302691731351,121.08551317002258,10300
2021-08-12,120.5600357055664,120.85903640648958,120.5419106804168,120.84998080658646,3800
2021-08-13,121.10368347167969,121.14898912473058,120.84091897919106,120.84091897919106,2900
2021-08-16,120.87715911865234,120.97682601705294,120.87715911865234,120.90433974318495,1400
2021-08-17,119.98014068603516,120.02544632919775,119.94390446670981,120.02544632919775,7600
2021-08-18,120.13419342041016,120.35165225692943,120.06170714157041,120.16137404680707,4100
2021-08-19,119.02880859375,119.46372629138394,119.02880859375,119.46372629138394,10300
2021-08-20,118.97441101074219,118.98348043418086,118.86568853220298,118.86568853220298,1900
2021-08-23,119.87140655517578,119.88953157574791,119.52710029100474,119.52710029100474,7100
2021-08-24,119.8895492553711,120.00732734310849,119.7808129412433,119.7808129412433,2500
2021-08-25,120.15229797363281,120.15229797363281,119.80799166414654,119.83517228591212,2300
2021-08-26,119.58148956298828,119.81707340963841,119.5724339632491,119.78989278507773,7600
2021-08-27,120.15229797363281,120.26102046069514,120.15229797363281,120.25196486188717,2800
2021-08-30,120.14325714111328,120.14325714111328,120.11607651600704,120.11607651600704,1100
2021-08-31,120.02544403076172,120.36975032179465,120.02544403076172,120.224777796587,1000
2021-09-01,120.21570587158203,120.45128967647788,120.21570587158203,120.41503963325975,5400
2021-09-02,120.76842498779297,120.76842498779297,120.5237993625582,120.5237993625582,1800
2021-09-03,121.0493392944336,121.28490936804786,120.85906105491523,120.85906105491523,7900
2021-09-07,120.29727172851562,120.46942488500738,120.25196608333223,120.36975799574067,6700
2021-09-08,120.2701187133789,120.32447996994036,119.97111797694588,119.98017357792445,1600
2021-09-09,120.8046646118164,120.9315121261048,120.8046646118164,120.89526207896975,3900
2021-09-10,120.75935363769531,121.10365994357693,120.75935363769531,121.08553492080907,3000
2021-09-13,120.76842498779297,120.89527251302917,120.74124436276689,120.89527251302917,2200
2021-09-14,120.56908416748047,121.4388916686206,120.55095914548227,121.37547482963834,13000
2021-09-15,120.90434265136719,120.92246767660593,120.71406444971896,120.92246767660593,8500
2021-09-16,120.39693450927734,120.39693450927734,120.18853131361384,120.35162886564001,1900
2021-09-17,119.92578887939453,120.24291458114095,119.92578887939453,120.24291458114095,3000
2021-09-20,119.2824935913086,119.43653557037703,119.1103542373882,119.43653557037703,10200
2021-09-21,119.29157257080078,119.33687822560569,119.12847497857206,119.26439194298679,7000
2021-09-22,118.93817901611328,119.51805529781291,118.89287337333309,118.98348465889347,6200
2021-09-23,119.80799865722656,119.96202679800255,119.69022056448168,119.69022056448168,2900
2021-09-24,119.3277816772461,119.48180980829768,119.24623981233789,119.30965665437483,7700
2021-09-27,119.61775970458984,119.76271845148092,119.56339844633752,119.56339844633752,5800
2021-09-28,118.1952133178711,118.25864398719592,118.05931020552083,118.25864398719592,33400
2021-09-29,117.08983612060547,117.47944813216624,117.0807805204645,117.40696185500741,43300
2021-09-30,117.60625457763672,117.85089394942031,117.40692084141881,117.62437959693077,10300
2021-10-01,118.26771545410156,118.46704926252109,118.22240980212551,118.41268801028738,9600
2021-10-04,118.8022689819336,118.9200608949294,118.72072711540198,118.78415778404339,4600
2021-10-05,118.86568450927734,119.03783764469843,118.69353137385626,118.69353137385626,2100
2021-10-06,118.55765533447266,118.60294715910607,118.30396028501511,118.41268278468455,32600
2021-10-07,118.81134796142578,119.03786238134745,118.81134796142578,118.95630668291496,2700
2021-10-08,118.86568450927734,119.0559488402816,118.84755948835404,119.01971262377512,38300
2021-10-11,118.59390258789062,119.07411210654546,118.57577756114576,119.07411210654546,1900
2021-10-12,118.67545318603516,118.7117032421872,118.50329998267695,118.59391129771146,6900
2021-10-13,119.24626922607422,119.24626922607422,118.96539351632525,118.96539351632525,2600
2021-10-14,119.37313079833984,119.54528401496218,119.37313079833984,119.54528401496218,5100
2021-10-15,119.95295715332031,120.18852713656958,119.93483213142703,119.98919337176602,2500
2021-10-18,119.81707763671875,119.88049448781663,119.70834130929673,119.8623694623557,3800
2021-10-19,120.33351135253906,120.56909518401834,120.33351135253906,120.49660891474335,15400
2021-10-20,120.65062713623047,120.72311339954786,120.23383457849081,120.23383457849081,7500
2021-10-21,120.31539154052734,120.60533663018671,120.27009971744303,120.43318346136931,6100
2021-10-22,120.0526351928711,120.33351084428645,119.92578767851117,120.30633022159091,13800
2021-10-25,120.1160659790039,120.17042722444762,119.96202401645716,120.1160659790039,8000
2021-10-26,120.12512969970703,120.3878803455634,120.10700467488633,120.31539407162366,4500
2021-10-27,119.86237335205078,120.00734590975564,119.74459524609162,119.74459524609162,7100
2021-10-28,120.3516616821289,120.5238148796873,120.27917539761246,120.27917539761246,8400
2021-10-29,119.39122772216797,120.17043790189432,119.24625517120879,120.07982660120898,29200
2021-11-01,119.10128784179688,119.51808048774139,119.10128784179688,119.51808048774139,25700
2021-11-02,118.75701141357422,119.0288177137402,118.70263632819514,119.0288177137402,20700
2021-11-03,119.30061340332031,119.40028030141536,118.90194581094006,118.90194581094006,21500
2021-11-04,117.79654693603516,118.2314645506024,117.57003252961803,118.2314645506024,14300
2021-11-05,117.68782043457031,117.79654292183605,117.36163914743139,117.37069474625629,18500
2021-11-08,118.33114624023438,118.44892434506723,118.15899305777415,118.15899305777415,17500
2021-11-09,118.32209014892578,118.34021517684417,118.00497819975406,118.05027003153182,13800
2021-11-10,116.96298217773438,117.60628921140065,116.95392657809002,117.59721978641333,17200
2021-11-11,116.5733871459961,116.9358046963124,116.56431772076502,116.90862407130584,11300
2021-11-12,117.08079528808594,117.12610094519266,116.76366951368432,116.76366951368432,15700
2021-11-15,116.97205352783203,117.2166791503423,116.97205352783203,117.2166791503423,3800
2021-11-16,117.12608337402344,117.25293089968542,117.06265269852075,117.19856964945077,3100
2021-11-17,117.66973876953125,117.71504443103306,117.38886302370555,117.55196064004272,16500
2021-11-18,117.76032257080078,117.77844759623488,117.48850249066373,117.51568311614308,20500
2021-11-19,117.24385070800781,117.51567075956343,117.24385070800781,117.4703651134138,2900
2021-11-22,116.82707977294922,117.05359419353417,116.75459349932086,116.97205232020592,3800
2021-11-23,116.71836853027344,116.76366035848345,116.47372906135517,116.47372906135517,6100
2021-11-24,116.26531982421875,116.37404231393853,116.20188915498753,116.37404231393853,12400
2021-11-26,116.31968688964844,116.34686751343848,116.12940869777539,116.34686751343848,5400
2021-11-29,116.02070617675781,116.11130366320768,115.94821989239087,116.01163675037125,8000
2021-11-30,115.9663314819336,116.53714538569143,115.25960753080327,116.53714538569143,8800
2021-12-01,115.67636108398438,116.19282050281815,115.65824297529014,116.12938984071276,8000
2021-12-02,116.0025634765625,116.11128597387672,115.99350787690065,116.08410534954815,8700
2021-12-03,115.40458679199219,115.61297621908028,115.25055170926798,115.61297621908028,5400
2021-12-06,115.60386657714844,115.62199159721995,115.42265785245189,115.57668595971093,5800
2021-12-07,115.49515533447266,115.49515533447266,115.31393967949072,115.31393967949072,2800
2021-12-08,115.37735748291016,115.44984374116629,115.06930125432666,115.06930125432666,3000
2021-12-09,115.28677368164062,115.30489870577289,115.09650240427962,115.12368302780672,2400
2021-12-10,115.71258544921875,115.73071046764393,115.31391799589422,115.31391799589422,10700
2021-12-13,115.18710327148438,115.63107648444822,115.18710327148438,115.576708326382,4000
2021-12-14,115.28677368164062,115.51328809459486,115.28677368164062,115.51328809459486,6000
2021-12-15,115.6310806274414,115.73980312212713,115.24147555858445,115.5314137321986,6200
2021-12-16,116.21096801757812,116.4012462380204,116.01163419629377,116.21096801757812,10000
2021-12-17,115.4317398071289,115.76697669555564,115.33207291795586,115.72167796308574,11500
2021-12-20,115.20521545410156,115.40454921522708,115.1417917039862,115.37736168288879,6900
2021-12-21,115.69451141357422,115.72169203889646,115.42269133500834,115.4679969856599,8100
2021-12-22,116.53711700439453,116.53711700439453,116.17469951656014,116.17469951656014,9600
2021-12-23,116.99922943115234,117.04452125363478,116.654923098093,116.79082621622557,13300
2021-12-27,117.13514709472656,117.19857777462678,116.92675767926532,117.10796646772485,7100
2021-12-28,117.11700439453125,117.30728258017332,116.9811012800314,117.30728258017332,2000
2021-12-29,117.57911682128906,117.60629744746858,117.2801161079705,117.2801161079705,4000
2021-12-30,117.66065216064453,117.82373590865795,117.60629091130673,117.77844408443856,8500
2021-12-31,117.86901092529297,118.07741409405031,117.8508997304494,117.89619154289792,6900
2022-01-03,117.47036743164062,117.51567307868434,117.3254087165801,117.44318680848288,2000
2022-01-04,117.9324951171875,118.10464832372524,117.8237587720687,117.8237587720687,8500
2022-01-05,118.11370086669922,118.48518790009827,118.11370086669922,118.2224233836568,4200
2022-01-06,117.9324951171875,118.077467693782,117.92342569030919,117.94155071871997,8300
2022-01-07,118.51233673095703,118.53046175403527,118.1136691752862,118.1136691752862,7600
2022-01-10,118.37641906738281,118.38548849153702,118.06836280365728,118.1227240472157,3200
2022-01-11,118.86568450927734,118.86568450927734,118.46701700100539,118.46701700100539,7800
2022-01-12,119.51806640625,119.56337205324107,119.29155199663707,119.31873261976322,6700
2022-01-13,119.54524993896484,119.85330622545399,119.4727636670834,119.85330622545399,9300
2022-01-14,119.24626922607422,119.27344985441476,119.08317163068592,119.27344985441476,8000
2022-01-18,118.53050994873047,118.60298241982733,118.34023169239585,118.50331549038489,12400
2022-01-19,118.73884582519531,118.93817959412401,118.73884582519531,118.91099897339203,7100
2022-01-20,118.44895935058594,119.09226661852752,118.44895935058594,118.89293275101592,4400
2022-01-21,118.16807556152344,118.25868688618807,118.14089492919345,118.1590199591958,5900
2022-01-24,117.66065216064453,117.66970776041977,117.23480394037415,117.55192966196891,17700
2022-01-25,117.76939392089844,117.76939392089844,117.34354563097915,117.36167065883721,9500
2022-01-26,117.34351348876953,117.86902854994332,117.20761038042357,117.7784310861599,3600
2022-01-27,116.60961151123047,116.80894529123441,116.57337529002154,116.57337529002154,6700
2022-01-28,116.78177642822266,117.07172152845754,116.67305392830623,116.79990145332316,53400
2022-01-31,117.15325927734375,117.3163430214747,116.93580045982631,117.06264798037577,55200
2022-02-01,117.8599853515625,117.88716597609144,117.64252652998783,117.70595720411744,2100
2022-02-02,118.27674865722656,118.40359616353307,118.14990115092007,118.18615119577409,33800
2022-02-03,118.42172241210938,118.69354244996384,118.42172241210938,118.46702805597536,7300
2022-02-04,117.94151306152344,118.05930497056526,117.84184617510529,117.96869368278824,2500
2022-02-07,117.94151306152344,117.98681870541193,117.76030431131083,117.78748493257565,18600
2022-02-08,118.11370086669922,118.15900652388004,118.01403395103961,118.14993709723659,10400
2022-02-09,117.97777557373047,118.11367869441573,117.97777557373047,118.11367869441573,800
2022-02-10,118.17709350585938,118.90194239615691,117.9415234922833,117.97777354073664,12400
2022-02-11,118.14989471435547,118.60292347296165,118.14083911630594,118.33111727807037,3700
2022-02-14,117.87808227539062,118.0321103861169,117.75123478271371,117.90526289343998,12100
2022-02-15,118.02307891845703,118.02307891845703,117.70596699745406,117.78750887782532,4600
2022-02-16,118.4851303100586,118.4851303100586,118.30392159475782,118.31297719165428,6000
2022-02-17,118.72977447509766,118.83851078160261,118.67541323451564,118.81133016131162,9400
2022-02-18,118.53050994873047,118.64828808327341,118.33117608984558,118.49425988783463,18100
2022-02-22,118.38550567626953,118.5485894306179,118.10462999355154,118.10462999355154,13700
2022-02-23,117.97777557373047,118.43986000940325,117.97777557373047,118.43986000940325,12900
2022-02-24,116.74554443359375,116.8633225376564,115.70356974538026,116.41029367113154,29900
2022-02-25,116.90859985351562,117.00826673300796,116.56429357429835,116.70926609453093,11700
2022-02-28,116.97205352783203,117.01734535214217,116.71835848018516,116.86331720359537,15500
2022-03-01,116.12940216064453,116.72740350104846,115.99349904934452,116.71834790207578,22800
2022-03-02,116.79989624023438,116.79989624023438,116.01161667499332,116.22907549046373,9900
2022-03-03,116.26531982421875,116.5280704494889,116.11127786332635,116.5280704494889,18100
2022-03-04,115.468017578125,115.468017578125,115.10559304629327,115.2958643701535,18000
2022-03-07,114.28105163574219,114.94247677761685,114.22669038749848,114.94247677761685,30100
2022-03-08,114.23574829101562,114.52568645773714,114.15419950926864,114.25386640214208,22200
2022-03-09,114.8790512084961,114.8790512084961,114.69783552941766,114.69783552941766,7300
2022-03-10,114.04548645019531,114.48039027991413,114.04548645019531,114.39884840409375,1200
2022-03-11,113.59244537353516,113.97298791176371,113.59244537353516,113.96392540009037,4300
2022-03-14,113.32970428466797,113.81897629597496,113.32970428466797,113.80991378298631,5300
2022-03-15,113.67400360107422,113.90958054978955,113.67400360107422,113.75555239252921,2700
2022-03-16,114.56189727783203,114.57095287450534,113.78268737843626,114.19947294349251,36400
2022-03-17,114.58004760742188,114.70689512321391,114.28104692905302,114.28104692905302,1800
2022-03-18,114.8699722290039,114.9424584902439,114.18136657256471,114.18136657256471,3500
2022-03-21,114.67973327636719,115.01497714451808,114.58912888063439,114.87906709458274,5800
2022-03-22,115.49515533447266,115.59482221654511,115.3683078323205,115.59482221654511,3600
2022-03-23,115.06024169921875,115.06024169921875,114.86090794022948,114.96057481972412,10200
2022-03-24,114.91527557373047,114.94245619298464,114.77936556478939,114.77936556478939,4800
2022-03-25,114.90623474121094,114.93341536559298,114.87905411682888,114.87905411682888,4700
2022-03-28,114.0635757446289,114.1269994918002,113.97297137905134,113.9820338894101,8600
2022-03-29,114.09983825683594,114.59817272117527,113.87332384807644,114.46226269338534,8900
2022-03-30,114.40791320800781,114.73409456287358,114.33543383900498,114.73409456287358,6300
2022-03-31,114.43511199951172,114.51665388990929,114.37168822497817,114.43511199951172,9300
2022-04-01,114.23574829101562,114.23574829101562,114.03641450526874,114.17232453306626,9000
2022-04-04,114.27198028564453,114.33540403741075,114.13607027109677,114.15418838045692,3800
2022-04-05,113.88239288330078,114.52569301150622,113.88239288330078,114.41696360051189,3300
2022-04-06,113.8914566040039,114.01830413620628,113.84615786402993,113.98206790929594,4700
2022-04-07,113.87334442138672,113.87334442138672,113.7102537411077,113.80085813844663,6300
2022-04-08,113.5290298461914,113.56526607016934,113.25720977765644,113.27532788964541,2300
2022-04-11,113.43840026855469,113.59243530266113,113.43840026855469,113.59243530266113,700
2022-04-12,113.23908233642578,113.67398611504625,113.21189480167494,113.67398611504625,2200
2022-04-13,114.18138885498047,114.20857639275386,113.32969931355022,113.32969931355022,4400
2022-04-14,113.87334442138672,113.98207384579686,113.51091991935866,113.98207384579686,7700
2022-04-18,113.28437805175781,113.4746493139204,113.26625994174407,113.4746493139204,2600
2022-04-19,113.23004150390625,113.30252778511155,113.13037459541702,113.2662846445089,4500
2022-04-20,113.72836303710938,113.782731201435,113.57433488230919,113.71024492411541,3800
2022-04-21,113.43840026855469,113.77364404403647,113.43840026855469,113.77364404403647,1800
2022-04-22,111.72596740722656,112.16087812390741,111.72596740722656,112.16087812390741,3200
2022-04-25,110.9014663696289,110.96489013355583,110.65682691400234,110.81086198011499,6900
2022-04-26,109.60578155517578,110.6024434651445,109.60578155517578,110.6024434651445,4100
2022-04-27,109.24337768554688,109.46989211277183,109.0621689088356,109.0621689088356,2800
2022-04-28,108.55477142333984,108.62725769878061,108.20140947140571,108.36450013481159,17100
2022-04-29,109.56049346923828,109.78700789019486,109.18901341345868,109.19806901317344,17900
2022-05-02,108.75411224365234,109.23432175226557,108.61820219659695,109.20714112538892,15100
2022-05-03,108.79035186767578,109.27962387365898,108.66350433790295,109.27962387365898,6800
2022-05-04,109.88668823242188,110.0135357706629,108.70881724694496,108.89002604081145,7500
2022-05-05,107.64871215820312,108.00207410501602,107.42219773523735,108.00207410501602,15600
2022-05-06,107.48561096191406,107.58527785126384,107.11413093925019,107.31346471794974,14500
2022-05-09,107.3859634399414,107.63060290798357,107.05978900367214,107.50375537369214,9900
2022-05-10,107.17755126953125,107.4584269054469,107.07788438336685,107.4584269054469,6500
2022-05-11,106.57049560546875,107.71212318511591,106.57049560546875,107.71212318511591,8000
2022-05-12,106.16277313232422,106.44365570428424,106.08123126195186,106.43459319224132,5900
2022-05-13,106.60675811767578,106.60675811767578,105.94533291900588,105.94533291900588,6100
2022-05-16,107.26819610595703,107.35880051500862,106.56147203761195,106.63395832992255,24300
2022-05-17,108.60005187988281,108.69971875732455,108.45507936263297,108.51850311076225,85600
2022-05-18,107.46749114990234,108.11985371980086,107.41312990663441,108.03830494222814,46100
2022-05-19,108.85376739501953,108.99873993960159,108.44604421055742,108.44604421055742,50200
2022-05-20,108.7269287109375,108.75410933708773,108.40980988473166,108.4641711370321,7700
2022-05-23,109.56954956054688,109.56954956054688,109.32491704182537,109.36115326390393,12600
2022-05-24,109.0440444946289,109.25244081041926,108.73598818995909,108.74504378997518,23300
2022-05-25,109.48795318603516,109.5604394240256,109.02586897234937,109.02586897234937,4200
2022-05-26,109.64204406738281,109.69640531725591,109.62391904231067,109.6601621797833,1400
2022-05-27,109.95008850097656,110.176602901231,109.73263661228015,110.0859985236634,2700
2022-05-31,109.68733215332031,109.9138465560243,109.46988026227237,109.46988026227237,4100
2022-06-01,108.71784973144531,109.36114979936264,108.47321722047374,109.36114979936264,29200
2022-06-02,109.46083068847656,109.5151988521679,109.13464935701575,109.23431625899943,2800
2022-06-03,108.80846405029297,109.28868042988435,108.77222782605169,109.28868042988435,8400
2022-06-06,109.15274810791016,109.24335247535694,109.14368559736444,109.15274810791016,6300
2022-06-07,109.66924285888672,109.68736097428845,108.84472689831598,108.84472689831598,10200
2022-06-08,109.16183471679688,109.30680035418001,109.15277220425052,109.29773784163368,1800
2022-06-09,108.75411224365234,109.26150237914221,108.75411224365234,109.26150237914221,30500
2022-06-10,107.24097442626953,107.8752119595392,107.14130754065991,107.8752119595392,9400
2022-06-13,105.51042938232422,106.1809171399471,105.44700561202718,106.00876394370981,14300
2022-06-14,104.35973358154297,105.12988129875919,104.1241566272475,105.06645753175721,10700
2022-06-15,106.10843658447266,106.1446797284094,104.80371105344115,105.09364929226227,14100
2022-06-16,107.57621002197266,107.99299564247316,106.67015252192719,106.76075688939771,22200
2022-06-17,106.3167953491211,106.59767790542872,105.98155846159875,106.59767790542872,26000
2022-06-21,106.81512451171875,106.97821514798171,106.76981886894049,106.88761077509575,4900
2022-06-22,106.79703521728516,107.1866403472183,106.79703521728516,107.1866403472183,4700
2022-06-23,106.76985931396484,106.79704685753292,106.40744168513511,106.77892182848753,6800
2022-06-24,106.8785400390625,106.97820691536828,106.80605378126376,106.86947752867016,17000
2022-06-27,106.77889251708984,107.16849758253889,106.77889251708984,107.16849758253889,1900
2022-06-28,106.06312561035156,106.34400823361493,106.04500749562773,106.34400823361493,4400
2022-06-29,105.44697570800781,105.75503887113777,105.37449635727478,105.65537198712548,4200
2022-06-30,105.88190460205078,105.99968961585395,105.68257079971329,105.79130021353512,6400
2022-07-01,105.27484130859375,105.32920255592262,104.27817235642215,104.49563117108032,8000
2022-07-05,104.05167388916016,104.17852834015466,103.57146436370186,103.97919451917066,14400
2022-07-06,103.73455810546875,103.90671130370437,103.4808630213358,103.53522427860068,8900
2022-07-07,104.64964294433594,104.6587054550303,104.16037105689394,104.16037105689394,5700
2022-07-08,104.68588256835938,104.82179257354204,104.45030568688743,104.45030568688743,2300
2022-07-11,103.44462585449219,103.62584157696422,103.42650773858148,103.50804962918914,7700
2022-07-12,103.48084259033203,103.6892388898232,103.2724532035121,103.39930072053413,3800
2022-07-13,103.53520202636719,103.92480708259937,103.16372199377618,103.2362082629987,20600
2022-07-14,102.93720245361328,103.03686934065621,102.4298124197007,102.62008368241791,10600
2022-07-15,103.26338195800781,103.29962509018759,103.09122880832159,103.09122880832159,3900
2022-07-18,104.02447509765625,104.53187207502066,104.02447509765625,104.28723264192129,3700
2022-07-19,104.4412612915039,104.73119946026976,104.35065690989043,104.72214386097826,2000
2022-07-20,104.22379302978516,104.43218929618169,104.09694553290731,104.40500867723216,4400
2022-07-21,104.26004791259766,104.26004791259766,103.72547724587417,103.72547724587417,5800
2022-07-22,104.38688659667969,104.83085284825844,104.19661534600307,104.19661534600307,5600
2022-07-25,104.87616729736328,105.13892483112772,104.74025727470293,105.13892483112772,9300
2022-07-26,104.62248229980469,104.75839233548759,104.41408599006805,104.56812105060015,6700
2022-07-27,105.88190460205078,105.96344647791335,104.72215183863818,104.83087433978827,18100
2022-07-28,105.89095306396484,105.92719619709634,105.41979924592634,105.51040362241964,16600
2022-07-29,105.98157501220703,106.0268737516288,105.1933022894109,105.1933022894109,8400
2022-08-01,106.65203857421875,106.96010175080804,106.5342535755448,106.58861481913726,8100
2022-08-02,105.9000244140625,106.44366457922372,105.9000244140625,106.28057391220972,3300
2022-08-03,105.69161224365234,105.82752225566921,105.38354908890275,105.82752225566921,5700
2022-08-04,105.94532775878906,105.94532775878906,105.31109013013844,105.41981263066614,6100
2022-08-05,105.05740356445312,105.05740356445312,104.67686093148595,104.67686093148595,9200
2022-08-08,105.12983703613281,105.5556851121402,105.09359391129503,105.46508075638036,2400
2022-08-09,105.0664291381836,105.43791603928325,105.03924851862416,105.43791603928325,3000
2022-08-10,106.39834594726562,106.75170786390701,106.12652589784716,106.19901216604822,13800
2022-08-11,106.099365234375,106.65206103620444,106.099365234375,106.60676229456065,25100
2022-08-12,105.6553955078125,105.69163864758264,105.4832423220724,105.4832423220724,3700
2022-08-15,104.95771026611328,105.25671093657338,104.93052964382981,105.25671093657338,9600
2022-08-16,105.2839126586914,105.3926420822866,105.22955140322999,105.38357956881892,14900
2022-08-17,104.92147827148438,105.12080514714978,104.76744321788799,105.04832578903111,21600
2022-08-18,103.9338607788086,104.60434143056939,103.89761764727145,104.60434143056939,9000
2022-08-19,102.98252868652344,103.00970931339272,102.76506984622488,103.00970931339272,40200
2022-08-22,102.41166687011719,102.92811931188346,102.33012502215537,102.92811931188346,20100
2022-08-23,102.97345733642578,103.39930555462506,102.56572723036045,102.56572723036045,7500
2022-08-24,102.74695587158203,102.87380341053003,102.38453136915673,102.38453136915673,4000
2022-08-25,103.04595947265625,103.04595947265625,102.6925905612686,102.6925905612686,11100
2022-08-26,102.19427490234375,103.48993802062866,102.17614987262037,103.48993802062866,14000
2022-08-29,101.92240905761719,102.12174281915601,101.76838093739913,101.96771469893795,5600
2022-08-30,101.4965591430664,101.98583102757439,101.23380854853768,101.98583102757439,7000
2022-08-31,101.13418579101562,101.56002719949423,101.0707620142062,101.09794264531406,7300
2022-09-01,100.5069580078125,100.60665885357218,100.20785547053347,100.60665885357218,195900
2022-09-02,100.1806411743164,100.84229145174959,100.09000594981136,100.49786791759627,8600
2022-09-06,100.22596740722656,100.57038404409813,100.10813538577793,100.45255893767424,35100
2022-09-07,100.45256042480469,100.46161910733889,99.39211370621628,99.55525297213003,94200
2022-09-08,100.16252136230469,100.29847766263761,99.82716341015346,99.93592983342474,221200
2022-09-09,100.96917724609375,100.98730152410491,100.79696548737954,100.79696548737954,375500
2022-09-12,101.703369140625,101.97528181654677,101.57647840253527,101.7215003403673,28800
2022-09-13,100.1897201538086,100.86949480093185,100.13534039484682,100.56132669842282,23400
2022-09-14,100.46163940429688,100.8423185134147,100.46163940429688,100.71542778205084,4600
2022-09-15,99.94500732421875,100.2894309385485,99.83624779550493,99.97220412142319,7200
2022-09-16,99.5008773803711,99.60964381055635,99.1927162007172,99.24709595829727,564600
2022-09-19,99.68215942382812,99.68215942382812,99.00238476219953,99.00238476219953,20200
2022-09-20,99.1564712524414,99.41025270146179,98.92081408619713,99.19272673301944,12600
2022-09-21,98.29539489746094,98.8573443352454,98.02348923274522,98.8573443352454,29700
2022-09-22,98.02352905273438,98.37701140097646,98.00539785204008,98.34075591461483,8400
2022-09-23,94.69715118408203,96.37392740503667,94.52493937951571,96.37392740503667,107700
2022-09-26,93.18352508544922,94.81498733144106,92.69408641165167,94.34367294258712,307600
2022-09-27,93.37383270263672,94.00829312248891,92.89345977540658,93.79076719440866,89000
2022-09-28,94.7787094116211,95.1140673814226,92.63061911537373,92.82096209487258,112000
2022-09-29,96.50081634521484,96.75459779039208,95.40411400568422,95.48568364948015,176500
2022-09-30,97.2349853515625,97.38906597847595,96.5642761582128,96.60053164366776,106500
2022-10-03,98.59713745117188,98.75130717745732,97.62676488127896,97.97138078456855,179900
2022-10-04,99.95745086669922,100.0934857967202,98.87824918596313,98.9870785137847,613600
2022-10-05,98.59713745117188,98.82386007889477,97.84441666656578,98.31600360688367,37900
2022-10-06,97.19145965576172,97.94418048113667,96.94660224893026,97.74466345089022,37400
2022-10-07,96.63823699951172,97.07354742772756,96.35710319486631,96.96471809091747,29100
2022-10-10,96.4659194946289,96.59288357756965,96.139438447346,96.38429577329639,23300
2022-10-11,95.72228240966797,97.47258112043343,95.64065867754704,96.62917278998117,80200
2022-10-12,96.75616455078125,97.05543320338222,96.20296070711589,96.34805961155477,30700
2022-10-13,98.54271697998047,99.12312629891994,97.44537347611613,97.63582655425942,99500
2022-10-14,97.44535064697266,98.1436599858344,97.21862809365814,98.00762507004104,35400
2022-10-17,98.90545654296875,99.64004241050567,98.80569805378502,98.93266214565085,51000
2022-10-18,98.65151977539062,98.79662553576797,98.31597481280906,98.79662553576797,28800
2022-10-19,97.79000854492188,98.24345381471858,97.52700945815671,98.24345381471858,39900
2022-10-20,97.81718444824219,98.75128031330635,97.67207868484167,98.27062958033342,69300
2022-10-21,98.66057586669922,98.66057586669922,96.99189446692313,97.27303510587151,81200
2022-10-24,98.30693054199219,98.84199261018964,98.18903035006537,98.47017110702325,33700
2022-10-25,100.14791107177734,100.23859873152486,99.49494885115541,99.49494885115541,75700
2022-10-26,101.3994369506836,101.45385509225402,100.7102050683701,100.79182190218634,37400
2022-10-27,100.93689727783203,101.42661197108106,100.81899710584408,101.01851408703214,32100
2022-10-28,101.281494140625,101.30869973859491,100.57412091731574,100.7010849871906,18800
2022-10-31,100.02092742919922,100.34740847574504,99.93930370805097,100.23857915388858,24900
2022-11-01,100.08627319335938,100.75793723805091,99.83213303582201,100.75793723805091,17600
2022-11-02,99.34199523925781,100.84869309669497,99.34199523925781,100.2496425486153,29800
2022-11-03,97.47227478027344,97.88979184345646,97.28166961608999,97.55396666481012,59200
2022-11-04,99.2240219116211,99.24217181424933,98.00777761630899,98.32545284830836,21000
2022-11-07,100.35858917236328,100.63995769649472,99.77769529523961,99.95015054541112,15400
2022-11-08,100.6036376953125,101.14823169249244,99.93198053687098,99.93198053687098,23900
2022-11-09,98.99710083007812,99.72322151405018,98.8881806500423,99.47815284016959,16800
2022-11-10,102.16482543945312,102.18298227179449,101.42055458391663,101.49316806367692,73700
2022-11-11,103.3356704711914,103.39920552164715,102.27372451723066,102.56417145142849,49400
2022-11-14,102.54601287841797,102.70031128436597,102.22833072819492,102.47339941980695,11400
2022-11-15,103.44458770751953,104.21608670520055,102.86369385575023,104.21608670520055,41300
2022-11-16,103.9800796508789,104.02546478893204,103.38103599241641,103.60794783308248,15800
2022-11-17,103.48090362548828,103.48997511552683,102.71847604935512,103.00892300102453,13900
2022-11-18,103.62612915039062,104.13441653644706,103.58982241390073,103.93473294815367,25400
2022-11-21,103.28120422363281,103.28120422363281,102.80922367148334,103.27212581018365,28700
2022-11-22,103.77134704589844,103.78041853562829,103.53535674169713,103.62612011260491,13400
2022-11-23,105.26896667480469,105.405108268471,104.5609957637333,104.5609957637333,28000
2022-11-25,105.57755279541016,105.63200942734487,105.37786924524873,105.4141759748054,27000
2022-11-28,104.27963256835938,105.2598936416803,104.23424741828276,105.19635858645405,18300
2022-11-29,104.43390655517578,104.6698968156954,104.33406478821749,104.38852834052203,6800
2022-11-30,105.26896667480469,105.43234351200557,103.93472365846434,104.86959953391334,25100
2022-12-01,106.87388610839844,107.31919203157315,106.76483555861732,106.92841831681835,88600
2022-12-02,107.22833251953125,107.35556280495838,106.50130330759487,106.55582859176918,25600
2022-12-05,106.2740707397461,107.0556319146445,106.21045561776731,106.97383708151274,15400
2022-12-06,105.91966247558594,106.49219868060813,105.91966247558594,106.30135327893406,12700
2022-12-07,106.573974609375,106.79208955835406,106.32860395868455,106.51944933889463,6200
2022-12-08,106.7557373046875,106.89205741472091,106.53762928875133,106.57397484680001,11200
2022-12-09,107.04655456542969,107.56456545735622,106.99202929265714,107.07381720181597,14700
2022-12-12,107.11924743652344,107.21921504765307,106.96474762525965,107.16468284751889,4300
2022-12-13,107.96444702148438,108.58242559923542,107.92809452473081,108.50972060572828,19900
2022-12-14,108.54605865478516,108.67328890972314,107.92808015928829,108.05531041422627,25200
2022-12-15,106.3831558227539,107.42826768056634,106.20140025336502,107.41009489703967,17600
2022-12-16,106.26497650146484,106.51943697888524,106.14683611795624,106.40129659537662,6200
2022-12-19,106.1468276977539,106.46490326929774,105.93780264586657,106.41037107594204,23000
2022-12-20,106.33769989013672,106.33769989013672,105.9105667575611,106.1014121486744,29200
2022-12-21,105.52887725830078,105.96509331942613,105.36529450199646,105.80151056312181,232100
2022-12-22,105.17445373535156,105.25624165033706,104.87455084667889,104.87455084667889,7200
2022-12-23,105.27440643310547,105.60157193525009,105.17444574467206,105.34711141881073,8400
2022-12-27,105.11083221435547,105.29258774785416,104.98359502067139,105.01086459087243,24300
2022-12-28,105.06539154052734,105.91965781536513,104.97451377232805,105.78333769630154,26100
2022-12-29,105.37437438964844,105.53795714124014,105.32893897358518,105.35620160992895,5800
2022-12-30,105.54704284667969,105.71062559183765,105.08355724647731,105.18352486482544,12500
2023-01-03,104.78079986572266,105.19941261771193,104.55329248249102,104.9446054593684,13500
2023-01-04,105.38143157958984,105.5725369644683,105.03561588440272,105.490630689249,9500
2023-01-05,104.1619873046875,104.33489515064171,103.97088192162093,104.15288506464388,22100
2023-01-06,105.81822204589844,105.81822204589844,104.04366741720804,104.04366741720804,22800
2023-01-09,106.55533599853516,106.7919455796511,106.47343668755644,106.50073645788268,12500
2023-01-10,106.30964660644531,106.41885264662906,106.22774728353811,106.38245063323448,5600
2023-01-11,106.24594116210938,106.24594116210938,105.94562976917041,106.03663132803781,14600
2023-01-12,106.82833862304688,106.91934016415547,105.96381356805631,106.62813106682442,6500
2023-01-13,107.05586242675781,107.05586242675781,106.47344414244218,106.47344414244218,18600
2023-01-17,107.46541595458984,107.54732224709397,107.1742066957528,107.46541595458984,7500
2023-01-18,108.0023193359375,108.6757393341279,107.92041305694157,108.6757393341279,32700
2023-01-19,108.45732879638672,108.47552633361045,108.02051153029333,108.02961377039264,22800
2023-01-20,108.52104187011719,108.53014411116253,108.03872723934832,108.03872723934832,12500
2023-01-23,108.33903503417969,108.40273683338624,108.05692111514318,108.06602335587995,11300
2023-01-24,107.99317932128906,108.01138379602067,107.33795709040774,107.67467044321421,20000
2023-01-25,108.54833984375,108.56654432553772,107.70201195798435,107.76571375829035,53600
2023-01-26,108.65753173828125,108.65753173828125,108.0842086673043,108.48462389872,16400
2023-01-27,108.54833984375,108.60293940316214,108.12062478042024,108.4027387043258,16200
2023-01-30,108.2207260131836,108.47553320831375,108.06602263656532,108.24802579223677,11900
2023-01-31,107.85670471191406,108.03871479698148,107.65650403280215,107.82940493489767,2600
2023-02-01,108.33432006835938,108.54397305621589,107.58687277735763,107.92413820848103,21400
2023-02-02,107.22228240966797,107.86035169695806,107.12201447815606,107.86035169695806,14500
2023-02-03,105.59065246582031,106.39279587644545,105.55419772384415,106.16491549012831,52500
2023-02-06,105.27162170410156,105.69092078194863,105.17135377740362,105.64534887713162,54800
2023-02-07,105.50862121582031,105.64535084152877,104.89790343592793,104.94347534159232,31700
2023-02-08,105.71827697753906,105.94615737484382,105.69092548820193,105.80031058247702,8200
2023-02-09,106.10112762451172,106.85769230707946,106.08289329601008,106.85769230707946,4500
2023-02-10,105.60889434814453,106.20138478583702,105.55420527690947,106.08288252568373,33700
2023-02-13,106.34722137451172,106.35633853755805,105.87323321146995,105.87323321146995,1600
2023-02-14,106.70270538330078,106.76651161061605,106.25606179209383,106.25606179209383,5600
2023-02-15,105.55419921875,105.55419921875,105.00728072035716,105.24427827270355,5500
2023-02-16,105.1440200805664,105.40836219143718,104.84321626946951,104.84321626946951,61200
2023-02-17,105.61799621582031,105.6453407474778,105.5450728284957,105.6453407474778,8800
2023-02-21,106.12846374511719,106.46572925205956,105.91881071012963,105.91881071012963,7500
2023-02-22,105.59978485107422,106.17404795816427,105.54509577586889,106.17404795816427,3800
2023-02-23,105.4356918334961,105.60888314651454,105.22604577975957,105.60888314651454,9200
2023-02-24,104.72473907470703,104.92527498346018,104.56978203771031,104.58800941379721,5500
2023-02-27,105.75473022460938,105.80942624815177,105.39923736619359,105.57242869108867,4400
2023-02-28,105.5177230834961,106.42012735539262,105.50860592194172,106.18312983547553,11600
2023-03-01,105.27162170410156,105.44481302373573,104.82497809249278,105.39923416456121,8400
2023-03-02,104.68824768066406,104.74294370213295,104.47860162049864,104.56975238380349,6900
2023-03-03,105.52684020996094,105.52684020996094,104.9161224785504,105.06196925555673,3900
2023-03-06,105.18045806884766,105.54506803455286,105.18045806884766,105.2716088216848,6500
2023-03-07,103.57620239257812,104.3601115664634,103.57620239257812,104.3601115664634,7000
2023-03-08,103.78582000732422,103.84962622275238,103.45767176959203,103.45767176959203,2300
2023-03-09,104.54241180419922,104.56975633878915,104.31453141013958,104.50595010662676,3600
2023-03-10,105.35369110107422,106.13760040384575,105.34457393587192,105.4813035964687,12400
2023-03-13,106.83946990966797,106.91239332310069,106.01909889444856,106.05556060116493,20400
2023-03-14,106.84856414794922,106.95794229026905,106.5112986489611,106.95794229026905,11600
2023-03-15,105.68183135986328,105.90971179184204,105.33544865246589,105.66359703086401,6800
2023-03-16,106.19226837158203,106.26519176998184,105.84589266072001,105.90058173234085,5000
2023-03-17,106.64801788330078,106.92147712115474,106.39279297029432,106.59332881747291,11700
2023-03-20,107.70540618896484,107.7418609367159,107.2496453441321,107.2496453441321,9900
2023-03-21,107.08555603027344,107.12201077287331,106.83032415157099,107.12201077287331,25700
2023-03-22,107.63245391845703,107.99706388740903,107.24049941884604,107.37722902649764,5100
2023-03-23,107.87858581542969,108.06089431792434,107.5595546290119,107.94239205271325,5400
2023-03-24,107.24964141845703,107.29521332865707,107.08556724214853,107.213179717682,14300
2023-03-27,107.78741455078125,107.78741455078125,107.623340406906,107.64156777651125,3300
2023-03-28,108.3616714477539,108.3616714477539,107.86944901217358,107.86944901217358,2200
2023-03-29,108.01531219482422,108.08823559362195,107.91504426006688,107.91504426006688,2400
2023-03-30,108.6898422241211,108.6898422241211,108.48019613399786,108.48019613399786,2100
2023-03-31,108.22494506835938,108.589548085716,108.17024905227045,108.56220355484993,10200
2023-04-03,109.01593017578125,109.01593017578125,108.60493121768782,108.60493121768782,19000
2023-04-04,109.81050109863281,109.91096174921074,109.57303154802969,109.57303154802969,11300
2023-04-05,109.30816650390625,109.66436735710987,109.14376557410397,109.56389973510804,31700
2023-04-06,109.23512268066406,109.42692264761942,108.92459139174858,108.92459139174858,19800
2023-04-10,108.73278045654297,108.73278045654297,108.49531086836758,108.61404217835086,4400
2023-04-11,109.06157684326172,109.20770714291336,108.76930230754152,109.20770714291336,3500
2023-04-12,109.54563903808594,109.71916832499682,109.37210278296695,109.37210278296695,18900
2023-04-13,110.0844955444336,110.0844955444336,109.82876232710905,109.94749361566471,7200
2023-04-14,108.96110534667969,109.41777384022285,108.90630038907292,109.41777384022285,10900
2023-04-17,108.70537567138672,108.96111590584897,108.55011004090558,108.96111590584897,5300
2023-04-18,109.20770263671875,109.2807712676338,109.03416638034756,109.03416638034756,6300
2023-04-19,109.2807846069336,109.39038059847576,109.24425028701653,109.39038059847576,136500
2023-04-20,109.25335693359375,109.47255582735454,109.20768730363196,109.47255582735454,2500
2023-04-21,109.33558654785156,109.33558654785156,108.67798270203417,109.15292190988418,4600
2023-04-24,109.72830963134766,109.7465802740453,109.22597148028997,109.22597148028997,8800
2023-04-25,108.98853302001953,109.15293399968296,108.95199869473765,109.01593202192842,10900
2023-04-26,109.50912475585938,109.78312171762485,109.46345511146042,109.78312171762485,10900
2023-04-27,109.81050109863281,109.81050109863281,109.39035998287048,109.39035998287048,8500
2023-04-28,110.46810150146484,110.62337407906466,110.14843496206747,110.14843496206747,137800
2023-05-01,109.85128021240234,110.35464220499402,109.76891569492959,110.30887948479086,5700
2023-05-02,109.6956787109375,109.75974231843124,109.5217887838504,109.56755149595001,6200
2023-05-03,110.400390625,110.52851785418314,110.09838043187423,110.09838043187423,13100
2023-05-04,110.53765869140625,110.8030670582281,110.41868541624177,110.62917713248736,8700
2023-05-05,111.11425018310547,111.22406953134492,110.60173428915046,110.60173428915046,5000
2023-05-08,110.96780395507812,111.39794831233695,110.9586500161721,111.39794831233695,5000
2023-05-09,111.01358032226562,111.06848999763673,110.6474995275006,110.6474995275006,16600
2023-05-10,111.01358032226562,111.19661722844293,110.9586636644841,111.11425271538626,6200
2023-05-11,109.9793930053711,110.47360099253065,109.97024604846044,110.47360099253065,8200
2023-05-12,109.56754302978516,109.99768735361043,109.5400881976106,109.99768735361043,12200
2023-05-15,110.2447738647461,110.29053656751452,109.9976734240577,109.9976734240577,10700
2023-05-16,109.82379913330078,109.96108027869923,109.81464519496512,109.96108027869923,5600
2023-05-17,109.92448425292969,110.04345753545114,109.73229342005199,109.75059431643609,10000
2023-05-18,109.26553344726562,109.36620582712183,109.10079746044721,109.31129615898553,2700
2023-05-19,109.61328887939453,109.723115180606,109.44855291878153,109.723115180606,13700
2023-05-22,109.57671356201172,109.60416839834396,109.37536878569519,109.45773329469192,11500
2023-05-23,109.2838363647461,109.4668732384991,109.23807365510326,109.23807365510326,20500
2023-05-24,108.89031219482422,109.07334908772775,108.8445494803934,109.05504819140135,3300
2023-05-25,108.48761749267578,108.78048069684094,108.41439994603209,108.68896225474113,28000
2023-05-26,108.77134704589844,108.88117338634873,108.6340658659383,108.75304614702883,11600
2023-05-30,109.25637817382812,109.64991374961991,109.10079612773609,109.64991374961991,6500
2023-05-31,109.53092956542969,109.53092956542969,109.07333042904042,109.28382910403931,1800
2023-06-01,110.2766342163086,110.4509001050403,110.01064133607002,110.07484603145265,5100
2023-06-02,109.73548889160156,110.3591947284085,109.70797358961988,110.34085352635002,8600
2023-06-05,109.5337142944336,109.57957780196223,109.11179661676752,109.23103193943768,2800
2023-06-06,109.46949005126953,109.5520429505344,109.35025474987306,109.35025474987306,2900
2023-06-07,109.5978775024414,110.17572668820459,109.5887104026382,109.76297627011859,9700
2023-06-08,110.66188049316406,110.71691109884176,110.56098638422957,110.56098638422957,16200
2023-06-09,110.90034484863281,110.98289074727555,110.77192845443201,110.77192845443201,19100
2023-06-12,110.36837005615234,110.74442418373192,110.16658184232469,110.74442418373192,4200
2023-06-13,111.19385528564453,111.32226468465126,111.00123418934703,111.00123418934703,3800
2023-06-14,111.65248107910156,111.99184583455964,111.50572345679319,111.97350463066539,21500
2023-06-15,112.7255859375,112.7531012339334,111.92760735199899,111.96429674650568,11100
2023-06-16,113.10166931152344,113.33097283830719,113.10166931152344,113.1842222200155,26500
2023-06-20,112.62471771240234,112.63389181258215,112.2211412779479,112.2303153781277,6200
2023-06-21,112.70726776123047,112.78982067030533,112.14776659210511,112.16611479313879,49500
2023-06-22,112.38623046875,112.49629866811841,112.38623046875,112.46878336772318,3800
2023-06-23,112.26701354980469,112.26701354980469,112.04688411281246,112.12025592661745,2500
2023-06-26,112.22109985351562,112.27613743649022,112.22109985351562,112.27613743649022,1800
2023-06-27,112.60636901855469,112.64305842132504,112.45961840526134,112.51464901052285,21600
2023-06-28,111.5974349975586,111.69832910578694,111.35896437609892,111.50571498947502,5300
2023-06-29,111.25806427001953,111.44150427629754,111.25806427001953,111.4048148754844,13700
2023-06-30,112.11106872558594,112.35871342308384,112.09272052708246,112.09272052708246,10800
2023-07-03,112.03382873535156,112.17171656772506,112.02463387531893,112.02463387531893,16100
2023-07-05,112.1166000366211,112.3648122475995,112.09821732384985,112.3648122475995,3000
2023-07-06,112.46593475341797,112.57625207785249,112.16257438506864,112.16257438506864,5600
2023-07-07,113.3668212890625,113.48632644177718,113.07264882469771,113.15538154266369,14200
2023-07-10,113.56907653808594,113.71615927687924,112.90718667945254,112.90718667945254,6800
2023-07-11,114.22176361083984,114.26773090868855,113.92759114003297,114.12983602876737,6500
2023-07-12,114.84687805175781,114.91122805892583,114.71817803742181,114.76413832047052,7000
2023-07-13,116.15227508544922,116.15227508544922,115.66505257059931,115.66505257059931,16000
2023-07-14,115.75696563720703,116.01436564947548,115.7018104956136,116.01436564947548,6300
2023-07-17,115.67423248291016,115.72938762429288,115.43521518087788,115.45359789013068,14500
2023-07-18,115.29730987548828,115.80292200446921,115.25134959970507,115.80292200446921,4300
2023-07-19,114.36886596679688,114.36886596679688,113.88163640218886,114.21258134504961,8700
2023-07-20,113.78968811035156,113.82646054327185,113.62421566902249,113.73453296778335,8000
2023-07-21,113.82648468017578,113.84486739372176,113.5874673223225,113.78051737587194,11600
2023-07-24,113.42198181152344,113.61503184288769,113.29328179061393,113.61503184288769,6800
2023-07-25,114.14822387695312,114.14822387695312,113.4863340344432,113.4863340344432,6600
2023-07-26,114.58027648925781,114.69978163457564,114.22175403967995,114.28610404310099,8400
2023-07-27,113.16458129882812,113.90001599835811,113.16458129882812,113.83566598817112,4300
2023-07-28,113.85404205322266,114.04709207251422,113.78049718483787,113.80808177070068,3000
2023-07-31,113.66099548339844,113.8908179438572,113.63341791032336,113.63341791032336,16400
2023-08-01,113.09418487548828,113.15869924666212,112.86377540250467,113.15869924666212,6700
2023-08-02,112.70709991455078,112.743966274427,112.32001368315935,112.41217606708028,7200
2023-08-03,112.5320053100586,112.66103407546568,112.19100372928573,112.19100372928573,17100
2023-08-04,112.9190444946289,113.306137660889,112.89139648951121,113.22318661399846,68200
2023-08-07,113.29696655273438,113.29696655273438,113.07577538803315,113.11264175407341,9500
2023-08-08,112.92828369140625,112.98357971185158,112.33843603486031,112.71631092533998,13700
2023-08-09,112.72554016113281,112.9651680070543,112.57808173932409,112.80849123652634,6800
2023-08-10,112.34764862060547,113.15868734887908,112.33843027382443,113.15868734887908,2900
2023-08-11,112.54120635986328,112.68866476985853,112.44904397467386,112.57807272024692,10900
2023-08-14,112.43061065673828,112.59650576767936,111.79468525774703,111.98822838192172,2800
2023-08-15,112.55963897705078,112.99280993349765,112.54120931214514,112.85456283631724,4800
2023-08-16,112.79925537109375,113.12182721077642,112.79925537109375,112.88220643360572,3800
2023-08-17,112.98358917236328,113.31537938589467,112.92829314728782,113.31537938589467,2100
2023-08-18,113.01124572753906,113.11262646255919,112.73475153538607,112.73475153538607,4200
2023-08-21,113.2139892578125,113.2139892578125,112.85455106156931,113.00201649158637,25900
2023-08-22,112.93749237060547,113.05730274849353,112.72551259114711,112.88219635489378,12400
2023-08-23,112.84535217285156,112.88221853441571,112.36609650405718,112.36609650405718,13700
2023-08-24,111.71173095703125,112.30157866076107,111.71173095703125,112.04352116932168,11700
2023-08-25,111.69329833984375,112.11725092622066,111.47210018313824,111.74859436325058,13100
2023-08-28,111.86840057373047,111.86840057373047,111.58269508809562,111.647209456837,18900
2023-08-29,112.29235076904297,112.33843547354296,111.40757928864495,111.40757928864495,5100
2023-08-30,112.79925537109375,113.13104555806413,112.79925537109375,113.01123516947878,14600
2023-08-31,112.50434112548828,112.59650351160013,112.37531237862382,112.58729219506648,5800
2023-09-01,111.8158187866211,112.33336106057145,111.76037059868979,112.33336106057145,22600
2023-09-05,111.52007293701172,111.81580832980302,111.5108362738127,111.81580832980302,6500
2023-09-06,111.02101135253906,111.45537422652893,110.88239090414869,111.33523415429477,20000
2023-09-07,110.77153015136719,110.9193943702202,110.66987041614126,110.8454657862388,6600
2023-09-08,110.66983032226562,111.03950131180773,110.65134994568797,110.99328979403208,19600
2023-09-11,111.2243423461914,111.50159737366685,111.15965044656556,111.31675833838715,18500
2023-09-12,111.06724548339844,111.07648919880238,110.82695823911828,110.89165014516807,18100
2023-09-13,110.98405456542969,111.1966176922061,110.9470938094486,111.10420170047696,9800
2023-09-14,110.30941009521484,110.57742140348657,110.22623076808108,110.57742140348657,28600
2023-09-15,110.16157531738281,110.3741385118189,110.05991557885561,110.20778685340079,45800
2023-09-18,110.12458038330078,110.2724445610804,109.99518953277224,110.10609295427317,34100
2023-09-19,110.15229797363281,110.34637366163687,110.08760607763146,110.31864957062028,82200
2023-09-20,109.79190063476562,110.42033938913958,109.73644538671896,110.04142457286142,11200
2023-09-21,109.42223358154297,109.50540588035412,108.31322024116403,109.06180618491457,15500
2023-09-22,108.88617706298828,109.20963654290372,108.84920925801396,109.09874017886862,11100
2023-09-25,108.63668060302734,108.71985289703878,108.58122535613009,108.69212879903496,56700
2023-09-26,108.19306945800781,108.52577272222771,108.18382574208799,108.52577272222771,64500
2023-09-27,108.10063934326172,108.10063934326172,107.82338430896658,107.98049220465256,26800
2023-09-28,108.57197570800781,108.77528808602082,108.36865627910602,108.51652046774174,47100
2023-09-29,108.61817932128906,108.9508825566934,108.52576332276313,108.9508825566934,16500
2023-10-02,107.71379089355469,108.149317512076,107.71379089355469,108.10298925528797,15200
2023-10-03,107.60259246826172,107.74158430200596,107.4357951979907,107.71378593525712,6700
2023-10-04,108.20491790771484,108.2141863872972,107.81572660259702,108.2141863872972,10200
2023-10-05,108.5940933227539,108.5940933227539,108.09370157778002,108.09370157778002,110900
2023-10-06,109.04815673828125,109.12229042446053,108.66822689894553,108.66822689894553,4700
2023-10-09,109.05743408203125,109.05743408203125,108.66823573283992,108.75163790401592,6900
2023-10-10,109.54853057861328,109.54853057861328,108.99254216285723,108.99254216285723,23900
2023-10-11,109.78019714355469,109.85433082038877,109.50219939031516,109.715331943769,7200
2023-10-12,108.57557678222656,109.14083383728713,108.5107115662251,109.04817025296767,5200
2023-10-13,108.2975845336914,108.58484376204825,108.14004866576772,108.41804648466533,37800
2023-10-16,108.92771911621094,108.93698052671768,108.38099189581614,108.38099189581614,5600
2023-10-17,108.6404037475586,108.80720096851815,108.32534625784378,108.32534625784378,6500
2023-10-18,108.34391784667969,108.55705046041841,108.23272436975387,108.54778198074841,5600
2023-10-19,108.44580078125,108.68673165506401,108.1956085017405,108.41800242461287,7900
2023-10-20,108.44580078125,108.51993444546589,108.20486990743598,108.38093559250491,9300
2023-10-23,109.17787170410156,109.28907221763414,108.51068276245894,108.51068276245894,9100
2023-10-24,108.4736099243164,108.8442712124785,108.34387953392608,108.79794297006826,8000
2023-10-25,108.06591796875,108.43657228694111,108.06591796875,108.23271523984718,2000
2023-10-26,108.10295867919922,108.2882857934895,107.95469133194601,107.95469133194601,6700
2023-10-27,108.08444213867188,108.45510350703155,108.08444213867188,108.36243993238602,1800
2023-10-30,108.60334777832031,108.60334777832031,108.18635821909096,108.18635821909096,17000
2023-10-31,108.4736099243164,108.4736099243164,108.26048445572204,108.26974586233845,3700
2023-11-01,108.45780944824219,108.55072938773768,107.9932026614278,107.9932026614278,6900
2023-11-02,108.93173217773438,108.9688944895076,108.5879205344558,108.84809925289866,6100
2023-11-03,110.49281311035156,110.62290247137743,109.92599214187948,109.92599214187948,9600
2023-11-06,110.22334289550781,110.80874503409204,110.21404877254464,110.80874503409204,5200
2023-11-07,109.88882446289062,109.88882446289062,109.54501280945345,109.67510217251863,2800
2023-11-08,109.68438720703125,109.85164595844734,109.48925317860216,109.48925317860216,11400
2023-11-09,109.15473937988281,109.61934625076725,109.10827585705907,109.61934625076725,6600
2023-11-10,109.31270599365234,109.31270599365234,108.92243791648478,109.08040255400427,3000
2023-11-13,109.71229553222656,109.7308766927197,109.26626969764982,109.26626969764982,5100
2023-11-14,111.68221282958984,111.7565445483141,110.95742717432104,110.95742717432104,7100
2023-11-15,110.92955017089844,111.30123713985714,110.92955017089844,111.03176426459557,5300
2023-11-16,110.90167236328125,111.24548404237275,110.90167236328125,110.99459233107002,2800
2023-11-17,111.35696411132812,111.35696411132812,110.89235727089834,110.89235727089834,2900
2023-11-20,111.83087921142578,111.93309329638943,111.61716400783901,111.61716400783901,11000
2023-11-21,112.04459381103516,112.22113959984583,111.94237973308982,112.16538904436227,5900
2023-11-22,111.76583099365234,111.76583099365234,111.28264295311313,111.663616911922,27200
2023-11-24,112.78794860839844,112.81583097252754,112.6021087168957,112.81583097252754,9700
2023-11-27,112.98311614990234,112.98311614990234,112.77869504432076,112.77869504432076,2500
2023-11-28,113.63355255126953,113.66142783001828,113.45699966674285,113.45699966674285,5500
2023-11-29,113.59639739990234,113.6986114943623,113.59639739990234,113.6986114943623,4400
2023-11-30,112.86231994628906,113.31763277430328,112.86231994628906,112.90878347723192,4200
2023-12-01,113.7707290649414,113.80799819359642,112.8203840551372,112.91356043095446,11700
2023-12-04,113.09056854248047,113.09056854248047,112.86696090137951,112.87627995969669,4000
2023-12-05,112.75516510009766,112.8949225557653,112.63404576297742,112.8949225557653,7100
2023-12-06,112.4942626953125,112.81104666325973,112.4942626953125,112.73650842275946,2100
2023-12-07,112.79241180419922,112.94148828950219,112.48495399288846,112.48495399288846,48000
2023-12-08,112.4383773803711,112.62471589780988,112.0843313538939,112.0843313538939,47300
2023-12-11,112.54084777832031,112.68060519832613,112.39177130141874,112.58742884608381,16100
2023-12-12,112.60608673095703,112.6992559912001,112.14955237991477,112.41042915193891,20500
2023-12-13,113.11854553222656,113.12785748381614,112.08435023698303,112.22410059442676,32300
2023-12-14,114.46016693115234,114.6185553645032,113.8266060893909,113.8266060893909,37600
2023-12-15,113.61233520507812,113.93843117987704,113.46325869753628,113.89184299418042,16200
2023-12-18,113.36077117919922,113.62164796088746,113.2489709061095,113.62164796088746,12700
2023-12-19,113.99434661865234,114.35771176911493,113.99434661865234,114.07820394249144,17400
2023-12-20,113.3235092163086,113.705512462473,113.21170893615093,113.58439312284897,28400
2023-12-21,113.78005981445312,113.78005981445312,113.42600661003326,113.70552154948471,9700
2023-12-22,113.9477310180664,114.21791970278231,113.78933547843144,114.07816938598371,41000
2023-12-26,114.17133331298828,114.1899643182406,113.95703765661993,114.11543318887375,9700
2023-12-27,114.79560852050781,114.81424663955032,114.3297550614805,114.3577051316846,7300
2023-12-28,114.22724914550781,114.590614218937,114.05954164174368,114.36700658337102,6300
2023-12-29,114.40428161621094,114.44155074212327,113.99432833953419,113.99432833953419,12300
2024-01-02,113.31023406982422,113.49709559468533,113.2074620131602,113.37563382151603,82700
2024-01-03,113.67461395263672,113.79607573522958,113.26353282212544,113.26353282212544,53600
2024-01-04,113.89884185791016,114.09504111797213,113.72132518678997,113.74000777573175,31600
2024-01-05,114.23516845703125,114.64625665851604,113.91751457627512,113.91751457627512,34000
2024-01-08,114.51546478271484,114.62758169822646,114.24452091625722,114.25386577455944,18700
2024-01-09,114.02029418945312,114.32861036101689,114.01094933115284,114.3192655027166,9100
2024-01-10,114.38465118408203,114.46873351432627,114.22582425270677,114.27253428238552,22000
2024-01-11,114.61824798583984,114.6556202946446,114.02965016025269,114.4874484690427,21700
2024-01-12,114.48741912841797,114.85179013583527,114.44070197237484,114.69296321014819,10000
2024-01-16,113.5344467163086,113.90816259172729,113.45970924365481,113.63721876024967,25300
2024-01-17,114.00160217285156,114.02963674718679,113.58117622232014,113.69329313554636,11100
2024-01-18,114.20713806152344,114.20713806152344,113.86145674469444,113.88013933153478,14500
2024-01-19,114.16043090820312,114.16043090820312,113.82408731229675,113.83342504193347,11900
2024-01-22,114.3659896850586,114.48744433826262,114.2165004552332,114.3659896850586,10700
2024-01-23,114.06700897216797,114.06700897216797,113.78672736384014,114.02029893479933,18300
2024-01-24,114.42205047607422,114.86116620125655,114.3753333073377,114.86116620125655,16500
2024-01-25,114.26319122314453,114.44070073250336,114.14172946996321,114.37530099157387,9000
2024-01-26,114.27254486083984,114.4594063809655,114.24451741483053,114.4594063809655,2900
2024-01-29,114.35661315917969,114.4126680408224,113.94552501903493,114.00157990067764,20600
2024-01-30,114.2538833618164,114.2538833618164,113.7587127161516,114.03899435601723,55600
2024-01-31,114.06700897216797,114.76772368504551,113.9642440387415,114.55284183146472,60300
2024-02-01,114.72001647949219,114.80433870789156,113.83936133035239,113.96115216274173,15600
2024-02-02,113.82996368408203,114.04544741878959,113.57701135424604,113.9049151698731,81600
2024-02-05,112.9118423461914,113.12732611237583,112.76194650048028,113.12732611237583,38300
2024-02-06,113.37089538574219,113.48331546373002,113.0617258757418,113.0617258757418,24900
2024-02-07,113.71754455566406,113.82997179235902,113.61448804230224,113.73628600233036,57000
2024-02-08,113.53955078125,113.74566382083044,113.28659126984925,113.28659126984925,85500
2024-02-09,113.63322448730469,113.8299667820354,113.62385376438401,113.76438601712516,23100
2024-02-12,113.77376556396484,113.87682208078327,113.567652530328,113.567652530328,20500
2024-02-13,113.32405853271484,113.57701802517548,113.29595351083422,113.50206653498213,11500
2024-02-14,113.23037719726562,113.25848222025162,113.02426416501118,113.18353072711041,10300
2024-02-15,113.53955078125,113.53955078125,113.39901851355715,113.4927043094297,8000
2024-02-16,113.57698822021484,113.76435974876048,113.33339951489299,113.33339951489299,13300
2024-02-20,113.81122589111328,114.15786399365851,113.80185516873543,114.08291251016938,15300
2024-02-21,113.90492248535156,113.95176180615388,113.68943873680469,113.77376095067696,20800
2024-02-22,114.17662811279297,114.18599168926347,113.74566771879616,113.77377274374425,20000
2024-02-23,114.27030944824219,114.47642248683474,114.23283370051917,114.44831746298449,15000
2024-02-26,114.44832611083984,114.47643113681374,114.33589885917567,114.47643113681374,21400
2024-02-27,114.39209747314453,114.49515398992335,114.30778240365342,114.39209747314453,14900
2024-02-28,114.2140884399414,114.32650852455399,114.11103193053499,114.12976622871464,22700
2024-02-29,113.89554595947266,114.41082849641913,113.8205944726864,114.27029624563671,15900
2024-03-01,114.18111419677734,114.25625979064924,113.83357836610679,113.83357836610679,57800
2024-03-04,114.54741668701172,114.68831285526527,114.44409330804423,114.44409330804423,31200
2024-03-05,114.70711517333984,114.92314977712991,114.60379178325674,114.65075240020879,20600
2024-03-06,115.01707458496094,115.19554355612624,114.81982280085698,114.83861278007299,13800
2024-03-07,115.65576934814453,115.65576934814453,115.14854752789647,115.18612031083435,18800
2024-03-08,116.01274108886719,116.36027689157144,115.92820051099474,116.2099928821993,45200
2024-03-11,115.70275115966797,115.85303514338185,115.60882277406223,115.81546952216073,12900
2024-03-12,115.5806655883789,115.59005341222024,115.17676700859165,115.29887321502864,20800
2024-03-13,115.62760925292969,115.72153764151528,115.54307585308567,115.61821426418813,17800
2024-03-14,115.27069091796875,115.50551549784848,115.04526132784189,115.4773376948673,21800
2024-03-15,115.09222412109375,115.23312030494223,115.00769071055123,115.21433749135865,23400
2024-03-18,115.03588104248047,115.12980945318321,114.97013043836071,115.11102663755402,64800
2024-03-19,114.9982681274414,115.08280151770063,114.76344359946462,114.76344359946462,19200
2024-03-20,115.59004211425781,115.59943710345861,114.71649444178726,114.73528442018885,28700
2024-03-21,114.37834167480469,115.00767693175838,114.37834167480469,114.98888695414838,38900
2024-03-22,113.8805160522461,114.10595278845923,113.78658766196236,114.0214122208101,61400
2024-03-25,114.30320739746094,114.38774080093323,114.26563460715869,114.26563460715869,15500
2024-03-26,114.15291595458984,114.31259493827264,114.15291595458984,114.30320711542798,7200
2024-03-27,114.34078979492188,114.34078979492188,114.07778024070755,114.09657022057594,27700
2024-03-28,114.19047546386719,114.42530000065776,114.17169265408545,114.33137161919676,26600
2024-04-01,113.56414031982422,113.93147834356797,113.50762898881125,113.93147834356797,6200
2024-04-02,113.83729553222656,113.83729553222656,113.6300777277242,113.67717529641294,23500
2024-04-03,114.42125701904297,114.53427967104602,113.79018273901647,113.81843840201724,66300
2024-04-04,114.39299774169922,114.76033574433688,114.36474207781622,114.74150103044131,26200
2024-04-05,114.36473846435547,114.37415941404525,113.9503100970335,113.9503100970335,11400
2024-04-08,114.58136749267578,114.6284578649808,114.42124729189749,114.4306610547114,9100
2024-04-09,114.78858184814453,115.0899875290576,114.71322863139669,115.0899875290576,11700
2024-04-10,113.55470275878906,114.0444915095221,113.49819143604243,114.0162358481488,28000
2024-04-11,113.75250244140625,113.91262983668855,113.36632974944038,113.91262983668855,9200
2024-04-12,112.74469757080078,112.86714837756028,112.58457733158626,112.81062985671736,11800
2024-04-15,112.79179382324219,113.07436486591618,112.73528248913944,113.04610201278469,7500
2024-04-16,112.63166046142578,112.8765476713888,112.40560077919628,112.8765476713888,20700
2024-04-17,112.85772705078125,112.94250123872338,112.60341885911521,112.94250123872338,20600
2024-04-18,112.70701599121094,112.97074510645352,112.67875314079544,112.94248944211745,38100
2024-04-19,112.14186096191406,112.99898767318315,112.09477058883863,112.99898767318315,29500
2024-04-22,111.98175811767578,112.01001378311689,111.50139024693769,111.52965309845852,19400
2024-04-23,112.85772705078125,112.89540366919107,112.52806562229557,112.52806562229557,9000
2024-04-24,113.02726745605469,113.02726745605469,112.75411736403962,112.8954028855757,7000
2024-04-25,113.45109558105469,113.5358697525271,113.00841156942332,113.00841156942332,13600
2024-04-26,113.31922149658203,113.41341660941777,112.94246978955188,113.41341660941777,7600
2024-04-29,113.95972442626953,114.02565670226703,113.57355172002107,113.57355172002107,14400
2024-04-30,113.38516235351562,113.70540995204573,113.36632764116855,113.62063578128706,4400
2024-05-01,113.33892059326172,113.81112673681551,113.23503466525638,113.28225095643539,20000
2024-05-02,113.74501037597656,113.74501037597656,113.17835727827975,113.49946118066084,11700
2024-05-03,113.86775970458984,114.16052513214485,113.80165114980994,114.11330885318326,4200
2024-05-06,114.00941467285156,114.05663094838438,114.00941467285156,114.04719201645274,800
2024-05-07,113.55610656738281,113.99998139816445,113.55610656738281,113.99998139816445,4600
2024-05-08,113.433349609375,113.47112696190727,113.41445733046224,113.433349609375,6800
2024-05-09,113.69776916503906,113.70721530327359,113.46166614622217,113.46166614622217,4500
2024-05-10,113.77336120605469,113.82057750214126,113.58447440582432,113.82057750214126,2500
2024-05-13,114.02831268310547,114.05664389269879,114.02831268310547,114.04720495969593,3200
2024-05-14,114.36830139160156,114.36830139160156,114.15109064827038,114.15109064827038,2500
2024-05-15,115.21826934814453,115.2277154860647,114.80272574316268,114.85939536539153,6700
2024-05-16,115.09550476074219,115.18049839086197,115.09550476074219,115.18049839086197,1900
2024-05-17,115.43550872802734,115.46383994175758,115.04829625959812,115.08607361300292,4000
2024-05-20,115.5015869140625,115.63380401355472,115.37880874646862,115.37880874646862,6400
2024-05-21,115.5677261352539,115.59605734905108,115.47327914887211,115.59605734905108,2500
2024-05-22,115.57716369628906,115.82271288843577,115.57716369628906,115.82271288843577,1300
2024-05-23,115.3977279663086,115.69049343993214,115.32217326173051,115.68104730053659,7000
2024-05-24,115.78489685058594,115.8793365989989,115.69990323860154,115.69990323860154,2500
2024-05-28,116.04936218261719,116.37046605977326,116.02103097101666,116.37046605977326,4200
2024-05-29,115.52050018310547,115.85104301252557,115.52050018310547,115.83215793882725,15000
2024-05-30,115.79436492919922,115.9171359048712,115.77547265276212,115.77547265276212,5000
2024-05-31,115.91714477539062,115.91714477539062,115.72826522831946,115.90770584174207,2700
2024-06-03,116.45600891113281,116.4654812121365,115.92567565890522,115.92567565890522,18600
2024-06-04,116.29500579833984,116.37076252402966,116.18135987193304,116.18135987193304,4500
2024-06-05,116.39920043945312,116.42761011987194,116.12456148665568,116.38972813756374,3200
2024-06-06,116.39920043945312,116.39920043945312,116.29502679441791,116.34237385336615,5600
2024-06-07,115.80255126953125,115.84990554678527,115.79307896903079,115.84990554678527,4900
2024-06-10,115.89727783203125,115.95410442215807,115.70787513227481,115.70787513227481,4100
2024-06-11,116.03931427001953,116.12455052848193,115.84043930060545,115.84043930060545,4500
2024-06-12,116.56018829345703,117.09052157183285,116.56018829345703,117.09052157183285,11400
2024-06-13,116.27604675292969,116.30445642469002,116.14346346788336,116.30445642469002,7400
2024-06-14,115.59419250488281,115.59419250488281,115.37638019178908,115.37638019178908,4900
2024-06-17,115.7457275390625,115.76466491409886,115.53738028742255,115.53738028742255,4200
2024-06-18,115.77413177490234,115.84042342228707,115.64154848013291,115.84042342228707,5100
2024-06-20,115.44269561767578,115.62262599484933,115.42375101465812,115.57527893780326,23500
2024-06-21,115.31010437011719,115.32904174658388,115.10175710274078,115.26275009107762,25300
2024-06-24,115.6604995727539,115.77414550685624,115.5468608639001,115.59420791750634,124100
2024-06-25,115.70784759521484,115.75520187150914,115.53738231590276,115.6036739675659,8100
2024-06-26,115.1207046508789,115.28170487868974,115.08282266934984,115.21541321732617,8100
2024-06-27,115.26275634765625,115.43322164610376,115.26275634765625,115.43322164610376,6000
2024-06-28,115.272216796875,115.34798074956147,115.09227921555669,115.26274449647714,2500
2024-07-01,115.34342956542969,115.62829414533893,115.30544617252349,115.62829414533893,14100
2024-07-02,115.73274993896484,115.74224759860796,115.54284021365247,115.62829741666555,7900
2024-07-03,116.40696716308594,116.54940311397112,116.20755972968405,116.20755972968405,81700
2024-07-05,116.95769500732422,116.9861807435567,116.72030421259736,116.91022119513411,5600
2024-07-08,116.9197006225586,117.25205349961496,116.9197006225586,117.21407010667733,42600
2024-07-09,116.74877166748047,116.80575037561543,116.66331447216452,116.80575037561543,3900
2024-07-10,117.27104949951172,117.27104949951172,116.99567531554645,116.99567531554645,4200
2024-07-11,117.88829040527344,118.04021677286552,117.84080934031714,118.0117310317291,7000
2024-07-12,118.59093475341797,118.59093475341797,118.34404631940286,118.34404631940286,9200
2024-07-15,118.43901062011719,118.64790842013402,118.43901062011719,118.64790842013402,4800
2024-07-16,118.53397369384766,118.543464109557,118.23960418123889,118.30607331416496,5600
2024-07-17,118.83782958984375,119.06572271720158,118.809343854498,118.97076785118514,2500
2024-07-18,118.25859069824219,118.58143867853714,118.24909303864774,118.58143867853714,7800
2024-07-19,117.96422576904297,118.07816870321821,117.96422576904297,118.07816870321821,4600
2024-07-22,118.15412902832031,118.15412902832031,117.99270505067119,118.05917417350265,7300
2024-07-23,117.93572998046875,118.03069208280706,117.93572998046875,118.03069208280706,900
2024-07-24,117.95472717285156,118.24908940992167,117.95472717285156,118.12564881734839,2600
2024-07-25,117.51792907714844,117.78380558101983,117.51792907714844,117.66036498839136,1700
2024-07-26,117.71735382080078,117.74583955833333,117.54643215101305,117.54643215101305,11800
2024-07-29,117.66036224365234,117.66036224365234,117.47044528489495,117.47044528489495,3200
2024-07-30,117.385009765625,117.45147890231783,117.33752870601901,117.43248358063842,34800
2024-07-31,117.62239837646484,117.67936985125336,117.33752651333747,117.57491731774614,31100
2024-08-01,116.56735229492188,117.433850571816,116.45309389508459,117.0624962430468,31500
2024-08-02,117.20532989501953,117.44337793584748,117.01489436821704,117.29103096733543,26800
2024-08-05,116.88158416748047,117.07201968796282,116.70066533776763,116.94823732611424,7400
2024-08-06,116.12934112548828,116.46260688885104,116.09125257186842,116.12934112548828,84300
2024-08-07,116.14840698242188,116.44358423777696,116.14840698242188,116.43406028173811,33000
2024-08-08,116.66259002685547,116.76733175440819,116.17697721509315,116.17697721509315,5500
2024-08-09,116.79588317871094,116.929189487779,116.7673113142115,116.82444777856138,10300
2024-08-12,116.8910903930664,117.12913838988736,116.85300184181725,116.9101310363668,7700
2024-08-13,117.8337631225586,117.84328707691253,117.3100546028211,117.33862646588292,2000
2024-08-14,117.47196197509766,117.71952673266277,117.46243801837579,117.6909621271476,4500
2024-08-15,117.70999145507812,117.86233841532143,117.40529026994223,117.40529026994223,9600
2024-08-16,118.56697845458984,118.56697845458984,118.00518850141881,118.11945418927671,3100
2024-08-19,119.01449584960938,119.04306045201871,118.64314148898882,118.64314148898882,5900
2024-08-20,119.4334487915039,119.59531969604015,119.27157788696768,119.29061853146949,7000
2024-08-21,119.96669006347656,120.17617350426697,119.43346477030082,119.43346477030082,8400
2024-08-22,119.9190673828125,120.06189037654627,119.90954342834733,120.01428513351792,3800
2024-08-23,121.10931396484375,121.25213696628606,120.2142510776767,120.2142510776767,10400
2024-08-26,120.88077545166016,121.14739532269371,120.88077545166016,121.14739532269371,3400
2024-08-27,121.55685424804688,121.58541885041257,121.24262909272512,121.24262909272512,7000
2024-08-28,120.96649169921875,121.31880541025897,120.77604891028501,121.09979801914757,13100
2024-08-29,120.74746704101562,120.89982125037571,120.74746704101562,120.89982125037571,3000
2024-08-30,120.45230102539062,120.57608338350268,120.29043011140196,120.43326037977693,4900
2024-09-03,120.23081970214844,120.46948656210441,120.16399327270214,120.46948656210441,1800
2024-09-04,120.5267562866211,120.76542313075302,120.33582572472918,120.33582572472918,30500
2024-09-05,120.81316375732422,120.89908032820485,120.68905233245088,120.83225390078624,5900
2024-09-06,120.47903442382812,121.0804796044859,120.29765255338246,120.69861115146436,8700
2024-09-09,119.97307586669922,120.03036087565765,119.97307586669922,120.03036087565765,1600
2024-09-10,120.02079010009766,120.12580409976117,119.78212324332321,119.82031081443125,36100
2024-09-11,119.75348663330078,119.80121563543074,119.3620694847484,119.78212549128567,62600
2024-09-12,120.4122085571289,120.44085470015658,119.83940951667012,119.90623594999806,34800
2024-09-13,120.47903442382812,120.74634743941766,120.45039556447013,120.69861115146436,18500
2024-09-16,121.34778594970703,121.35733466405293,121.1950356543126,121.35733466405293,10600
2024-09-17,120.8513412475586,121.24275837304829,120.74633453564596,121.20457080347363,6800
2024-09-18,121.09955596923828,122.0255844952909,121.03272954382902,121.72009122434372,12200
2024-09-19,122.00650024414062,122.06377795910478,121.48143024518772,121.57689553130612,11300
2024-09-20,122.35016632080078,122.43608288286808,121.90147151835978,122.11149949256907,7000
2024-09-23,122.6556625366211,122.75113510271946,122.45519054171025,122.47427340127523,9800
2024-09-24,123.24755859375,123.24755859375,122.87523891633123,123.11390574972961,8700
2024-09-25,122.35972595214844,123.2189354018398,122.35972595214844,123.2189354018398,11800
2024-09-26,123.26666259765625,123.35259374339182,122.77024598731944,122.77024598731944,3900
2024-09-27,122.95160675048828,123.2571073074858,122.95160675048828,123.2571073074858,3200
2024-09-30,122.95160675048828,123.33348244673518,122.84659275490392,123.1425518821459,16900
2024-10-01,122.14098358154297,122.6578010203297,121.8251494853099,122.6578010203297,11700
2024-10-02,122.07401275634766,122.07401275634766,121.83474578293408,121.92087838847566,13000
2024-10-03,120.69580841064453,120.8202245831646,120.42783062254152,120.6862356891131,97700
2024-10-04,120.66710662841797,120.75323922314118,120.31298892357809,120.31298892357809,16600
2024-10-07,120.34169006347656,120.40868451012989,120.23641203275747,120.27469561682324,8300
2024-10-08,120.52355194091797,120.5905463968423,120.37041758346348,120.51397921811505,12100
2024-10-09,120.21727752685547,120.31298283899037,120.2077048050878,120.2077048050878,3400
2024-10-10,120.11201477050781,120.22686554078639,119.84403694170598,120.22686554078639,14900
2024-10-11,120.20769500732422,120.33211847462074,120.20769500732422,120.23640586843983,7700
2024-10-14,120.12157440185547,120.1694234078705,119.89187288633268,119.89187288633268,13100
2024-10-15,120.22684478759766,120.59052787792969,120.22684478759766,120.55224429444522,37000
2024-10-16,119.50906372070312,119.94931405055436,119.49949099779275,119.82489055826396,29800
2024-10-17,119.79618072509766,119.84403703821431,119.58562463034146,119.72918626784325,8300
2024-10-18,120.09285736083984,120.25555711624773,119.92058488398237,120.22684625374599,15000
2024-10-21,119.56646728515625,119.98757940704272,119.53775642263618,119.98757940704272,7900
2024-10-22,119.56646728515625,119.56646728515625,119.2602059151971,119.35591122421302,56400
2024-10-23,119.07837677001953,119.48991622593094,118.90610426982761,119.48991622593094,6900
2024-10-24,119.5281982421875,119.57605455344085,119.31764215562941,119.53777096480775,6800
2024-10-25,119.3846206665039,119.87272722907959,119.3846206665039,119.87272722907959,18700
2024-10-28,119.54732513427734,119.68131402277481,119.52817969200811,119.63345771894852,3100
2024-10-29,119.8440170288086,119.8440170288086,119.51861021801191,119.51861021801191,2300
2024-10-30,119.51861572265625,120.11200034505782,119.51861572265625,119.56647202998684,2400
2024-10-31,118.82952117919922,119.7004489309151,118.45625808349632,119.7004489309151,5000
2024-11-01,119.10012817382812,119.60869183117116,119.10012817382812,119.48394482936997,3600
2024-11-04,119.40716552734375,119.66624245773546,119.26323064564515,119.52230757603688,10800
2024-11-05,120.11723327636719,120.1844019107495,119.85815634970176,119.93491527411575,8800
2024-11-06,118.86984252929688,118.87944014299589,118.33249329550043,118.43804508368677,4000
2024-11-07,119.71424865722656,120.02130638711176,119.4743595769777,119.63748239454682,4200
2024-11-08,119.18647766113281,119.35919807422322,118.98497173266615,119.26324391602476,4000
2024-11-11,118.68750762939453,118.85063042489482,118.66831240590463,118.84103281314987,4300
2024-11-12,117.58401489257812,118.03500746742544,117.40169687615067,117.9870267302079,8200
2024-11-13,117.20979309082031,117.40170140542885,117.20979309082031,117.40170140542885,3700
2024-11-14,116.7875747680664,117.20018419349375,116.73000374339401,117.07544453309283,4100
2024-11-15,116.29820251464844,116.59566989947558,116.29820251464844,116.59566989947558,2900
2024-11-18,116.96993255615234,117.027503600405,116.4517711953743,116.4517711953743,3600
2024-11-19,117.02748107910156,117.04667630404823,116.72042336745447,116.82597514216128,1900
2024-11-20,116.74922180175781,116.84517597460813,116.73963150905666,116.73963150905666,4100
2024-11-21,116.32701110839844,116.63406882533094,116.25984246159548,116.63406882533094,3600
2024-11-22,115.72245788574219,115.72245788574219,115.56893272494625,115.62650374514077,6800
2024-11-25,116.0007553100586,116.35579376060876,115.86641801976032,116.35579376060876,3500
2024-11-26,115.99115753173828,116.14469004662142,115.76086608024683,116.0199503689038,3900
2024-11-27,117.12344360351562,117.20020986711656,116.73002931402007,116.77800273814528,17300
2024-11-29,117.51686096191406,117.51686096191406,117.18101772185359,117.18101772185359,900
2024-12-02,116.8839340209961,117.10516260838156,116.68194653077201,117.10516260838156,4000
2024-12-03,117.07633972167969,117.26870671495013,116.9897694378767,117.0570986193544,3900
2024-12-04,117.40335845947266,117.49954928901568,117.2590868918181,117.33602928179053,4300
2024-12-05,117.86502075195312,117.99005852620913,117.79769159068786,117.8554002036786,2600
2024-12-06,117.76885223388672,117.98046029281876,117.67266141558733,117.98046029281876,2400
2024-12-09,117.83619689941406,118.31712170083715,117.83619689941406,118.08627251255639,1500
2024-12-10,118.08627319335938,118.11513484580844,117.76886839972109,117.95161483525098,10100
2024-12-11,117.84581756591797,118.01895079891463,117.8265838015097,117.8265838015097,1200
2024-12-12,117.12442016601562,117.48030715253071,117.11480695381003,117.46107338978959,3700
2024-12-13,116.71080780029297,116.9801318083194,116.61462432373368,116.9801318083194,2800
2024-12-16,117.34563446044922,117.45143848842251,117.29753905197808,117.34563446044922,6500
2024-12-17,117.54763793945312,117.71115060914673,117.40335903276407,117.44183389710315,3600
2024-12-18,116.32605743408203,117.55722337182196,116.31643688628874,117.48989421392456,9200
2024-12-19,115.6816635131836,116.45114623061994,115.67205029950566,116.45114623061994,5300
2024-12-20,116.36456298828125,116.54730941460227,116.06638463464105,116.06638463464105,5200
2024-12-23,115.98942565917969,116.00866675830845,115.83553355779557,115.9317170384518,3500
2024-12-24,115.87400817871094,116.19142026871803,115.87400817871094,116.17217916962896,2200
2024-12-26,115.99903869628906,115.99903869628906,115.85475981548407,115.85475981548407,2800
2024-12-27,116.45111083984375,116.51844000678253,116.268357098869,116.35492736397819,4600
2024-12-30,116.19143676757812,116.21067053106916,115.90287894690105,116.1433413513552,1700
2024-12-31,115.95096588134766,116.15295340571419,115.95096588134766,116.0086745059296,1500
2025-01-02,114.68019104003906,115.00801047994044,114.45842520540333,115.00801047994044,10400
2025-01-03,115.09474182128906,115.10437837283003,114.9115443559636,114.9115443559636,4500
2025-01-06,115.9432373046875,115.9818055844496,115.75040326202425,115.75040326202425,60400
2025-01-07,115.64434051513672,116.16500124952546,115.64434051513672,116.07822078238712,16600
2025-01-08,114.53553009033203,114.66087148452145,114.32340822620584,114.32340822620584,6600
2025-01-10,113.16639709472656,113.65812615263022,113.09890443837816,113.65812615263022,21300
2025-01-13,112.86748504638672,112.92534114410775,112.55894616441432,112.67465100370917,6500
2025-01-14,113.13744354248047,113.19529963401068,112.72285113070133,112.79998032583093,6300
2025-01-15,113.52313232421875,114.01486870138359,113.13745687852374,114.01486870138359,5400
2025-01-16,113.41708374023438,113.65813000051757,113.03141560869973,113.03141560869973,10700
2025-01-17,112.85786437988281,113.20497159048037,112.84822046954726,113.06997891422733,8200
2025-01-21,114.4583969116211,114.47768473046467,113.99559224544083,114.11128973391213,36000
2025-01-22,114.29449462890625,114.56446526100748,114.25592634487063,114.41019948101307,10400
2025-01-23,114.62229919433594,114.844064959841,114.15949455802102,114.34268468832828,11200
2025-01-24,115.85647583007812,115.97217332483898,115.11404924333894,115.11404924333894,31400
2025-01-27,115.91431427001953,116.18428487531887,115.7407606871632,116.18428487531887,9700
2025-01-28,115.45150756835938,115.50936366940132,115.31652225950751,115.42258319591221,11400
2025-01-29,115.49008178710938,115.61543054902081,115.12369412369839,115.12369412369839,15300
2025-01-30,115.42259216308594,115.75041890730046,115.1815458991025,115.63471405237506,9900
2025-01-31,115.08512115478516,115.70219896075068,114.99834068036779,114.99834068036779,7200
2025-02-03,115.20980834960938,115.46110698260019,114.56223819344322,114.60090008882662,23600
2025-02-04,115.99268341064453,115.99268341064453,115.50942084358377,115.50942084358377,4900
2025-02-05,116.10868072509766,116.29232289034044,116.10868072509766,116.23433373247548,4400
2025-02-06,115.57708740234375,115.61574929596547,115.14214662960104,115.15181394650703,9200
2025-02-07,115.2774429321289,115.70271632658536,115.04547897788046,115.70271632658536,17100
2025-02-10,114.86184692382812,115.10347821477257,114.86184692382812,114.96816528176382,5500
2025-02-11,115.64473724365234,115.64473724365234,115.31611485370622,115.41277326922095,4800
2025-02-12,115.66407012939453,115.97335790168378,115.18080752431742,115.19047484113956,16700
2025-02-13,116.7562484741211,116.7562484741211,115.81871783932392,115.81871783932392,13300
2025-02-14,116.9688720703125,117.38447818567742,116.9688720703125,117.2298379939612,3100
2025-02-18,117.18151092529297,117.29749660169878,117.08485988195577,117.10419451502437,11100
2025-02-19,117.02685546875,117.13317381475605,116.88187523565075,117.07517729711577,5400
2025-02-20,117.81941223144531,117.81941223144531,117.26849321441777,117.29748778784005,7700
2025-02-21,117.45214080810547,117.83875236866189,117.42314623151411,117.83875236866189,5900
2025-02-24,117.3941421508789,117.54878971218233,117.33615300239092,117.54878971218233,3400
2025-02-25,117.85806274414062,117.90638457051293,117.58743691965361,117.81940085864238,3700
2025-02-26,117.91607666015625,118.090051494451,117.8967494003467,117.8967494003467,3700
2025-02-27,117.30716705322266,117.56812561460731,117.27816510284468,117.56812561460731,4900
2025-02-28,117.05586242675781,117.24916450867696,116.8528930285422,117.20084267519805,37100
2025-03-03,118.18902587890625,118.38273518349257,118.06312037286597,118.25682228819787,32600
2025-03-04,119.01229858398438,119.07041508389544,118.23748334798003,118.40213075433964,9100
2025-03-05,120.08734130859375,120.08734130859375,119.67087551054462,119.75804655115046,26400
2025-03-06,119.90332794189453,120.18419352534362,119.90332794189453,119.94206241672852,18400
2025-03-07,120.31978607177734,120.3488406206776,120.05828035316583,120.32946599524107,12700
2025-03-10,119.874267578125,120.50380994665315,119.7580493735848,120.4747553955181,34100
2025-03-11,120.6103515625,120.68783529383971,120.31979865385907,120.46507141355188,25100
2025-03-12,120.7459487915039,120.78469065858353,120.38759945221469,120.590988712441,11700
2025-03-13,120.58129119873047,120.6490876130712,120.41664381951082,120.41664381951082,7000
2025-03-14,120.47474670410156,120.51348856590505,120.29072470784867,120.4941213296306,21900
2025-03-17,121.03650665283203,121.07524851912837,120.83311739671788,120.83311739671788,11400
2025-03-18,121.1720962524414,121.19146349044435,120.74594312382432,120.87185603323677,5400
2025-03-19,121.0946044921875,121.22051739325072,120.73625519348079,120.7749896669182,4800
2025-03-20,120.84278869628906,120.88153055982022,120.59097766721891,120.64908676788819,15300
2025-03-21,120.4166488647461,120.59098356453441,120.13577588235071,120.51349983368287,96900
2025-03-24,120.46507263183594,120.67814920054735,120.26168337695377,120.67814920054735,16600
2025-03-25,120.66846466064453,120.87186130945777,120.56193376309528,120.79437757555326,39500
2025-03-26,120.17449951171875,120.2616631537585,120.06796124527851,120.12607033997168,9500
2025-03-27,120.7168960571289,121.10430734450595,120.50381947960875,120.61035776836883,21500
2025-03-28,120.69752502441406,120.87185972879162,120.55224487255686,120.77500136804983,11900
2025-03-31,120.48445129394531,120.58130226771483,120.26168740394533,120.49413860809896,8900
2025-04-01,120.49415588378906,120.54269431645228,120.30001696498624,120.30001696498624,14000
2025-04-02,121.07656860351562,121.09597953000412,120.66886508801868,120.72711267933188,9600
2025-04-03,122.06668090820312,122.93061149670977,122.03756081738747,122.73647262065654,72100
2025-04-04,120.1349868774414,121.4357338044745,120.02820826033579,121.32895518736888,44100
2025-04-07,118.86335754394531,119.83406689883559,118.64980770684615,119.50402927301673,19500
2025-04-08,119.18368530273438,119.45548271867061,118.91188788679813,119.39724253123403,56000
2025-04-09,119.53314208984375,119.71757922593764,119.00895818141178,119.30988309913195,33900
2025-04-10,120.96979522705078,121.18334505135934,120.30000344239791,120.30000344239791,24700
2025-04-11,121.99874114990234,122.41614643155525,121.6298742940395,122.41614643155525,65900
2025-04-14,123.09564208984375,123.2218390367148,122.58116735362087,122.62970578025191,30400
2025-04-15,123.48392486572266,123.70719125555725,123.2994877352473,123.55187421812032,26700
2025-04-16,123.63925170898438,123.91104914013128,123.45481456388131,123.91104914013128,16300
2025-04-17,123.87222290039062,123.92076133110466,123.59071629528363,123.80427354094581,28000
2025-04-21,124.99824523925781,125.26032609522684,124.86234652480569,125.22150423903294,93800
2025-04-22,124.54199981689453,125.07589286710498,124.44492296709348,125.05647453477523,49800
2025-04-23,123.9401626586914,124.38668804415602,123.75572552337536,124.3284478565506,12100
2025-04-24,124.63907623291016,124.64879280611976,124.27021674718031,124.32845693904032,9700
2025-04-25,124.46434020996094,124.53228215474881,124.26048475190217,124.38668169316938,10300
2025-04-28,125.6097640991211,125.6097640991211,124.80408850047212,124.80408850047212,5800
2025-04-29,125.27973937988281,125.46417651603035,125.17296076484205,125.46417651603035,20700
2025-04-30,124.59056091308594,124.8235216960432,124.52260414348981,124.60026267509237,19400
2025-05-01,124.13330841064453,124.54190331599756,124.00684297691382,124.54190331599756,15700
2025-05-02,124.11386108398438,124.54190937607976,124.08467732263537,124.47380403677703,11900
2025-05-05,124.30841064453125,124.6002630698622,124.10411691564579,124.5710793117522,16900
2025-05-06,125.11587524414062,125.19370355504988,124.91157407247479,125.19370355504988,9400
2025-05-07,124.37651824951172,125.0088602722772,124.27923657418998,124.97967651189228,9300
2025-05-08,123.84147644042969,124.82403109812621,123.77337851938026,124.66837446594653,31600
2025-05-09,124.50299835205078,124.65864755719946,124.28897420061942,124.31815796270251,26400
2025-05-12,123.26749420166016,123.5982608133616,123.14102876248634,123.54961626330906,21500
2025-05-13,124.45433807373047,124.49325222562935,123.70526106049492,123.85117985247125,46700
2025-05-14,124.08467864990234,124.64892278240598,124.03603409905615,124.58081744237475,48700
2025-05-15,124.32788848876953,124.48353769408261,124.11386433711208,124.43490056459825,16100
2025-05-16,124.25003051757812,124.33758178302212,124.02627602458558,124.33758178302212,6100
2025-05-19,124.99913024902344,125.1547720142192,124.89211818557125,125.05749776650076,10400
2025-05-20,125.32988739013672,125.32988739013672,124.87265538496142,124.87265538496142,12400
2025-05-21,125.59256744384766,125.88440505298418,125.59256744384766,125.748209220643,18000
2025-05-22,125.59256744384766,125.73848624841592,125.49527834464722,125.59256744384766,15400
2025-05-23,126.71134185791016,126.71134185791016,126.25410972470364,126.3319380499553,18200
2025-05-27,126.46810150146484,126.91561054593184,126.419456955118,126.91561054593184,16200
2025-05-28,126.09839630126953,126.26377585138273,126.03030582497753,126.06921254796889,20500
2025-05-29,126.4000015258789,126.46810686249779,126.24435975289526,126.46810686249779,15900
2025-05-30,126.18597412109375,126.312432115728,126.02057971139602,126.21515787710395,9500
2025-06-02,126.91227722167969,126.98052725577614,126.62956320729366,126.67831110653823,25400
2025-06-03,126.63926696777344,126.77575211722727,126.56128820445606,126.56128820445606,15500
2025-06-04,126.93177795410156,127.19500470649768,126.79529276318694,126.79529276318694,6600
2025-06-05,127.16577911376953,127.56549112048356,127.11703120733105,127.56549112048356,17700
2025-06-06,126.80508422851562,126.93181094716674,126.60034895104229,126.60034895104229,14500
2025-06-09,127.09752655029297,127.14627445576518,126.7660645943175,126.7660645943175,10300
2025-06-10,126.56133270263672,126.83430309751908,126.46383690056265,126.83430309751908,11900
2025-06-11,126.90257263183594,127.11705155387706,126.61010002216395,126.62960216301538,6400
2025-06-12,127.51671600341797,127.55570539478536,127.3314829239419,127.4874702409501,10500
2025-06-13,127.2340087890625,127.43874403695602,126.85379893649325,126.86355744282312,9800
2025-06-16,127.29251861572266,127.65322634108387,127.26325797171961,127.55573052979975,11100
2025-06-17,125.88864135742188,127.14625381007247,125.85939559404186,127.14625381007247,21900
2025-06-18,125.732666015625,126.32735472063176,125.69366174355535,126.03488218319428,20700
2025-06-20,126.06412506103516,126.57107645592698,126.06412506103516,126.57107645592698,8400
2025-06-23,126.90257263183594,126.90257263183594,126.13240913961542,126.13240913961542,10600
2025-06-24,127.92620086669922,127.94570300473627,127.50698671565226,127.50698671565226,10400
2025-06-25,128.22840881347656,128.26741308704067,127.6922116202583,127.6922116202583,8300
2025-06-26,128.87184143066406,129.11556606764594,128.7743456255628,128.7938477617373,11100
2025-06-27,128.63784790039062,128.80357885231106,128.43312755568826,128.77433308878216,5200
2025-06-30,128.8426055908203,128.8620928527249,128.40390418560793,128.44289358518955,10900
2025-07-01,128.98519897460938,128.98519897460938,128.64330529813424,128.91682620162285,20800
2025-07-02,127.97903442382812,128.057185385738,127.36361982066711,127.63714073446576,13900
2025-07-03,128.16465759277344,128.2135038134762,128.02789711827003,128.10604809023965,7100
2025-07-07,127.80318450927734,128.135314862375,127.63711933272852,127.93018166430794,17500
2025-07-08,127.5882797241211,127.75434490925718,127.11938891280919,127.2463711686367,18800
2025-07-09,127.68598937988281,127.70551594140315,127.54922892037972,127.70551594140315,7900
2025-07-10,127.52970123291016,127.54924270231413,127.13894637369943,127.29524831738371,11800
2025-07-11,126.7579574584961,126.98264707050461,126.6309751840699,126.88495463869462,6600
2025-07-14,126.10346221923828,126.64074079252343,126.10346221923828,126.56258982679353,21900
2025-07-15,125.75179290771484,126.22069871171969,125.7029466899094,126.22069871171969,13000
2025-07-16,126.02529907226562,126.64072855179504,125.5954911609541,125.5954911609541,25200
2025-07-17,126.05460357666016,126.07414504260949,125.82992888844178,125.95692605845575,7600
2025-07-18,126.00577545166016,126.34766913266391,125.99599726555307,126.34766913266391,4000
2025-07-21,126.7384262084961,126.8849499450186,126.5625828188973,126.5625828188973,5200
2025-07-22,127.14872741699219,127.18779545090383,126.67982157540789,126.68959976321638,10500
2025-07-23,127.63714599609375,127.65667255804728,127.1291721756251,127.16824020530463,8100
2025-07-24,126.99239349365234,127.41243810197696,126.99239349365234,127.33430205382801,3900
2025-07-25,126.279296875,126.35744783531872,126.15229970126063,126.35744783531872,7500
2025-07-28,125.527099609375,126.24998477086831,125.51733632956847,126.22068002567798,11900
2025-07-29,125.58573150634766,125.63457772563677,125.14614534429238,125.18521337625964,9200
2025-07-30,124.50138854980469,125.09727654371213,124.38416956928869,124.94098208539569,14400
2025-07-31,124.15950012207031,124.44279177540695,124.01296892856708,124.06181514403018,10600
2025-08-01,124.76152038574219,125.14329298650428,124.3014410100869,124.9964631157937,16000
2025-08-04,124.83982849121094,125.34886357950468,124.8300373441592,125.18244395345272,11400
2025-08-05,125.06499481201172,125.19224986486431,124.85942551042314,125.00625539123082,5600
2025-08-06,125.65232849121094,125.72084411878441,125.25097359413242,125.28034703682334,7100
2025-08-07,126.40607452392578,126.40607452392578,126.02430196876384,126.22986376320567,15000
2025-08-08,126.5333480834961,126.55293038024703,126.32778624681697,126.4158841768223,6200
2025-08-11,126.32778930664062,126.41588723877982,126.19074309989647,126.24947505465593,6300
2025-08-12,126.99345397949219,127.15986618449908,126.71936153160812,126.71936153160812,5900
2025-08-13,127.72760009765625,127.84507892822207,127.66886815083046,127.68845044541047,11900
2025-08-14,127.37518310546875,127.57097616149362,127.27730151436936,127.45349734049609,16700
2025-08-15,127.5416259765625,127.68847080395403,127.51225999846753,127.64930620854963,20100
2025-08-18,127.12068176269531,127.4926706703592,127.11089808398827,127.48287205473812,10700
2025-08-19,126.96403503417969,127.23812736772355,126.91508677385144,127.15981313858074,5700
2025-08-20,126.66061401367188,126.98365470262922,126.61166573893598,126.88575815315744,6900
2025-08-21,126.3082046508789,126.55293108241776,126.22989040035655,126.55293108241776,92600
2025-08-22,127.26750946044922,127.53181815017828,126.39628408911116,126.41586638310578,19100
2025-08-25,126.69974517822266,127.24794486356667,126.67037920505064,127.15004832838385,14300
2025-08-26,126.97386169433594,127.05216100386157,126.89554744789511,126.96406307795884,9000
2025-08-27,127.14030456542969,127.18923791146963,126.61168700854518,126.61168700854518,7400
2025-08-28,127.26750946044922,127.40455564458395,127.12067959777407,127.12067959777407,6800
2025-08-29,127.30667877197266,127.30667877197266,126.80742734652554,126.80742734652554,11300
2025-09-02,126.17186737060547,126.40726803443779,125.93646670677315,125.9757076337595,127600
2025-09-03,126.63284301757812,126.7897767835943,126.49552971382089,126.49552971382089,13600
2025-09-04,126.57402038574219,126.68191049940224,126.46613027208215,126.6230640675932,6600
2025-09-05,127.26058197021484,127.72156562241824,127.22135600591301,127.39789529431609,11700
2025-09-08,127.72157287597656,127.75099609238141,127.52541311126734,127.71177012585186,8400
2025-09-09,127.45674896240234,127.89811217450611,127.45674896240234,127.8000397751668,5300
2025-09-10,127.55481719970703,127.79020289564765,127.46654756372929,127.68231279633204,7200
2025-09-11,127.98640441894531,128.00600992036343,127.65291633642656,127.692157271326,8400
2025-09-12,127.87850189208984,127.93734832269895,127.65290395338138,127.65290395338138,5200
2025-09-15,128.29043579101562,128.30023854030907,128.13350200614371,128.28061807569273,8500
2025-09-16,128.71218872070312,128.8985457342814,128.66314503828295,128.75142965305153,15200
2025-09-17,128.61410522460938,129.4085619267635,128.57486429564682,128.73179807943833,16200
2025-09-18,127.79022979736328,128.06487144382422,127.70196014280349,128.06487144382422,7700
2025-09-19,127.1036376953125,127.29979743269888,127.03498852194015,127.22134551056725,49600
2025-09-22,127.53520965576172,127.53520965576172,127.3096266856241,127.41751679586905,46700
2025-09-23,127.62345886230469,127.63327657641014,127.46654006292104,127.62345886230469,9200
2025-09-24,126.86827087402344,126.95654052407697,126.69171660788554,126.82902994109018,9900
2025-09-25,125.90703582763672,126.37783712663266,125.7599197754678,126.32879345390045,17400
2025-09-26,126.51516723632812,126.57401366501257,126.28956930499818,126.28956930499818,35500
2025-09-29,126.83882141113281,126.92709104292108,126.6916903921246,126.88785011810778,8200
2025-09-30,126.94670104980469,127.0742116109368,126.8976723410877,126.8976723410877,12900
2025-10-01,127.26115417480469,127.58542578071231,127.16289959333187,127.58542578071231,8800
2025-10-02,126.91724395751953,127.04497641614726,126.5438375542251,127.04497641614726,13200
2025-10-03,127.29063415527344,127.29063415527344,127.07446807492289,127.0842890350831,6600
2025-10-06,127.28080749511719,127.34959919465481,126.88775919265872,126.88775919265872,50300
2025-10-07,126.72071838378906,127.04497500070508,126.71088242981251,126.76001721819843,10100
2025-10-08,126.524169921875,126.87791938086306,126.30798886394722,126.72070906095928,9300
2025-10-09,125.56119537353516,126.32765006170253,125.4531048409048,126.32765006170253,18200
2025-10-10,126.07217407226562,126.17042865435565,125.33519723434571,125.44328777032725,16300
2025-10-13,125.99356842041016,126.0230462960605,125.85600000276428,125.91495575406495,7400
2025-10-14,125.9051284790039,125.92477039923038,125.48258729281896,125.52189362402027,10700
2025-10-15,126.49470520019531,126.53401902963172,126.00338728906944,126.00338728906944,23800
2025-10-16,126.95655059814453,127.00568539009886,126.79932526142402,126.91725176088109,53000
2025-10-17,126.96636199951172,126.96636199951172,126.53399990405909,126.79930074040736,13000
2025-10-20,126.70106506347656,126.87793231408385,126.67158718837534,126.82881251813696,14400
2025-10-21,126.3964614868164,126.55367183658694,126.34732669271072,126.48489511990621,6900
2025-10-22,126.27852630615234,126.43575163895464,126.04270330078188,126.04270330078188,35800
2025-10-23,125.9444351196289,126.16061620617742,125.81668766107755,126.16061620617742,7300
2025-10-24,125.83633422851562,126.17042679158709,125.6987658205549,126.17042679158709,9400
2025-10-27,126.10166931152344,126.13114718959301,126.00339972206872,126.13114718959301,6700
2025-10-28,125.51207733154297,125.67912362267366,125.28606779295951,125.43346466621686,5400
2025-10-29,124.75543975830078,125.18780190754623,124.37221239762093,125.01092716439274,15300
2025-10-30,124.2936019897461,124.63752302519649,124.24447469720536,124.2641241148384,3500
2025-10-31,124.24447631835938,124.34273840163928,123.94968257160322,123.94968257160322,7500
2025-11-03,124.27400970458984,124.46106045705636,123.89004602891478,124.11648537496177,100400
2025-11-04,123.1418228149414,123.44701680178653,123.08274743823002,123.37810178826753,17700
2025-11-05,123.46670532226562,123.46670532226562,123.21073206495181,123.21073206495181,11800
2025-11-06,124.2542953491211,124.33305750122035,123.78173745886997,123.89002602904115,5500
2025-11-07,124.52013397216797,124.62842255819936,124.29369462951081,124.29369462951081,5000
2025-11-10,124.7465591430664,124.7465591430664,124.39213693680608,124.54966125566531,7200
2025-11-11,124.54966735839844,124.72687847021166,124.54966735839844,124.72687847021166,6600
2025-11-12,124.26416015625,124.3429223195429,123.94911901425178,123.94911901425178,3600
2025-11-13,124.78594207763672,125.03206819613305,124.62841775643601,124.79578922550503,19100
2025-11-14,124.62842559814453,124.6776538294105,124.29369766129128,124.6776538294105,4700
2025-11-17,124.52013397216797,124.73671865540409,124.46105859385509,124.65796400294248,13000
2025-11-18,124.47090911865234,124.60873915316579,124.42168088725174,124.57920521879484,6200
2025-11-19,123.52578735351562,124.17555645208996,123.50609305621643,124.11648858253966,14500
2025-11-20,123.75221252441406,124.06725366365879,123.73252573934955,124.06725366365879,4300
2025-11-21,124.08694458007812,124.11647851245706,123.77190344941432,123.77190344941432,9300
2025-11-24,124.16571044921875,124.31338011552418,123.90973717566722,123.9392711089283,5500
2025-11-25,124.63825225830078,125.08128373334729,124.62840511143159,124.77608226978042,10600
2025-11-26,125.3667984008789,125.3864926969751,125.17974765500419,125.17974765500419,8200
2025-11-28,125.3864974975586,125.5341746792413,125.19943923334893,125.19943923334893,3500
2025-12-01,125.1852798461914,125.5995375602856,125.1458256555466,125.52063670411343,8700
2025-12-02,125.19514465332031,125.19514465332031,124.92883827418741,125.1063708435311,3200
2025-12-03,126.49710083007812,126.54642044863579,126.09270102823368,126.09270102823368,14500
2025-12-04,126.30968475341797,126.75353118287353,126.30968475341797,126.67462280982292,6200
2025-12-05,126.34915924072266,126.59574228760133,126.23079666917864,126.59574228760133,12900
2025-12-08,126.29984283447266,126.39846702559232,126.17161483075839,126.39846702559232,2800
2025-12-09,126.06310272216797,126.21105404152141,126.01379063246128,126.21105404152141,7700
2025-12-10,126.90149688720703,126.90149688720703,126.28996072555995,126.39845786309137,27100
2025-12-11,126.95082092285156,127.3157590116889,126.95082092285156,127.23685063162563,11900
2025-12-12,126.7535400390625,126.81273261066116,126.55627661776994,126.79300175346161,7400
2025-12-15,126.85218048095703,127.08890561889952,126.72395248329221,126.9902663821982,14000
2025-12-16,127.3453369140625,127.46369194894785,127.09875389122917,127.3650677699545,18700
2025-12-17,126.90149688720703,127.14807992248441,126.6253250917151,126.6253250917151,8600
2025-12-18,126.97053527832031,127.29602669852143,126.87191109204493,127.27629584117257,6500
2025-12-19,126.88175964355469,127.0099876315193,126.74367375275945,126.94093716100502,4100
2025-12-22,127.74974822998047,127.82865661044711,127.57220061137183,127.57220061137183,15700
2025-12-23,128.07522583007812,128.0850837327343,127.84835861688839,128.06535287718887,21700
2025-12-24,128.0653533935547,128.16399262144648,128.0653533935547,128.1541196685174,5700
2025-12-26,128.13441467285156,128.27250057340942,127.97659791500416,128.27250057340942,4300
2025-12-29,128.20346069335938,128.24292241119971,128.02592811378472,128.24292241119971,3500
2025-12-30,127.77932739257812,127.9371441416562,127.73000777721202,127.9371441416562,2400
2025-12-31,127.97660064697266,127.97660064697266,127.23685151028495,127.42425703295007,4300
2026-01-02,127.72856903076172,128.13371511836914,127.68904957056004,128.0843044846107,7900
2026-01-05,128.6080322265625,128.6080322265625,127.81752234808482,127.82739844426249,5800
2026-01-06,128.19300842285156,128.50922443271796,128.12384559444905,128.35111642778477,12500
2026-01-07,127.83728790283203,128.06457384076074,127.83728790283203,128.06457384076074,1600
2026-01-08,127.60999298095703,127.60999298095703,127.48152835139531,127.48152835139531,2500
2026-01-09,127.33330535888672,127.40246817898483,127.22460800329759,127.35307262663223,3800
2026-01-12,127.91634368896484,128.00527379912134,127.85705694886052,127.91634368896484,8200
2026-01-13,127.5803451538086,127.96572395100405,127.56057788579642,127.96572395100405,3700
2026-01-14,127.61988067626953,127.87680995874649,127.57048511703276,127.87680995874649,2500
2026-01-15,127.07640838623047,127.20485794893949,126.99735438255827,126.99735438255827,5400
2026-01-16,127.13568115234375,127.29378914231839,127.05662715735643,127.2740218740696,13700
2026-01-20,127.6594009399414,128.03490364740594,127.59022303993147,127.77797439366374,10200
2026-01-21,127.57049560546875,127.8570532002419,127.34320967105096,127.8570532002419,19900
2026-01-22,128.26217651367188,128.3115871461834,127.78786761317922,127.78786761317922,7200
2026-01-23,129.5863037109375,129.5863037109375,128.5487406867208,128.56850795634642,10500
2026-01-26,130.05075073242188,130.30766495355638,129.9815728201873,130.03098346063905,90200
2026-01-27,131.51318359375,131.51318359375,130.61396139840082,130.61396139840082,16500
2026-01-28,131.20687866210938,131.20687866210938,130.80173254642955,131.07841402103784,27900
2026-01-29,131.29580688476562,131.53296889304266,130.80173067602877,131.4835582565671,16400
2026-01-30,130.0803680419922,130.82148226626927,130.0803680419922,130.7325521780778,9100
2026-02-02,129.9695281982422,129.9695281982422,129.67256510464938,129.72206147094323,19600
2026-02-03,130.27638244628906,130.33577204322663,130.00911415589985,130.01902249150285,5000
2026-02-04,129.82102966308594,130.2862682849249,129.77154840455907,130.2862682849249,12200
2026-02-05,128.83116149902344,128.9301542233962,128.60349635796905,128.9103526576878,6600
2026-02-06,129.5438690185547,129.5636705845987,129.33600543968547,129.33600543968547,7500
2026-02-09,130.3159637451172,130.3159637451172,129.78144229611794,129.8507251209098,7800
2026-02-10,129.8408203125,130.28625733097607,129.79132395396533,130.28625733097607,4700
2026-02-11,129.6329345703125,129.9397907948845,129.6329345703125,129.91998923402537,3800
2026-02-12,129.60325622558594,130.02890681476114,129.48447703984826,129.98931878757162,10300
2026-02-13,129.9398193359375,129.95960579697726,129.5339703220913,129.58346668302818,5300
2026-02-17,129.08853149414062,129.08853149414062,128.55399497009554,128.71237728123248,5700
2026-02-18,128.48471069335938,128.92025449196706,128.48471069335938,128.92025449196706,3100
2026-02-19,128.1184539794922,128.1382555448612,127.95017843427775,127.95017843427775,4500
2026-02-20,128.25706481933594,128.61340241260189,128.24715648340924,128.24715648340924,14400
2026-02-23,128.4352264404297,128.70249472461776,128.4352264404297,128.70249472461776,4000
2026-02-24,128.55401611328125,128.78169638705023,128.55401611328125,128.63320728187423,7900
2026-02-25,129.06874084472656,129.09843564255502,128.7024949353959,128.7024949353959,7600
2026-02-26,128.49461364746094,129.03904343692028,128.12836774553804,129.03904343692028,9000
2026-02-27,128.39561462402344,128.39561462402344,128.05904847125709,128.22732399555676,8700
2026-03-02,127.66593933105469,127.93361347795114,127.31893415520348,127.55688185818384,19400
2026-03-03,127.23961639404297,127.30902347938303,126.45639646611991,126.7141617946093,23700
2026-03-04,127.5073013305664,127.5073013305664,127.20987049829026,127.23961206872183,8900
2026-03-05,127.24954223632812,127.24954223632812,126.67450573593733,127.0809864916889,9900
2026-03-06,127.55687713623047,127.70558499011246,127.05124017711024,127.07107293361474,11300
2026-03-09,127.99311828613281,128.0724190632148,127.24954869530235,127.48748128247239,19200
2026-03-10,127.88404083251953,128.35992106049034,127.81463375346145,128.29051398143224,29700
2026-03-11,127.88404083251953,127.95343278361793,127.78489218471076,127.85429926376884,4700
2026-03-12,127.19003295898438,127.50729653560425,127.19003295898438,127.50729653560425,15500
2026-03-13,126.03999328613281,126.60510584226331,126.03999328613281,126.49604836967843,16500
2026-03-16,127.0512466430664,127.12065373038412,126.65468226055846,126.65468226055846,19000
2026-03-17,127.2990951538086,127.39824380717738,127.15038730171594,127.23961201297153,38200
2026-03-18,126.56546020507812,127.20988112219466,126.54562744714724,126.83314192529782,18100
2026-03-19,128.07240295410156,128.38966653437186,126.67449623244099,126.81330283079927,52200
2026-03-20,127.1603012084961,127.50730638122349,126.85296154988899,127.46765599506433,58200
2026-03-23,128.08233642578125,128.5383839464013,127.7055896781689,127.74525519263403,38800
2026-03-24,127.62626647949219,127.99310439149299,127.32883564985602,127.49739138475283,53600
2026-03-25,127.47756958007812,127.70559334693888,127.42799524955316,127.70559334693888,31900
2026-03-26,127.0215072631836,127.59653621731823,127.01159844823638,127.30902930423179,18600
2026-03-27,126.59519958496094,127.11074538650035,126.53570887617977,126.7538238257556,16400
2026-03-30,125.7921371459961,126.1292259433539,125.72273762359605,126.1292259433539,12800
2026-03-31,126.25810241699219,126.54561687111378,125.70290626502236,126.37707626269156,76500
2026-04-01,126.90564727783203,127.30290416330288,126.88578746443426,127.12414311115464,20200
2026-04-02,126.18064880371094,126.41900445451408,126.0912606989163,126.1508477173197,15600
2026-04-06,126.2998275756836,126.56798432293155,126.22037316337384,126.49846360645797,24600
2026-04-07,126.80632781982422,126.88578222451297,126.37926986610854,126.6176255029857,29500
2026-04-08,128.02792358398438,128.5145610093303,127.82929513561588,128.5145610093303,11900
2026-04-09,128.24639892578125,128.4450273424028,127.93852260686131,128.13715102348286,19300
2026-04-10,128.6039581298828,128.6436777582488,128.42518191628733,128.5840907385101,9700
2026-04-13,128.97142028808594,129.00121379767043,128.39538717882033,128.39538717882033,26200
2026-04-14,129.55738830566406,129.74609064875466,129.4779338899217,129.5772556981947,37100
2026-04-15,129.60702514648438,129.67655343024268,129.4779098505775,129.5573642515681,17800
2026-04-16,129.22962951660156,129.39846444755523,129.15017511008597,129.39846444755523,8400
2026-04-17,129.10052490234375,129.70635147099696,129.10052490234375,129.70635147099696,14400
2026-04-20,129.23956298828125,129.36866313099569,129.04091940679274,129.17997597558573,23500
2026-04-21,128.80258178710938,129.30908659041825,128.7132012608276,129.19983867350314,131400
2026-04-22,129.02105712890625,129.17996591997627,128.97139623739983,129.06077674948554,17400
2026-04-23,128.6734619140625,129.1402470739214,128.55428788324858,128.93169251999703,52200
2026-04-24,129.3587646484375,129.3587646484375,128.89197941010033,128.89197941010033,40900
2026-04-27,129.32894897460938,129.61695793293893,129.31902285686635,129.52757741011717,28100
2026-04-28,129.19984436035156,129.21971175185936,128.9217614967601,128.9217614967601,12400
2026-04-29,128.81248474121094,129.03098053574962,128.65357595347808,128.95152614188316,53500
2026-04-30,129.9844512939453,130.0936992191066,129.15018752254093,129.15018752254093,29800
2026-05-01,129.75660705566406,130.4728910449349,129.74666414859476,130.24408274225445,55600
2026-05-04,129.44821166992188,129.67703515564207,129.19950236979983,129.62729025961548,28300
2026-05-05,129.48802185058594,129.8163199691176,129.47806376274406,129.53776674975958,8900
2026-05-06,129.93568420410156,130.15454959728902,129.90584030321332,130.0351739937361,31000
2026-05-07,129.68698120117188,130.333619325133,129.65713729883592,130.27393152046105,36800
2026-05-08,130.30377197265625,130.31373005984548,130.18439636647318,130.30377197265625,5300
2026-05-11,130.2540283203125,130.58232642046127,130.2341425057661,130.313731303985,21000
2026-05-12,129.51785278320312,129.57754058422913,129.1597107970367,129.3288312932805,238400
2026-05-13,129.36863708496094,129.38853808156014,129.12988584582115,129.12988584582115,83800
2026-05-14,128.15493774414062,129.25919248361117,128.13503674937203,129.1398168750222,107000
2026-05-15,127.34910583496094,127.7967947236374,127.32921243035594,127.72714883250599,221000
2026-05-18,128.43348693847656,128.62249325283395,127.97585515316355,128.09523075802312,88100
2026-05-19,128.16488647460938,128.2842620886221,128.0156517770815,128.10519866760302,12700
2026-05-20,128.54290771484375,128.75181500397335,128.02558817507858,128.14496376886694,23100
2026-05-21,128.51307678222656,128.63246758217224,128.1648928307511,128.2146377323941,12600
2026-05-22,128.5827178955078,128.67224960712576,128.41359738022544,128.41359738022544,17800
2026-05-26,128.68218994140625,128.85131043335585,128.61254405530403,128.83140944018237,6100
2026-05-27,128.5031280517578,128.7418944608186,128.4036534329915,128.69214956142943,8900
2026-05-28,128.6224822998047,128.70207108960383,128.38373111041673,128.4334760015424,15900
2026-05-29,128.88116455078125,129.00054015926622,128.61255425167883,128.68220014330257,13000
2026-06-01,128.85723876953125,128.96686270285159,128.37888669983255,128.5781987949955,10800
2026-06-02,128.9170379638672,129.07649373137792,128.81737430753824,129.02666190321344,12800
2026-06-03,128.4685821533203,128.63799820415147,128.40879004203154,128.5782060928627,13600
2026-06-04,128.51841735839844,128.83731369583052,128.51841735839844,128.83731369583052,1800
2026-06-05,127.69125366210938,128.30912575109014,127.65138211708803,128.30912575109014,10000
2026-06-08,127.76100158691406,127.93041763098122,127.72114524982582,127.93041763098122,13100
2026-06-09,128.1795654296875,128.43868485147664,127.97029304220733,128.32906091299787,17000
2026-06-10,128.1098175048828,128.45860989836294,128.02012933569128,128.45860989836294,16500
2026-06-11,128.55825805664062,128.55825805664062,127.71116267675318,127.90051448213067,13900
2026-06-12,128.43869018554688,128.5981307518785,128.34898680921972,128.41875441230312,12300
2026-06-15,128.49847412109375,128.76755381987203,128.49847412109375,128.72768227592198,5300
2026-06-16,128.6081085205078,128.74762852260724,128.518420349131,128.518420349131,3400
2026-06-17,127.28265380859375,128.40878925274006,127.12319804177785,128.39881376322725,9700
2026-06-18,126.49535369873047,126.96374549348927,126.40565793217684,126.8541215584066,16100
2026-06-22,126.95378112792969,127.15309323182359,126.88402113123989,126.98367718318684,14300
2026-06-23,126.48538970947266,126.71460547259855,126.33590182945746,126.63487758948786,13300
2026-06-24,126.14655303955078,126.40565724536637,125.97713699653232,126.14655303955078,4500
2026-06-25,126.5451889038086,126.70463706610583,126.44552524869476,126.47542890719055,3700
2026-06-26,126.53521728515625,126.77439332318167,126.49535334494048,126.69466544275014,3400
2026-06-29,127.13316345214844,127.14313133819768,126.85412346892426,126.94381163355948,20000
2026-06-30,127.20292663574219,127.25275846396788,126.78436665041654,126.80429481974512,14900
2026-07-01,127.33769226074219,127.38760816963762,127.20792156015187,127.24785276404852,10600
2026-07-02,127.96659851074219,128.29602522903627,127.94662910085253,128.15626982420213,35200
2026-07-06,127.78690338134766,128.48569563276743,127.78690338134766,128.07640651000938,392400
2026-07-07,128.12632751464844,128.37589183374033,128.06641928302074,128.25609060268212,22400
2026-07-08,128.54559326171875,128.59550917178973,128.16625062381584,128.16625062381584,38700
2026-07-09,128.6354217529297,128.69531474701085,128.4457504502088,128.52561285304895,25200
2026-07-10,128.55555725097656,128.7452285506004,128.49566425787336,128.65538906094562,24100
2026-07-13,128.0863800048828,128.37588312542152,127.9865634233354,128.37588312542152,15000
2026-07-14,128.46572875976562,128.76520898311685,128.28603453287613,128.58551475622735,35200
2026-07-15,129.90321350097656,129.98307590434254,128.88498689830547,128.88498689830547,18800
2026-07-16,129.31423950195312,129.69358213723785,129.2044305934337,129.66363563784137,23200
2026-07-17,129.18446350097656,129.18446350097656,128.9548533856279,128.9548533856279,6800
2026-07-20,128.97482299804688,129.1844637053936,128.8550370122462,129.1844637053936,12100
2026-07-21,128.4757080078125,128.6254557381031,128.23613601086296,128.41581500857512,98500
2026-07-22,128.37588500976562,128.57553340798714,128.34593851164223,128.46572450413584,12900
2026-07-23,127.91667938232422,127.97657237828889,127.756962187719,127.96659528969356,45800
2026-07-24,127.87675476074219,128.16624264962724,127.87675476074219,127.88673184925678,76500
2026-07-27,127.64715576171875,127.87675827753637,127.59723985338066,127.82684236919826,13900
2026-07-28,127.61720275878906,127.71703457633494,127.54732505616597,127.68708807751054,6800
2026-07-29,128.21615600585938,128.42578148586884,126.63890781674891,127.61719559858344,7900
2026-07-30,129.36415100097656,129.38412041062568,128.77518288999752,128.77518288999752,2700
2026-07-31,129.45399475097656,129.49393357158755,128.72527121289508,129.02475143868926,15900
2026-08-03,129.0500030517578,129.3699951171875,128.94000244140625,129.3699951171875,4800
2026-08-04,129.25,129.25,129.1300048828125,129.1999969482422,3700
2026-08-05,129.4199981689453,129.49000549316406,129.30999755859375,129.4199981689453,8100
2026-08-06,129.27000427246094,129.5,129.24000549316406,129.47999572753906,9600
2026-08-07,129.6999969482422,129.72000122070312,129.5399932861328,129.58999633789062,9000
2026-08-10,129.80999755859375,130.00999450683594,129.72999572753906,129.75999450683594,21900
2026-08-11,129.80999755859375,129.8300018310547,129.74000549316406,129.74000549316406,2800
2026-08-12,129.72999572753906,130.07000732421875,129.72999572753906,130.07000732421875,1200
2026-08-13,129.6199951171875,129.83999633789062,129.6199951171875,129.77000427246094,4600
2026-08-14,130.08999633789062,130.35000610351562,130.05999755859375,130.1699981689453,6200
2026-08-17,130.1999969482422,130.39999389648438,130.1699981689453,130.36000061035156,3200
2026-08-18,130.1199951171875,130.2100067138672,130.1199951171875,130.2100067138672,700
2026-08-19,130.82000732421875,130.97999572753906,130.7100067138672,130.97000122070312,3500
2026-08-20,131.02999877929688,131.16000366210938,130.99000549316406,131.14999389648438,4300
2026-08-21,131.2100067138672,131.24000549316406,131.0,131.1199951171875,5900
2026-08-24,131.0800018310547,131.25999450683594,131.07000732421875,131.22999572753906,5500
2026-08-25,131.3699951171875,131.3699951171875,131.1199951171875,131.22999572753906,6000
2026-08-26,130.75,130.86000061035156,130.69000244140625,130.86000061035156,4200
2026-08-27,130.6999969482422,130.7899932861328,130.69000244140625,130.7899932861328,1000
2026-08-28,130.22000122070312,130.64999389648438,130.1999969482422,130.64999389648438,7700
2026-08-31,130.3699951171875,130.44000244140625,130.25,130.25,6000
2026-09-01,129.80999755859375,130.07679748535156,129.8096923828125,130.0449981689453,4101
