Date,Close,High,Low,Open,Volume
2006-01-03,104.1236572265625,104.21896148532332,103.1706212490431,103.1706212490431,118600
2006-01-04,105.13729095458984,105.25858602461881,104.6001289616289,104.82538745734807,227200
2006-01-05,104.91204071044922,105.01601076095322,104.747429726426,104.77342058653038,264900
2006-01-06,105.37122344970703,105.46652766473086,105.12862669595552,105.26725341238496,145800
2006-01-09,104.77340698242188,104.81672948369503,104.5308168394977,104.75608194796399,111400
2006-01-10,104.65213775634766,104.7041194826446,104.40088172910035,104.44420424107264,85000
2006-01-11,105.15461730957031,105.30190322861324,104.90336135998139,104.94667724847831,184900
2006-01-12,104.3575668334961,104.40955517367459,104.14096747800102,104.29691927836099,225000
2006-01-13,105.22393035888672,105.3192345734105,104.5048257539604,104.5048257539604,66700
2006-01-17,104.9726791381836,104.99000417229554,104.54813978645737,104.66077564348436,76700
2006-01-18,105.00732421875,105.47517943857659,104.70408656055272,105.34521855361056,469900
2006-01-19,104.88603973388672,105.0939798148385,104.66078122798442,104.66078122798442,43200
2006-01-20,105.24993896484375,105.27592982426724,104.71277029977497,104.97269211418258,52500
2006-01-23,106.72282409667969,106.73148992086276,106.38492966449796,106.48023390025045,161100
2006-01-24,106.49752807617188,106.64481399416601,106.39356465645139,106.44554636631163,153600
2006-01-25,106.1943130493164,106.51488241863572,106.13366550485995,106.51488241863572,162100
2006-01-26,105.93435668945312,106.31557347895078,105.85638413346557,106.2289351022698,44600
2006-01-27,104.98136901855469,106.06436574428069,104.87740556334096,105.99505236741325,272400
2006-01-30,104.88603973388672,104.96401891676511,104.72142876574055,104.91203059148422,216000
2006-01-31,105.48387145996094,105.7524525082041,105.1373112173359,105.1373112173359,467300
2006-02-01,104.70561218261719,105.14810543546285,104.64487833375547,104.98325358019831,133100
2006-02-02,104.98323059082031,105.06999226741027,104.60147127043456,104.68823956651613,54100
2006-02-03,104.3498764038086,104.37591086897585,104.01150117105497,104.02017932611072,243700
2006-02-06,103.81193542480469,104.0375210882602,103.699139283331,103.93340310062877,151500
2006-02-07,103.8899917602539,104.06352169422243,103.68176245898181,104.0374938589997,190500
2006-02-08,103.8032455444336,103.8726575283465,103.56031022022955,103.82060185015737,196800
2006-02-09,104.06355285644531,104.08090254529253,103.73384919291917,104.03752501342844,26300
2006-02-10,103.33468627929688,104.3931954733932,103.273952470758,104.36716764394636,259000
2006-02-13,103.38682556152344,103.44755941529768,103.24800154175743,103.30873539553166,49000
2006-02-14,103.48224639892578,103.50828086413202,103.08313731917009,103.10049362930756,69300
2006-02-15,103.21326446533203,103.777225291742,103.15253062984121,103.63840131376777,22800
2006-02-16,103.30001831054688,103.30001831054688,103.10046713170159,103.13517312356406,145800
2006-02-17,103.65572357177734,103.72513553796392,103.16985304745023,103.16985304745023,184400
2006-02-21,103.51693725585938,103.6123770891749,103.29135821301523,103.42149742254384,56400
2006-02-22,103.42147827148438,103.51691808712685,103.20457080311341,103.28266093386208,23400
2006-02-23,103.50827026367188,103.78591162200266,103.48223580113188,103.78591162200266,26100
2006-02-24,103.0918197631836,103.39548900829513,103.0918197631836,103.36946116149888,116300
2006-02-27,102.9443130493164,103.09180857815464,102.88357920688347,102.979019047777,45400
2006-02-28,103.59503936767578,103.71650705692818,103.20460183551373,103.23063629991861,150800
2006-03-01,103.5567626953125,103.9390213327003,103.3830123845814,103.9390213327003,73300
2006-03-02,104.66008758544922,104.67745996358103,103.75657147517185,103.78263335644398,327700
2006-03-03,104.62535858154297,104.72961275708144,104.3212921880769,104.72961275708144,156200
2006-03-06,104.4776611328125,104.58190867121606,104.25178041935533,104.50372301741339,73200
2006-03-07,103.3309326171875,103.53943440447857,103.209306022255,103.49599349422313,1895300
2006-03-08,103.70452117919922,103.79139638770025,103.49601272501248,103.60026695210584,913800
2006-03-09,103.61763000488281,103.73926323960734,103.53944431272376,103.73926323960734,748300
2006-03-10,103.66106414794922,103.66106414794922,103.20061964912635,103.27012245638518,25400
2006-03-13,104.02591705322266,104.08673033681583,103.73054014095605,103.73054014095605,25400
2006-03-14,104.512451171875,104.64276064306976,104.09544097959532,104.09544097959532,189700
2006-03-15,104.99893188476562,105.04237278331796,104.7122378618815,104.86861581725915,59800
2006-03-16,105.92854309082031,106.03279730291345,105.4594090786301,105.4594090786301,50000
2006-03-17,106.11097717285156,106.20654187165901,105.65922220152268,105.96328868493175,102400
2006-03-20,105.87640380859375,105.97196849865938,105.72002582740924,105.89377619399131,67900
2006-03-21,105.18138885498047,105.52020670877758,105.09451367188021,105.52020670877758,191000
2006-03-22,105.11189270019531,105.37252489411935,105.08583080643332,105.26827069091934,59900
2006-03-23,104.23440551757812,105.00760567339935,104.10408946957632,105.00760567339935,129800
2006-03-24,104.76434326171875,104.86859742306761,104.21702382797329,104.28652660220587,114400
2006-03-27,104.53852844238281,104.77309215318682,104.52114942489919,104.72096835704218,49700
2006-03-28,104.53852844238281,105.2596052204316,104.45165323942403,105.24222620294796,181400
2006-03-29,104.78170776367188,104.8859619105881,104.44289007137974,104.44289007137974,51700
2006-03-30,105.88509368896484,105.91984509020955,105.46809013033248,105.58971672061293,66200
2006-03-31,105.52021789550781,105.72003680315865,105.33777800321043,105.42465319552076,30900
2006-04-03,105.71424865722656,105.76646203672493,104.85280424055937,104.88761094732477,76600
2006-04-04,106.77582550048828,106.88024561640566,106.59309527665803,106.59309527665803,133300
2006-04-05,107.02821350097656,107.20224046094411,106.81067648166564,106.99340678124246,241000
2006-04-06,106.506103515625,106.62792368964573,106.27115986665531,106.4277867530679,99300
2006-04-07,105.40098571777344,105.96658303552422,105.3574823171464,105.96658303552422,96000
2006-04-10,105.41838073730469,105.59240759797783,105.2095471767571,105.42708407194812,112800
2006-04-11,105.87088012695312,105.89698349848835,105.6185364709446,105.6185364709446,97900
2006-04-12,105.45320129394531,105.68813825059516,105.39229122083609,105.49670469548043,82200
2006-04-13,105.54022979736328,105.55762983272047,105.25307942371197,105.29658947015646,41500
2006-04-17,106.77582550048828,107.06297584023591,106.54958523535073,106.60179861265954,219700
2006-04-18,107.33270263671875,107.34140597135222,106.89762884683445,107.04555234210731,227600
2006-04-19,107.97663116455078,108.0375478802335,107.18480016378177,107.2022001977622,116400
2006-04-20,107.41974639892578,107.55897323757766,107.13260266193312,107.42844973601679,95300
2006-04-21,107.62855529785156,107.72427206186109,107.31530164085663,107.41101840486614,79200
2006-04-24,108.18547058105469,108.23767732129909,107.52415643692378,107.741693372876,129700
2006-04-25,108.38558959960938,108.46390634055116,107.81129560040188,108.35078289682411,72800
2006-04-26,108.5944595336914,108.74238308198393,108.30730913615777,108.42042597214,130200
2006-04-27,109.29927062988281,109.40369076053535,108.40301941756063,108.49003287375382,157400
2006-04-28,110.16938781738281,110.16938781738281,109.49067375372917,109.50807378464623,108500
2006-05-01,109.75716400146484,110.62001921969346,109.47826096882667,110.52414567882664,294600
2006-05-02,110.10581970214844,110.32371295415953,109.96636482906564,110.16682954672856,125600
2006-05-03,110.15811920166016,110.44573990913415,109.86178755122619,110.13197307363066,87300
2006-05-04,110.88146209716797,110.99476413607138,110.16677286427284,110.17549045174877,98200
2006-05-05,111.06452941894531,111.317286345391,110.98608440404753,111.317286345391,105900
2006-05-08,110.87277221679688,111.2214026576767,110.73332403018848,111.20396747836779,146900
2006-05-09,111.21265411376953,111.50899223338685,111.00347856729131,111.03834226663281,246500
2006-05-10,111.55260467529297,111.92738125826148,111.36957517889994,111.45673113200525,329400
2006-05-11,112.0232162475586,112.25854455448244,111.17778982929643,111.2910985139526,236700
2006-05-12,112.81636047363281,112.83379564954753,112.17139195621444,112.58974308416936,373500
2006-05-15,111.5613021850586,112.10167298679153,111.54387365740376,111.82277664688354,442800
2006-05-16,112.18887329101562,112.24116554113223,111.79666811599293,112.18887329101562,121400
2006-05-17,111.29112243652344,112.19755221119026,110.89019978438216,112.18013033222239,188200
2006-05-18,111.91865539550781,112.0058046874205,111.53516127348826,111.70947315645782,155100
2006-05-19,111.50031280517578,111.51774133602576,110.85535077055812,111.24755588562641,145000
2006-05-22,112.35445404052734,112.45903852191849,111.34342638992757,111.37829010024889,122500
2006-05-23,112.22369384765625,112.37185960783239,111.78790750626395,111.82277786109582,54400
2006-05-24,111.57003784179688,112.18886042857436,111.1865503022851,112.17142524748508,88000
2006-05-25,111.64846801757812,111.89250730927048,111.43056819334198,111.53515931102669,68400
2006-05-26,111.1168212890625,111.50031547266687,110.93379178768036,111.50031547266687,110500
2006-05-30,112.3457260131836,112.7030740447493,111.99710222087009,112.1016866987351,131000
2006-05-31,111.94477081298828,112.3456867039557,111.90118952941168,112.29339448332,78900
2006-06-01,111.74400329589844,111.99716744215948,111.17655194706913,111.28131434792522,106000
2006-06-02,112.83529663085938,113.00116883075619,112.66942443096258,112.77418021155914,241700
2006-06-05,112.80036163330078,113.24558693949153,112.79162310591362,113.07971477024618,190200
2006-06-06,112.11064910888672,112.19795443001932,111.9185880591324,112.07573497298674,133900
2006-06-07,111.76146697998047,111.97097846068262,111.51702137808418,111.65670457916777,69400
2006-06-08,110.57420349121094,110.69642298080552,110.25992290069267,110.59166056381189,294900
2006-06-09,110.45194244384766,110.79241852638785,110.36464378749963,110.5567048277416,54900
2006-06-12,109.99801635742188,110.22499825610477,109.88452873831164,110.12896770898747,312500
2006-06-13,109.5789566040039,110.19879246257746,109.44801193292919,109.88451193107532,114900
2006-06-14,110.04169464111328,110.46073107110213,110.04169464111328,110.40835318246953,115700
2006-06-15,110.242431640625,110.51305949137245,110.17259004673501,110.39957189664696,42700
2006-06-16,110.32978057861328,110.53057358743051,110.3123235024163,110.4607319617146,794800
2006-06-19,109.83213806152344,109.89324780077622,109.64880884376511,109.70119337774038,412300
2006-06-20,109.93690490722656,110.17261200801374,109.736111949883,109.77976461988099,28800
2006-06-21,110.71388244628906,110.8273700718047,110.43452265539749,110.53928507465538,49800
2006-06-22,109.97183990478516,110.08532753678013,109.77977878874505,109.92818722915307,89100
2006-06-23,109.40437316894531,109.54405638312055,109.29088555277463,109.32580635631842,58500
2006-06-26,109.97183990478516,110.14643728638715,109.62263848111797,109.9631080375661,65000
2006-06-27,109.9543685913086,110.23372837889373,109.9543685913086,110.13770448795567,145700
2006-06-28,109.7623062133789,109.84087302586511,109.44802564250963,109.77103141890255,62300
2006-06-29,110.70515441894531,110.80991684183648,109.52660546838753,109.7448555207302,119700
2006-06-30,111.83130645751953,111.85749539211012,111.52575112606523,111.56940379069056,107000
2006-07-03,111.95893096923828,113.6816462139539,111.73156580873194,113.6816462139539,50900
2006-07-05,111.39055633544922,111.49549567437039,111.19817755499324,111.47800912040559,133400
2006-07-06,111.75784301757812,111.810309352278,111.5042446136772,111.55671094837707,125600
2006-07-07,112.08139038085938,112.27377583029497,112.06389715543212,112.24754266386479,123100
2006-07-10,111.43429565429688,111.66166091247837,111.36433608690079,111.44304226814927,49800
2006-07-11,111.80155944824219,111.80155944824219,111.46051493931023,111.58294083114679,33300
2006-07-12,111.19818115234375,111.27688065529753,111.02328224848367,111.25939410076703,74300
2006-07-13,111.09326171875,111.32936694163413,110.87464305353011,111.25066742457682,48900
2006-07-14,110.69100952148438,110.83092200469224,110.52485719294455,110.787202272564,58100
2006-07-17,109.61540222167969,109.79030116456521,109.53670270116557,109.76406131934802,63400
2006-07-18,109.49298095703125,109.73783281577826,109.2656156574607,109.72909287204642,96100
2006-07-19,110.31499481201172,110.41118757153191,109.22190133720326,109.30060086496718,152100
2006-07-20,110.6123046875,110.75222384413892,110.48113214607916,110.48113214607916,81100
2006-07-21,111.18944549560547,111.18944549560547,110.91835383583728,111.04078641645908,39900
2006-07-24,110.57732391357422,110.72598968410726,110.46364460360194,110.68226328011886,50600
2006-07-25,110.16629791259766,110.9270864402105,110.04386534743855,110.71721443311498,40300
2006-07-26,111.32935333251953,111.32935333251953,110.32371293280917,110.36743265748146,75100
2006-07-27,111.18944549560547,111.88902116484752,111.10199937091416,111.88902116484752,81000
2006-07-28,111.67913818359375,111.8715236420825,111.58294545434937,111.66165162905432,53800
2006-07-31,111.90656280517578,111.94153593281284,111.73166380841774,111.8890695696427,219300
2006-08-01,112.40325927734375,112.40325927734375,111.51839934523926,111.7549426184484,128200
2006-08-02,112.01778411865234,112.35070531936974,111.99150227314117,112.3419357920781,78900
2006-08-03,112.22803497314453,112.35944418046965,111.86883198221614,112.22803497314453,76900
2006-08-04,112.88512420654297,113.12166081421891,112.77122729813338,112.77122729813338,237900
2006-08-07,112.52590942382812,112.88511242965961,112.4908580549673,112.75368984870207,60000
2006-08-08,112.59599304199219,113.03404155311459,112.376968786431,112.50837799249584,157900
2006-08-09,112.76248931884766,113.04283350327728,112.75371979021355,112.8851424060701,101100
2006-08-10,112.14920043945312,112.51715966806427,111.74620320400494,112.51715966806427,97700
2006-08-11,111.58849334716797,112.01777906737135,111.50087828729369,111.66733888014608,91400
2006-08-14,111.5534439086914,111.87759555369358,111.48335453741352,111.71989781036348,35300
2006-08-15,112.07037353515625,112.2455903348453,112.05285452882433,112.15798861909323,49100
2006-08-16,112.65731811523438,112.80625301175274,112.58722874601746,112.80625301175274,104500
2006-08-17,112.50836944580078,112.90261040222651,112.40324208893489,112.88509808820129,97200
2006-08-18,112.54344940185547,112.66610247208521,112.23681004219009,112.37698879907609,80300
2006-08-21,113.10415649414062,113.49839756966048,113.09538696630024,113.21804004242159,168400
2006-08-22,112.34194946289062,112.45584638608699,112.18425837063423,112.3594751514247,104400
2006-08-23,112.28935241699219,112.7449266062946,112.14041752914284,112.52590235330798,52600
2006-08-24,111.9652099609375,112.61351324718457,111.9652099609375,112.49086019020427,65500
2006-08-25,111.99150848388672,112.18425094044557,111.73743948970382,112.0002646434821,152700
2006-08-28,112.28935241699219,112.4908509866496,112.22803257760928,112.36819793970429,49800
2006-08-29,112.59599304199219,112.68359472330887,111.99148395773453,112.39448110178652,74000
2006-08-30,112.72742462158203,112.77123215502489,112.57848970242219,112.76247599560925,48500
2006-08-31,112.53467559814453,112.87635294995673,112.3068951529969,112.81503310126301,123000
2006-09-01,112.76643371582031,112.81910155297327,112.12561267534397,112.18706071780052,75100
2006-09-05,112.59963989257812,112.6259738103573,112.42407597582756,112.55574556472342,70000
2006-09-06,112.55577087402344,112.5908783074005,112.20463626423202,112.33631258007075,46700
2006-09-07,111.8271713256836,112.0554098339856,111.70427521290617,111.70427521290617,77000
2006-09-08,111.38822174072266,111.41455565747215,111.17754370939278,111.34432741458424,101700
2006-09-11,111.61644744873047,111.75689722115054,111.41454294779356,111.73056330740509,73900
2006-09-12,111.48477172851562,111.64278190909504,111.36187566554644,111.64278190909504,356200
2006-09-13,111.54627990722656,111.72184389261093,111.30926785722399,111.48483184260836,55900
2006-09-14,111.79203033447266,112.02904899312246,111.66913425122247,111.71302857981222,48400
2006-09-15,111.25654602050781,111.30922055160622,111.00197366175617,111.30922055160622,85400
2006-09-18,111.60772705078125,111.66917511489234,111.28292631343022,111.28292631343022,63100
2006-09-19,111.37944030761719,111.72179461625258,111.26532443718332,111.63401266227778,44900
2006-09-20,111.4321060180664,111.83590833225676,111.4321060180664,111.5198879650933,69200
2006-09-21,112.41527557373047,112.47673030428072,111.7481274123275,111.95002522261174,127300
2006-09-22,112.39771270751953,112.65229173613609,112.36260528702053,112.62595782209526,78100
2006-09-25,112.16072082519531,112.23094907340835,111.967603188611,112.20461515466206,72400
2006-09-26,111.5550308227539,111.65159299856033,111.3531262649764,111.61647887123664,92100
2006-09-27,111.7130355834961,111.80959775457994,111.51113103559312,111.66914125215446,170000
2006-09-28,111.73932647705078,111.79199429651274,111.5549824116018,111.68665865758881,79100
2006-09-29,111.56378173828125,111.74813254373066,111.2126539308228,111.35310371433945,39100
2006-10-02,112.03963470458984,112.20675516766998,111.88131182130005,111.907704560671,43600
2006-10-03,111.92528533935547,112.10119665958342,111.91648776016805,111.99565255168133,30600
2006-10-04,111.87252807617188,111.89891410663591,111.54708470907761,111.60865435035625,89400
2006-10-05,111.68781280517578,111.74058486310486,111.50309718124957,111.70540125428973,79300
2006-10-06,110.81706237792969,110.93141081393526,110.64994858087294,110.91381564966258,232000
2006-10-09,110.84342956542969,110.88741075804369,110.75547389078953,110.82584111473679,97800
2006-10-10,110.29813385009766,110.33331747275535,110.15739935946685,110.28053868347386,84700
2006-10-11,110.18373107910156,110.47399078998943,110.00781976312582,110.29807947401369,238000
2006-10-12,110.43879699707031,110.4827781773004,110.21011364951443,110.26288569732179,219200
2006-10-13,110.13096618652344,110.23651700932314,109.9022760924176,110.18373824262979,66400
2006-10-16,110.3332748413086,110.34206571063395,110.17495195581793,110.27170520309485,43000
2006-10-17,110.47399139404297,110.62351668449858,110.36844728811505,110.44760536756098,66200
2006-10-18,110.37727355957031,110.42125475820478,110.13979253447492,110.17497615126476,54100
2006-10-19,111.31840515136719,111.44154444560283,110.72909471315548,110.72909471315548,1948300
2006-10-20,111.14244079589844,111.26558003141842,111.00170640639843,111.2567824544284,52800
2006-10-23,110.57960510253906,110.64117476954354,110.4916493940456,110.53562389299712,21800
2006-10-24,110.72026824951172,110.82581906443184,110.49158488306453,110.51797090914795,34400
2006-10-25,111.15125274658203,111.23920839610113,110.8082210160474,110.90496753310828,93400
2006-10-26,111.85493469238281,111.94289036552273,111.51190286972569,111.58227009247273,71700
2006-10-27,112.277099609375,112.39144128110615,112.12757433620675,112.35625767966907,109000
2006-10-30,112.23316192626953,112.25075708910005,112.05725056149488,112.17159227753956,74300
2006-10-31,112.5673599243164,112.72568277638493,112.03961261036409,112.10118223558041,62400
2006-11-01,112.52064514160156,112.88208259687867,112.50301716299566,112.59998785950079,59700
2006-11-02,112.6617202758789,112.7410562852934,112.55593220432239,112.59119489484122,133500
2006-11-03,112.14159393310547,112.18567397371545,111.86831651319928,112.02699524345736,43800
2006-11-06,112.1944808959961,112.24737828811509,112.05343687690804,112.08869956309748,18400
2006-11-07,112.65291595458984,113.05842685396405,112.60002527552794,112.88212010664354,43000
2006-11-08,112.57354736328125,112.75867814883418,112.54710202982218,112.62644475586912,32600
2006-11-09,113.19064331054688,113.29643811044133,112.67053374503907,112.67053374503907,61800
2006-11-10,113.34932708740234,113.56971386114873,113.32288175066007,113.53444444459825,75700
2006-11-13,113.03196716308594,113.2787992682636,112.97907649073942,113.20827388802128,43500
2006-11-14,113.18184661865234,113.43748939291478,112.97027044415226,113.41986813354704,37300
2006-11-15,113.26995849609375,113.27876912202647,112.93496639192752,113.01430237933405,23400
2006-11-16,112.9614486694336,113.16420074290279,112.88211265607718,113.07605410073178,61100
2006-11-17,113.29642486572266,113.42865153595629,112.90854203125096,112.90854203125096,55100
2006-11-20,113.1553955078125,113.35814759094619,113.09368074914353,113.35814759094619,54500
2006-11-21,113.4374771118164,113.45511182061797,113.04960767757277,113.09367427256434,64600
2006-11-22,114.327880859375,115.48270576480782,114.0810486712525,114.12512873013411,147300
2006-11-24,115.64132690429688,115.75593231664533,115.48265490382008,115.51791086459065,78600
2006-11-27,116.05567169189453,116.11738644626017,115.79121831987437,115.94107971446627,150200
2006-11-28,116.61984252929688,116.76971735110116,116.0997330462701,116.34656512131126,290500
2006-11-29,116.21431732177734,116.496405305664,116.10853600923694,116.4170693212587,90400
2006-11-30,117.05180358886719,117.34271569812834,116.54932881929902,116.69036610905734,163300
2006-12-01,117.89464569091797,118.16852947139458,117.31153045953704,117.31153045953704,275000
2006-12-04,117.85052490234375,118.18626052802651,117.49712891408291,117.62081885809349,100500
2006-12-05,117.79747009277344,118.00067203130321,117.43523058582093,117.87698213639106,142900
2006-12-06,117.49708557128906,117.94766731228816,117.38222585093744,117.41756004425218,109600
2006-12-07,117.4440689086914,117.73562657003055,117.33805284318204,117.65611452089853,92100
2006-12-08,116.74610900878906,118.18622349806304,116.68427079675526,117.99185172106206,131900
2006-12-11,117.055419921875,117.26745219976154,116.61366803468108,116.70201032340123,140900
2006-12-12,117.48825073242188,117.56777626542907,116.94048306719914,117.01116494032286,73700
2006-12-13,116.9139633178711,117.06415722260294,116.73726539943289,116.80794726304558,40600
2006-12-14,116.34852600097656,116.70192185033916,116.27784413486654,116.70192185033916,121600
2006-12-15,115.7301254272461,116.38390937295046,115.57993145374122,116.37507919140072,125400
2006-12-18,115.93331146240234,115.97748932644426,115.51806380655269,115.87145975650537,58900
2006-12-19,116.75495147705078,116.94932327451153,116.44573342195598,116.46340726204969,93800
2006-12-20,116.63129425048828,117.03771179942217,116.53410832451674,116.94935605537756,31800
2006-12-21,116.56060791015625,116.66663749520846,116.33090185806412,116.50759985822678,257400
2006-12-22,116.35735321044922,116.68425851801696,116.07463923440885,116.66658468164346,34300
2006-12-26,115.95098114013672,116.3220509186183,115.91563345769607,116.3220509186183,41300
2006-12-27,116.19837188720703,116.46342560559982,116.17186786348697,116.46342560559982,35900
2006-12-28,116.39273071289062,116.86098638789181,115.80961529380554,116.8168085262295,70400
2006-12-29,116.89634704589844,116.92285107265641,116.41926108306119,116.57828524360905,127700
2007-01-03,116.66079711914062,117.35162067290193,116.56337259159524,117.28961710342236,69200
2007-01-04,115.96105194091797,116.37731894630315,115.90791377244922,116.02305548032149,79200
2007-01-05,115.21707916259766,115.58020796361255,115.1108028361674,115.2879345516457,188300
2007-01-08,115.37652587890625,115.54480576590244,115.24366693503703,115.26138416374341,47900
2007-01-09,115.19050598144531,115.37650306036241,115.12851596466172,115.33221675449803,66300
2007-01-10,114.75654602050781,115.05767130560808,114.66797340052096,115.04880593503876,82100
2007-01-11,114.3403091430664,114.65915173898608,114.26058835837051,114.63256913456215,140000
2007-01-12,114.56169128417969,114.75654022688607,114.42883236090695,114.56169128417969,68800
2007-01-16,114.5794448852539,114.87171842657322,114.51745483882898,114.77429391280012,50000
2007-01-17,114.67681884765625,114.85395056344588,114.62368068434773,114.67681884765625,97500
2007-01-18,114.97797393798828,115.02224673750233,114.73883865489877,114.80969405412105,98300
2007-01-19,115.01335144042969,115.1284931099631,114.62365364903702,114.85392347382339,40000
2007-01-22,114.90711975097656,115.06653426519426,114.71227077963113,114.85396806528496,116100
2007-01-23,115.61563873291016,115.74849766652989,115.42965514584121,115.61563873291016,65600
2007-01-24,115.09307861328125,115.34106570273131,114.98680229331204,115.34106570273131,102300
2007-01-25,114.88937377929688,115.27907162449283,114.69452485669889,115.20821624224972,63500
2007-01-26,114.66798400878906,114.74769126558054,114.41113149563564,114.63254955180241,39600
2007-01-29,114.99565124511719,115.07535848308164,114.57938431670398,114.65023969965543,56600
2007-01-30,115.1639633178711,115.1639633178711,114.97797971057499,115.06653882833486,30700
2007-01-31,115.8016357421875,116.02305378375956,115.02223991128272,115.02223991128272,72600
2007-02-01,115.63827514648438,115.91351763315092,115.59387813778156,115.71818163331048,54200
2007-02-02,115.1854476928711,115.42518070779941,115.0522702112805,115.42518070779941,50300
2007-02-05,114.86580657958984,114.91907757147969,114.28868610336305,114.8125355877,115800
2007-02-06,115.3275146484375,115.4074211387382,115.01674912206968,115.04339816690208,36000
2007-02-07,115.61157989501953,115.7181218223863,115.49615044166694,115.5139119455807,63600
2007-02-08,115.87799072265625,115.89575223515499,115.64714525243062,115.74481324907693,62500
2007-02-09,115.56725311279297,115.65603359017736,115.39855259327665,115.4606975726391,23500
2007-02-12,115.220947265625,115.28309222836195,115.14991477388097,115.23869522751411,178600
2007-02-13,115.86912536621094,115.86912536621094,115.62051836497925,115.7448218655951,65000
2007-02-14,116.73922729492188,116.90792777343329,116.43734935867137,116.45511086905753,179600
2007-02-15,116.88130950927734,117.05888399512351,116.69484749289673,117.0233745171802,116800
2007-02-16,116.84579467773438,116.88130415405071,115.673778738332,116.58830016920011,70400
2007-02-20,116.83688354492188,117.11212596197936,115.78029732610517,116.96118700901434,122900
2007-02-21,116.89019012451172,116.95234864952064,116.7481386566132,116.7481386566132,58900
2007-02-22,116.73922729492188,116.89016626304713,116.57941434563497,116.61492381834445,36200
2007-02-23,117.14765167236328,117.29859062879835,116.99671271592823,117.02334820541313,63400
2007-02-26,117.32524871826172,117.36075819506107,117.04113225967372,117.18318371493551,57200
2007-02-27,117.8046875,118.00002346989173,117.62711304047922,117.76030404616694,112400
2007-02-28,117.77806091308594,117.82245791833849,117.39627647365457,117.64488344539217,83700
2007-03-01,117.38562774658203,117.7504866346038,117.10976346786782,117.7504866346038,148200
2007-03-02,117.46575164794922,117.56364031746952,117.18097967164465,117.26997430890863,71600
2007-03-05,116.57582092285156,116.79829386354403,116.4690382564938,116.52242958967268,79200
2007-03-06,116.88726043701172,116.88726043701172,116.48679837687568,116.57579296327646,71800
2007-03-07,117.40338897705078,117.46568790506402,116.86946217922846,116.98515242915715,247100
2007-03-08,117.02970123291016,117.07419855214353,116.86063314570393,116.8962228538854,85900
2007-03-09,116.81609344482422,116.88728641403327,116.59362050804735,116.62031617416694,46400
2007-03-12,117.59027862548828,117.64366995032917,117.1542268415067,117.1542268415067,54000
2007-03-13,117.5635986328125,117.80387320529066,117.51910132995796,117.72377262868434,67100
2007-03-14,117.83058166503906,118.04414701605663,117.48352439096367,117.51022005984086,55000
2007-03-15,117.9552230834961,118.35567188919,117.84842677761354,118.35567188919,50000
2007-03-16,118.69377136230469,118.87174700467082,118.55138541694332,118.78275239415218,178000
2007-03-19,118.56028747558594,118.6670837311749,118.35561615193782,118.6314804530879,43300
2007-03-20,118.77383422851562,118.77383422851562,118.43567107166838,118.5691629603194,108800
2007-03-21,119.37899780273438,121.33677092519783,118.10645885180648,118.59590213242234,138900
2007-03-22,118.94293975830078,119.22769806982795,118.64927383853549,119.14761106771135,50100
2007-03-23,118.56028747558594,118.88955669386651,118.42680912943979,118.85395341577951,87800
2007-03-26,118.93406677246094,119.07645275900946,118.44463700904736,118.52472403447776,62000
2007-03-27,119.14759063720703,119.22767762559094,118.96070741897582,118.96070741897582,74500
2007-03-28,118.74720764160156,120.41130157450561,118.74720764160156,119.19215370525944,152700
2007-03-29,118.96074676513672,119.11204034257155,118.80946676637514,118.92515706252887,67800
2007-03-30,119.18315887451172,119.69040353364089,118.5869332149737,118.88059903152222,64200
2007-04-02,119.39554595947266,120.51972563228595,119.17249346465735,119.34200192492013,123700
2007-04-03,119.047607421875,119.51156056497418,118.86916809423626,119.42234770817882,74500
2007-04-04,119.2884521484375,119.59180022479393,119.02078647528232,119.19923933341354,53500
2007-04-05,119.92194366455078,120.93013165905693,118.84236362571015,119.86841324534346,88500
2007-04-09,119.23495483398438,119.45800735452191,119.02081951321198,119.35986370092357,55900
2007-04-10,119.9665756225586,120.13608410517575,119.88626636716074,119.8951971811192,38100
2007-04-11,120.0201416015625,120.12720248841148,118.92271305516152,119.966611158138,45000
2007-04-12,120.47513580322266,120.80524920315351,119.77029577292653,120.22531804964581,66600
2007-04-13,120.98367309570312,121.42977806491436,120.64462896260875,121.00150749236045,71900
2007-04-16,121.03721618652344,121.17104224568128,120.9926029621226,121.04613338578574,51600
2007-04-17,121.22461700439453,121.42983518888317,120.448398349306,120.448398349306,79400
2007-04-18,121.46549987792969,121.55472634633595,121.29597775638639,121.42981745899579,97000
2007-04-19,121.64388275146484,121.71526117025694,121.45652631442177,121.50112591388064,78300
2007-04-20,121.51004791259766,121.64387392935137,121.447586695419,121.57249551573594,46300
2007-04-23,121.34061431884766,121.46552323020211,118.97626220604904,121.17109216471299,96200
2007-04-24,121.9205322265625,121.9205322265625,121.38521421421382,121.4744270759142,63600
2007-04-25,122.00078582763672,122.25060350887635,121.9115593926043,122.00078582763672,59000
2007-04-26,121.62602996826172,121.73309077324232,121.51895554924184,121.67062956097745,59900
2007-04-27,122.17925262451172,122.32200950712586,121.74206477677302,122.25954826571505,66800
2007-04-30,122.1524658203125,123.2498802315936,121.92048252355619,121.99186095224711,295900
2007-05-01,121.78485107421875,122.34842571189563,121.53437649077148,122.15162230349547,174600
2007-05-02,121.6595687866211,121.82953654463499,120.26406415216009,121.62379256643523,155300
2007-05-03,121.30177307128906,121.61485941430618,121.21231203051937,121.61485941430618,58600
2007-05-04,121.71324157714844,121.83847882423566,121.56116875210223,121.65957042123051,64600
2007-05-07,121.72221374511719,121.95479333819557,121.68642386935853,121.93689840031625,69200
2007-05-08,121.22127532958984,121.44491432347135,120.97975504408328,121.38230250310181,76800
2007-05-09,121.24812316894531,122.3394826613558,121.10500457227818,121.34652488219027,110600
2007-05-10,120.76499938964844,121.0512637179,120.63082151692706,121.03336878492566,147300
2007-05-11,121.20339965820312,121.20339965820312,120.8545233575641,120.96186571165563,66200
2007-05-14,121.27489471435547,121.498533587562,121.19437434612762,121.35540143274977,73000
2007-05-15,121.6595687866211,121.91898392001765,121.27491640781997,121.30175198541838,46200
2007-05-16,121.15859985351562,121.67744368470547,121.00652705555487,121.62377253834683,70700
2007-05-17,120.85453796386719,121.04238710623052,120.45197678768788,120.92609044201488,97700
2007-05-18,121.10498046875,121.14969734327217,120.73820927875889,120.8097753877698,53500
2007-05-21,120.71131896972656,120.73815454220983,120.44294959506057,120.57712745747686,123000
2007-05-22,120.48770904541016,120.71134796972049,120.47875475254227,120.58611071810017,94900
2007-05-23,120.70243835449219,120.94397230410468,120.55036546765226,120.94397230410468,52700
2007-05-24,120.362548828125,120.69353027999101,119.79003336146314,120.69353027999101,55800
2007-05-25,120.5414047241211,120.85450474178187,120.48773355534256,120.6308657719783,49600
2007-05-29,120.55931854248047,121.14077449508623,120.52352865779733,121.08710331790313,42700
2007-05-30,120.48770904541016,120.51454462434047,120.29090570003014,120.51454462434047,48800
2007-05-31,120.6397705078125,120.85446876886014,120.50559262580485,120.84551447683603,64900
2007-06-01,120.46221923828125,120.60573670504199,120.1124039671638,120.44427613329142,323600
2007-06-04,121.01830291748047,121.10800473406141,120.85685607152553,121.10800473406141,65400
2007-06-05,121.3232421875,121.50264578368218,121.21561097904892,121.44881649288385,215200
2007-06-06,121.14383697509766,121.39498555414048,121.00929798152868,121.2066309631439,75700
2007-06-07,120.45323944091797,120.91966435917364,119.78949511638596,120.89275654529146,82800
2007-06-08,119.93299102783203,119.96886354436853,119.54728962053886,119.54728962053886,228000
2007-06-11,119.87915802001953,119.93298732302597,119.5652290286495,119.85225021180428,79500
2007-06-12,119.43063354492188,119.67281741873352,119.00905978503796,119.67281741873352,107600
2007-06-13,119.61905670166016,119.63699980447082,119.23335526740614,119.30511399207147,62200
2007-06-14,119.55622863769531,119.67283824289038,119.41272491580914,119.47550522790183,95300
2007-06-15,120.18417358398438,120.25593232386295,119.79847206795954,119.86126609782086,69500
2007-06-18,120.42630767822266,120.48910168917926,120.29176863556715,120.39043516237321,61100
2007-06-19,120.57877349853516,120.5877518912141,120.32762486186051,120.46217757287678,39100
2007-06-20,120.46221923828125,120.6864601476278,120.45324084249687,120.6864601476278,38400
2007-06-21,120.31864166259766,120.4621590576598,120.23791826033973,120.42627286560821,33000
2007-06-22,121.01830291748047,121.04521072513963,120.58776430835835,120.99139510982131,68200
2007-06-25,121.05420684814453,121.1080224713446,120.86583848036669,121.0362637448853,65800
2007-06-26,120.97342681884766,121.07209332191107,120.94651901679151,121.07209332191107,129600
2007-06-27,120.91963958740234,120.95552578961274,120.77612215171276,120.88376707176793,90900
2007-06-28,120.91067504882812,121.14388061721709,120.67745579386316,121.0900650004024,33000
2007-06-29,121.72692108154297,121.7986661164562,121.45782929760001,121.58340363856317,77600
2007-07-02,122.6002426147461,122.71717189696592,122.23147620474057,122.30343163040708,65000
2007-07-03,122.54627227783203,122.63621998565493,122.40236143495272,122.58224312650518,21800
2007-07-05,122.4383544921875,122.60024390857498,122.22248821290991,122.60024390857498,88400
2007-07-06,122.68118286132812,122.85207527556055,122.39337489322112,122.44733802948534,73500
2007-07-09,122.58226776123047,122.7801417789319,122.51032604942641,122.63624463122768,50700
2007-07-10,123.62554931640625,123.67951243974913,123.22081216724433,123.22081216724433,66800
2007-07-11,123.83245086669922,124.11128329710911,123.80546929667481,123.88642773084266,85600
2007-07-12,124.13829040527344,124.18326427259782,123.89544250099969,124.08432725412314,49900
2007-07-13,124.19222259521484,124.40808887009784,124.03932246370799,124.36311501398546,64400
2007-07-16,124.12027740478516,124.19223283567935,123.89542182977648,124.14725897585859,138900
2007-07-17,124.12027740478516,124.18324355335326,124.08430655138564,124.12027740478516,65300
2007-07-18,124.3001708984375,124.50703420430084,124.07531530212192,124.07531530212192,98800
2007-07-19,124.28216552734375,124.58797953645946,124.2551839565534,124.52501338855195,45300
2007-07-20,124.5789566040039,124.73185672205823,124.39008563868092,124.6149411753654,85400
2007-07-23,124.3721694946289,124.57004358597878,124.33619862533857,124.57004358597878,61200
2007-07-24,124.55191802978516,124.73179963198191,124.4979549215348,124.73179963198191,67100
2007-07-25,123.66158294677734,123.89542781540962,123.49069050565939,123.89542781540962,191600
2007-07-26,123.88641357421875,124.12025839574012,123.62557346166312,123.73351345352096,67300
2007-07-27,122.98698425292969,123.31077676146931,122.9060258327256,123.31077676146931,129700
2007-07-30,123.5356216430664,123.61656633220271,123.31076613496042,123.4097031074907,106900
2007-07-31,123.43671417236328,123.71553287319882,123.40973260286914,123.66156973421056,225100
2007-08-01,123.3113021850586,123.68114919752409,123.15795400620195,123.5007403850051,194500
2007-08-02,123.6180419921875,123.62707138278867,123.13995227703309,123.13995227703309,258300
2007-08-03,124.40284729003906,124.69149875108322,123.84356185698353,123.84356185698353,180300
2007-08-06,124.375732421875,124.73655003195418,124.35768741207818,124.64633874727961,190900
2007-08-07,124.06901550292969,124.31257494673541,123.97881798751523,124.24943806237617,69200
2007-08-08,124.55615997314453,124.82678010358816,124.53811496063186,124.79069007856282,171900
2007-08-09,123.50077056884766,123.78942198656301,123.4376198986613,123.54587622407884,107900
2007-08-10,123.62702941894531,123.73527195489817,123.40151495950336,123.4466206042538,106000
2007-08-13,122.90538024902344,123.34739354415328,122.90538024902345,123.34739354415328,98000
2007-08-14,122.23786926269531,122.78812516913,122.21983801379145,122.6618376052423,190800
2007-08-15,121.45308685302734,121.92216086040587,121.45308685302734,121.64252508664778,118300
2007-08-16,121.17345428466797,121.36287875898668,120.85772847505288,121.23659118800323,206000
2007-08-17,121.87701416015625,122.39117988227696,121.67856036865481,122.03036231462411,262800
2007-08-20,121.86798095703125,121.87699657741416,121.6785428145429,121.85895157234242,79900
2007-08-21,121.70565795898438,122.00333873663965,121.67859732140772,121.94018807275273,57000
2007-08-22,122.39118957519531,122.50846148790855,121.88603943475218,121.88603943475218,66100
2007-08-23,122.56261444091797,122.6979313977231,122.44535626219526,122.58967507941648,62100
2007-08-24,123.57293701171875,123.6811795729519,123.11287859785085,123.11287859785085,283200
2007-08-27,123.40153503417969,123.5187932124338,123.24818682853005,123.43761129726268,979600
2007-08-28,123.11284637451172,123.46464837075294,123.00460384160976,123.45563274778107,144300
2007-08-29,123.67215728759766,123.68117291244376,123.35643148191885,123.45565841247681,203900
2007-08-30,123.22111511230469,123.5278114960313,123.1399194401207,123.19405447634712,54500
2007-08-31,123.2391586303711,123.93374713916499,123.23014300559136,123.93374713916499,72000
2007-09-04,123.11522674560547,123.17855959759295,122.67195199778028,122.73527104574596,129500
2007-09-05,123.57658386230469,123.69418029683331,122.90713037183224,122.91617200402102,132800
2007-09-06,123.85706329345703,124.05608969319707,123.63089818502723,123.64898145480525,96600
2007-09-07,124.70734405517578,124.9425506056354,124.66210830977664,124.84303748736183,176800
2007-09-10,124.960693359375,125.25017738856558,124.84308313913257,125.25017738856558,126700
2007-09-11,125.3044662475586,125.56682540841231,125.19591145218062,125.34066038202972,71700
2007-09-12,125.97393798828125,126.06440953357911,125.61207941512926,125.64825975083657,271900
2007-09-13,125.75685119628906,125.91969726446005,125.61211600727721,125.68447669977125,85900
2007-09-14,125.73873138427734,126.15486736329186,125.4220947795326,125.6934956115967,93700
2007-09-17,125.62109375,126.19103399268243,125.52158059340492,126.19103399268243,87200
2007-09-18,126.6524887084961,126.69772450098284,125.64831485300341,125.70259228237721,161100
2007-09-19,126.53479766845703,126.98712769664657,126.29959102324457,126.67050495932408,174500
2007-09-20,127.58422088623047,127.85562169423807,127.18616820835513,127.18616820835513,286100
2007-09-21,127.76519775390625,128.10897315905217,127.60236549085208,127.7109203328882,313800
2007-09-24,127.69276428222656,127.87370734074868,127.56611242367144,127.87370734074868,147200
2007-09-25,128.2718505859375,128.38946090890235,127.9733246652288,128.02760210535766,144000
2007-09-26,128.14508056640625,128.2355520859568,128.00034546074747,128.2355520859568,118400
2007-09-27,128.38026428222656,128.6064292124099,128.18123803934427,128.50691609096873,115000
2007-09-28,129.3935546875,129.52924820363776,128.74219820199886,128.90504422538413,235700
2007-10-01,129.21388244628906,129.6493531080163,128.93264962908356,129.1050217023186,285300
2007-10-02,128.14341735839844,128.66053372260876,127.88939965620175,128.48816160120532,938600
2007-10-03,127.88033294677734,128.75124683053338,127.86218487001216,128.67866836639928,392400
2007-10-04,128.3520965576172,128.4337559970943,127.76241545864337,127.87127625404058,463400
2007-10-05,128.37930297851562,128.57889031838317,127.98920925972888,128.05270677172587,398700
2007-10-08,127.50833129882812,127.97100328122768,127.44481997263811,127.90750579795967,101700
2007-10-09,128.1706085205078,128.1706085205078,127.49020112228473,127.49926823747508,73100
2007-10-10,128.51541137695312,128.7331329843217,128.32489112757534,128.53354561561366,245000
2007-10-11,128.8782958984375,129.4044795454101,128.70592372269618,128.77850220947838,201100
2007-10-12,129.0959930419922,129.0959930419922,128.63330705645132,128.70588552169158,110800
2007-10-15,129.10507202148438,129.36817071252025,128.98713027426635,129.24116184741163,66800
2007-10-16,128.74212646484375,128.8872833330739,128.6423328483006,128.87820237698398,124400
2007-10-17,129.08689880371094,129.3137012931596,128.8963924646123,129.18669245278537,116300
2007-10-18,130.00323486328125,130.03951718330467,129.83992981585047,129.86714501660057,124200
2007-10-19,129.97598266601562,130.03948016871513,129.51329669910305,129.88525612738636,133600
2007-10-22,128.79660034179688,129.15041167581248,128.45185612401352,129.03246995016542,468200
2007-10-23,129.6584014892578,129.80355835552788,128.74212472640423,128.94171195679542,141700
2007-10-24,129.74913024902344,129.76726447543223,129.24109505115914,129.63118856276176,114900
2007-10-25,130.25726318359375,130.3752049583514,129.98509731111605,130.3752049583514,200900
2007-10-26,130.97390747070312,130.97390747070312,130.69267457655192,130.75618592319327,191600
2007-10-29,131.27328491210938,131.36401144975022,130.83782798587066,130.91040644739815,146300
2007-10-30,131.3912353515625,131.94463404483045,131.03742397999298,131.94463404483045,101000
2007-10-31,131.65432739257812,132.02628686184295,131.3912425502492,131.4910362165659,126600
2007-11-01,131.4423065185547,131.82440459228283,131.06020844482654,131.4695982465456,122300
2007-11-02,132.13377380371094,132.28843160289094,131.71527737862525,131.9154260321193,75900
2007-11-05,131.8425750732422,132.08821445367144,131.74250079838973,131.99723279222283,111200
2007-11-06,132.65232849121094,132.77969455207895,132.5522541661104,132.74331019834216,80100
2007-11-07,133.26187133789062,134.84486147252002,133.13450527293378,133.83502557112644,537900
2007-11-08,133.7075958251953,133.91683700042762,133.45286381660293,133.45286381660293,330200
2007-11-09,133.6075897216797,133.95330357340268,133.280074988958,133.95330357340268,195900
2007-11-12,132.3976593017578,132.69788241976386,132.21570968286915,132.35216842656914,451500
2007-11-13,133.0253143310547,133.21635645309954,132.8342583271524,132.9525317525137,202000
2007-11-14,133.48934936523438,134.1443789930707,133.43476587655866,133.94423028001717,145900
2007-11-15,133.38011169433594,133.54386207357283,133.1526713574915,133.20725481723713,164700
2007-11-16,133.48934936523438,133.80777155832786,133.24372366619366,133.80777155832786,128900
2007-11-19,133.7895965576172,134.23538493195272,133.5439569324228,134.23538493195272,254100
2007-11-20,135.1451416015625,135.19972509792956,134.74484411904976,134.9267937342285,219200
2007-11-21,135.40892028808594,135.80012501509555,134.86307162867905,135.37253593020324,371200
2007-11-23,135.16334533691406,135.2725123333709,134.71755696493813,135.22702145755846,236900
2007-11-26,135.7637176513672,135.77282415162165,134.64471478701753,135.45440204363803,259200
2007-11-27,135.33609008789062,136.09119365557441,135.1359414852826,136.09119365557441,230400
2007-11-28,135.24517822265625,135.499910389179,134.4354908615242,134.81758911130834,266400
2007-11-29,134.51734924316406,134.9085400635435,134.21712625266207,134.52644186159375,160000
2007-11-30,133.51661682128906,134.799384099273,133.51661682128906,134.7538932396973,281200
2007-12-03,133.86326599121094,133.92713438442368,133.68080674320765,133.88151609223576,125800
2007-12-04,134.7391357421875,134.8121222503865,134.5384263248285,134.70263552771146,328100
2007-12-05,133.3797149658203,134.0092110730813,133.22462394125165,134.00009298484034,299300
2007-12-06,133.51663208007812,133.77207787740736,133.35240896993682,133.51663208007812,239100
2007-12-07,133.7447052001953,133.89066427895835,133.64435050312304,133.6534685953109,137500
2007-12-10,134.35594177246094,134.56576924364091,134.25558708263566,134.44716445000637,99900
2007-12-11,133.65345764160156,134.51103154252644,133.65345764160156,134.21908556742423,158200
2007-12-12,134.4380645751953,134.49280097328958,134.00927756245375,134.14611855768945,269000
2007-12-13,133.57138061523438,134.12789056443725,133.1973299777408,133.9271811453311,98100
2007-12-14,131.73760986328125,132.48571103730487,131.637255167272,132.45834284027973,355600
2007-12-17,131.48219299316406,131.60079782019108,131.18112883892545,131.37272018098798,279100
2007-12-18,131.60076904296875,131.9383194205356,131.46392805767172,131.8653329214601,119100
2007-12-19,131.4274444580078,131.628153875644,130.95303911443568,131.44569456527103,160900
2007-12-20,130.88003540039062,131.190217546331,130.88003540039062,130.92563977657323,93100
2007-12-21,131.40908813476562,131.60979739017154,131.21751088598657,131.40908813476562,214500
2007-12-24,131.67379760742188,131.83800684223766,131.57344287922697,131.57344287922697,59100
2007-12-26,132.52223205566406,132.74119160999768,132.3397727207635,132.36714092496084,53900
2007-12-27,133.7173309326172,134.00926299764208,133.2246755618084,133.33414834609889,107700
2007-12-28,134.71173095703125,134.81208563845667,134.34679851514366,134.5657579802762,127700
2007-12-31,133.56227111816406,134.56581838288096,133.35244357036163,134.46546365640927,95700
2008-01-02,134.73507690429688,134.9820829249109,134.0398167252224,134.24107882215446,230300
2008-01-03,135.10093688964844,135.18328149721526,134.56119513745674,134.82650139468933,156900
2008-01-04,135.1741943359375,135.5492749853744,134.94548866565933,135.5492749853744,175300
2008-01-07,134.64352416992188,135.00031822724458,134.2867440716781,134.6801248748632,105000
2008-01-08,134.77163696289062,134.93629828756042,134.6435484315944,134.70759269724252,81700
2008-01-09,134.39657592773438,134.6618683089661,134.08553962999142,134.25020097853175,114500
2008-01-10,135.60411071777344,135.76878599668538,134.64354447484996,134.67100198723614,175700
2008-01-11,135.3753662109375,135.7413034149267,135.34792266552293,135.52174109253318,106800
2008-01-14,136.33599853515625,136.50067384687145,136.18962358231693,136.44577277024382,150700
2008-01-15,135.9608612060547,136.76590915157763,135.85108701678445,136.72016525302237,117600
2008-01-16,134.3050994873047,136.01581322908785,133.83854500111417,135.5309583829238,404100
2008-01-17,134.35997009277344,134.88142559478788,134.29593977936352,134.42401436526626,325900
2008-01-18,134.03977966308594,134.40570303319208,133.9117050876406,134.35995912215836,336000
2008-01-22,133.98484802246094,134.2958841795838,133.18894332042908,133.32617500792009,454100
2008-01-23,134.19525146484375,134.2867252962497,133.23468550108097,133.24382869649847,241100
2008-01-24,135.57662963867188,135.58578679329304,134.78073889495226,134.9545573238283,230900
2008-01-25,134.54293823242188,135.17415396825425,134.4788939635084,135.10096650053117,161600
2008-01-28,135.57662963867188,135.76874841771308,135.21984958537578,135.421111559961,180500
2008-01-29,135.62240600585938,135.62240600585938,135.28392622168812,135.41200078535405,108300
2008-01-30,136.62872314453125,136.82998517765145,135.6224129789303,135.67730008631196,348000
2008-01-31,136.54641723632812,136.62876187982715,135.9243445641988,136.09816309290704,193300
2008-02-01,135.8197479248047,136.46197628075652,135.69130505345893,136.20509053806498,338600
2008-02-04,136.09495544433594,136.26010424061317,135.86559222672074,135.8839452039115,333900
2008-02-05,134.34263610839844,134.8655910381729,134.19585426776544,134.5444768883933,309800
2008-02-06,134.23251342773438,134.64536437712468,134.2141604524317,134.42518467036632,296500
2008-02-07,132.88397216796875,133.56289285178565,132.67296176594033,133.31517646726414,270300
2008-02-08,133.2600860595703,133.50780235963637,132.87475737014853,132.9756777887513,417400
2008-02-11,133.34259033203125,133.4435107028305,133.03065973109508,133.16827205526718,201700
2008-02-12,133.93898010253906,134.25091078972434,133.8563986859828,134.00319453850167,196800
2008-02-13,133.88392639160156,134.10412017898665,133.56282620079148,133.60870165639966,108200
2008-02-14,134.48948669433594,134.5995906186575,133.94819256365358,134.02159051345876,167300
2008-02-15,134.90228271484375,135.17752141418723,134.72797840450727,134.90228271484375,177800
2008-02-19,135.35183715820312,135.58120040343823,135.32431468871263,135.4619270361651,177100
2008-02-20,135.21426391601562,135.34270681052536,134.5812189362086,134.5812189362086,202200
2008-02-21,136.22341918945312,136.38856801107215,135.41607005903097,135.434409039816,259200
2008-02-22,136.35191345214844,136.55375431064817,136.03998267054965,136.44366438754912,137000
2008-02-25,136.30599975585938,136.58122445815022,136.15920391515633,136.58122445815022,210200
2008-02-26,137.72804260253906,137.8197935040413,136.69133021151853,136.70049970197994,349400
2008-02-27,139.26019287109375,139.36111326697662,138.55376409913617,138.62716202334397,413200
2008-02-28,139.95741271972656,140.14090046058436,139.1500498608915,139.36106006291712,347300
2008-02-29,139.71888732910156,139.90238909711422,139.35191179151502,139.78311574774986,270900
2008-03-03,139.9681854248047,140.5109580562846,139.5358146022727,140.1981693075514,530400
2008-03-04,139.9681854248047,140.30857111649934,139.74740988111327,139.9957823677661,199000
2008-03-05,140.44659423828125,140.86056253300998,139.949835092028,140.17981903766685,200600
2008-03-06,141.65167236328125,141.65167236328125,141.20091292655735,141.4216884752866,361000
2008-03-07,141.29295349121094,141.76212979053182,140.9893729555057,141.76212979053182,370500
2008-03-10,141.5229034423828,141.7344987581894,141.13653213632094,141.31132216368087,265100
2008-03-11,141.0261688232422,141.82650852206436,140.67658870784533,141.81731421690915,598800
2008-03-12,143.2891387939453,143.2983471320714,142.1576221354007,142.46120251444452,505900
2008-03-13,143.7951202392578,143.97910453756984,143.27995858914332,143.61113594094581,1107600
2008-03-14,144.41152954101562,144.59551390835705,143.3536089009719,143.40880280746356,664800
2008-03-17,145.1198272705078,145.66258585462776,144.53106910328745,145.1842294942688,1202600
2008-03-18,144.11715698242188,145.64425389785157,143.99756082726552,145.44186688317498,1877500
2008-03-19,143.9147491455078,145.02786352807118,143.63876561659688,144.42991091301866,1377600
2008-03-20,142.22213745117188,142.55331503375,141.71616975041198,142.35092795344605,938500
2008-03-24,142.0840301513672,142.40601317984041,141.5504658957522,142.2404174963938,367100
2008-03-25,143.96075439453125,144.04354524532488,143.45478691117137,143.48238386143592,502600
2008-03-26,146.01222229003906,146.03981924314792,144.96349596058045,145.03709251457317,534200
2008-03-27,145.54299926757812,145.91096784676128,145.3682092794806,145.79137174183109,242500
2008-03-28,145.80982971191406,145.89262056808144,145.2302656445288,145.56144310630512,341500
2008-03-31,145.61659240722656,146.62852712966696,145.45101074561043,145.97536671116407,635100
2008-04-01,143.96971130371094,144.2741862485382,143.55452331656986,144.1173380791055,723800
2008-04-02,144.73553466796875,144.85548320375634,143.92361541827316,143.92361541827316,336400
2008-04-03,144.5601348876953,144.79079633402756,143.72053792267351,144.0342341108556,314100
2008-04-04,145.24298095703125,145.39060774599784,144.92928458932636,145.11381103630185,356500
2008-04-07,145.06771850585938,145.16921019327,144.88319200469542,145.11385365076777,330800
2008-04-08,145.0399627685547,145.29830254789852,144.9292497426822,144.99382764828712,127100
2008-04-09,146.1287078857422,146.52543898925958,145.4920797629226,145.56589314744147,472300
2008-04-10,145.5565948486328,146.5161543547391,145.2613555164553,146.33162801232095,441400
2008-04-11,146.30404663085938,146.3963028239213,145.82426656015016,146.23023322932974,307400
2008-04-14,146.17481994628906,146.56234371080592,145.97185074941922,146.3685818285475,316600
2008-04-15,145.74111938476562,146.1193934180335,145.51967935092475,146.05481554053156,476400
2008-04-16,147.49420166015625,147.5864718987579,147.1528271185613,147.1897267669249,579500
2008-04-17,146.80223083496094,147.4204020717104,146.70996058773017,147.13438401514335,236100
2008-04-18,146.091796875,146.13793200099144,145.31677744081364,145.66738750419196,712400
2008-04-21,147.097412109375,147.30039531023448,146.67300292827431,147.14354721474444,233700
2008-04-22,147.71566772460938,148.0847205868982,146.839142539361,147.1528529586172,444700
2008-04-23,146.95916748046875,147.06988058103846,146.6639278527923,146.9776243567209,419000
2008-04-24,145.08607482910156,145.6304325577381,144.63397324787502,145.21524469824345,791000
2008-04-25,144.3294677734375,144.91073910047422,144.22799025635553,144.50477271831883,554400
2008-04-28,144.68016052246094,144.88314382978848,144.37568556146965,144.43104208556534,1664100
2008-04-29,144.00665283203125,144.47719743115076,143.89593976834828,143.9789745661105,692800
2008-04-30,144.42172241210938,144.70774031094538,143.74819502983857,143.9327213440758,720100
2008-05-01,143.09140014648438,143.3134390566426,142.81383739135842,143.19317268611627,1179100
2008-05-02,142.5917205810547,142.92479291473356,142.4714542643247,142.55471881838898,972100
2008-05-05,143.2394256591797,143.54472913967615,142.73056299597363,143.18390181802587,1404000
2008-05-06,143.60031127929688,144.2757033878767,143.5725422887328,143.70208385325543,452000
2008-05-07,142.60104370117188,142.6658003433887,142.2402163590267,142.51776499342452,499400
2008-05-08,142.5640411376953,143.0359020951565,142.52703935545782,142.64730573580164,1235700
2008-05-09,143.36895751953125,143.40595929735917,142.84158689284666,143.06363991209716,170200
2008-05-12,143.9147491455078,144.2663152679529,143.1468320579922,143.1745869066742,836900
2008-05-13,143.4245147705078,143.85009888497606,142.9896696204431,143.02667141053203,2821400
2008-05-14,143.24867248535156,143.52623522124014,143.07288228204123,143.32269015608367,197700
2008-05-15,143.28570556640625,143.757566555735,142.9433861172307,143.71130373674177,613200
2008-05-16,144.57164001464844,144.60865589303887,143.45215674820878,143.45215674820878,1002700
2008-05-19,143.72979736328125,144.39594236158925,143.55400713908486,144.35892646311166,244900
2008-05-20,145.20079040527344,145.35807260301982,144.88622600978064,144.97873747570222,204700
2008-05-21,146.3757781982422,146.47755067949626,145.93167239781354,145.94093342537667,1277800
2008-05-22,145.72825622558594,146.14460754612418,145.56172699131668,146.09834471968298,474200
2008-05-23,146.33877563476562,146.4960578260257,146.1074758033677,146.24626417265927,152300
2008-05-27,145.58021545410156,145.93178182963294,145.5246915993465,145.83927030656918,2476200
2008-05-28,145.163818359375,145.40437930174033,144.87700872879438,145.10830863957568,1906000
2008-05-29,143.85935974121094,144.33120668077632,143.73907921806529,144.1184146238075,746700
2008-05-30,144.39596557617188,144.50698505459556,143.89634968840303,143.9703673798292,622900
2008-06-02,144.22694396972656,144.70943641626724,143.76301273676066,143.8929129156688,327800
2008-06-03,143.5311737060547,143.65180046358975,143.09507682981118,143.47550417429085,589500
2008-06-04,143.33628845214844,143.65177266788282,143.20638818381101,143.38268443899767,2602900
2008-06-05,144.8394012451172,144.8579483089129,143.92081189692604,143.93937311878574,1310400
2008-06-06,146.481689453125,146.49097714188872,145.52599194256217,145.61878388182663,623100
2008-06-09,145.17343139648438,146.1755108406241,145.08991297775285,146.1755108406241,556000
2008-06-10,143.56820678710938,144.3012263261304,143.41975949953962,143.9579074633475,532800
2008-06-11,144.52394104003906,144.81159047327736,144.00434000642952,144.0785707480975,912900
2008-06-12,143.31771850585938,143.5403965542815,143.0579038525917,143.32699203852192,542200
2008-06-13,142.76101684570312,143.00225615431455,142.33419359101043,142.37131604345362,582400
2008-06-16,143.81878662109375,144.1528179176332,143.6703251208389,144.14354438314274,320700
2008-06-17,144.18064880371094,144.30127553918413,143.9765177858644,143.9950790124143,277200
2008-06-18,144.38475036621094,144.4125851213236,143.85586170294104,143.90225768081703,280300
2008-06-19,144.11575317382812,144.23636579092525,143.89306085614754,144.09719194117002,269500
2008-06-20,145.29405212402344,145.56314030096783,144.99714335002045,145.02497810514373,622000
2008-06-23,144.37547302246094,144.39402008666997,143.8465843731533,144.05998887607154,396200
2008-06-24,144.77447509765625,145.29407615665554,144.70953204431484,144.70953204431484,1673500
2008-06-25,145.77651977539062,145.8878587767634,144.53318706652044,145.15485342095553,485800
2008-06-26,146.66726684570312,146.66726684570312,146.19404779766822,146.2404437652487,520500
2008-06-27,146.80645751953125,146.84356580303793,146.39819561064218,146.5373693713711,3465200
2008-06-30,146.4354248046875,146.88079532176155,146.34263279118008,146.73233376337905,505100
2008-07-01,146.90615844726562,147.25972775337107,146.45955430085704,147.0178059345453,1894100
2008-07-02,147.76214599609375,147.88310689760917,147.4551012288316,147.53885103611321,2184000
2008-07-03,146.0966796875,146.82241671918317,145.97571878312306,146.64563207349048,910500
2008-07-07,146.3292694091797,146.64561336780983,145.33369882507677,145.33369882507677,792300
2008-07-08,145.75241088867188,146.0687690876956,145.5849396632676,145.90128366500196,312600
2008-07-09,146.59915161132812,146.66428879396378,146.31071939632682,146.32001862357754,1653800
2008-07-10,146.99916076660156,147.203857226419,146.4408951130476,146.49671883894592,900700
2008-07-11,148.34832763671875,148.57162260268416,147.93893460272983,148.26459202448174,718600
2008-07-14,148.30181884765625,148.52512803459368,147.76216562719222,147.82730279736637,1967700
2008-07-15,148.20877075195312,149.27877797425492,147.8645148425183,148.78564927257608,1825500
2008-07-16,147.4271697998047,148.1529067180364,147.25969860203753,147.96682287697723,1390500
2008-07-17,147.5761260986328,148.11577948131855,147.09229648013954,147.6319498628253,327200
2008-07-18,147.65052795410156,147.8738229586018,147.5481796779417,147.56679232741396,1846200
2008-07-21,148.2646484375,148.3669967349396,147.641245227544,147.7622061783257,316000
2008-07-22,147.18516540527344,148.2086329564882,146.98976827246025,148.15280926062093,905500
2008-07-23,146.30133056640625,146.95263100740445,146.1617570593664,146.7944590572538,586000
2008-07-24,146.32000732421875,146.58984106388107,145.78966746601157,146.19906059012513,320700
2008-07-25,146.4688262939453,146.62699827061385,146.16178156372266,146.33856618390726,259200
2008-07-28,146.8689422607422,147.04571271037895,146.66424574296346,147.03641348585788,194800
2008-07-29,145.50123596191406,146.4316697221058,145.1848776935066,146.4316697221058,592700
2008-07-30,145.38951110839844,145.63143286723977,144.91499520782608,145.09177981704508,618000
2008-07-31,145.6407470703125,146.38509667118882,145.46396244290952,146.3385721591426,1793000
2008-08-01,145.09378051757812,145.5697374897208,145.03778725502045,145.18711211544257,616800
2008-08-04,145.5511932373047,145.95248808437458,145.36452989963993,145.47653075032144,1387900
2008-08-05,144.375244140625,144.6925489580666,144.28192673335928,144.63655566562517,1098400
2008-08-06,143.9833221435547,144.19796791223447,143.83399715646675,144.1699712572073,413500
2008-08-07,143.12472534179688,143.9086601661985,143.02206619285752,143.84333938437234,1229100
2008-08-08,140.28758239746094,140.70754634689698,140.0915916261718,140.66088052131283,3804600
2008-08-11,139.23291015625,140.29682482881284,139.027592040457,140.18483830761738,2448300
2008-08-12,139.44766235351562,139.6249839745854,139.05569498924115,139.5876598524505,812800
2008-08-13,139.5223388671875,139.69966050608699,138.74773153118215,139.17703730117117,2316500
2008-08-14,138.40234375,139.3449304259553,138.1130356732417,139.25161304915883,2683900
2008-08-15,137.15184020996094,137.74912579796745,137.0678360213323,137.70245996882082,1547500
2008-08-18,137.44114685058594,137.87043829686337,137.32914601382578,137.5064676183188,905200
2008-08-19,138.27174377441406,138.32773707114674,137.1611625878456,137.25449424267418,1604800
2008-08-20,137.8984375,138.11309746752602,137.23583113878294,137.83311673105732,1399300
2008-08-21,139.2797088623047,139.3636988333494,138.71041976897587,138.96238968210992,1123600
2008-08-22,138.2250213623047,138.79431004672438,138.05702730046667,138.65432686219714,1257800
2008-08-25,138.03842163085938,138.54237551540743,137.95443169016977,138.3557264559604,743400
2008-08-26,137.03977966308594,137.4037501871874,136.80646485942074,137.03045219748532,865000
2008-08-27,137.77713012695312,137.93578256256546,137.2731619287374,137.93578256256546,587300
2008-08-28,137.56243896484375,138.57036089237596,137.3571207440274,138.54236424775638,506000
2008-08-29,137.37582397460938,138.07576874442609,137.06784656704048,138.00110626012943,1011500
2008-09-02,135.8675994873047,136.22333762765572,135.68972327465357,135.7178074887615,1354800
2008-09-03,135.895751953125,135.91446524862798,135.27787036252553,135.53999934915103,1408500
2008-09-04,134.19187927246094,135.74593966529451,134.12635417804117,135.7178554412637,2160300
2008-09-05,133.36807250976562,134.29488061828462,133.29317647226617,134.06083585795824,1801500
2008-09-08,132.5816650390625,133.3961504805624,131.72038207565944,133.30252686684034,2300500
2008-09-09,132.15098571777344,133.3305657103889,131.78587660446726,132.02927791835373,2097700
2008-09-10,131.43008422851562,132.46924281777743,131.34583160140085,132.40370347338904,1446800
2008-09-11,130.812255859375,130.92460702582488,130.1662902208672,130.44714670956031,2520700
2008-09-12,133.29312133789062,133.3399188426321,132.08544287456488,132.33821511095093,1963500
2008-09-15,134.19187927246094,134.3416713239294,132.78761093109583,133.1246359044217,1573500
2008-09-16,132.5816650390625,133.36806625343735,131.28974773643685,133.10592299200718,954300
2008-09-17,134.6318817138672,135.04380270441644,132.34760297351667,132.89058843515377,1436800
2008-09-18,134.1636962890625,135.717755537936,134.04198855121524,135.37137417322708,1382000
2008-09-19,136.00807189941406,136.0455270556644,134.3791154414838,134.3791154414838,868100
2008-09-22,139.37831115722656,139.7434203357515,137.29999297640614,137.33743384486397,2096000
2008-09-23,137.9833221435547,138.88205961697932,137.2156633486033,138.8165202777427,1300700
2008-09-24,137.10342407226562,138.4608808878407,137.0378989645274,138.4608808878407,468600
2008-09-25,137.2156982421875,138.23612944305555,136.62590117886415,138.02079808933203,434500
2008-09-26,137.1596221923828,137.61835518558786,136.85068131348498,136.86005224873063,453700
2008-09-29,135.41824340820312,137.61826906990055,134.7441936005747,135.06250521553218,1096500
2008-09-30,131.9356689453125,133.40547649044152,131.51439135022832,133.40547649044152,1002300
2008-10-01,131.525390625,132.1639020666197,131.28124209782112,131.4596539206164,1057800
2008-10-02,129.5534210205078,130.2482839788694,129.23416546989205,129.49708349133533,992800
2008-10-03,129.40322875976562,130.5112531368114,128.64264316201178,128.7647174083546,491200
2008-10-06,126.74584197998047,127.75996070682689,126.09793159938742,127.41253631698567,1463500
2008-10-07,127.72237396240234,128.9336737692338,127.30921299636468,128.17308850355394,557200
2008-10-08,128.4171905517578,129.08388454949085,127.47819380044294,127.47819380044294,306600
2008-10-09,127.77877807617188,128.67082281154148,127.70365655884036,128.58631647753018,175500
2008-10-10,125.79750061035156,127.87267713409484,124.51107857541662,127.08392264528649,500800
2008-10-13,127.70362091064453,128.23885619923513,126.70828615778524,128.08861320651212,138800
2008-10-14,128.17306518554688,129.05572448369293,127.9007624136284,128.72706986742006,135800
2008-10-15,126.79283142089844,128.25766523006618,126.79283142089844,127.30928291207034,214000
2008-10-16,126.3796157836914,126.76460803198007,125.69415191505058,126.67070259114331,217900
2008-10-17,125.77867889404297,126.83036555807765,125.75989493719565,125.91953707845633,249900
2008-10-20,125.30912780761719,125.76924142600224,124.83024456820375,125.64716724954285,399200
2008-10-21,122.6987533569336,124.49224131539363,122.57667914498799,124.06969547214388,875400
2008-10-22,120.44515991210938,121.35598822933906,120.28553212726973,121.14940772473284,759800
2008-10-23,121.22454833984375,121.3747770076609,120.15408490487748,120.15408490487748,674800
2008-10-24,118.21031951904297,120.00380704208014,118.1164212615596,118.79250017780443,550700
2008-10-27,117.7408218383789,118.39811680904302,116.47317744411075,117.1492563647812,785400
2008-10-28,119.44046020507812,119.56253444568011,117.01785248364783,117.83477559423035,629200
2008-10-29,121.75038146972656,122.28560242793066,120.21981143521457,120.3137168872309,590500
2008-10-30,121.73157501220703,122.82081501122987,120.52027514167757,122.45460674079467,612900
2008-10-31,119.90054321289062,120.24796755848304,119.26202489182693,120.04138704814193,406900
2008-11-03,118.86954498291016,120.47016172516668,118.5870798244473,120.0370537500077,517600
2008-11-04,122.48507690429688,122.61689208217653,120.7243996640235,120.7620549862276,307700
2008-11-05,121.57177734375,123.5113496330359,121.54353226122846,121.77891752675883,331300
2008-11-06,119.82054901123047,121.24227839936597,119.68873380262349,120.60202283843188,533400
2008-11-07,120.23479461669922,120.86562542454453,119.79227633735222,120.53609466229652,375400
2008-11-10,119.9711685180664,121.35523512224974,119.70753815220077,121.28933471417204,385000
2008-11-11,117.9562759399414,119.77345067477312,117.7962156659888,119.72637792658124,363100
2008-11-12,117.55142211914062,118.4929633570727,117.47609709609256,117.93745747471976,241900
2008-11-13,121.15748596191406,121.23281096404828,117.30658681599324,117.93742472963292,802100
2008-11-14,119.63218688964844,120.65846304350583,119.17083385060897,119.46270923686434,534100
2008-11-17,119.22734069824219,120.11239158483768,119.09552552577752,119.24617554195895,542200
2008-11-18,118.93546295166016,119.71694373273762,118.46469243535634,119.08611296490362,983300
2008-11-19,118.07865142822266,120.83735945587698,117.98449158855362,120.09354844287965,1241700
2008-11-20,117.61732482910156,118.79425132759175,117.51375472256329,118.47413076802927,814400
2008-11-21,118.62476348876953,118.81307602247146,117.33485675400746,118.76599609319882,710200
2008-11-24,121.7695083618164,122.03313871219271,120.46076684859953,120.74323204308173,685200
2008-11-25,123.43600463867188,123.48307018525846,122.02369343853499,123.23827474927282,401900
2008-11-26,121.7695083618164,122.54156456883942,121.0351074762286,122.29676906256901,383700
2008-11-28,119.91468048095703,120.42311355990303,119.37800231707884,120.1218206816449,292700
2008-12-01,118.8145751953125,119.81467969247106,118.8145751953125,119.12593092687304,464600
2008-12-02,119.96559143066406,120.54112491958027,119.52214688691147,120.04107288455974,397900
2008-12-03,119.97506713867188,120.0222376638521,119.07874078052808,119.2485705074588,369900
2008-12-04,120.79588317871094,121.34311300059272,119.57877155348089,119.62594926851881,470100
2008-12-05,120.12602996826172,120.20151145096536,119.28631826853739,119.87128896202495,410800
2008-12-08,122.182861328125,122.4187355777932,121.57902382483928,121.60732758306973,298100
2008-12-09,121.97527313232422,122.79611079510835,121.19216900949654,121.31482820843931,242700
2008-12-10,122.97535705566406,123.41880165867548,122.45643098867015,122.49417891897001,315100
2008-12-11,126.06055450439453,126.63608788391447,124.86231004606039,125.2302730659756,754300
2008-12-12,126.40972900390625,126.62674368801467,125.7681579290351,126.21160268821697,246600
2008-12-15,129.55152893066406,129.5704028956232,128.1079801385568,128.1079801385568,610300
2008-12-16,133.53309631347656,133.69348903631044,129.67419799071894,129.88176843123767,671100
2008-12-17,136.03338623046875,136.43909741383044,133.85391053312807,133.99544371660733,1309000
2008-12-18,134.58038330078125,137.06178449768507,134.0897609325445,137.06178449768507,1130700
2008-12-19,131.2687530517578,132.04241316937194,130.5799898193401,131.70275364547177,909600
2008-12-22,131.6083526611328,132.183886192491,131.230945363823,131.90083431866273,282200
2008-12-23,131.7969970703125,132.0894786123536,131.42903409861395,132.0894786123536,149800
2008-12-24,131.89138793945312,132.37258043592368,131.8159208778657,132.32540272496945,50000
2008-12-26,132.88204956054688,133.13679765801655,132.61787168043563,132.76883458238913,70500
2008-12-29,132.07070922851562,135.14651873686864,132.03297568211502,135.1182149779127,445300
2008-12-30,133.01416015625,133.85387163973203,132.89151537548324,133.7123528939946,202200
2008-12-31,131.9857177734375,132.19328814410179,131.22148795263416,131.7592734427274,396900
2009-01-02,130.96994018554688,132.26451573136993,130.80928616332062,131.38570564335458,386500
2009-01-05,128.2863311767578,128.96669592914546,128.0312052087006,128.5981662231675,364900
2009-01-06,127.75711059570312,127.94609752478688,126.29243666244182,126.79325851296404,960000
2009-01-07,128.8059539794922,129.70365235369502,128.44686886230195,129.25952531467743,332600
2009-01-08,129.7509765625,130.18565955289264,129.22180730030445,129.9966725905058,490900
2009-01-09,126.9633560180664,127.92720809454839,126.74602177196991,127.92720809454839,792600
2009-01-12,126.46251678466797,126.93499124874334,125.62151281536485,126.67985100088526,455500
2009-01-13,124.71441650390625,125.27194760250055,124.26084483378753,124.93176524521564,485200
2009-01-14,124.44034576416016,124.79943102600679,123.88282927144564,123.97731552750415,1029700
2009-01-15,124.4592514038086,124.71437727743985,123.16466134141555,124.39309804627382,935300
2009-01-16,125.6876449584961,126.00893853499535,124.95058598782387,125.88609056695812,450600
2009-01-20,121.82283782958984,122.57880000319888,121.57715625114805,122.13467276690778,1054900
2009-01-21,123.13629913330078,123.27805013140188,121.26530419233872,122.41814310009745,1048900
2009-01-22,123.02287292480469,123.24020708742613,122.22911948140853,122.30470268849814,1180200
2009-01-23,122.7961654663086,123.27809886407593,120.93462129788321,121.68113215144074,1348800
2009-01-26,124.61044311523438,124.90337505253126,123.83559228936329,124.11907992566935,893000
2009-01-27,124.7711410522461,125.15857385562505,124.08133186927425,124.99793415103089,892800
2009-01-28,124.2985610961914,125.75379034949721,123.93949035034719,125.58369206460284,1145500
2009-01-29,122.64493560791016,124.37419416667487,122.3425593979573,124.22301327108784,719500
2009-01-30,121.17081451416016,122.03072162343709,120.88733412041893,121.9929300051163,712000
2009-02-02,121.48297119140625,122.03159962519317,120.811384518493,120.87759779728066,553200
2009-02-03,123.33694458007812,123.4882933253697,122.13563736861867,122.37211437060773,638100
2009-02-04,121.568115234375,122.36267458861104,121.26541770890654,121.77621617478145,407900
2009-02-05,121.04786682128906,121.9559305604107,120.9059791557864,121.09516511535877,469600
2009-02-06,122.26805877685547,122.92073758427699,121.46404566390953,121.80457310980727,546600
2009-02-09,123.10990905761719,123.86663827441649,123.03424912600563,123.76258782668897,477000
2009-02-10,121.8991928100586,123.6869588435728,121.44516088675418,122.75997279041367,1188900
2009-02-11,121.97486114501953,122.82618719652604,121.44515485523623,122.45728357089739,612900
2009-02-12,121.66270446777344,121.71000276305757,120.38572987887461,120.8397689767998,981900
2009-02-13,121.91810607910156,122.23971139980719,121.39785368771685,121.52082637115693,462600
2009-02-17,119.2695541381836,119.56279056950844,118.85335946314274,119.2695541381836,734800
2009-02-18,118.75874328613281,119.14656178405386,118.38983977142789,119.11818570087729,654600
2009-02-19,119.73307037353516,120.70735473553738,119.6952331767856,120.50871486513272,682600
2009-02-20,121.44514465332031,121.90864483465164,118.85335838883569,118.87227337615032,1437700
2009-02-23,120.17762756347656,121.19921004834661,120.08303097966161,120.94381081877604,1189700
2009-02-24,121.52079010009766,121.83294144175875,120.18705648574823,120.48029284459864,507700
2009-02-25,120.2911376953125,121.14246369030239,120.07358286218292,121.04786710194365,577300
2009-02-26,120.50869750976562,120.96272937195705,120.43302312716494,120.84922501476237,472300
2009-02-27,119.94111633300781,120.51812068954177,119.45870131660807,119.56275175576693,568800
2009-03-02,118.96544647216797,119.4670099266899,118.88027858897655,119.34398724428074,673100
2009-03-03,119.07901000976562,119.60896275485707,118.4828059514731,119.54271866172064,565200
2009-03-04,119.59952545166016,119.7982577779305,118.68157343604938,118.95600815799438,580800
2009-03-05,118.86136627197266,119.09795338924172,118.35980273857274,118.3787265311253,691600
2009-03-06,119.57112884521484,120.65943103978293,119.2682976208196,120.51747732395825,841900
2009-03-09,119.31558990478516,119.85500812215345,118.99382774316213,118.99382774316213,616300
2009-03-10,119.97802734375,121.28399252089768,119.35344126690616,121.04740546359574,715900
2009-03-11,121.6152572631836,121.75721822178781,120.64052654939843,121.05691503702245,575000
2009-03-12,122.3533706665039,122.4196219816428,120.5363908044821,121.22722827030992,623800
2009-03-13,122.25872039794922,122.45744542393564,121.74768430801609,122.2208583852958,442300
2009-03-16,122.66568756103516,123.47008955954283,122.64677098799015,123.45115854636573,498100
2009-03-17,123.20507049560547,123.26184907535419,122.40066877549282,122.59940824474047,480100
2009-03-18,127.7286376953125,127.74756870551042,123.90538228260425,124.22715169544946,1181100
2009-03-19,129.4320526123047,130.03771490729008,128.94940576902712,129.46044190424712,893500
2009-03-20,128.40048217773438,129.22381470872855,127.97462849073665,128.46673346510835,538300
2009-03-23,129.223876953125,129.29011383228018,127.6529351429454,128.15449863990997,952400
2009-03-24,127.41630554199219,128.58978236542487,127.17971852082538,127.93679987658433,1159700
2009-03-25,128.69387817382812,129.24276178270557,127.46362280497358,127.46362280497358,2038500
2009-03-26,127.98416900634766,128.74123621087023,127.85168080154307,128.7223196388491,320500
2009-03-27,125.89269256591797,126.13873788515627,125.51415908399338,125.98733315646248,467800
2009-03-30,124.88011932373047,124.95581447514469,124.12303784843554,124.62460125729122,485500
2009-03-31,125.74129486083984,126.06306425954041,125.2208148443805,125.9589653682227,260300
2009-04-01,125.29167175292969,125.64193472712695,124.91299541390869,125.47152676331116,367000
2009-04-02,127.23230743408203,127.96124660646593,126.94831829096593,127.14711069114719,421700
2009-04-03,127.6583023071289,127.71510012786293,126.796830172608,126.93882472444307,308000
2009-04-06,126.94833374023438,127.47846613193015,126.47499918407395,127.42166829639478,290100
2009-04-07,125.61351013183594,125.87857629245826,125.37684288520727,125.67030795982325,267300
2009-04-08,125.44309997558594,125.9921697114183,125.13069748218018,125.47149888907536,202700
2009-04-09,124.6478500366211,125.7270516386475,124.27864986869145,125.50932191012902,238100
2009-04-13,126.6548080444336,126.80627851403388,125.60400513473756,125.73655262940208,254800
2009-04-14,125.67024993896484,125.98265229368393,125.38624648512788,125.55665433543633,279000
2009-04-15,125.22542572021484,125.31062249848529,124.52488517159134,124.6100963948903,155500
2009-04-16,124.66681671142578,125.16855002034026,124.26921754841918,125.14961259971531,160100
2009-04-17,123.2941665649414,123.69176578188579,123.26576765266121,123.59709311093744,327500
2009-04-20,122.35700225830078,122.8871347344439,122.02566223819804,122.80193796756946,283500
2009-04-21,122.53684997558594,123.02912194962313,122.37591796282886,122.4232543065866,196100
2009-04-22,123.0196533203125,123.44565154938519,122.88712021693378,122.96285548243947,396600
2009-04-23,124.41121673583984,124.52481237379189,123.1332224738192,123.19948178095119,184600
2009-04-24,125.4051742553711,125.94476777564516,125.3105016297018,125.72703807062331,322700
2009-04-27,123.42669677734375,124.58163400004948,123.08589539285647,124.22189519280703,311600
2009-04-28,124.44913482666016,124.63846577071592,123.51192715280028,123.53086458071338,238600
2009-04-29,125.4620132446289,126.36134570369882,125.26322088847606,125.27268237614355,370100
2009-04-30,125.27273559570312,125.67979641362712,124.93193410963922,125.23486073890409,581100
2009-05-01,125.60505676269531,125.69973002804225,125.36835192835312,125.55771290636356,273500
2009-05-04,126.91165924072266,127.1199606533825,125.61452135514547,125.63346178738276,474000
2009-05-05,126.11630249023438,127.06312159969156,125.7849244703122,127.00631476469422,442300
2009-05-06,126.19204711914062,126.43821488142946,125.65236775061551,126.37194505775325,417800
2009-05-07,126.73171997070312,127.51756697152031,126.43819396570987,127.09150134109969,359900
2009-05-08,128.99468994140625,129.07043723277113,127.39456272370472,127.72594087019267,512000
2009-05-11,128.62533569335938,129.09874507839595,128.52118505075902,128.6063952727117,202700
2009-05-12,129.12716674804688,129.5342919420499,128.70108668340754,129.43961872003774,211000
2009-05-13,128.62533569335938,129.288105942949,128.464363788816,128.73894932262962,261200
2009-05-14,129.0988311767578,129.3734024463801,128.55913718317657,128.69169132149727,113600
2009-05-15,127.72587585449219,128.85259276312473,127.44184171560266,128.48333393525712,309600
2009-05-18,128.34133911132812,128.34133911132812,127.55547748046014,127.89633295351959,153800
2009-05-19,129.0988311767578,129.38286543936107,128.38871662561462,128.61594403569723,237600
2009-05-20,130.3865203857422,130.89779656160363,129.6669283156835,129.69533174504696,323900
2009-05-21,131.6647186279297,131.8446166462353,130.14981608171453,130.2634297996679,376900
2009-05-22,132.60206604003906,133.0281319004345,132.2801508963908,132.5452591849621,292400
2009-05-26,132.3748016357422,132.5736400419777,131.52267006002586,131.57001391363582,298400
2009-05-27,131.62684631347656,132.3653643417597,131.41854487500507,132.3653643417597,343300
2009-05-28,131.99610900878906,132.42217489124727,131.7025972774805,132.05291586680764,224700
2009-05-29,133.86129760742188,134.1169283788299,133.27425990341922,133.45415785558228,339700
2009-06-01,134.09043884277344,134.79114967461265,133.9294676615144,134.4881348991558,240500
2009-06-02,135.6339111328125,135.71912863370346,134.6491274051546,134.6964752773858,455600
2009-06-03,134.01470947265625,134.5260433869122,133.57914371455624,134.38399976693339,477300
2009-06-04,134.27035522460938,134.67751508411976,133.6264560358556,133.75902139110784,246800
2009-06-05,132.2534942626953,133.12464035099927,131.9599576343971,133.06782867436664,712600
2009-06-08,131.68531799316406,131.89362258669982,130.89938968870564,131.45805691584397,388200
2009-06-09,133.29507446289062,133.47498771718276,132.3008268908054,132.58489968976443,724900
2009-06-10,132.4996337890625,133.20034458716364,131.77999540481144,133.20034458716364,1846100
2009-06-11,133.5696563720703,134.2324832078596,132.74585833677088,132.8405396284314,434100
2009-06-12,132.55648803710938,132.96364795386518,131.95993663033101,132.36709654708685,295600
2009-06-15,130.66262817382812,131.38226637737742,130.2459902065234,131.3538605567462,703500
2009-06-16,131.01303100585938,131.7894811751192,130.93727730300986,131.36337923906453,309700
2009-06-17,132.08302307128906,132.3860234132229,131.00355816517026,131.49593552688026,307700
2009-06-18,131.53378295898438,132.58484174177343,131.36333357468905,132.26288500444593,230800
2009-06-19,132.0546417236328,132.67958455990438,131.6758731653164,131.7326848369281,373800
2009-06-22,131.2876434326172,131.6285279176367,130.92783135571128,131.13615045480896,272000
2009-06-23,133.28558349609375,133.58859830567056,132.4523216668403,132.5659449961609,694400
2009-06-24,132.01670837402344,133.12457890261592,131.50538907180297,133.08670928518904,541700
2009-06-25,132.480712890625,132.69849573065522,131.52433514583097,131.83681371554727,278500
2009-06-26,133.2382354736328,133.6738011539912,132.98256856213737,133.351858790502,198600
2009-06-29,133.34243774414062,133.5223365706759,132.9731329488437,133.096234547276,164600
2009-06-30,132.87841796875,133.38027358336848,132.58488141475135,133.30451988418486,366100
2009-07-01,133.93136596679688,134.4995050506115,133.75145019986167,134.02604858972705,649100
2009-07-02,132.56787109375,133.93142865108592,132.47317397775396,132.95610904108202,232900
2009-07-06,132.38792419433594,132.38792419433594,131.61146293052278,131.7061455755621,247500
2009-07-07,131.72509765625,132.61519838839058,131.72509765625,132.46368880659028,138300
2009-07-08,131.43153381347656,131.886048030388,130.97701959656513,131.74401685283644,326900
2009-07-09,132.87091064453125,133.2117856372918,132.05656444806735,132.28381444324103,151300
2009-07-10,132.0470733642578,132.31220796562636,131.6683137762319,131.68725609025884,190600
2009-07-13,132.5204620361328,132.53940434043454,131.76292880025522,132.0470055698024,101700
2009-07-14,131.9808349609375,132.52056825180495,131.72516421854962,132.4069432324131,104800
2009-07-15,133.5810089111328,133.7893164549981,133.24011969129415,133.4200210042349,204600
2009-07-16,133.89353942871094,133.9692942291569,133.4674313188593,133.7136380324964,215900
2009-07-17,133.52426147460938,133.9030355269577,133.4674489789453,133.65682878074313,322400
2009-07-20,134.69834899902344,134.88772867377259,134.40480833585082,134.73621915447606,302500
2009-07-21,134.4332275390625,135.16235452839646,134.10180223970767,135.16235452839646,212700
2009-07-22,134.5184783935547,134.9824710338314,134.0923703701872,134.14918284680314,122300
2009-07-23,134.4143524169922,135.2760470670042,134.33859761216954,134.36700385788407,214200
2009-07-24,134.6036376953125,134.81195965011761,134.32903936329203,134.63204392108216,98900
2009-07-27,134.81202697753906,135.07716151629617,134.49007995886953,135.00142117557874,127000
2009-07-28,134.17758178710938,134.4806009109102,133.7704160943425,134.31014904158548,263200
2009-07-29,132.8803253173828,133.5905101865316,132.59624847997367,133.5905101865316,291000
2009-07-30,133.135986328125,133.34430836397283,132.68145764150404,133.06969547637928,119000
2009-07-31,134.90673828125,135.16240891652487,133.72309666261668,133.72309666261668,422300
2009-08-03,136.4218292236328,136.7248340177169,135.46543738108772,135.58854075458427,369900
2009-08-04,136.30816650390625,136.59224338336173,136.1566569083633,136.3271088155367,184800
2009-08-05,136.44061279296875,136.74363171533903,135.91980805060575,136.2985817035686,373900
2009-08-06,135.89149475097656,136.25132635514822,135.61689630746218,136.16610764323832,658700
2009-08-07,134.14918518066406,135.48433619935864,133.99767560788706,135.30442038777946,374900
2009-08-10,133.82723999023438,134.19653554841966,133.5242208405704,134.1586509303375,183600
2009-08-11,133.9124298095703,134.11128788971737,133.56207663603212,133.71358617816844,122900
2009-08-12,134.4901123046875,134.83100171489704,133.7041724297946,134.08294646822307,201000
2009-08-13,135.19081115722656,135.43700340506382,134.93514052952068,135.28549381466408,267800
2009-08-14,134.32908630371094,135.06767732930066,134.04500949800413,135.0582134003175,202700
2009-08-17,133.31590270996094,133.4105998092043,132.96554945050818,133.23068398989113,445600
2009-08-18,133.70413208007812,133.91245412615757,133.23067551148807,133.27802405809663,137900
2009-08-19,134.69834899902344,135.02029589097128,133.56205650178555,133.56205650178555,291500
2009-08-20,134.93515014648438,135.11506599181317,134.45222954751043,134.49956365522783,252900
2009-08-21,135.6926727294922,136.04302601127057,135.16240361693585,135.6358602458254,203700
2009-08-24,135.26657104492188,135.72108538448288,135.19081624686999,135.6169243432553,178800
2009-08-25,135.48435974121094,135.91993177769496,135.3707347662587,135.78736449066713,295000
2009-08-26,134.89724731445312,134.89724731445312,134.4616609286439,134.86882662845164,198800
2009-08-27,135.9009552001953,136.33652708054706,134.6036745899193,134.86880906893657,300700
2009-08-28,135.35179138183594,136.16613740962666,135.15293322849436,136.11878885418815,176500
2009-08-31,135.68312072753906,135.95773351458888,135.11498175039577,135.1528519027086,208400
2009-09-01,134.53744506835938,135.74949295150896,134.17761338629137,135.34231271410297,336400
2009-09-02,135.07711791992188,135.26651205683427,134.3006568638084,134.44268801774865,327300
2009-09-03,134.8782958984375,135.27599764188636,134.72678634414848,135.1623727005428,309600
2009-09-04,135.37066650390625,135.57897403669347,134.33852052314361,134.4616238164326,173000
2009-09-08,137.1982879638672,137.50130720055472,136.81004998514342,137.0467783455234,366500
2009-09-09,137.7379608154297,138.1545903666563,137.52963881544406,137.87052804735282,316600
2009-09-10,138.05044555664062,138.27770988748063,137.25504207182013,137.60540972129175,220100
2009-09-11,138.00306701660156,138.46704500893878,137.7379326070541,138.24925912582657,240100
2009-09-14,138.37242126464844,138.65648364660902,138.06940212556006,138.07888050412396,198400
2009-09-15,138.88381958007812,138.95011046919973,137.91796363737745,138.08841560315062,231300
2009-09-16,139.37612915039062,139.4329416195568,138.57124730721398,138.95948511151076,284600
2009-09-17,139.43299865722656,139.64132076188454,139.09210925403642,139.12997943272336,197100
2009-09-18,139.12989807128906,139.4045108889989,138.93105446414802,139.38556858635673,180200
2009-09-21,138.88381958007812,139.0731994152387,138.4198267024928,138.48611759161437,144000
2009-09-22,140.0390167236328,140.09582921363187,139.77388213780296,140.09582921363187,562100
2009-09-23,139.4803466796875,140.43672401193072,139.39512794140632,139.88751250619887,298900
2009-09-24,138.65650939941406,139.83068710834095,138.39137482784196,139.75493230949883,565600
2009-09-25,138.7796173095703,139.32882878264255,138.5807735987387,138.72280482076127,166900
2009-09-28,138.21142578125,138.81744951428425,138.04097393043807,138.48602418971663,116200
2009-09-29,137.861083984375,137.99365124929403,137.46338218961793,137.7948075762896,238200
2009-09-30,138.4671630859375,138.70389147124075,137.89902363046204,138.27778326744567,166400
2009-10-01,137.37811279296875,137.94625181213956,137.35917049104017,137.8421052733897,258400
2009-10-02,137.861083984375,138.5618049268031,137.6906465503712,137.6906465503712,275500
2009-10-05,138.59962463378906,138.78901875650192,138.07883414255755,138.15457445315113,90400
2009-10-06,139.26251220703125,139.66021396277222,139.09206034100126,139.09206034100126,182200
2009-10-07,138.89315795898438,139.04466746965429,138.59961731252528,138.9026363338651,323500
2009-10-08,139.82119750976562,140.1810146772758,139.27198615554207,139.47082982334413,258300
2009-10-09,139.12989807128906,139.65070302837375,138.80795117008887,139.35716235676514,190700
2009-10-12,139.8401641845703,140.14318340842186,139.7360175812172,139.7738877598227,162900
2009-10-13,140.30410766601562,140.5881844763964,140.02003085563484,140.26623750071334,235100
2009-10-14,141.14683532714844,141.36462124968034,140.76807594459342,141.03321040213078,256500
2009-10-15,141.28890991210938,141.50669587931165,140.8533235289576,140.88172976603843,252700
2009-10-16,140.9006805419922,141.05219011469416,140.59766139658828,140.69235849171403,157400
2009-10-19,141.38360595703125,141.55405784442374,140.97644022110518,141.11847141997507,282000
2009-10-20,141.23208618164062,141.63926633691554,140.79651423739034,141.63926633691554,171000
2009-10-21,141.8949432373047,142.3021089619446,141.47829913383708,141.48776306391653,252300
2009-10-22,142.1695098876953,142.24526465762605,141.55402224903247,141.84756295204843,178700
2009-10-23,141.85707092285156,142.33052754535558,141.7718521985007,142.15061171700413,466600
2009-10-26,140.59767150878906,142.2263634106052,140.42723406380208,142.04644758617505,425600
2009-10-27,139.92538452148438,140.6450334389139,139.73600474834507,140.5598147083138,396600
2009-10-28,139.16775512695312,140.1241317142802,139.05413023107997,139.98210059443875,415300
2009-10-29,140.28514099121094,140.53134759352292,139.80222061157048,139.88743930525806,209100
2009-10-30,139.21514892578125,140.13365566278364,139.15833645936794,140.01055235305796,409000
2009-11-02,139.6886444091797,140.38935095556076,139.3004065153068,139.53713482394892,214500
2009-11-03,139.12989807128906,139.35716235676514,138.41971343401272,138.4765403419393,336200
2009-11-04,140.60711669921875,141.00481842573038,139.93480211116017,140.01055688507844,538800
2009-11-05,140.67343139648438,140.91963809093883,140.40829683995625,140.69237370730772,256600
2009-11-06,140.4272003173828,141.03322405739445,140.26622684177377,140.60711609857694,290000
2009-11-09,141.73391723632812,141.98012383978218,141.73391723632812,141.98012383978218,341900
2009-11-10,141.68655395507812,141.90433983355163,141.3077802004053,141.54450837879781,163300
2009-11-11,141.6960906982422,142.19795353844214,141.44042008854166,142.1127348181249,120100
2009-11-12,140.3608856201172,141.26992830003022,140.21885447422918,141.19417353930885,209000
2009-11-13,141.0994873046875,141.24153291021983,140.24727146647092,140.4177088546165,152900
2009-11-16,141.6298065185547,142.0180299282871,140.77757601588448,141.52564549429772,696900
2009-11-17,140.6544647216797,140.824916592065,140.06738322659655,140.6544647216797,214400
2009-11-18,141.46885681152344,141.75293372254092,141.2700130879375,141.47833519276688,270100
2009-11-19,141.08056640625,141.18472740927876,140.4745426928312,140.76808339716365,277300
2009-11-20,140.55978393554688,140.6639449552821,140.2378369468189,140.31357728049235,300400
2009-11-23,141.57302856445312,141.8381631817753,141.46886750416562,141.7529444366545,198700
2009-11-24,141.52560424804688,141.677099326566,141.11842419962076,141.667635399391,210500
2009-11-25,143.2300567626953,143.23953513999743,142.25473751780714,142.41571099573815,394600
2009-11-27,141.4593505859375,141.73394903361293,140.62606241575403,140.64500472382574,254400
2009-11-30,141.96119689941406,142.26421599838363,141.61084370888315,141.87597819610858,160100
2009-12-01,142.66188049316406,142.95542113820784,142.55771951117347,142.72815687329873,251500
2009-12-02,142.30209350585938,142.71873756407336,142.16006232635308,142.61457654951985,142800
2009-12-03,142.52935791015625,142.7944924111929,142.42519689555283,142.51041560329745,223300
2009-12-04,140.37045288085938,141.4404552378288,140.17159470195222,141.4025850578596,420800
2009-12-07,140.04840087890625,140.78699172566775,139.81167267292517,139.84955727717823,226100
2009-12-08,139.00689697265625,139.6697334961076,138.8175171729205,139.6697334961076,524700
2009-12-09,139.27198791503906,139.49925227271757,138.76064672244942,139.18676919919014,415100
2009-12-10,139.27198791503906,139.5276585113339,138.93109860289533,139.42349748682474,205400
2009-12-11,138.2966766357422,138.67543613866917,137.92738106332627,138.6280875886161,732100
2009-12-14,138.53343200683594,138.66599930363907,138.37245846420012,138.51448969336357,249900
2009-12-15,137.42552185058594,137.78533905324775,137.14144499151138,137.67171408911764,537800
2009-12-16,137.3971710205078,137.95584658445506,137.16990655184475,137.47291139464042,727600
2009-12-17,135.59796142578125,135.93885074083727,135.25707211072523,135.86309595429725,745300
2009-12-18,135.522216796875,135.74948117352892,134.83097418491616,135.5506230378631,450100
2009-12-21,135.04873657226562,135.68316659133447,134.90670539215571,135.6263541192905,407400
2009-12-22,134.73623657226562,135.2665199583549,134.44269587114604,135.1623589564662,417600
2009-12-23,135.41802978515625,135.7873252959052,134.98245787439927,135.1623736653084,373700
2009-12-24,135.68312072753906,135.94826958869612,135.68312072753906,135.85357253480134,208200
2009-12-28,135.9388427734375,136.21345566464348,135.9388427734375,136.19451335693165,275800
2009-12-29,135.6926727294922,136.49754032935462,135.5032929676863,136.4691340875212,368000
2009-12-30,135.522216796875,135.71161100179455,134.97300538985658,135.2949668689703,278000
2009-12-31,135.32330322265625,136.01454547762515,135.28541862173802,135.97667532544872,169200
2010-01-04,136.2229461669922,136.65853263684986,136.17559761285003,136.47861680035973,344000
2010-01-05,135.84413146972656,136.44067677368082,135.64527340257897,136.2512970827629,675600
2010-01-06,136.25135803222656,136.43127387614103,135.58852159313437,135.6737403248568,244700
2010-01-07,135.38018798828125,135.65478647227647,135.23815678082673,135.58851005838085,524900
2010-01-08,136.27023315429688,136.49748299350765,135.19075307181492,136.0429688663425,1134000
2010-01-11,137.24554443359375,137.5864336217535,137.0561647621145,137.122441145198,635000
2010-01-12,136.97100830078125,137.50129190599992,136.91419581240982,136.94260205659552,560100
2010-01-13,137.1414794921875,137.6528064081568,136.8195323803271,137.5770515967627,231000
2010-01-14,137.07518005371094,137.23615359958848,136.55438923712262,136.91420650783337,283000
2010-01-15,135.92938232421875,136.09035582202253,135.52220216609936,136.0524712056289,777300
2010-01-19,135.2002716064453,135.22867784782,134.71735105432657,135.02035577857282,482100
2010-01-20,133.3064422607422,133.65679552934418,133.10759857538667,133.59998304781402,458700
2010-01-21,133.2306365966797,133.6662228700029,132.6530191737639,133.15488183398244,402700
2010-01-22,133.64730834960938,134.045010099886,133.16438789186202,133.46739255689567,309800
2010-01-25,133.7609405517578,133.865101571679,133.56209689020207,133.68518576920172,295300
2010-01-26,133.088623046875,133.31587291627488,132.76667609939483,132.94657742975457,258500
2010-01-27,132.52993774414062,132.9086971300807,132.33107967483824,132.7571875962069,542300
2010-01-28,132.0565185546875,132.23641992209468,131.8103118804751,132.23641992209468,486800
2010-01-29,131.0433349609375,131.70617140117668,131.00546478524558,131.66830122548475,587900
2010-02-01,131.6682586669922,131.6966649017672,131.3273694009459,131.56409765656844,356600
2010-02-02,131.9808349609375,132.06605372548137,131.6210031345217,131.8671954927894,234000
2010-02-03,131.3463134765625,131.90498869965913,131.27055869989317,131.82923392298983,528300
2010-02-04,129.87860107421875,130.69294689817042,129.72709151424007,130.64559835458374,1123000
2010-02-05,129.158935546875,129.54717336900097,128.4014166582103,129.3577936468348,1265500
2010-02-08,129.1305694580078,129.57561989027627,129.03588679186097,129.26313674961432,668300
2010-02-09,130.21946716308594,130.7781423111471,129.42404933926358,129.93539040091684,1138700
2010-02-10,129.7838897705078,130.02061801376314,129.29149097888802,129.79336814743502,756500
2010-02-11,129.3388671875,129.44302821476592,128.50559341812095,129.1494874421297,984900
2010-02-12,128.6571044921875,128.90331119555975,128.0700228741464,128.27834495449972,531400
2010-02-16,130.11534118652344,130.19109597340798,128.95062759301533,129.01691844981988,611400
2010-02-17,128.6098175048828,129.5756590144638,128.3825530297579,129.49044025457528,923800
2010-02-18,128.6475830078125,129.04528467909014,128.09837180974037,128.55288594138003,533200
2010-02-19,128.44874572753906,128.59079135016714,127.4260923780965,127.72909703196012,3046400
2010-02-22,128.49609375,128.78017054536397,128.26884387270565,128.685473463994,669200
2010-02-23,127.59651184082031,128.31616043518358,127.54916330660367,128.07943221284438,713200
2010-02-24,127.880615234375,128.74230961087554,127.71964174350354,128.02264641786542,735600
2010-02-25,128.0889434814453,128.23097467182401,127.24619137145363,127.31246777738112,936800
2010-02-26,128.63816833496094,129.28206239726254,128.13630547794668,128.27833668323402,768500
2010-03-01,128.1362762451172,128.31617758118895,127.18936322923099,127.89006961378935,627300
2010-03-02,128.6098175048828,128.73290645291442,127.71023798798558,128.21210106122535,852500
2010-03-03,129.3956298828125,129.802809905012,128.7517361065342,128.9316518524775,928200
2010-03-04,128.4392852783203,129.12106382891565,128.06052583854355,128.9979605090523,548700
2010-03-05,128.69497680664062,128.76125321745963,128.12682310569775,128.29727499548014,436800
2010-03-08,128.78018188476562,129.34833552552087,128.60974446178744,129.2820446729756,297800
2010-03-09,128.50558471679688,128.64761590402034,128.1457531108342,128.1741593482789,342800
2010-03-10,128.98849487304688,129.24416543832314,128.61919936709066,128.7423026853248,280200
2010-03-11,129.23472595214844,129.29153843958534,128.78021160390247,128.92224282249478,441700
2010-03-12,130.01116943359375,130.16267899486198,129.69868638175816,129.87860217967082,450700
2010-03-15,129.1968231201172,129.58506095113668,128.87487614018505,129.53771240732382,276100
2010-03-16,130.17218017578125,130.2289926653282,129.59456245080182,129.66083887235624,614400
2010-03-17,129.83123779296875,130.18159096799587,129.70813448336668,129.8975141874693,365400
2010-03-18,128.5908203125,129.3767600320707,128.36355593435627,129.14003172311865,869700
2010-03-19,127.89006805419922,128.06051990832802,127.56812110042303,127.89006805419922,954400
2010-03-22,128.0321502685547,128.1741814803029,127.30302300116409,127.32196531231382,462100
2010-03-23,127.52080535888672,128.11736532865442,127.3503679096671,127.6533726356407,638700
2010-03-24,125.88260650634766,126.35606296864098,125.84472189806723,126.08145012921389,1127600
2010-03-25,125.48492431640625,126.46970755359685,125.34287868639288,126.05306349021923,1132100
2010-03-26,126.69697570800781,126.77273048988036,126.08147352357359,126.26138932442748,859000
2010-03-29,127.32188415527344,127.35975430468393,126.91470419322184,127.06621368834526,489400
2010-03-30,126.72537994384766,127.2651128891385,126.55492807513942,127.2083004158181,569900
2010-03-31,127.57757568359375,127.97527738243407,127.53022714709603,127.58705406014013,1133400
2010-04-01,128.31617736816406,128.35406198003434,127.4166128943148,127.45449750618509,592500
2010-04-05,127.34092712402344,127.79545602029573,127.25570837425505,127.65341032192798,260200
2010-04-06,126.63069152832031,126.64963383697342,126.15723495322882,126.35609307221638,438600
2010-04-07,126.1478042602539,126.32772011799196,126.01523696224986,126.12886194660996,254000
2010-04-08,126.09099578857422,126.24250540505322,125.65540925338514,125.73116406162464,530200
2010-04-09,127.43553161621094,127.4544739186405,126.32764532834544,126.34657318203173,1596200
2010-04-12,128.28782653808594,128.61925201572902,128.18366548357687,128.40146597402904,868100
2010-04-13,128.31617736816406,128.57184792767774,127.94688187053137,128.57184792767774,370800
2010-04-14,128.98849487304688,129.19681689679103,128.4676898136865,128.71388200140854,497300
2010-04-15,128.27830505371094,128.2972473593284,127.8616610226008,128.08892534377335,439400
2010-04-16,127.61546325683594,127.89006165691013,127.26509563760945,127.59652095204785,1182800
2010-04-19,127.36930847167969,127.39771471604871,126.82957537991724,126.83903931178993,599600
2010-04-20,126.98103332519531,127.31244419092958,126.8484660891526,127.2650956533261,329600
2010-04-21,126.55491638183594,126.63067115551263,126.299260275516,126.60226492147709,289800
2010-04-22,125.73114013671875,125.92999827660151,125.2198133393409,125.87317134467105,1449200
2010-04-23,126.28981018066406,126.5360168624372,125.33343304021544,125.3618392806125,981000
2010-04-26,126.22358703613281,126.25199328851741,125.59862058616145,125.7785364837673,1158000
2010-04-27,124.45281219482422,125.99628554841203,124.39599970674749,125.47548032645749,2035000
2010-04-28,124.64215850830078,124.95464152135672,123.84674063472877,124.92622083949233,1642800
2010-04-29,125.05883026123047,125.2766162463596,124.75581110909566,124.869436066772,553900
2010-04-30,125.7216567993164,125.96784900468123,125.18190939491423,125.92997883798945,1237200
2010-05-03,124.62321472167969,125.01145250135274,124.23497694200664,124.93569773102055,530400
2010-05-04,122.81463623046875,123.43013846508514,122.71047520299511,123.38278991646104,1876900
2010-05-05,121.07229614257812,121.86769959083638,120.96813513515772,121.07229614257812,2450700
2010-05-06,119.2731704711914,120.5893790720283,118.2505026128168,120.01176151633746,5192800
2010-05-07,120.22006225585938,120.61776394443893,119.06482734909503,119.72767072109978,3979600
2010-05-10,120.74088287353516,122.22753604652883,120.48521230894893,122.02867795212927,3157700
2010-05-11,119.73713684082031,120.40945137706356,119.72767291308958,120.21059330476088,2760500
2010-05-12,119.22589111328125,120.0118238861636,119.14066513527159,119.65199933019791,2445800
2010-05-13,118.31678771972656,118.9417538268997,118.30732379037441,118.60086453650955,1813400
2010-05-14,116.91535949707031,118.06112346041047,116.69756630928734,118.04218837747753,3405600
2010-05-17,116.9248275756836,117.24677454769098,115.96844336431899,116.86800787963212,3205300
2010-05-18,115.30563354492188,117.43618854720656,114.8321768777475,117.37937605894577,4966400
2010-05-19,116.94377899169922,117.08581741510652,115.74120241884935,115.93058216714287,5272700
2010-05-20,118.12739562988281,118.96067646120717,116.11047355978206,116.65967760405098,8212100
2010-05-21,118.70503997802734,118.95123943419632,118.2031771351873,118.45884052185838,3906600
2010-05-24,116.86801147460938,117.22784307130205,116.57447072941147,116.9437662554261,2614600
2010-05-25,116.4513931274414,116.55554693714257,115.25828042535659,115.36244145943243,2867100
2010-05-26,115.11626434326172,116.06317776460116,114.97422588518559,115.85485565600632,2505200
2010-05-27,116.67861938476562,117.01950863794991,115.22984367091875,115.54231946602705,2829700
2010-05-28,115.87374877929688,116.88694542103225,115.83587139159789,116.62181093151241,1988500
2010-06-01,115.55182647705078,116.65971328151555,115.0594347498581,115.12571839052586,1360200
2010-06-02,115.62757873535156,115.79802341109531,115.00261251616621,115.31509562575889,1780200
2010-06-03,114.78480529785156,115.70331214602729,114.72799282456185,115.69384099235451,1582500
2010-06-04,112.94779968261719,114.03675125294718,112.86258096658544,113.81895804913157,3363800
2010-06-07,112.49329376220703,113.03303401024635,112.49329376220703,112.7489571536469,1436000
2010-06-08,112.7962875366211,113.39284017014472,112.48380448956775,112.58796550525219,3195400
2010-06-09,113.17503356933594,113.97991536319016,113.08034371840384,113.64849004836898,2411700
2010-06-10,114.62384796142578,114.63331189205883,114.00835292467488,114.1787975929386,1956100
2010-06-11,114.16932678222656,114.510216119782,113.74321872246954,114.08410806002497,1329800
2010-06-14,115.41926574707031,116.11051565987758,115.32457585850949,115.62758783652936,2489300
2010-06-15,116.53661346435547,116.565019705974,115.77907997411263,116.0726279943785,2292400
2010-06-16,116.11995697021484,116.4608462821251,115.95898346858333,116.06314449302114,5829500
2010-06-17,116.93428802490234,117.15208120047626,116.46083151001154,116.9626942598961,5796600
2010-06-18,116.81119537353516,117.0195174021248,116.63127958077622,116.81119537353516,3591400
2010-06-21,116.26199340820312,117.03846188891839,116.13889730158782,116.8680172358651,3625200
2010-06-22,115.88322448730469,116.280933486384,115.76012838305023,115.99685666195217,1718700
2010-06-23,116.1767578125,116.50817591628665,115.23930874473838,115.67489508042694,1410100
2010-06-24,116.33776092529297,116.93431366408203,116.0442201334979,116.2051936500065,1495000
2010-06-25,116.88695526123047,116.99111628007826,115.92109985452794,116.1483641998542,853100
2010-06-28,115.83587646484375,116.51765502453908,115.78852792205306,116.4703064817484,576700
2010-06-29,115.10676574707031,115.28668156603682,114.6995927839812,115.11623690185128,1529200
2010-06-30,115.40031433105469,116.06315068157075,115.40031433105469,115.51393929150065,2100900
2010-07-01,118.1463394165039,118.36413259921072,116.94376300802018,116.96269809051181,2661100
2010-07-02,118.43989562988281,118.95122958526193,118.24104474018658,118.80919117137209,1590900
2010-07-06,119.12168884277344,119.5004483604216,118.59141251419153,118.8376119801626,2645900
2010-07-07,119.32052612304688,119.50043470606062,118.80919216339827,118.85653348550761,1365200
2010-07-08,119.7845230102539,119.87921288791674,119.41522743030664,119.71823937345246,1008900
2010-07-09,119.3110580444336,119.39627676105148,119.06485860024732,119.17849078011193,520400
2010-07-12,118.81864929199219,118.91333914940739,118.49669510753282,118.58192103626763,569400
2010-07-13,120.00231170654297,120.22009769451915,119.17849463074887,119.17849463074887,1401800
2010-07-14,120.22953033447266,120.59882578219545,119.8318286560592,119.8318286560592,1096100
2010-07-15,122.06653594970703,122.1801608653059,121.33740902754708,121.40369986080847,2104200
2010-07-16,121.98136901855469,122.51163811466171,121.87720798548014,122.3695924611514,2341000
2010-07-19,122.1328353881836,122.54001549384455,122.1233714596783,122.26540263098688,1435300
2010-07-20,121.66889190673828,121.9434903990393,121.39427896568733,121.40375734563733,1339500
2010-07-21,120.51363372802734,121.10072248329391,120.17275163958517,120.97762637425573,1707900
2010-07-22,121.60260009765625,122.05711442047792,121.17649201696409,121.17649201696409,1161000
2010-07-23,121.88668060302734,122.03819019807001,120.8166639550701,120.93976730713605,1718500
2010-07-26,122.63470458984375,122.74834398162695,122.00027457664497,122.1044355906774,993000
2010-07-27,122.70098876953125,122.77674354368676,122.23699619610836,122.6346979238655,607800
2010-07-28,122.5684585571289,122.97562433638807,122.40748503169505,122.52111000288362,444800
2010-07-29,123.3922348022461,123.69525390767339,123.25020362704342,123.46798957860291,1166100
2010-07-30,122.9850845336914,123.35438008420573,122.71047162891911,122.71047162891911,632300
2010-08-02,124.29180145263672,124.51906578565736,123.73312622213406,123.80888099980761,877200
2010-08-03,124.86941528320312,124.9546484360224,124.40543715075142,124.67057164036555,1163500
2010-08-04,124.216064453125,124.7842181426192,123.92252367809414,124.66111480518747,1216500
2010-08-05,124.48119354248047,124.48119354248047,123.95091010762083,124.28233544831483,559500
2010-08-06,125.41864013671875,125.82582029258454,125.19139023460538,125.21979647236955,1598800
2010-08-09,124.83154296875,125.08721352531002,124.71791803194368,124.99251644547422,346300
2010-08-10,124.41490936279297,124.82208950171808,123.41118380689186,123.89410427753853,1895200
2010-08-11,121.59310150146484,122.47372365392147,121.38477948607272,122.4074472574307,1825300
2010-08-12,121.03441619873047,121.46999530038926,120.96813257944267,121.10069981801827,725300
2010-08-13,120.333740234375,121.08180258552579,120.3242690788383,120.83560311219611,718600
2010-08-16,120.95867156982422,121.35638054327349,120.83557547350259,121.01549126567313,556800
2010-08-17,121.52682495117188,121.73514699106849,121.13859433312486,121.64992827895098,862900
2010-08-18,121.33745574951172,121.70675131615135,121.19541732594854,121.68780900667663,1195200
2010-08-19,120.9681625366211,121.71621761481877,120.70302799381061,121.50791000153819,1674000
2010-08-20,119.92655944824219,119.98337192902193,119.49098023872378,119.82239841722969,1766700
2010-08-23,119.50044250488281,120.0496538926858,119.3394689953326,119.78451935357384,1564700
2010-08-24,119.57620239257812,120.02125276979407,119.03646213655286,119.09327461896352,1390700
2010-08-25,119.37735748291016,119.63302089098937,119.09328060782211,119.27319644366955,738100
2010-08-26,120.11591339111328,120.4378675698939,119.708740509474,119.89812744533698,1473100
2010-08-27,120.15379333496094,120.57990130706693,119.62352435200714,119.99281985433183,1073400
2010-08-30,119.50989532470703,119.97388069696927,119.44361170009815,119.87919083672419,402900
2010-08-31,119.54778289794922,120.2295615087918,119.4720281135503,120.05911685608115,985100
2010-09-01,120.78822326660156,121.25221585082042,120.70300456197344,121.0912351459011,641400
2010-09-02,120.9870834350586,121.10071560767041,120.73142007714902,120.9870834350586,310100
2010-09-03,121.64994049072266,121.6783467309467,121.28064491906117,121.29010884955291,564800
2010-09-07,119.76557922363281,120.48522802108832,119.6614181984585,120.45682178229062,736700
2010-09-08,119.95496368408203,120.4000140410847,119.86027380957333,119.86027380957333,532400
2010-09-09,119.86974334716797,120.34319996623293,119.69930589970427,120.30532979415744,486100
2010-09-10,119.93601989746094,120.22956065445356,119.72769785403115,119.86972904330254,334100
2010-09-13,121.45108795166016,121.6215398496004,120.98710248309983,121.11020582890393,859400
2010-09-14,122.71047973632812,122.96615034934482,121.26170367714846,121.27118205647251,1346400
2010-09-15,122.73886108398438,122.98506771649254,122.42637805339436,122.61577221647634,450900
2010-09-16,123.38279724121094,123.7615567551923,123.15553286357255,123.48695827486821,938100
2010-09-17,122.9850845336914,123.55322375438759,122.81463265335894,123.37330794410532,6640800
2010-09-20,123.22179412841797,123.56268338862198,123.01347211114076,123.04187834542894,5780700
2010-09-21,124.83154296875,125.37127586732583,123.67630794873308,123.96984866797995,6726500
2010-09-22,126.32766723632812,126.79164536074185,125.98677797719468,126.50758301875213,1541500
2010-09-23,125.65538787841797,126.0814959596226,125.53229897862542,126.0814959596226,947900
2010-09-24,127.27457427978516,127.31244444069519,126.83898796122162,126.886336498918,1249500
2010-09-27,127.07572937011719,127.27458746955207,126.8295371768257,127.17989038434564,602200
2010-09-28,128.1078643798828,128.23096770402034,126.82006201168404,127.17042967682616,1207200
2010-09-29,128.58128356933594,128.74227146124963,128.0983632398232,128.2782789847621,1256500
2010-09-30,128.6002655029297,128.88434232202468,128.0415902429161,128.78018130331475,1909200
2010-10-01,129.96383666992188,130.0206491501089,129.36727673046033,129.52825024057321,2156900
2010-10-04,129.1494598388672,129.44300054876464,128.98848636727004,129.2630847720545,893700
2010-10-05,130.53195190429688,130.74973783041995,129.982740676415,130.19106267487865,1524100
2010-10-06,131.45997619628906,131.58307954984755,130.78766139060485,130.83500994572353,1464600
2010-10-07,131.26112365722656,132.02812115719576,130.72139056229494,131.99971491265995,5442300
2010-10-08,131.3842010498047,131.67774181782798,131.1569366896827,131.4315495975903,3991100
2010-10-11,130.86343383789062,131.52627035269404,130.8160852763863,131.41264536408556,806700
2010-10-12,131.28952026367188,131.4599721671248,130.15322721940234,130.59827761612667,1532600
2010-10-13,131.6587677001953,131.9807290781026,131.23265977056897,131.44098177149647,1521100
2010-10-14,132.77610778808594,132.9276172967279,132.40681239123492,132.548843525123,2027100
2010-10-15,131.85768127441406,132.9750320690231,131.4789217217078,132.89929171748247,2920300
2010-10-18,132.0186004638672,132.06594900065306,131.3368219906361,131.45992529653043,663800
2010-10-19,129.54714965820312,130.4656563137803,129.38617620138723,130.2857405535908,1951200
2010-10-20,131.59251403808594,131.95234563797655,130.41833659811203,130.4751490720427,1681800
2010-10-21,131.365234375,132.42578674344057,131.18531859603482,131.95233025089877,1719400
2010-10-22,131.41259765625,131.67773216591735,131.09065067290356,131.57357114792325,711700
2010-10-25,131.80084228515625,132.3974021870314,131.6398687851855,132.29324116366826,1252200
2010-10-26,130.71188354492188,131.0622512320226,130.4562274001093,130.8823354235448,774100
2010-10-27,129.88807678222656,130.42782422031698,129.58507208353842,130.38047567243652,1235800
2010-10-28,131.40313720703125,131.5451683949907,130.92968064883647,131.0527695288188,1725700
2010-10-29,131.32745361328125,131.44107862524214,130.88240305142727,131.0339126998787,1240900
2010-11-01,131.02345275878906,131.6295161400072,130.8151171168368,131.44958859016748,871000
2010-11-02,132.34918212890625,132.6332774358389,132.1219174431102,132.33025303821495,696900
2010-11-03,133.2393341064453,134.14843615383506,132.03667222126217,132.31130296929825,3049700
2010-11-04,133.99684143066406,134.73548010731108,133.83585756007983,134.42297690570217,2869200
2010-11-05,132.4154815673828,133.21093689270717,132.32077831212078,132.92684157660904,1151700
2010-11-08,131.31700134277344,131.61056123572533,131.02344144982158,131.43063370141556,1009000
2010-11-09,129.99124145507812,131.62003934991657,129.73555420015748,131.5063925423466,1571800
2010-11-10,129.96278381347656,130.2089919782401,128.96845771206958,129.82072897059902,1883200
2010-11-11,128.85488891601562,129.37571358091986,128.64655327017752,129.36624903326944,1602900
2010-11-12,129.16734313964844,129.9533338736344,128.8737832949631,129.64083048906016,2756300
2010-11-15,128.01202392578125,128.93059047557017,127.96468675389028,128.8737743095521,2564100
2010-11-16,127.22602081298828,128.41920339630315,126.85670136222298,128.2866275537126,1825900
2010-11-17,127.51013946533203,127.96469773184516,127.45332329443974,127.48173137988589,1294600
2010-11-18,128.58013916015625,128.75060200803566,128.16346825387066,128.5043794999518,1095200
2010-11-19,129.12950134277344,129.15790943454638,128.59919769675767,129.02533352304243,1235500
2010-11-22,128.513916015625,128.8927000365258,128.0972449228236,128.71277256920848,1150700
2010-11-23,126.1654281616211,127.14081089196127,126.0423312833098,127.05558664166429,1789700
2010-11-24,125.72032165527344,126.61047994225838,125.57828126891764,126.28851210006309,961600
2010-11-26,124.98171997070312,125.11429585401527,124.65028748726657,124.91543925389084,525400
2010-11-29,123.79800415039062,123.82641223671568,123.24875706529326,123.5896685508817,1218800
2010-11-30,122.44379425048828,123.06880082976532,122.37749910586066,122.39644263999467,1819000
2010-12-01,123.93057250976562,124.37565176807743,123.10670915699939,123.63701266911039,3604700
2010-12-02,124.78288269042969,124.97227477452908,123.63703673964014,123.68438837308743,4190900
2010-12-03,126.49686431884766,126.58208856190271,125.72981723198191,125.98548996114705,2980200
2010-12-06,125.60672760009766,125.77719056532287,125.07642406328617,125.22794348800021,1483800
2010-12-07,125.21844482421875,126.3453468877789,125.14268512376168,126.27906618093233,1504900
2010-12-08,125.12370300292969,125.2562788101167,124.56497725508227,124.77331273061604,623900
2010-12-09,124.90591430664062,125.01008206589793,124.19568352525408,124.86804168949352,721400
2010-12-10,124.80175018310547,124.915396937222,124.31879843957888,124.70706141263814,441200
2010-12-13,126.34530639648438,126.73356931826387,125.54038693024967,125.59720307496262,1039200
2010-12-14,126.23170471191406,126.79988074647851,126.06124178676575,126.50632096116757,912500
2010-12-15,124.70708465576172,126.08019490576335,124.62186041155208,125.83398671704037,1743100
2010-12-16,124.88703155517578,124.99119935307867,124.35672802028387,124.86808801473319,721800
2010-12-17,124.39457702636719,124.85859975611386,123.9021462161957,124.83965621926905,1261700
2010-12-20,123.79800415039062,124.2336188901878,123.5328523782316,124.18626726308344,722700
2010-12-21,123.52336883544922,124.17678361980934,123.3339768058471,124.1294319999874,1014500
2010-12-22,123.55181884765625,123.5991704835481,123.37189130108156,123.52341075605925,306100
2010-12-23,123.7412109375,123.95901112296674,123.16355565889562,123.21090729478593,520400
2010-12-27,124.12945556640625,124.12945556640625,123.81695215587433,124.05369585024502,388800
2010-12-28,123.7412109375,124.43249858248868,123.52341075203326,124.41356948788498,580000
2010-12-29,124.72606658935547,124.89651513024621,123.8453724456839,123.96848380278708,567400
2010-12-30,125.33206176757812,125.58773443986817,125.02902303788065,125.4172859916748,492600
2010-12-31,126.03290557861328,126.61056093546031,125.76775372134176,126.12760886322131,632500
2011-01-03,125.91924285888672,126.34537863756823,125.5025716265087,125.78666696219271,1169200
2011-01-04,125.42676544189453,126.43055606638714,125.36994928574343,126.40214798831158,961300
2011-01-05,124.09158325195312,124.41356569638043,123.81696689166317,123.92113470757111,802900
2011-01-06,122.76578521728516,123.79798405202067,122.59533672700685,123.75063243260375,2825100
2011-01-07,121.77146911621094,122.72792277889477,121.71465294806868,122.39647586514927,1531600
2011-01-10,122.19758605957031,122.2544166686711,121.61046647935584,121.79985849397168,1255900
2011-01-11,122.42488861083984,122.54799994629364,121.71465758264436,122.1407933096242,900200
2011-01-12,123.8453598022461,123.97793569263408,122.83210430778537,122.99308828542162,2024500
2011-01-13,125.90973663330078,126.21276096128314,125.41730584443471,125.55934624041328,2956400
2011-01-14,126.13700866699219,126.39269584443832,125.58776168751182,125.9381521009558,914300
2011-01-18,126.22227478027344,126.98933656706306,125.95712297114488,126.45901849911607,1006200
2011-01-19,127.0555648803711,127.48170050855647,126.84722933775888,127.46277142263456,1660400
2011-01-20,127.093505859375,127.22608176548107,126.3359230603303,126.83781859413828,1042400
2011-01-21,128.43821716308594,128.5044978957831,127.69009886034725,127.79426668289221,2248700
2011-01-24,128.7128143310547,129.082133928651,128.12569457325773,128.19197529606276,1430200
2011-01-25,129.0536651611328,129.25253613541935,128.20139401346384,128.28661823829432,946200
2011-01-26,129.12001037597656,129.29992343716273,128.67493109634796,128.98743449159917,1009300
2011-01-27,129.60301208496094,129.77346066621513,129.04430024681457,129.6219556327758,1059600
2011-01-28,128.38134765625,129.38513837493863,128.12566047989262,129.14839473563717,906700
2011-01-31,129.1483917236328,129.59347091111422,128.87376101662446,129.290432124027,1036100
2011-02-01,130.47415161132812,130.57831938923135,129.5177125230784,129.86808848071433,1947700
2011-02-02,130.25637817382812,130.4268266909122,129.85865051761084,130.0953942022417,581500
2011-02-03,128.59918212890625,129.0158533573892,128.40031106087977,128.95902273103246,1217900
2011-02-04,128.18243408203125,128.26765829595908,127.74681957248859,128.09720986810342,1065100
2011-02-07,128.16357421875,128.28668557457968,127.42493498315132,127.47228661613885,367000
2011-02-08,128.59918212890625,129.11054216860606,128.4192546029987,128.60864667512126,437800
2011-02-09,129.53668212890625,129.64084993939287,128.93061880871755,129.04426561541436,963100
2011-02-10,128.24871826171875,128.62751663897026,128.06880528841498,128.38130853101725,616100
2011-02-11,127.81314086914062,128.02147640117585,127.33018910834068,127.51010211356822,984600
2011-02-14,127.21659088134766,127.39651840489798,126.91356645985923,126.92303100595025,545100
2011-02-15,127.16920471191406,127.61428390201495,127.1313320881476,127.46277895726435,439000
2011-02-16,128.0025634765625,128.17302642975662,127.07453235264185,127.1881646883135,457100
2011-02-17,128.3434295654297,128.44759731953556,128.0309263031121,128.0877424508641,381300
2011-02-18,129.0915985107422,129.36621481688155,128.38136748315145,128.43818365340874,1348500
2011-02-22,128.7695770263672,129.25254322626645,128.60859310962837,128.99685608806584,798400
2011-02-23,129.65029907226562,130.02908314150184,129.36620379549547,129.37566833983624,1016800
2011-02-24,130.18060302734375,130.3415869798449,129.84915612827982,130.13325140609373,1434000
2011-02-25,129.716552734375,129.83966403356513,129.45140105126015,129.65027203843778,486200
2011-02-28,130.14268493652344,130.59724305257564,129.98170102238592,130.53094790868704,862400
2011-03-01,129.88795471191406,130.65500723012897,129.8216590869881,130.48454308731039,518300
2011-03-02,130.76869201660156,131.00543742808057,130.54142566944932,130.54142566944932,743600
2011-03-03,131.66830444335938,131.77247298875707,131.36527787025136,131.4883900920281,1072700
2011-03-04,131.89564514160156,132.1323906296429,131.66836427115467,131.9429971291694,541700
2011-03-07,131.80087280273438,132.31225088354398,131.6493667508189,132.06604090561478,574500
2011-03-08,131.08119201660156,131.30847280370344,130.759221738885,130.844446615376,791500
2011-03-09,131.12857055664062,131.42213260167634,130.9770500012043,131.2232745162372,270000
2011-03-10,130.04893493652344,130.4750736029714,129.94476642252175,130.32355313718952,641400
2011-03-11,131.12857055664062,131.1380351726821,130.04901188629887,130.0679555681773,559700
2011-03-14,132.047119140625,132.07552743318476,131.51681174645265,131.53574097496397,743800
2011-03-15,132.01866149902344,132.17018196923172,130.9580326573528,131.12849679878394,983400
2011-03-16,130.98651123046875,131.54522694653937,130.80658240161364,131.39370641173576,776100
2011-03-17,132.22702026367188,132.44482194427334,131.84821902589792,132.12285172950774,1332800
2011-03-18,133.65699768066406,133.7801099266304,133.24980248215104,133.3539710480162,1295500
2011-03-21,134.13043212890625,134.31036088971666,133.37284419118305,133.85581390699795,1340500
2011-03-22,133.90321350097656,134.1020860261351,133.75170740301192,134.1020860261351,1631500
2011-03-23,133.01303100585938,133.5717466361744,132.99408732946816,133.1077204882329,2219200
2011-03-24,133.64749145507812,134.12098216162934,133.03194486668778,133.1740007485269,3573900
2011-03-25,132.73841857910156,133.48654218819595,132.54902513558937,133.24031770681597,3687600
2011-03-28,132.9182891845703,133.1455698871034,132.71941676363045,132.7478250452237,3589700
2011-03-29,133.04144287109375,133.08878038865706,132.511121066426,132.5868813242357,1812800
2011-03-30,133.23080444335938,133.4486061013793,132.5584413471393,132.81413034990337,1841100
2011-03-31,133.67588806152344,134.03573114120402,133.62853610504777,133.62853610504777,1508400
2011-04-01,134.14938354492188,134.39559349773467,132.63420758201073,133.041417082581,1497300
2011-04-04,134.12094116210938,134.4239676077792,133.92206876824386,134.31033449687615,313800
2011-04-05,134.158935546875,134.36727273872947,133.4960510499737,133.54340303899482,619000
2011-04-06,135.172119140625,135.35203345403136,134.6607411347258,134.7743887192524,1793100
2011-04-07,134.91647338867188,135.06799391675574,134.48085548287898,134.547151132588,2491100
2011-04-08,136.36534118652344,136.44110144337984,135.98655435203304,136.15700409261626,743600
2011-04-11,136.09071350097656,136.4410920211737,136.052826150269,136.18540297816446,768300
2011-04-12,136.55470275878906,136.94296856596142,136.18538062386094,136.94296856596142,1004800
2011-04-13,136.2611846923828,136.87671696532374,135.95815808794495,136.64945062444355,884800
2011-04-14,136.73464965820312,136.81040990744143,135.93918871588608,135.99600529036726,647400
2011-04-15,136.07174682617188,136.35584410929715,135.74029758756103,135.93917002068517,566400
2011-04-18,134.24411010742188,135.16268344067723,133.5433529520097,134.9732900054251,1483200
2011-04-19,135.1815948486328,135.37098823867302,134.78386439461156,134.83121635456897,529200
2011-04-20,136.9051055908203,137.17972383421298,136.63993750955228,136.9051055908203,584100
2011-04-21,137.32179260253906,137.67218561016205,137.09452627304532,137.41649653968952,568300
2011-04-25,137.5679931640625,137.86155508852914,137.17026270674097,137.8426114144311,410500
2011-04-26,138.12669372558594,138.26873514142105,137.77631526666735,137.94676496566947,1200000
2011-04-27,139.5945587158203,139.5945587158203,138.05097411051491,138.42029635015209,3097000
2011-04-28,139.82177734375,140.15322656486563,139.38617405576713,139.6323839815928,1674700
2011-04-29,139.7176513671875,140.23849410904228,139.7176513671875,140.0491006892201,594000
2011-05-02,139.94595336914062,140.6090218450774,139.87963929464257,140.08803430905252,1238500
2011-05-03,139.94595336914062,140.49535709314787,139.69966046821503,139.76597454271305,1891800
2011-05-04,139.92698669433594,140.95947993701486,139.8890888126227,140.7037198237746,1402300
2011-05-05,137.05686950683594,138.79979668715345,136.91477409684057,138.79032944134457,2466300
2011-05-06,135.45602416992188,137.1610679243613,135.07713198174,137.0663376504106,3966200
2011-05-09,135.40859985351562,135.4464977280571,134.5181877012454,135.0960074306673,1826100
2011-05-10,135.87278747558594,135.98645221888086,135.12445603874068,135.36126722314353,1042800
2011-05-11,134.02569580078125,135.09607278662935,133.73203771933535,135.01082420837625,2195100
2011-05-12,134.357177734375,134.72660256985276,133.65622594356432,134.02565077904208,1053500
2011-05-13,133.10682678222656,134.58452617376528,132.72792023708408,134.5087448647368,2035800
2011-05-16,133.80783081054688,134.42354876648892,133.58050124856052,133.65628258716012,1881000
2011-05-17,134.21511840820312,134.33826485777382,133.2489246623753,133.47626861839615,1264700
2011-05-18,134.36671447753906,134.77402290621808,133.94044264721254,134.1204215171171,787000
2011-05-19,135.03921508789062,135.181310478821,134.30983255177833,134.3761466249742,925700
2011-05-20,133.58990478515625,134.41400296195982,133.4478238766748,134.38558678026354,2776900
2011-05-23,132.55743408203125,132.76582908562239,132.08381170183466,132.1122278883418,1243000
2011-05-24,133.12576293945312,133.37205581033766,132.89843346332214,133.04999608328077,972000
2011-05-25,132.92684936523438,133.22996015070026,132.39639465031382,132.4911104472314,869300
2011-05-26,133.41944885253906,134.0730356869794,132.77531480983944,133.88358959929482,1371800
2011-05-27,134.84033203125,134.9824130002519,134.17724896574327,134.48037430469626,1915800
2011-05-31,135.81593322753906,136.04326267751208,135.52228971878705,135.98643031501882,1345700
2011-06-01,135.31845092773438,136.46498294182175,135.17632543184567,136.10491240778182,1773600
2011-06-02,136.7682342529297,136.98617936348126,135.93440696948676,136.41764827438027,2031400
2011-06-03,138.09478759765625,138.20848802030062,136.93878510628966,137.06195574470615,2232700
2011-06-06,137.4409942626953,138.075845779804,137.39361426265967,138.01899556309965,1182300
2011-06-07,138.56863403320312,138.7107596388407,138.24645856317036,138.37911394788296,1218400
2011-06-08,137.52622985839844,138.1705658643825,137.4599094441844,138.0568510054783,1689000
2011-06-09,136.94822692871094,137.1945826128119,136.65449125888316,136.71134145841864,2116500
2011-06-10,135.29953002929688,136.49344232803736,135.16687471369738,136.43659211540117,2100800
2011-06-13,136.03858947753906,136.18071497079683,135.4226786039595,135.62166875286147,1107700
2011-06-14,136.37017822265625,136.83447878743544,136.15224771436002,136.17120259370563,1061500
2011-06-15,133.75498962402344,135.062587336222,133.63180457655574,134.92993207677173,5241800
2011-06-16,133.86880493164062,134.0014603049796,133.2244829635232,133.3760787770882,3104400
2011-06-17,135.0626678466797,135.32799298207863,134.68365672470551,134.8731622856926,3474800
2011-06-20,134.99632263183594,135.2521630443074,134.89209242366942,134.92051752968348,1295600
2011-06-21,135.98178100585938,136.14286145088593,135.5553898915718,135.61224011236388,1557400
2011-06-22,135.5364227294922,136.34183934006407,135.42272229820045,135.83964315739786,1574300
2011-06-23,134.64572143554688,134.67414653834152,133.385488864392,133.8403049674497,2128900
2011-06-24,133.90664672851562,134.26670286853457,133.50866635224926,134.1719573404639,1251200
2011-06-27,134.8162841796875,134.9489394907766,133.78346679632622,133.8687421123811,744200
2011-06-28,135.5933074951172,135.93442329788326,135.03424655562006,135.11005167382896,1502500
2011-06-29,136.26605224609375,136.34185736309084,135.4322104174734,135.84913133178358,2575600
2011-06-30,136.90089416503906,137.26096483075403,136.53135328224877,136.6640086130364,1040900
2011-07-01,137.2003936767578,137.2288297978933,136.33779276512115,136.75487516037174,1438800
2011-07-05,136.19564819335938,136.86867039231637,135.93972300824956,136.69805360224316,1580300
2011-07-06,135.12449645996094,135.39938383931258,134.88751909488346,135.3046015716519,1336500
2011-07-07,135.5226287841797,135.72168168878497,134.7832604963136,134.7832604963136,1551100
2011-07-08,134.6410369873047,135.40885570640117,134.1860445516521,135.1813522566005,1319900
2011-07-11,132.29974365234375,132.9158790780639,132.06276626338186,132.75473618924406,2506500
2011-07-12,131.93954467773438,132.68838692676522,131.7784017751316,132.00589083106343,3223300
2011-07-13,133.52252197265625,133.99647668440585,132.53670253635505,132.8968982817988,3201500
2011-07-14,133.43722534179688,134.55575161728905,133.2950302373852,134.3282625925523,1998400
2011-07-15,133.60784912109375,133.99649551068055,133.07702208358592,133.3803600844201,5193200
2011-07-18,133.2666473388672,133.34248186538645,132.36613584038108,132.9538353409591,3977500
2011-07-19,133.52252197265625,134.22398015306766,133.2381462528165,133.72158931572906,2032200
2011-07-20,134.33773803710938,134.40408418210924,133.81638490946168,134.1007606576287,1281700
2011-07-21,135.7596435546875,136.15776393748075,134.9918389261608,135.2477641596992,3117900
2011-07-22,135.69322204589844,135.75010875845126,135.2761540681562,135.64583814802836,1294200
2011-07-25,135.74057006835938,135.9585850951385,135.2855777843157,135.5983894995782,746700
2011-07-26,137.07716369628906,137.1814342972725,136.53684845557103,136.5842468130995,967000
2011-07-27,135.76907348632812,136.63167460173122,135.427825488144,136.63167460173122,1196200
2011-07-28,135.11505126953125,135.31411868392456,134.68849476892288,134.71693090469975,875100
2011-07-29,135.6837921142578,136.12931082457814,135.45628858219402,135.73119049143202,1149700
2011-08-01,134.6427001953125,135.87534752736053,133.9979392799588,135.82793523224308,1850300
2011-08-02,134.1970672607422,134.89873169793557,133.8936545772281,134.30136853561956,2063600
2011-08-03,135.23049926757812,135.46754614721877,134.67107210399257,135.18310146620465,1341400
2011-08-04,133.37210083007812,134.03582940345404,133.30572073864164,133.8556714046382,4215200
2011-08-05,134.8797149658203,135.04090515613353,133.62810012122685,134.24443087404552,3224700
2011-08-08,134.2254638671875,134.59525653380445,133.4574340571521,133.7798144397007,2001600
2011-08-09,135.42018127441406,135.52446803734856,134.10218641366478,134.72799380045288,3209800
2011-08-10,133.95997619628906,134.57629250187458,133.77981819269382,134.5478480242751,3074200
2011-08-11,134.37718200683594,135.01246612423023,133.9410092338945,134.17805619418482,2065000
2011-08-12,134.604736328125,134.94608448917438,134.2349436926712,134.7754031745514,1540300
2011-08-15,136.3873291015625,136.7381684244499,135.9606474870105,136.0459809162814,1833000
2011-08-16,136.0934295654297,136.69079266634324,135.7994935850441,135.9796516293324,1074900
2011-08-17,136.35890197753906,137.13642301392215,136.22615624793698,136.83299593586062,1051300
2011-08-18,135.4296417236328,135.5908318854951,134.81331107959986,135.5718640816892,2576000
2011-08-19,135.9700927734375,136.51056663713592,135.8278704241454,136.0933617882868,1233200
2011-08-22,135.69512939453125,136.2735244151404,135.66668492369757,136.2735244151404,992400
2011-08-23,136.43479919433594,136.47272035623598,135.7995148380334,136.2451644484283,1343900
2011-08-24,136.20721435546875,136.79510081402375,135.93224617333013,136.36841906398695,1204500
2011-08-25,135.89427185058594,136.5105880852778,135.3443212332595,136.44420799971587,1452000
2011-08-26,136.94680786132812,136.96577567546674,135.3633353835256,136.18826891422017,2040800
2011-08-29,137.0985107421875,137.42089121637795,136.8899082075462,137.34504890214643,1030300
2011-08-30,136.529541015625,136.6433189005387,136.06492387190247,136.36835085593228,571400
2011-08-31,135.7046356201172,136.4537120970806,135.66671447347755,136.4252676200514,1494000
2011-09-01,134.812255859375,135.22954551295604,134.40445927046136,134.99245043443364,1300200
2011-09-02,134.09144592285156,134.49925684267433,133.98712354532762,134.36646975207097,840800
2011-09-06,132.2610626220703,133.09562706468168,131.9860243568023,132.68783066800418,3003400
2011-09-07,133.24737548828125,133.24737548828125,132.3558960699897,132.49816173717406,2182600
2011-09-08,131.19888305664062,132.4602301675041,131.0945606799187,132.1093342054076,3480000
2011-09-09,129.0650177001953,129.92804688615973,128.75205059524794,129.88062499672,6272200
2011-09-12,129.1029815673828,129.36852682519407,128.05027912708417,128.85639349146433,4870700
2011-09-13,129.3779754638672,129.80474349575348,129.0175864955007,129.0175864955007,4110300
2011-09-14,129.91856384277344,130.22203787675164,128.81843971845453,129.6150753376668,2637400
2011-09-15,131.20840454101562,131.38858462063044,130.62989204862447,131.20840454101562,3976500
2011-09-16,130.36428833007812,130.83847821063532,130.06079986038068,130.4875678586568,3340400
2011-09-19,129.34007263183594,129.64354671529745,128.39169260543122,128.70465975068046,2865800
2011-09-20,129.15988159179688,129.6435502086892,128.9512368226752,129.2167820795335,1141500
2011-09-21,128.4580841064453,130.3832945885581,128.39170502316497,129.22626968674925,3753000
2011-09-22,127.31055450439453,127.83215200162545,126.74152063506497,127.13035996340243,2910400
2011-09-23,127.77519226074219,127.99333000981177,127.168229834762,127.37687452536073,2089700
2011-09-26,127.6519775390625,127.83215761683685,126.76049785781514,127.32951728100726,1712900
2011-09-27,128.43907165527344,129.15035651794096,128.3632140045145,128.80895367614303,1925900
2011-09-28,127.99340057373047,128.90383747906998,127.86062792207123,128.62881358318072,1267000
2011-09-29,128.42013549804688,129.08399858430596,128.06922506799356,128.75205980561145,1861300
2011-09-30,126.58024597167969,127.22513725340674,126.57076738381659,126.99753537568026,1683500
2011-10-03,124.79398345947266,126.20745219645332,124.68013646192685,125.92287089044561,2231400
2011-10-04,125.87544250488281,125.90390063698864,124.45247799901735,124.76553192732496,2400000
2011-10-05,126.11256408691406,126.47305294848269,125.46747951753544,125.88488462563825,1649600
2011-10-06,127.11811065673828,127.11811065673828,125.67616982610093,125.71412363685164,1431800
2011-10-07,126.51101684570312,127.81065297764528,126.2548792114396,127.37428535275077,2605100
2011-10-10,129.02491760253906,129.44232280098205,128.63598500866456,128.74033630827532,2510500
2011-10-11,129.27163696289062,129.30957632888328,128.25658160200962,128.41784923898948,1279300
2011-10-12,130.30557250976562,130.72297764793083,129.97354174755057,130.0684118153663,2064500
2011-10-13,130.28663635253906,130.3909876697196,129.32851205853186,129.74591732725406,1340300
2011-10-14,131.1214599609375,131.26375064621146,130.7514897040792,131.00762741271834,2048700
2011-10-17,129.85975646972656,130.43842935350062,129.73642823174583,130.334078031012,1710700
2011-10-18,130.05892944335938,130.56170895300866,129.01541660721563,129.46127986673707,2193700
2011-10-19,129.90716552734375,130.62812894518547,129.76486040234522,130.62812894518547,2207400
2011-10-20,130.25819396972656,130.31511024504496,129.0439318457795,130.04001008929058,3071100
2011-10-21,131.33018493652344,131.37761999805866,130.62818366118822,131.15942161002636,1793800
2011-10-24,131.6241912841797,131.89929133293697,130.71348780785428,130.732464717295,1648200
2011-10-25,131.37754821777344,131.7285414260959,130.88424990259605,131.51035763242035,2244700
2011-10-26,131.4249725341797,131.97518711776712,130.40045100627586,131.9087896461164,3283400
2011-10-27,134.09068298339844,134.64088314072524,133.34124696799626,133.5973846102982,4076300
2011-10-28,133.8061065673828,134.09070238053792,133.60688515563092,133.68277833748192,1044400
2011-10-31,130.78941345214844,132.4305763605485,130.71352027067812,132.3926225322412,2068800
2011-11-01,129.45899963378906,130.11374588171714,128.7378376176335,128.84221766410218,3795700
2011-11-02,129.81011962890625,130.73055801845817,129.62034165231577,130.5312817316027,1884200
2011-11-03,130.55978393554688,130.92985616029242,129.09847718323087,129.99993368154588,3490400
2011-11-04,130.12330627441406,130.4459303977438,129.57293981036744,130.14227394345463,1805800
2011-11-07,130.25616455078125,130.5693048689137,129.72478018515218,130.1422861301907,2083000
2011-11-08,130.8064727783203,130.88237238604205,130.12326047577216,130.5597483762642,1455100
2011-11-09,128.13050842285156,128.6239425664849,127.83635049386142,128.61444425966184,3370200
2011-11-10,128.58604431152344,128.8707185589641,128.0926243937022,128.80430277273703,1559700
2011-11-11,129.99989318847656,130.40791510032614,129.3166809126592,129.36412902497756,1701000
2011-11-14,128.78529357910156,129.08893542789826,128.48163725117422,129.07945159732452,1419300
2011-11-15,127.9123306274414,128.30138495087536,127.58970656957928,128.1115924658894,1594500
2011-11-16,127.37145233154297,128.11159671430474,127.36196849863266,127.47583241009318,1529100
2011-11-17,127.29550170898438,127.97871393999803,127.124705890796,127.77945215211159,2203500
2011-11-18,127.74154663085938,128.2919130967262,127.54228475131768,128.23498113114286,2596900
2011-11-21,127.62764739990234,127.9882357210461,127.02983296834985,127.31450719666688,1854500
2011-11-22,127.71305847167969,128.00721656220648,127.45686467104073,127.72255678371874,2039600
2011-11-23,126.08087158203125,126.6976678779963,125.91007580966092,126.66920191593458,2186500
2011-11-25,125.16047668457031,125.69187527756881,125.02763065610348,125.2553729102457,992400
2011-11-28,125.82473754882812,126.63129765466353,125.67290935980039,126.57436570356138,1821500
2011-11-29,125.9765625,126.37510067241081,125.79628279846732,125.85321475464967,1542500
2011-11-30,127.01084899902344,127.58018290343452,126.88748680412549,127.54223310145946,2081400
2011-12-01,127.26997375488281,127.75395695676741,127.08966202853068,127.42181673292075,1185600
2011-12-02,126.73848724365234,127.61156229819855,126.3304112130656,127.61156229819855,1914100
2011-12-05,126.63410186767578,127.49769220295113,126.46327495890549,127.39330200329654,1621400
2011-12-06,126.67207336425781,126.88085379324447,126.36840195516646,126.38737146286327,2034900
2011-12-07,126.71946716308594,126.95671622382422,126.24496904160938,126.33037522814713,1339300
2011-12-08,126.07421875,126.44432688777903,125.63767389184342,126.01726678373039,1666800
2011-12-09,126.40631866455078,126.60561428169038,126.05519462732049,126.07417861003283,1216600
2011-12-12,124.68868255615234,125.29603989767534,124.42296462426985,125.28655514315855,1637800
2011-12-13,123.17975616455078,124.88795286561374,122.98995974899674,124.57478226370733,2938800
2011-12-14,122.74323272705078,122.99946589691568,122.39210857317207,122.72426321857252,2967200
2011-12-15,123.02793884277344,123.2936567759543,122.74323691992498,123.28417202139117,1233200
2011-12-16,123.25569152832031,123.35058250653049,122.85711466654169,123.3126290113544,2250400
2011-12-19,122.82865142822266,123.1892748534972,122.76222918072288,123.09438385984862,1491200
2011-12-20,123.62577819824219,124.13822993717336,123.49291926736836,124.0812924640185,1892200
2011-12-21,123.28416442871094,123.64477332693832,123.12283672782544,123.30313393666893,1505600
2011-12-22,123.36005401611328,123.53086642682625,123.13228965462598,123.21769585998246,614700
2011-12-23,123.27462768554688,123.42647058625228,123.14176876756365,123.30309641936213,458400
2011-12-27,123.5308837890625,123.6162900064228,123.42649358544254,123.45496232456264,432300
2011-12-28,122.29718780517578,123.01843449224121,122.05993865401774,123.01843449224121,1329400
2011-12-29,122.56292724609375,122.56292724609375,121.96506912682146,122.06945935090735,855300
2011-12-30,122.34463500976562,122.86658601486403,122.21177607033496,122.48699318235883,886900
2012-01-03,123.3885269165039,123.59730730144764,123.132293811248,123.22719925187232,1049400
2012-01-04,122.38259887695312,122.51545781192804,121.91758536427197,122.38259887695312,982300
2012-01-05,120.94961547851562,121.14891113876156,120.77879579849737,121.09196641857577,1246800
2012-01-06,120.24735260009766,120.5320544626695,120.02908744702582,120.5320544626695,1555400
2012-01-09,120.72187042236328,120.77880790798815,120.24737206810184,120.60798821084323,1081800
2012-01-10,120.7313461303711,121.00655600755006,120.66491665934647,120.8736970655008,1002700
2012-01-11,120.1050033569336,120.16194807440982,119.68744979030022,120.07653461833009,1268400
2012-01-12,121.2437973022461,121.42410171748448,120.5700106425465,120.94960345795499,1641700
2012-01-13,119.88671875,120.10498387072762,119.33629909207005,120.01008567735613,2640900
2012-01-17,120.34226989746094,120.54155833676677,120.152473452485,120.23787968064309,1037500
2012-01-18,121.5569839477539,121.5854526903388,121.05401685470027,121.19636780789494,1368800
2012-01-19,122.57241821289062,122.57241821289062,121.68035899097698,121.94607691062693,1284900
2012-01-20,122.22124481201172,122.40155645201935,121.97451095125925,122.07890113860384,2186600
2012-01-23,123.20823669433594,123.3505803994897,122.89506606245796,123.00894102658097,1251200
2012-01-24,123.11333465576172,123.12283389006221,122.45852463279256,122.57241408061769,1688600
2012-01-25,123.93898010253906,123.99591759008295,122.3731267923765,122.60089122309316,1942500
2012-01-26,123.82508087158203,124.58428110016172,123.75865863487152,124.47989088772526,1768800
2012-01-27,124.91638946533203,124.93535896563014,123.82503501573882,123.82503501573882,1579400
2012-01-30,124.04335021972656,124.15722517635884,123.66374289672108,123.73017960844906,1121100
2012-01-31,123.62577819824219,124.41344703147176,123.25567014219816,124.41344703147176,1068800
2012-02-01,124.29010009765625,124.90694216609886,124.22366337738735,124.41347430356102,988900
2012-02-02,124.20469665527344,124.61275829851084,124.08132244660123,124.19519742042732,536100
2012-02-03,124.24259948730469,124.43239585979678,123.63524240700897,123.68269512026576,1429900
2012-02-06,124.06233215332031,124.18570635572334,123.30313191179579,123.36956863017902,1122700
2012-02-07,125.23908996582031,125.40041765982376,124.49887373190346,124.62224793106954,1531500
2012-02-08,125.27703857421875,125.51428772918278,124.92591445864451,125.18214760055668,1570200
2012-02-09,125.53327941894531,125.87491880227834,125.37195172133528,125.69460711655533,1706600
2012-02-10,124.4893569946289,124.68865263598862,124.4134500156267,124.52732496466778,1229600
2012-02-13,124.64122772216797,125.18216281187573,124.62225821345406,125.16317882262081,1042500
2012-02-14,123.97689819335938,124.52731788332093,123.59730539778303,124.36599022117414,1112900
2012-02-15,123.42646789550781,123.82504464076837,123.246156264918,123.82504464076837,1951700
2012-02-16,124.16673278808594,124.37551323404034,122.92354934752014,123.0184548158781,2367200
2012-02-17,124.33755493164062,124.68867908602603,124.15724323705109,124.66021034272671,815700
2012-02-21,125.09674072265625,125.44786483638515,124.91642904894492,125.12520946265919,1228400
2012-02-22,125.12517547607422,125.34344058365775,124.84047367283667,125.07772276211209,992900
2012-02-23,126.349365234375,126.3588499842649,125.37190021595124,125.60914928800622,1639000
2012-02-24,127.2319564819336,127.4122536373773,126.78592700783693,126.78592700783693,1457700
2012-02-27,126.59613800048828,126.78594890095023,126.30195137752635,126.33042011648791,1259100
2012-02-28,127.18453979492188,127.25096203299965,126.5012610231891,126.95677537749754,1307200
2012-02-29,125.85591125488281,127.25093726897596,125.78948902973131,127.10859358612458,1920200
2012-03-01,125.72309112548828,126.01727781453313,125.63768488941885,125.71360637055008,1021400
2012-03-02,124.75508880615234,124.95436996611627,124.59374665498841,124.94488521391627,976300
2012-03-05,124.88796997070312,125.1062351544577,124.72662779081898,124.96387696289058,1097800
2012-03-06,123.92943572998047,124.07179387753158,123.79657681392092,123.98637319678659,1938500
2012-03-07,124.20469665527344,124.36602436170736,123.73019829027687,123.88202676186468,1024700
2012-03-08,125.34346008300781,125.56172522454627,124.94488328868378,124.94488328868378,1116400
2012-03-09,123.92943572998047,124.17618406018806,123.73963934711479,124.10026261093464,1613600
2012-03-12,124.23311614990234,124.30903759586971,123.80607068680413,124.00535181200021,1330900
2012-03-13,123.50238800048828,123.98637094006696,123.36952908684694,123.4169818018336,1481100
2012-03-14,123.06584167480469,123.45493365982195,122.93298276291287,123.33157397912369,1060500
2012-03-15,123.59732818603516,123.94845231070862,123.23670482737185,123.35057979093305,1013900
2012-03-16,124.39447021484375,124.57478187724912,123.99589339925525,123.99589339925525,1534400
2012-03-19,125.03980255126953,125.32450446323439,124.22366479325868,124.29010151428481,1387100
2012-03-20,124.91638946533203,125.19159202500032,124.56525098233304,124.66015640596186,746000
2012-03-21,124.76457977294922,125.22959330359048,124.49886189273661,124.96386094283945,732500
2012-03-22,124.55581665039062,124.69816036291775,124.15723977477423,124.18570851727965,554600
2012-03-23,125.33399200439453,125.476335706826,124.88796242939004,125.03979088513715,836500
2012-03-26,126.17858123779297,126.2639874476172,125.72305249098883,125.75152122759692,593600
2012-03-27,125.83697509765625,126.06472505057218,125.79900711847608,125.9793188182287,704100
2012-03-28,125.81798553466797,125.92237575197731,125.40990941953483,125.8654382662705,1036600
2012-03-29,125.5617446899414,125.59021343105385,125.2011213284641,125.33399476104184,520900
2012-03-30,125.95082092285156,126.13113258087112,125.71357178978117,126.10266384334571,431600
2012-04-02,125.90336608886719,125.97928754784114,125.43835258285334,125.46683580043903,719000
2012-04-03,124.98284149169922,126.06469696868194,124.80252983211243,125.84643181891069,1151600
2012-04-04,124.08130645751953,124.19518141667172,123.87252604538115,123.98640100453333,1066500
2012-04-05,123.40748596191406,123.51187614553929,123.2271888088668,123.24615831095434,843700
2012-04-09,123.84406280517578,124.03385923903745,123.28415825709494,123.30312776410331,448900
2012-04-10,123.54988098144531,123.85355239136511,123.29364782143716,123.62580245406032,1158900
2012-04-11,123.77760314941406,124.23313188290692,123.68271219033915,124.10975770751881,1250400
2012-04-12,124.58428192138672,124.79306234763585,124.22365855231276,124.2521272940249,984300
2012-04-13,123.51187896728516,124.02434514607529,123.43597199612897,124.02434514607529,776500
2012-04-16,124.07182312011719,124.1856980805687,123.03740580070541,123.24618621522602,1104300
2012-04-17,123.95793914794922,124.25212579578749,123.75865795836711,124.03386061844617,743600
2012-04-18,123.87255096435547,124.06234742796944,123.38856781005856,123.40753732004057,1244100
2012-04-19,124.02435302734375,124.21414942836763,123.69219846514908,123.75863516980289,1001500
2012-04-20,124.77408599853516,124.88797545289631,124.48938408344365,124.49888331828929,1011000
2012-04-23,124.17622375488281,124.25213074786518,123.75866289077759,124.03386556182488,1597200
2012-04-24,124.50836944580078,124.83102486221063,124.47041594762243,124.49888469139147,1041500
2012-04-25,124.85002899169922,124.96390398514508,124.39451453737239,124.85952822818199,1013700
2012-04-26,125.01129913330078,125.1536572900672,124.72659730030468,124.80251875447276,928400
2012-04-27,124.99236297607422,125.2675656503834,124.99236297607422,125.13470669027886,497300
2012-04-30,124.99236297607422,125.05878521585618,124.84052002722885,124.90694226701082,544000
2012-05-01,125.00183868408203,125.44786826369928,124.68866805495463,125.30551007925615,528900
2012-05-02,124.2236557006836,124.33754514545784,123.98640653816851,124.08131199539042,902300
2012-05-03,124.21417236328125,124.46090628211553,124.09079816359417,124.30907782158513,740500
2012-05-04,123.6067886352539,124.44191015193564,123.51188319725398,124.18567705376525,1005700
2012-05-07,123.27462768554688,123.35054913589957,123.07534654884003,123.26514293445379,887000
2012-05-08,122.85713958740234,123.16081105202885,122.56293839781594,122.78121810111,1324100
2012-05-09,122.24977111816406,122.4775210758946,121.9081317010267,122.19281914818987,1813900
2012-05-10,122.22124481201172,122.54391460596369,122.19277607733015,122.43952441861909,555200
2012-05-11,122.00299835205078,122.33515294820316,121.9555456268092,122.00299835205078,422400
2012-05-14,121.2153091430664,121.414597511305,121.09193498158463,121.19632516117642,1628100
2012-05-15,120.19991302490234,120.88318449617634,120.1239915591154,120.75981754447469,1763700
2012-05-16,119.99112701416016,120.4561332999318,119.81081535139866,120.27582163717031,1411300
2012-05-17,119.962646484375,120.26632506323111,119.76335085550741,120.00059997149714,1339700
2012-05-18,120.60797882080078,120.72186102345444,119.95317606628406,120.0575662753158,1756600
2012-05-21,121.05403900146484,121.09199974527968,120.18096361453858,120.24739310614663,1117500
2012-05-22,119.73490142822266,120.65542930514809,119.52612101404127,120.50359361136955,1717400
2012-05-23,118.99467468261719,119.62101586966823,118.46323894107252,119.62101586966823,3500000
2012-05-24,118.32091522216797,119.0516395348293,118.21652500032054,118.89980381958708,1687300
2012-05-25,118.1310806274414,118.4727126865024,118.09311990081946,118.19751008896276,804400
2012-05-29,118.0172348022461,118.47274918149206,117.65661864865382,118.40631969950742,1423300
2012-05-30,116.78351593017578,117.39087315753736,116.73607044569803,117.34342767305961,1993200
2012-05-31,116.7550048828125,117.06817537601266,116.48928709716388,117.05868338644903,1421700
2012-06-01,117.24851989746094,117.63760469561758,116.68860820026062,117.08718499064607,2091100
2012-06-04,117.96976470947266,118.09313890091083,117.73251556011549,117.75149954661495,932900
2012-06-05,117.5901870727539,117.7230460343574,117.30548516059194,117.50477360299716,689100
2012-06-06,118.74794006347656,118.80488478195441,117.69455327500327,117.72302925437687,1615100
2012-06-07,118.62458801269531,119.17500783873908,118.44427632202952,119.13704710174258,1052000
2012-06-08,118.00772094726562,118.15956387239983,117.390871734379,117.50475392822965,1253300
2012-06-11,117.83690643310547,118.58661461815677,117.79894570016079,118.52018514557093,1411000
2012-06-12,118.03619384765625,118.13109929934612,117.44782059268793,117.88435815743745,1179600
2012-06-13,118.66254425048828,119.02316037787648,118.13110843322778,118.2829441351865,1439200
2012-06-14,119.10855865478516,119.24141759215874,118.5866076577682,118.67202111194781,1885400
2012-06-15,119.49765014648438,119.49765014648438,118.92825363448037,119.0516205859959,1234600
2012-06-18,118.70999908447266,119.00419299813196,118.52969462672016,118.8618420386543,1442000
2012-06-19,119.70645141601562,120.14298905929516,119.2699137727361,119.33634325670754,1848900
2012-06-20,119.69694519042969,120.27583372775898,119.26989959285162,119.86776487751489,2671500
2012-06-21,118.40633392333984,119.44074425595649,118.28296693919735,119.41227550886755,1312900
2012-06-22,118.55815887451172,118.74795531977061,118.17855874372366,118.70999458266478,856200
2012-06-25,117.98873138427734,118.0266921114371,117.72301353442742,117.89383318651214,636500
2012-06-26,117.9223403930664,118.00774662683769,117.42885801926312,117.77049743488978,1449700
2012-06-27,117.65660095214844,117.8179286355218,117.46679728911853,117.77047590969696,603300
2012-06-28,117.48579406738281,117.54273155235641,117.16313142523525,117.3719118571654,916500
2012-06-29,119.4596939086914,119.77286453617194,119.35530369953122,119.67796632064534,1590100
2012-07-02,118.78591918945312,118.96623088539337,118.62459148270156,118.91877815269211,513000
2012-07-03,119.03266143798828,119.1750123971024,118.57713981687722,118.59612380623673,357900
2012-07-05,116.93535614013672,116.99229361629477,116.69810700245272,116.89739540927499,1078800
2012-07-06,115.91044616699219,116.40392846215256,115.70166575290662,116.35647573521689,1393200
2012-07-09,116.20464324951172,116.30903346594052,115.86300385761209,116.01484680524314,830400
2012-07-10,115.61626434326172,116.05280193620865,115.46442140296544,116.04330994237266,895800
2012-07-11,115.5403060913086,115.92939807174945,115.25560428902173,115.65418826027685,833600
2012-07-12,115.17973327636719,115.2366707620694,114.89503136731548,114.98044483613911,764400
2012-07-13,115.51185607910156,115.66369175539829,114.93296763016595,114.94245962251848,895300
2012-07-16,115.86299896240234,115.97688116831412,115.24615692445592,115.53085157883044,977600
2012-07-17,115.93891143798828,115.98636416350409,115.01838358902882,115.87248196642777,962100
2012-07-18,115.8819580078125,115.92941072679619,115.49286598489772,115.49286598489772,612300
2012-07-19,115.83450317382812,115.92940861006264,115.38847368849159,115.55929333733816,543200
2012-07-20,114.7431869506836,114.99941285716856,114.61981275399806,114.97094411647798,2131100
2012-07-23,114.50593566894531,114.5913418894341,113.92704715140032,114.10735158585541,1565000
2012-07-24,113.8985824584961,114.28767458666812,113.62337978280166,114.2497138492657,1114900
2012-07-25,114.68622589111328,114.76214734898575,114.29714108998716,114.67673389881205,837100
2012-07-26,115.91991424560547,116.30899901318342,115.81552406009888,115.98634370544893,1327200
2012-07-27,116.05279541015625,116.88790981401466,115.86299174545924,116.27106057422097,2122600
2012-07-30,115.64472198486328,115.6921747092188,115.40747284362406,115.42644958920475,412600
2012-07-31,116.06226348876953,116.31848933297817,115.79653841294649,115.929404570992,1011300
2012-08-01,115.30309295654297,116.28055834744333,115.28411620926474,116.18566013051249,1097800
2012-08-02,114.9234848022461,115.35053760893979,114.48694724271229,114.99940626658311,1461900
2012-08-03,116.77403259277344,116.90689153535224,115.85350474757077,115.94840295794572,1238800
2012-08-06,116.92587280273438,117.25802017202521,116.72658438115987,116.8119906017191,757900
2012-08-07,116.95433044433594,117.34342249734566,116.9353536994357,117.30546176727624,689700
2012-08-08,116.59371185302734,116.74554752975946,116.39442345466523,116.42289219153571,422300
2012-08-09,116.00535583496094,116.24260501252606,115.73014592015298,115.97688709209638,476900
2012-08-10,115.97689056396484,116.19516299957786,115.5023921946301,115.60678241510539,354700
2012-08-13,116.36597442626953,116.72659055481974,116.26158421321843,116.47036463932065,416000
2012-08-14,116.2710952758789,116.48936774535755,116.19518102761262,116.44191500495343,706300
2012-08-15,115.89147186279297,115.96738609111249,115.7016681913198,115.87248787551079,659700
2012-08-16,116.54627990722656,116.72659159324076,116.23311650555728,116.3090307373216,1014600
2012-08-17,116.33748626708984,116.50830593963262,115.92942469185519,116.49882118690805,985700
2012-08-20,116.47986602783203,116.5178267689328,116.11924984778129,116.15721058888205,502700
2012-08-21,117.5806884765625,117.78946890172298,117.49527501160141,117.51425899949054,1154700
2012-08-22,118.1310806274414,118.2639395504841,117.333919848917,117.37188057553897,1206600
2012-08-23,118.48221588134766,118.74793375255807,118.25445874034858,118.34935694574246,843400
2012-08-24,118.00772094726562,118.48221922790623,117.8558852624006,117.8558852624006,507900
2012-08-27,117.90330505371094,118.14055414233172,117.8653443306995,118.14055414233172,410500
2012-08-28,118.53919219970703,118.61510644009971,118.32091975286697,118.52970020455635,566400
2012-08-29,118.16907501220703,118.36837070601575,118.09316077295745,118.29244922649536,492600
2012-08-30,117.96976470947266,118.45375500143673,117.7799682860947,118.36834878299749,498200
2012-08-31,118.60560607910156,119.18448738224718,118.43478639022041,118.96622220439735,1079900
2012-09-04,118.49172973632812,118.8238771366241,118.42530025626893,118.60561194797401,622600
2012-09-05,118.77641296386719,119.06110758779901,118.7004915013777,118.86181917896599,2673600
2012-09-06,119.19397735595703,119.27939081908492,118.48222987106047,118.64355756330559,2669200
2012-09-07,120.79777526855469,120.81675201439401,120.266339501822,120.36123771155722,1553100
2012-09-10,120.3327865600586,120.75034019197552,120.30431057673371,120.54155975588188,778900
2012-09-11,121.291259765625,121.38616522303337,120.87370616216158,120.90217490327615,829800
2012-09-12,121.57596588134766,121.73729358011528,121.44310692468372,121.71830959186607,939000
2012-09-13,122.52495574951172,122.82862714190287,121.21534300371233,121.60442785793263,2441700
2012-09-14,123.7491683959961,124.17622851098638,123.54038795594694,123.57835593443278,2503700
2012-09-17,123.62577819824219,124.20466664287899,123.46445053079094,123.8440433388483,1080200
2012-09-18,122.95203399658203,123.26520470602435,122.87611250818298,123.11336172922627,916600
2012-09-19,123.10380554199219,123.30308666293078,122.69572958870266,122.81910374583074,805300
2012-09-20,122.27822875976562,122.35413575175558,121.84168391285199,121.92709013924588,1196200
2012-09-21,122.46802520751953,122.8855860661884,122.41108772325383,122.78119585152118,1056300
2012-09-24,121.87960815429688,121.97451359231471,121.62338953661491,121.73726447780689,1018100
2012-09-25,121.67084503173828,122.2971717031216,121.67084503173828,122.05992258320057,1114000
2012-09-26,121.2817611694336,121.37665937574076,121.0255280481083,121.23430844614549,1008900
2012-09-27,121.74674987792969,121.88910803571477,120.9590883161719,121.33868834946018,1247700
2012-09-28,121.17737579345703,121.87013924331451,121.04451685128521,121.87013924331451,1004300
2012-10-01,121.50950622558594,121.97451972639998,121.40512327100001,121.75625458462655,991500
2012-10-02,121.80371856689453,122.24974812427881,121.73728185469146,122.02198372884679,973200
2012-10-03,121.66134643554688,121.82267410027228,121.50950352267455,121.67084566793713,580100
2012-10-04,122.74323272705078,122.85712218062453,122.29720310861742,122.38262381893294,903900
2012-10-05,122.84761047363281,123.2272178127706,122.69576753797769,122.97098466892001,730600
2012-10-08,122.27822875976562,122.35413575175558,122.18332329896779,122.32566700962428,322600
2012-10-09,121.33871459960938,121.89861915863008,121.21534763921584,121.77525943850652,773500
2012-10-10,121.6233901977539,121.73726513956491,121.35766510623525,121.50001602376742,664500
2012-10-11,121.87960815429688,122.09788776563053,121.85113941899887,121.98399834390177,951300
2012-10-12,122.14535522460938,122.41107310648086,121.97452831166997,122.29718367100841,855600
2012-10-15,122.11685943603516,122.2022801239819,121.87961031731683,122.15482740413081,360400
2012-10-16,123.01842498779297,123.11331595260147,122.69575516193797,123.0089257549356,1023000
2012-10-17,123.69220733642578,123.85353501289345,123.52139490741469,123.64475461263217,568300
2012-10-18,123.21772003173828,123.62579611605537,123.05639234090486,123.49293716592551,563200
2012-10-19,122.72423553466797,123.08484436144036,122.67678281309495,123.08484436144036,696800
2012-10-22,123.0848617553711,123.31262616278599,122.92353406365457,123.0089402862328,444800
2012-10-23,122.33515930175781,122.35412880840869,122.06944140325115,122.26872258686143,822700
2012-10-24,122.1643295288086,122.32565721481492,121.97453310295049,122.23076624215543,445400
2012-10-25,122.02197265625,122.43003420376427,121.9840046868539,122.35411274550957,353600
2012-10-26,121.9176025390625,122.09791422204461,121.71830686825598,121.83219631466253,796400
2012-10-31,122.13587188720703,122.47751127701135,122.11688789873446,122.41108903816794,267900
2012-11-01,121.96504974365234,122.34464259970648,121.8511603024047,122.28770511935228,468300
2012-11-02,120.92112731933594,121.23429788912098,120.83572111317734,121.21532114561965,452400
2012-11-05,120.5415267944336,120.57948752154958,120.38019913439193,120.4845893238938,659800
2012-11-06,120.77879333496094,120.86420679336267,120.60797365842691,120.75981658879913,425200
2012-11-07,120.32324981689453,120.38967927273981,120.14293819091407,120.25682036104926,682000
2012-11-08,120.0670394897461,120.21888241202493,119.89621982231694,120.02908599944543,379400
2012-11-09,119.79186248779297,119.94369820228133,119.7064490156734,119.73491775962306,395600
2012-11-12,119.79186248779297,119.90573746359159,119.78237049305288,119.84879997569227,223900
2012-11-13,119.71592712402344,119.9057235551862,119.49765471194348,119.5545994335081,380200
2012-11-14,120.0006332397461,120.4466628599043,119.93420375846321,120.11451545348982,522300
2012-11-15,120.3327865600586,120.62697322531581,120.2568650850663,120.3517633086715,502800
2012-11-16,120.03856658935547,120.1144880478622,119.61152105572559,120.03856658935547,919500
2012-11-19,120.70288848876953,120.81676345512746,120.36124910915578,120.38022585679211,590500
2012-11-20,120.8072509765625,120.8072509765625,120.47509642686033,120.63643132595818,246600
2012-11-21,120.82624816894531,120.91166162883734,120.73134995594161,120.79777942907116,176200
2012-11-23,122.33515930175781,122.39209678278931,121.85116175191114,121.88912972629176,492900
2012-11-26,122.19279479980469,122.24974675843052,122.07891984363037,122.12637256888256,774600
2012-11-27,121.81320190429688,121.98401433848183,121.68982771480418,121.87962413518925,256800
2012-11-28,121.94606018066406,121.96504416676049,121.38615567539728,121.42410916705155,390600
2012-11-29,122.2686996459961,122.6198381807065,121.98399781371677,122.38258906722984,303600
2012-11-30,122.5059814453125,122.69577789062609,122.33516898869243,122.34465374276891,268300
2012-12-03,122.97098541259766,123.17976583025123,122.8286272293578,122.8381264632308,389500
2012-12-04,123.36005401611328,123.49291294018005,123.17974237333625,123.36005401611328,442400
2012-12-05,123.18924713134766,123.33160531059809,123.08485692544629,123.17026314467313,184600
2012-12-06,122.20228576660156,122.81912771153671,122.02197411116393,122.81912771153671,464900
2012-12-07,121.81320190429688,122.02198231088205,121.50951604724985,121.60442149771171,495700
2012-12-10,121.94606018066406,121.95554493344298,121.74676452799798,121.87013871681691,232900
2012-12-11,122.49649047851562,122.61986467795549,122.30669404282804,122.36363152548033,296700
2012-12-12,123.0848617553711,123.40751713880415,122.68628490279976,122.85711182849582,969500
2012-12-13,123.20823669433594,123.41701711558792,123.04690900164844,123.15129921227442,296700
2012-12-14,123.9484634399414,124.09080715717384,123.25569988184203,123.35059086648334,795800
2012-12-17,123.99592590332031,124.13826963172342,123.90102043069021,123.92000442132465,316100
2012-12-18,124.5652847290039,124.71712765573281,124.12875441533144,124.1572231540258,453200
2012-12-19,124.73612976074219,125.29603434378032,124.70766101791249,125.1916441265579,382000
2012-12-20,124.75508880615234,125.08722889960478,124.49885569137531,125.03029142532938,352000
2012-12-21,124.19517517089844,124.29008061911183,123.9674252640476,124.26161188075548,593800
2012-12-24,124.23311614990234,124.50831872106579,124.09075800851281,124.4703652383497,165900
2012-12-26,124.57476806640625,124.84997066551509,124.44190914260601,124.46087864562271,297200
2012-12-27,124.7076416015625,125.07774968126517,124.34701827447945,125.04928094286792,384100
2012-12-28,124.4798812866211,124.66967770899208,124.42294380796369,124.53681876527851,264600
2012-12-31,124.28060150146484,124.59375763758342,124.12875856965408,124.53682015828913,348200
2013-01-02,124.19517517089844,124.89743783827794,123.9104877873349,124.72661092760148,380500
2013-01-03,122.97098541259766,123.56885792501828,122.9140479315175,123.46446771619149,577200
2013-01-04,123.18924713134766,123.31262132392355,122.76220155467443,122.83812302083352,572500
2013-01-07,123.51187896728516,123.55933168466,122.95197455165648,123.0373807546094,1065200
2013-01-08,123.22721862792969,123.34109359015464,122.99945422294033,123.26517212182486,426400
2013-01-09,123.02793884277344,123.18926655359459,122.80017440838641,122.82864315261712,2180200
2013-01-10,124.79307556152344,124.92593453042811,124.15724946172666,124.20470219645154,1360900
2013-01-11,125.60919189453125,125.85592580016804,125.44786420847576,125.77051958058674,578100
2013-01-14,126.0457763671875,126.14066736973356,125.64718492264562,125.7895431472802,365900
2013-01-15,125.39091491699219,125.80847570299665,124.92590140884401,125.60918006220807,776100
2013-01-16,125.09674072265625,125.36245861637637,124.96386729525703,125.19163169581962,482900
2013-01-17,125.94137573242188,126.06473547360363,125.56176831194063,125.64717455134549,475300
2013-01-18,125.44789123535156,125.59023496532069,125.0777830568896,125.49534397218868,851500
2013-01-22,125.40989685058594,125.46684881112547,125.04928798373726,125.40989685058594,381400
2013-01-23,125.41938781738281,125.65663695543905,124.90692157007992,125.4953092792254,431900
2013-01-24,125.93187713623047,126.10270409645035,125.59973693223256,125.70412716332734,268900
2013-01-25,126.7290267944336,126.909338504023,126.67208930309842,126.75751002064322,418200
2013-01-28,126.69102478027344,126.83336845410409,126.51071313973029,126.83336845410409,277700
2013-01-29,127.03264617919922,127.08958364070902,126.7669283717971,126.81438108323344,696600
2013-01-30,127.72549438476562,127.92479011314552,127.5641666430029,127.58315063631149,648600
2013-01-31,127.84883117675781,127.99117488352307,127.72545697720136,127.7349562113456,240400
2013-02-01,128.57949829101562,129.09194985937117,127.89621987951982,128.30428128832648,1104300
2013-02-04,127.22251892089844,127.86784432667,127.1655814252069,127.6495646191282,722000
2013-02-05,127.81083679199219,128.0101324208234,127.12757266016044,127.26991633751355,779600
2013-02-06,127.28892517089844,127.49770559213269,127.15606621925298,127.19401971377752,212800
2013-02-07,126.14064025878906,126.71952882791317,125.88440709395302,126.59615462252164,752300
2013-02-08,125.8274917602539,126.20709919731068,125.70413201368565,126.06474097821074,208900
2013-02-11,126.15959930419922,126.3873492007664,125.78949124173988,125.99827163395157,476400
2013-02-12,126.61508178710938,126.85233085682302,126.28294177783071,126.36834796759945,362700
2013-02-13,126.55818176269531,126.9282898417038,126.41583807097602,126.83338439353206,181300
2013-02-14,125.76103973388672,125.78000924084103,125.3814323867059,125.56174406654932,472000
2013-02-15,125.79899597167969,125.91287093804742,125.60919953422014,125.7515432421798,598700
2013-02-19,126.03623962402344,126.10267633852439,125.73256823348306,125.78000648036735,811300
2013-02-20,124.96392059326172,126.01730786426478,124.92596708391676,125.98883911211972,1327900
2013-02-21,124.10980224609375,124.53684791652485,123.88203779761079,124.33756669457671,1072000
2013-02-22,124.12874603271484,124.16669952156475,123.74913874152809,124.04333982239939,585900
2013-02-25,122.94253540039062,125.2011378836894,122.82864594034162,125.13471563915732,2378900
2013-02-26,122.96150970458984,123.54988302641954,122.71476129437183,123.20824363426735,1343900
2013-02-27,123.68273162841797,123.7017156154313,123.07537436884508,123.14179660258279,1128300
2013-02-28,122.88558197021484,123.47395526206941,122.88558197021484,123.38854903851757,484100
2013-03-01,122.58187866210938,122.78117430260188,122.05044292817963,122.35411428448047,785200
2013-03-04,122.54393768310547,122.63882865640151,122.24025181526409,122.40157950235262,248800
2013-03-05,122.75271606445312,122.88557500929892,122.47749894121178,122.80015431004601,498500
2013-03-06,122.28772735595703,122.58191404497431,122.2118058748329,122.57242929003701,976300
2013-03-07,123.3410873413086,123.4739462840198,123.03740148337512,123.10383819500008,917300
2013-03-08,122.34463500976562,122.52494667339401,121.95554294409786,122.17382257929978,1198700
2013-03-11,122.68627166748047,122.75270837601168,122.26871087253586,122.31616359569557,696400
2013-03-12,122.64830017089844,123.02789293937087,122.48697252027085,123.01840818834663,414500
2013-03-13,121.95553588867188,122.17381551124579,121.65186453634352,122.11686355718031,797700
2013-03-14,122.41104888916016,122.66726748707218,121.74673983536721,121.7657238176133,730000
2013-03-15,122.93299102783203,123.1607553837603,122.77166337258397,123.15127063246442,1211600
2013-03-18,121.70878601074219,122.3066583652681,121.59491107865558,121.69930125991351,1681100
2013-03-19,121.291259765625,121.95555452586443,120.86421416836677,121.80372606676664,3422000
2013-03-20,121.78472137451172,122.13584544225647,121.69931516568796,122.00298651279597,1095900
2013-03-21,121.34818267822266,121.78472019081683,121.24379248605138,121.42409689412749,739800
2013-03-22,122.20228576660156,122.43003566354368,121.7372722594486,121.84166245572631,800500
2013-03-25,120.95911407470703,121.77525902625135,120.72186490841263,121.77525902625135,1514500
2013-03-26,120.9970703125,121.29125695088331,120.7313524145706,121.0255390529539,915500
2013-03-27,120.19991302490234,120.34225672291599,119.991132614123,120.1239915591154,784100
2013-03-28,120.60797882080078,120.85471997308215,120.53206459263475,120.53206459263475,1195800
2013-04-01,120.84520721435547,121.0729715805255,120.56051261704566,120.57948936075891,281200
2013-04-02,120.57003784179688,120.86422451218434,120.52258510903158,120.57952259613354,226800
2013-04-03,120.88319396972656,121.0350369132003,120.75033501432209,120.75033501432209,489200
2013-04-04,121.73729705810547,121.83220252152266,120.31380199009156,120.34227073300859,884700
2013-04-05,122.40155792236328,122.67677500163983,122.23074551222194,122.24972949574986,959200
2013-04-08,122.35411834716797,122.54392924176345,122.22125940927404,122.49647651811458,675600
2013-04-09,123.09436798095703,123.28416442431316,122.59138640927965,122.91405629157956,759800
2013-04-10,122.95203399658203,123.19878245401473,122.80969025617337,123.16081446954358,505300
2013-04-11,123.22721862792969,123.58782750182186,123.10384443182636,123.1512971595999,561000
2013-04-12,123.2462158203125,123.31265255022753,122.98049786173779,123.08488809407376,500500
2013-04-15,122.59136962890625,123.20822608605357,122.59136962890626,123.1323046229952,801600
2013-04-16,123.98639678955078,124.17620768907045,123.37903956048812,123.4644602574874,979100
2013-04-17,122.57241821289062,123.66375863427145,122.29720105861996,123.66375863427145,1322500
2013-04-18,122.79065704345703,123.19873306995721,122.54392316547056,122.80014179550123,645000
2013-04-19,122.86659240722656,123.50241839904889,122.7906709406679,123.07537282012812,529700
2013-04-22,122.85713958740234,122.94254582927765,122.4395786530659,122.45854816423183,585500
2013-04-23,122.2686996459961,122.55340147827542,122.1643094568449,122.24023091082184,637100
2013-04-24,122.43954467773438,122.53443564886167,122.04096784570645,122.18331154266683,688900
2013-04-25,122.31612396240234,122.61980970779277,122.17378031958391,122.61031047791597,519400
2013-04-26,122.59136962890625,122.61985284802428,122.29718300989161,122.42055719742876,325500
2013-04-29,123.18924713134766,123.34109006366583,122.99945070621945,123.05638818570401,269600
2013-04-30,123.87255096435547,124.02439392746344,123.2746783474566,123.29366233798059,730400
2013-05-01,123.99592590332031,124.37551883275661,123.7776462123795,124.29011259571475,632600
2013-05-02,122.8760986328125,123.17978455211596,122.61987992900956,122.97100410273025,957500
2013-05-03,123.36005401611328,123.77760029136833,122.91402452520272,122.91402452520272,562300
2013-05-06,122.97098541259766,123.3031255457451,122.77168974827764,123.25568729853794,336300
2013-05-07,122.9899673461914,123.42649768087672,122.96149860612668,123.41701292770155,218300
2013-05-08,123.73017120361328,124.09078003529936,123.70170246638905,123.80609266305713,622200
2013-05-09,122.57241821289062,123.3505879831396,122.354138544182,123.3505879831396,792400
2013-05-10,122.10740661621094,122.39210852923185,121.65189224370198,122.3541405512073,796500
2013-05-13,121.97455596923828,122.24977314678507,121.93660246916725,122.0789461951109,483600
2013-05-14,121.65188598632812,122.20230579504587,121.61391801025651,121.97454138023643,468600
2013-05-15,121.1014633178711,121.18686954120528,120.82625342001114,120.94962037825049,515700
2013-05-16,121.12040710449219,121.57592855912233,121.06346963776387,121.26275801158084,421600
2013-05-17,120.64592742919922,120.74083287534009,120.34224882624785,120.42766227972083,669400
2013-05-20,121.22482299804688,121.30074446329903,120.77879344002727,120.79777742647502,437800
2013-05-21,121.36715698242188,121.62339008178917,120.78826856120648,120.99704894135215,547100
2013-05-22,120.88319396972656,122.23077475211072,120.69339753065447,121.63290221252048,1393400
2013-05-23,121.68984985351562,121.84169280966353,121.2817881994771,121.45260790500818,690400
2013-05-24,121.6233901977539,121.84165532973728,121.41460981740917,121.60440621393978,356100
2013-05-28,120.95911407470703,121.5190258721022,120.86421585624326,121.43361240729584,332600
2013-05-29,121.67084503173828,121.94604763941035,121.48103415137177,121.62339231164665,733700
2013-05-30,122.61985778808594,122.81913896617158,122.45851562225029,122.47749960891431,610100
2013-05-31,122.21177673339844,122.24974470517797,121.7182944640336,122.12637051770216,394500
2013-06-03,122.91405487060547,123.24619502250383,121.83219922738806,122.02199566855002,1047800
2013-06-04,123.00894927978516,123.05640201153345,122.65782512982096,122.87609031921433,275900
2013-06-05,123.0848617553711,123.17976721192886,122.8286286070968,122.88558056935523,403100
2013-06-06,124.54631805419922,125.12520655503869,123.49293125695162,123.49293125695162,2068600
2013-06-07,124.28060150146484,124.49886666560595,124.07182109035979,124.17621129591232,464600
2013-06-10,124.63169860839844,124.72658955981707,123.97688877730569,124.043325475781,531600
2013-06-11,125.19161224365234,125.21059622755097,124.63170780320667,124.64119255488752,402500
2013-06-12,125.33399200439453,125.59021066877118,125.02082137850589,125.07775885947848,390300
2013-06-13,125.60919189453125,125.77051958058674,124.84050695722136,125.08724086285815,732300
2013-06-14,125.47634887695312,125.51430237473868,125.13470947471936,125.1536934638826,219900
2013-06-17,125.77052307128906,125.81797579921984,125.3055095064306,125.50480517152408,307700
2013-06-18,125.96033477783203,126.11217773340891,125.54277389026625,125.57125711491051,360200
2013-06-19,124.85950469970703,126.11217283318943,124.68867776118539,125.93186114051574,844700
2013-06-20,124.2520980834961,124.47037769269376,123.75863035613519,124.20465984548817,688600
2013-06-21,123.40748596191406,123.86301466166192,123.15126735890883,123.74912524645698,858600
2013-06-24,123.3885269165039,123.57832331721535,122.89504469022441,122.93299817815183,528700
2013-06-25,123.13228607177734,123.2841289750173,122.82860026529744,123.19872277214591,258500
2013-06-26,122.28772735595703,122.62936678074462,122.07894690300117,122.57242929003701,271500
2013-06-27,122.57241821289062,122.74323066957677,122.23077881897775,122.49649673862771,544400
2013-06-28,122.35411834716797,122.80964711755131,122.1168692094618,122.77167914641694,412400
2013-07-01,122.81912994384766,122.82861469621339,122.3351469235113,122.53442808695769,438500
2013-07-02,121.96504974365234,122.54393826148542,121.86065953615656,122.18331491185651,721600
2013-07-03,122.30667114257812,122.46799880673316,121.84165765375208,121.85114240557164,343300
2013-07-05,120.61746978759766,120.73135198928182,120.48461083910097,120.65543052149238,411200
2013-07-08,120.96858978271484,121.072979981052,120.81674686139935,120.8641995843777,179800
2013-07-09,120.18092346191406,120.91165486573574,119.85826810769503,120.87369413460365,798200
2013-07-10,121.09198760986328,121.68985297441975,120.43718475542641,120.50361424037713,720700
2013-07-11,123.1607894897461,123.32211718966941,122.31618301335907,122.56291694020527,787500
2013-07-12,122.82865142822266,123.00896314085992,122.27824601565096,122.33518350794857,324000
2013-07-15,122.83809661865234,122.88554933486992,122.4584893694477,122.60084751810042,129500
2013-07-16,123.75863647460938,123.81557394746312,123.18923278499724,123.26515424231468,266400
2013-07-17,123.3221206665039,123.71121279639829,122.98048126864018,123.71121279639829,457700
2013-07-18,123.19876098632812,123.30313672407789,122.80016962155285,122.98998054974709,251500
2013-07-19,123.5308837890625,123.59732050070188,123.20822842534218,123.26516590358239,262300
2013-07-22,123.92943572998047,124.21413754454687,123.85351428072704,123.90096699657741,278200
2013-07-23,124.29010009765625,124.41347430356102,123.87253922893916,123.92947671457502,374000
2013-07-24,124.0053939819336,124.43243959025519,123.82508229651022,124.16672167927553,613000
2013-07-25,124.85002899169922,124.86901298412134,124.17624930642002,124.20471805478148,279500
2013-07-26,124.81201171875,124.91640190292173,124.5937321187771,124.73609026839456,270000
2013-07-29,124.64122772216797,124.71714919864667,124.41347777327292,124.54633673697538,201700
2013-07-30,124.60327911376953,124.92593454105955,124.3660299206666,124.87848180633065,239800
2013-07-31,125.02082061767578,125.37194473522953,124.19518370697953,124.30907314877103,995300
2013-08-01,124.07182312011719,124.66968114302688,123.66374704426721,124.52733744246248,536500
2013-08-02,124.84052276611328,124.90694500735249,124.49888336398628,124.5463360966091,257300
2013-08-05,124.61270141601562,124.62220064652558,124.3374988613785,124.50831124414617,238700
2013-08-06,125.02082061767578,125.18214830629613,124.80254096789001,124.90693117588428,195900
2013-08-07,125.33399200439453,125.36246074488083,124.92591592319197,125.02082137850589,457500
2013-08-08,125.77998352050781,125.90335769318065,125.51426567208682,125.53324965569881,735300
2013-08-09,125.38140106201172,125.57121192845052,125.26752612657727,125.49529047798221,232000
2013-08-12,124.99236297607422,125.0872539586971,124.8025520497472,124.83102079258813,322600
2013-08-13,124.63169860839844,124.67915132437568,124.34699679307083,124.54629240796092,226900
2013-08-14,124.59376525878906,124.66968672933844,124.47989029323493,124.60326449294514,805200
2013-08-15,125.48580932617188,125.53326204961851,124.08129849148813,124.3280323806572,589000
2013-08-16,125.26752471923828,125.69457020285579,125.06822910393099,125.66610146931701,574500
2013-08-19,125.30551147460938,125.48582315525482,125.30551147460938,125.48582315525482,112900
2013-08-20,126.11216735839844,126.37788526852724,126.02676113311563,126.21655757170191,243700
2013-08-21,125.46678924560547,125.83689717043778,125.29596240616549,125.74199176180086,355800
2013-08-22,125.46678924560547,125.61861762667934,125.21055622671163,125.33393036183317,89900
2013-08-23,125.76103973388672,125.96982015470127,125.3814323867059,125.3814323867059,251000
2013-08-26,125.60919189453125,125.77051958058674,125.53327042805707,125.75153559383341,90700
2013-08-27,125.78948974609375,125.88438070835593,125.60917809309687,125.61866284516184,222900
2013-08-28,125.31500244140625,125.38142467273906,124.98284784312597,125.38142467273906,194700
2013-08-29,124.39447021484375,124.4703916769375,124.19517456678037,124.40395496740362,145600
2013-08-30,124.16673278808594,124.21418552226491,123.78713987573687,124.1572480334667,220100
2013-09-03,123.7681655883789,123.80613357091504,123.43602538417173,123.73021208638532,323400
2013-09-04,124.10980224609375,124.16673973807893,123.66377258482018,123.66377258482018,85300
2013-09-05,123.20823669433594,123.73018774746589,123.17026871926848,123.67325026540439,268900
2013-09-06,123.7491683959961,123.8725426052636,123.42651298157139,123.43601221646335,191000
2013-09-09,124.5652847290039,124.74559639442717,124.11925518207433,124.14773840130718,109400
2013-09-10,124.64122772216797,124.7076644442897,124.47041526049668,124.50836875846552,193300
2013-09-11,125.07777404785156,125.14419629020553,124.60327567474177,124.62225966421768,201700
2013-09-12,124.91638946533203,125.13465456303685,124.61270369414746,124.67914038679454,118000
2013-09-13,124.96392059326172,124.99240382595211,124.51790531614074,124.86902957962664,75500
2013-09-16,125.25808715820312,125.62819531417833,125.19165043455924,125.60921132448844,146500
2013-09-17,125.47634887695312,125.49533286611637,125.31502117041786,125.44788013347872,154700
2013-09-18,126.8618392944336,126.89032251020897,125.26753219892312,125.36243763674307,872200
2013-09-19,127.0421371459961,127.38377641230733,126.87132475310806,127.29837021586332,521500
2013-09-20,127.00421905517578,127.1275932492209,126.78595388770609,127.08014052223898,925000
2013-09-23,126.73848724365234,126.91879889806015,126.60562831101569,126.88083092842818,376900
2013-09-24,126.51072692871094,126.73849131220156,126.50124217626727,126.59613314231814,155200
2013-09-25,127.0421371459961,127.08958985975448,126.74795059344325,126.74795059344325,125500
2013-09-26,126.6246109008789,126.8713592873732,126.52971992806805,126.71951635422889,205400
2013-09-27,126.98521423339844,127.38379100968005,126.93776151420225,127.22246334884251,235400
2013-09-30,127.02320861816406,127.18453631255316,126.96625665496217,127.14656833708523,258900
2013-10-01,127.09909057617188,127.36482291049253,126.9282781618268,127.3268549425023,318800
2013-10-02,127.60211944580078,127.76344716836655,127.50721397109508,127.66854169366086,243600
2013-10-03,127.94376373291016,128.11457621720584,127.61160903938912,127.65906177854112,384100
2013-10-04,127.26045227050781,127.74443533271078,127.12759332320469,127.62106113859387,325000
2013-10-07,127.48818969726562,127.5546264046759,127.18451833913552,127.43125222264983,240600
2013-10-08,127.45972442626953,127.77289502571091,127.37431821202321,127.5830986116508,470000
2013-10-09,126.98521423339844,127.01368296880878,126.634090176313,126.79541783715055,448200
2013-10-10,126.95681762695312,127.16559812560294,126.81447386903055,126.87141137219957,189200
2013-10-11,127.2319564819336,127.46920558600473,126.98520814615647,127.37430015216182,404100
2013-10-14,127.39331817626953,127.6305673437369,127.33636621242375,127.56413062618682,137900
2013-10-15,126.91878509521484,127.070613515618,126.60561454222875,126.66255200994694,354500
2013-10-16,126.99478912353516,127.22253914250146,126.50130661486575,127.20355514740578,473900
2013-10-17,128.44674682617188,128.45623158296033,128.21898233834645,128.24745108925654,377100
2013-10-18,128.4656219482422,128.63644880873056,128.34226227845323,128.3707310084456,914900
2013-10-21,128.45616149902344,128.5130989697793,128.20942763223573,128.22839713546315,134400
2013-10-22,129.38624572753906,129.50013521274542,128.94971522264007,128.9686847363871,330900
2013-10-23,129.3577117919922,129.50955470872256,129.21536810789343,129.27230558153292,370400
2013-10-24,129.57601928710938,129.73736148920696,129.5001122844711,129.73736148920696,122600
2013-10-25,129.6139678955078,129.6803901330237,129.46212495184272,129.50009292802906,201600
2013-10-28,129.4241943359375,129.65194431115685,129.33877361468757,129.37674159758592,256000
2013-10-29,129.0351104736328,129.65195267034582,128.95918898348384,129.25337570747138,578500
2013-10-30,128.91175842285156,129.4052409534576,128.58910289460943,129.09207018291218,384100
2013-10-31,127.44075775146484,128.21894197951468,127.44075775146484,128.18098848376258,667200
2013-11-01,126.64359283447266,126.78595101218967,126.5487018632002,126.76696702571962,676800
2013-11-04,126.91878509521484,126.94725382907393,126.71000472655744,126.72897422877281,221600
2013-11-05,126.47279357910156,126.56768456026374,126.2640131477882,126.42534084825027,326400
2013-11-06,126.94734954833984,127.17509959093788,126.83346004649387,126.85244404355936,753500
2013-11-07,125.96977996826172,126.21651380481235,125.31497017374213,125.44782908273632,1129000
2013-11-08,125.39091491699219,125.4953051134933,125.02080685313146,125.46683637631462,747800
2013-11-11,125.90336608886719,125.9318348259152,125.75152317091927,125.80847512555299,238800
2013-11-12,126.11216735839844,126.30196379698472,126.00777714509498,126.13115134641909,448900
2013-11-13,126.35887908935547,126.43480054756466,125.70408366330902,126.1216299626533,367600
2013-11-14,126.33993530273438,126.54871573517426,126.09318689319247,126.21656109796342,280800
2013-11-15,126.61508178710938,126.68151847728554,126.4442694075719,126.58661305718647,184800
2013-11-18,126.7290267944336,127.09913496865424,126.67208930309842,126.97577523094206,278000
2013-11-19,127.08015441894531,127.14657665955214,126.62462556675226,126.75749900904749,354200
2013-11-20,126.0457763671875,127.10864827118276,125.90341814255292,127.06119552963791,1169600
2013-11-21,126.40631866455078,126.63408301549089,126.15008557981018,126.33039721423742,503800
2013-11-22,127.14657592773438,127.19402865963228,126.84290450856096,126.87137325159158,394600
2013-11-25,126.88092041015625,126.8904196495323,126.59621835928318,126.74806138382186,304700
2013-11-26,127.32688903808594,127.40281051385966,126.89035865306312,126.9472961397582,244300
2013-11-27,127.35536193847656,127.59261112781074,127.2604709510677,127.52618888467867,273900
2013-11-29,127.47874450683594,127.7919151949501,127.45976051589324,127.65905621943581,241900
2013-12-02,127.05170440673828,127.25098563847921,126.95679892840447,127.0611891623545,387600
2013-12-03,127.50716400146484,127.75389786624615,127.33633711004957,127.43124254756214,357700
2013-12-04,127.47874450683594,127.67802572983622,126.94730860477878,126.9662781151792,442900
2013-12-05,128.266357421875,128.3422788718486,127.82981270466077,127.92471813726176,712800
2013-12-06,128.57949829101562,128.60796701811688,128.24734383412394,128.27581256122522,418100
2013-12-09,128.91175842285156,128.978195168367,128.70297790915464,128.74094590103377,289500
2013-12-10,129.1868896484375,129.42413875777171,129.10146896386948,129.22484313449493,326800
2013-12-11,129.3577117919922,129.57597693445615,129.1489314016223,129.39567976144355,495600
2013-12-12,129.05401611328125,129.27228121460374,128.91165797547845,129.13942230764204,608400
2013-12-13,128.90219116210938,128.90219116210938,128.67442679825206,128.8927064104833,244500
2013-12-16,129.15843200683594,129.33872918176456,128.96862111863703,129.05404181054163,849400
2013-12-17,129.13946533203125,129.23435630831239,128.7788419727599,128.94016966492347,901200
2013-12-18,128.49420166015625,129.59504177245017,128.3518578872504,129.04462171630323,1232300
2013-12-19,128.1334991455078,128.35176426493877,128.09553118006312,128.3422795138456,649000
2013-12-20,128.34231567382812,128.608033584662,128.08608251675972,128.11455125859618,867500
2013-12-23,128.48463439941406,128.68393003405686,128.41821217489132,128.45616566311327,343200
2013-12-24,128.38021850585938,128.38021850585938,128.10501594986513,128.1714381610909,96700
2013-12-26,128.4656219482422,128.5130746584075,128.35174702827265,128.3612317780921,151500
2013-12-27,128.89271545410156,129.5380261428363,128.82627874644706,129.49057342030275,543500
2013-12-30,129.4431610107422,129.6329719599898,129.35775477190617,129.3767387629394,216100
2013-12-31,129.05401611328125,129.37667139011185,128.96859543838565,129.1489070579483,239600
2014-01-02,128.19992065429688,128.28532685527045,127.84879661882593,128.03859300339033,679000
2014-01-03,127.4028091430664,127.75393329426869,127.4028091430664,127.73496378593501,612400
2014-01-06,127.91524505615234,128.0670879871417,127.64952716719041,127.65902640071407,647500
2014-01-07,127.71598815917969,127.94375259896294,127.54516120920682,127.85833188370567,534500
2014-01-08,127.41231536865234,127.73498531173018,127.15609663810353,127.6116110840668,463900
2014-01-09,127.60211944580078,127.66854169366086,127.26048000961961,127.31741750222608,704800
2014-01-10,128.19041442871094,128.3802107814805,127.90571265928979,127.90571265928979,505500
2014-01-13,128.266357421875,128.29482615554812,127.97217085356226,128.0670618056273,279300
2014-01-14,128.33282470703125,128.3992614292898,128.19048098867873,128.24741847601973,255700
2014-01-15,127.58313751220703,127.63059025032511,127.38384180432811,127.5926222676136,873300
2014-01-16,127.7539291381836,127.9816935556445,127.42178898666087,127.88678809490072,359400
2014-01-17,126.85237884521484,127.41228338622335,126.79544136382951,127.33636191752973,844300
2014-01-21,127.1655502319336,127.26045568850162,126.89983233019063,127.01370729364059,521700
2014-01-22,127.0706558227539,127.28893549572945,126.98524959274131,127.203514785176,218400
2014-01-23,128.45616149902344,128.49411498601506,128.0765687069598,128.1050374423377,803100
2014-01-24,128.27590942382812,128.4657059079983,128.2189719266314,128.38978441822152,522900
2014-01-27,128.24734497070312,128.3042824254103,128.08601735552196,128.2093914944093,225800
2014-01-28,128.21897888183594,128.35183787601633,128.0481519004358,128.35183787601633,252500
2014-01-29,128.07656860351562,128.23789626403922,127.583086389802,128.2189122802903,626200
2014-01-30,127.0611572265625,127.44075008340432,127.01370449932246,127.28892162899118,240100
2014-01-31,126.49177551269531,126.73852394514473,126.40636927709751,126.66260246443274,791600
2014-02-03,126.8618392944336,126.94725998068624,126.45377776898867,126.50123048789865,501300
2014-02-04,126.74800109863281,126.79545383129967,126.54871989418933,126.68157885733197,136900
2014-02-05,126.96621704101562,127.0231689864483,126.63407700226934,126.73846718142624,217200
2014-02-06,127.45024108886719,127.68749022921112,127.41227311731069,127.57360079507995,221000
2014-02-07,127.8772964477539,127.90576518833436,127.39331337734659,127.45025085850752,262800
2014-02-10,127.94376373291016,128.0101859832886,127.80140551545418,127.8298742628368,112100
2014-02-11,127.90574645996094,128.26636976189576,127.85829373909519,127.87727772354896,159500
2014-02-12,127.44075775146484,127.49770971590326,127.18453907392272,127.18453907392272,121900
2014-02-13,128.266357421875,128.29482615554812,128.1145145219278,128.1809512208557,153200
2014-02-14,128.427734375,128.4656878742888,128.29487540667694,128.4372191296868,192000
2014-02-18,128.9876251220703,129.05406183935824,128.91170365111552,129.006609109944,306800
2014-02-19,128.75985717773438,129.0635430532245,128.6839501894014,128.99710633775868,335900
2014-02-20,128.6365203857422,128.7029426325056,128.34233369177105,128.5795828940758,308100
2014-02-21,128.7883758544922,128.97817233865473,128.58908013376822,128.62703363838332,261200
2014-02-24,128.7409210205078,128.8927639975869,128.53214054715988,128.65551477610455,288300
2014-02-25,128.80734252929688,129.0730604973802,128.59856205715383,128.9591855054997,182600
2014-02-26,128.2948760986328,128.39926632291693,128.0766108953266,128.39926632291693,252100
2014-02-27,128.5131072998047,128.68393420368184,128.18096720535436,128.19993670981137,164700
2014-02-28,129.39566040039062,129.6044407595214,129.29127022082525,129.45259786551077,340500
2014-03-03,128.71243286132812,130.01255376520703,128.69344887192037,129.12049451007744,503400
2014-03-04,128.79779052734375,129.00657089048124,128.71238432802448,128.93064944201893,143400
2014-03-05,128.70294189453125,128.88325360413572,128.54161417555412,128.60805090247874,298300
2014-03-06,129.9081573486328,130.0505010610494,129.66142342026393,129.66142342026393,300700
2014-03-07,130.041015625,130.11693709807076,129.94611016352644,130.0030621287348,209000
2014-03-10,130.02206420898438,130.18339194947205,129.95564195374544,130.10748493792585,133100
2014-03-11,129.9081573486328,130.07898428407316,129.8512198636662,129.8512198636662,86000
2014-03-12,130.39208984375,130.43005780601862,130.11688727970912,130.23076220544536,238800
2014-03-13,129.91763305664062,130.83816094761403,129.79427334131574,130.71480123228915,759900
2014-03-14,130.37318420410156,130.64838690294553,130.13593500558227,130.1833732608526,582300
2014-03-17,130.5249786376953,130.73375903637398,130.31621271955476,130.31621271955476,339900
2014-03-18,130.61044311523438,130.6199278708854,130.11696069106554,130.30675716788647,144800
2014-03-19,129.6614227294922,130.52499871445283,129.13947165251136,130.4585764758591,561200
2014-03-20,129.12045288085938,129.27229578608404,128.883203771647,129.06351541153424,242800
2014-03-21,129.31027221679688,129.4431311623087,129.14894453157103,129.15844376516839,328400
2014-03-24,129.69944763183594,130.05057196759816,129.0351524774689,129.14902750948943,331700
2014-03-25,129.60452270507812,129.75635121455056,128.89277497998614,129.24389922392393,475300
2014-03-26,129.31027221679688,129.424161656192,129.12997502545434,129.2438499843105,152600
2014-03-27,128.7883758544922,129.13950007422005,128.70295512815704,129.03510983584914,158400
2014-03-28,128.90219116210938,129.06351882297366,128.8167849558642,128.99708211998063,129200
2014-03-31,129.09202575683594,129.40519641960594,128.9971202903452,129.20590073219188,293500
2014-04-01,129.2817840576172,129.46209570241405,129.23433133837534,129.36720474446722,146600
2014-04-02,129.00662231445312,129.22488751545131,128.89274733663518,129.12999652745017,154100
2014-04-03,128.50364685058594,128.65548979818536,128.40874138820118,128.60803706699298,497200
2014-04-04,128.40869140625,128.5510495444155,128.13348884131915,128.3897074250543,796300
2014-04-07,128.7883758544922,128.85479810770448,128.61754888236544,128.61754888236544,398800
2014-04-08,129.2817840576172,129.4241422153427,129.196377851304,129.3861742477345,264900
2014-04-09,129.86068725585938,129.86068725585938,129.30078275449029,129.40517295648607,281100
2014-04-10,130.09793090820312,130.259258580745,129.8037443005951,129.9081344981855,158900
2014-04-11,130.06944274902344,130.2497543798047,130.0125052825737,130.06944274902344,316700
2014-04-14,129.46212768554688,129.5855018899474,129.39570544662843,129.54753391295935,172800
2014-04-15,129.39566040039062,129.61392551019628,129.26280148826518,129.35769243662028,191400
2014-04-16,129.4525909423828,129.61391857844052,129.35768551856788,129.51901315462558,177700
2014-04-17,129.4431610107422,129.76583093613772,129.4052075092181,129.73736218985903,465500
2014-04-21,129.24383544921875,129.43363185281365,129.17739874366498,129.43363185281365,125300
2014-04-22,129.31980895996094,129.4621526998183,129.1964347317224,129.4336839518468,175300
2014-04-23,129.46212768554688,129.71836084832475,129.414674954582,129.53804915898255,236300
2014-04-24,129.53805541992188,129.60449214259182,129.3197902235827,129.34825896742947,127200
2014-04-25,129.60452270507812,129.76585045176697,129.59502346786172,129.75635121455056,112300
2014-04-28,129.76580810546875,129.95560454078168,129.67090264754236,129.88916782412525,293200
2014-04-29,129.4051513671875,129.57596377075308,129.35769865046282,129.57596377075308,94900
2014-04-30,129.95559692382812,130.0125344030308,129.80375399226165,129.94609769026837,206000
2014-05-01,129.9081573486328,130.0315315530875,129.88917336013046,130.0315315530875,69100
2014-05-02,129.965087890625,130.03152460656386,129.40518334431033,129.41466809778458,254600
2014-05-05,130.01251220703125,130.08843365985302,129.98404347229015,130.07894890845148,159700
2014-05-06,130.50607299804688,130.57249525892865,130.4111675047355,130.5630105018156,208000
2014-05-07,130.36363220214844,130.57241257078206,130.32567871718598,130.4870063692145,218800
2014-05-08,129.72784423828125,130.14540509751686,129.72784423828125,130.12642110922243,593000
2014-05-09,128.8832550048828,129.22489443717745,128.76938002096534,129.19642569119807,878700
2014-05-12,128.8832550048828,129.01611397963393,128.84530150375772,128.99712998880028,288600
2014-05-13,128.38021850585938,128.62695233125197,128.25684435289588,128.5984836006503,274600
2014-05-14,128.44674682617188,128.53215307890213,128.37082533023008,128.38979484380698,141800
2014-05-15,128.427734375,128.64599957712898,128.03864222471765,128.10507894914994,344000
2014-05-16,128.33282470703125,128.5131364039718,128.30435596336073,128.4656836710073,127900
2014-05-19,128.4182586669922,128.6555078757498,128.37080592913216,128.56060240002975,430400
2014-05-20,128.35183715820312,128.38979066466626,128.21897816476576,128.35183715820312,263800
2014-05-21,128.22850036621094,128.22850036621094,127.71604823632016,127.93431354344509,362200
2014-05-22,127.92476654052734,127.99118878405166,127.82986107201668,127.88679856090651,155400
2014-05-23,127.67800903320312,127.79189848342352,127.61158679440327,127.66852427924326,187600
2014-05-27,127.69695281982422,127.75389028673904,127.52614041907975,127.69695281982422,478200
2014-05-28,127.33638000488281,127.43128547436547,127.28894175068307,127.39333197489735,509900
2014-05-29,127.44075775146484,127.61158468369976,127.35535152561746,127.43127299766185,177800
2014-05-30,127.65900421142578,127.84880060190322,127.54511479271021,127.71594168051537,389600
2014-06-02,127.35536193847656,127.61159511750905,127.27944046022468,127.49772014040188,327400
2014-06-03,127.60211944580078,127.80140066992341,127.55466670844793,127.71599443101371,647800
2014-06-04,127.3837661743164,127.6020457439546,127.35529744445647,127.54509380370072,522300
2014-06-05,127.93426513671875,128.0291706154975,126.93781553171404,126.99476750730707,1450500
2014-06-06,127.7823715209961,127.8772769621625,127.60207435163952,127.83932347401829,760900
2014-06-09,127.26997375488281,127.35537999982537,127.21303625825443,127.35537999982537,321500
2014-06-10,126.85237884521484,126.93778506729285,126.77645737652122,126.89983157321579,338900
2014-06-11,126.68158721923828,126.90933718220684,126.67208798375333,126.90933718220684,115200
2014-06-12,127.05170440673828,127.10864190152141,126.74801846050441,126.77648720789597,340500
2014-06-13,126.77650451660156,126.8619107704367,126.63416076020967,126.8619107704367,109400
2014-06-16,127.10855865478516,127.16549611227843,126.92824705236747,126.95671578111411,216000
2014-06-17,126.81442260742188,126.89982882765206,126.77645463362677,126.86186085385695,121000
2014-06-18,127.2319564819336,127.3363321864102,126.88081796114372,127.10858231404502,468200
2014-06-19,127.41231536865234,127.73498531173018,127.37436186504839,127.6116110840668,369300
2014-06-20,127.307861328125,127.35531404425465,127.11806494414222,127.14653367771284,528000
2014-06-23,127.37432861328125,127.42178134080577,127.20350169030085,127.37432861328125,325500
2014-06-24,127.39331817626953,127.56413062618682,127.22249124581222,127.54514663823824,164600
2014-06-25,127.64006805419922,127.78241178025854,127.61159930898735,127.73497352526665,91100
2014-06-26,127.46924591064453,127.51668416203685,127.13709126765401,127.38382520094879,201800
2014-06-27,127.77290344238281,127.81085693547963,127.6115757557778,127.63055974259579,161900
2014-06-30,128.22850036621094,128.26646836430564,127.8773760268515,127.93431354344509,209900
2014-07-01,128.0955810546875,128.275892759415,128.06711230978755,128.18100176992903,149500
2014-07-02,127.86781311035156,127.92475059214298,127.76342290022075,127.82036038201217,94600
2014-07-03,127.4028091430664,127.54515285827254,127.31740291394273,127.54515285827254,201900
2014-07-07,127.4028091430664,127.44076264027447,127.25096619315272,127.25096619315272,96800
2014-07-08,127.44075775146484,127.4882104815601,127.3078987955222,127.33636753747133,78300
2014-07-09,127.71598815917969,127.77292564899008,127.37434873977563,127.42180147479819,208900
2014-07-10,127.44075775146484,127.44075775146484,127.22249256967483,127.41228900951572,447700
2014-07-11,127.39331817626953,127.41228768367812,127.2889279633623,127.34586544666806,76700
2014-07-14,127.48818969726562,127.58309514198379,127.40278348534194,127.5451271718814,130700
2014-07-15,126.99478912353516,127.43131964691753,126.97580512843948,127.34591338980518,209800
2014-07-16,126.6246109008789,126.75748432778452,126.58665740786239,126.69104761433171,251200
2014-07-17,126.63410186767578,126.69103934375316,126.53919642052138,126.68155459125299,108000
2014-07-18,126.63410186767578,126.68155459125299,126.36838399228924,126.4063374828281,266400
2014-07-21,126.57716369628906,126.6530851574879,126.53919572542058,126.6530851574879,271500
2014-07-22,126.06466674804688,126.15007294089159,126.02671326696074,126.11211945980546,390300
2014-07-23,126.00779724121094,126.11218747116287,125.96034450386144,126.11218747116287,276300
2014-07-24,126.01726531982422,126.11217078196378,125.98879657729043,126.07421728543223,91300
2014-07-25,125.74207305908203,125.83697852907913,125.64716758908493,125.76105704918979,258700
2014-07-28,125.74207305908203,125.84646328386219,125.73258830429899,125.78002655875588,204400
2014-07-29,125.54273986816406,125.64713006176575,125.4858023953881,125.57122308508937,303400
2014-07-30,125.36251068115234,125.47638568845791,125.13474618599601,125.25812043094051,502400
2014-07-31,125.35295867919922,125.42888014562735,125.2295989667252,125.27703721277109,302200
2014-08-01,125.62818145751953,125.84644663298398,125.50480725895541,125.59971271639546,775600
2014-08-04,125.64714813232422,125.66613211949225,125.52378841708051,125.61867939184187,244500
2014-08-05,125.21057891845703,125.32445384503289,125.03975204805832,125.28650036301924,354900
2014-08-06,125.22004699707031,125.29596843152439,124.91637573978706,125.001781923348,390300
2014-08-07,125.1062240600586,125.11570881310584,124.84999092239269,125.0397873471108,350700
2014-08-08,125.5238265991211,125.72310784311522,125.33403011132637,125.35299962372518,267300
2014-08-11,125.29598999023438,125.31497397224756,125.23905252473028,125.31497397224756,190600
2014-08-12,125.11570739746094,125.13469138387966,124.89744223553167,125.02081642644505,168000
2014-08-13,125.06825256347656,125.3624536661215,125.03029907181774,125.3624536661215,83900
2014-08-14,125.1347427368164,125.47638222986144,125.03983724631426,125.37199198252699,146800
2014-08-15,125.37193298339844,125.52377590452778,125.21060530990025,125.28652677046492,516500
2014-08-18,125.06825256347656,125.26754821616653,124.97336159406021,125.26754821616653,168200
2014-08-19,124.67916870117188,124.72660694322484,124.59374800829323,124.72660694322484,305600
2014-08-20,124.10980224609375,124.43245768770461,124.05286475410857,124.39450418656189,604300
2014-08-21,124.26163482666016,124.34704105750016,124.11927662805248,124.17622859582015,159600
2014-08-22,123.93898010253906,124.31857300652575,123.73019966118405,124.26163551898186,679300
2014-08-25,123.45498657226562,123.57836078637705,123.44550181754227,123.48345531697724,219800
2014-08-26,123.2367172241211,123.59734061906059,123.1987637259627,123.5403886510114,200200
2014-08-27,123.4834213256836,123.6067955058338,123.22720269380827,123.35056239342089,241500
2014-08-28,123.3790512084961,123.38855044269204,123.15130127643272,123.22722274730049,123200
2014-08-29,122.93299102783203,123.41698847411256,122.90452229340804,123.29361430458438,305600
2014-09-02,122.83809661865234,122.89503408589906,122.72422168415892,122.80012865346391,155900
2014-09-03,123.02793884277344,123.03742359733657,122.88559512161987,123.00895485310585,278200
2014-09-04,121.14891815185547,121.89861914838322,120.90217699081913,121.87963516046581,1182900
2014-09-05,121.1868667602539,121.4525918984922,121.12992927933769,121.3197257092382,326400
2014-09-08,120.71234130859375,121.18683951694555,120.52254492136025,121.06347258927059,638500
2014-09-09,121.15837860107422,121.24379204902856,120.52255269851813,120.58898216236327,553000
2014-09-10,120.854736328125,121.00657928554516,120.5510576535554,120.71238536561128,248000
2014-09-11,120.854736328125,121.16790699760104,120.83575957858284,121.12045426333955,396500
2014-09-12,121.13944244384766,121.4336291336879,120.80729501333916,120.85474050897125,279300
2014-09-15,121.0729751586914,121.17736535287067,120.98756170878622,120.98756170878622,315300
2014-09-16,121.22482299804688,121.575954344636,121.02553458196205,121.1299247866164,428600
2014-09-17,120.41819763183594,121.39566313079187,120.25686992119228,121.25331216952425,903000
2014-09-18,120.8642349243164,120.95913315775174,120.56055623316068,120.58902497916417,422500
2014-09-19,120.0860595703125,120.29484003106604,120.03860683276989,120.2758560399405,551900
2014-09-22,120.22837829589844,120.22837829589844,119.91520768876444,120.15245683230184,738500
2014-09-23,120.2947998046875,120.59847839870542,120.17142562444131,120.5130649477451,273200
2014-09-24,119.57355499267578,119.7538666385189,119.51661752146994,119.5830469846329,259600
2014-09-25,119.24139404296875,119.41221367732346,118.91873151573533,118.98516097130286,299000
2014-09-26,118.62458801269531,119.00418814238998,118.58662727569882,118.9662274053935,315000
2014-09-29,118.71944427490234,118.9092478928007,118.60556934443103,118.83332644564136,374700
2014-09-30,118.1310806274414,118.18801809724019,117.79892607956641,117.80841807128897,533800
2014-10-01,118.03619384765625,118.22599751076655,117.78945994601702,117.96027962268157,459500
2014-10-02,118.48221588134766,118.79538647538948,118.10261581950323,118.56762933439042,1203700
2014-10-03,117.03975677490234,117.22006121223468,116.93536656579269,117.13465499038301,585200
2014-10-06,118.29242706298828,118.55814495125341,117.34343046760173,117.35292246083104,805200
2014-10-07,118.45377349853516,118.62459320235737,118.01723586438294,118.3114225386382,509700
2014-10-08,119.17500305175781,119.26040927636666,118.35886533979118,118.52968502927885,723300
2014-10-09,118.68150329589844,119.09906408447507,118.47272290161011,118.87130694537368,344700
2014-10-10,117.96976470947266,118.330388050268,117.90333523726343,118.330388050268,507300
2014-10-13,118.70999908447266,118.78592056156349,118.47274989876676,118.69102233533523,374200
2014-10-14,118.39681243896484,118.59610084703584,118.24496951456648,118.35885170786526,440300
2014-10-15,119.744384765625,120.53205363845436,119.21294901541197,119.70642403485705,941100
2014-10-16,119.73490142822266,120.10500952962799,119.09907543250269,119.3363245867507,1253500
2014-10-17,119.31734466552734,119.67796076389259,119.2129544612141,119.54510182027016,441600
2014-10-20,119.72538757324219,119.86773123897567,119.28884286410009,119.28884286410009,594000
2014-10-21,118.91876983642578,119.24143246763482,118.89979308883464,119.11805826734755,1816200
2014-10-22,118.26396179199219,118.57712517504937,118.18804032446998,118.54865643479596,1266200
2014-10-23,118.29242706298828,118.41579401389154,118.11211539297862,118.39681726770236,566000
2014-10-24,118.44427490234375,118.71948481206694,118.39682941186952,118.60560984271264,298700
2014-10-27,118.80488586425781,118.9662135474978,118.5771214688102,118.61508220138481,462400
2014-10-28,119.10855865478516,119.26039433738251,118.91875500120214,119.26039433738251,160400
2014-10-29,118.16907501220703,119.40277371346556,118.11213752270214,119.12756378040726,502500
2014-10-30,117.83690643310547,118.11211631675236,117.77047696051963,117.86537517274662,459000
2014-10-31,117.19156646728516,117.29595665323106,116.80248169806984,116.86891115819286,1471300
2014-11-03,116.8119888305664,116.92587102985495,116.6127004120136,116.89740229010019,622500
2014-11-04,117.30545043945312,117.57116828401048,116.93534240735276,116.98278788515614,705200
2014-11-05,116.66964721679688,116.84046689864765,116.51780428169856,116.75505343758743,643400
2014-11-06,115.73014831542969,116.3754663813738,115.6921948176716,116.18566993150161,1040400
2014-11-07,116.4134292602539,116.59374095913776,115.97689162530352,116.0623050975061,592700
2014-11-10,116.10025787353516,116.66966171062096,116.10025787353516,116.66966171062096,463200
2014-11-11,116.66964721679688,116.8594436454001,116.04330596992082,116.12871943098104,878100
2014-11-12,116.23310089111328,116.73606790530134,116.1097267055636,116.574732988834,500400
2014-11-13,116.67916107177734,116.79304330150521,116.45140385259306,116.574770837928,457100
2014-11-14,117.13465881347656,117.31497049696374,116.04331119915467,116.11923267012506,828000
2014-11-17,116.37543487548828,116.69809744124234,116.34696613974174,116.6791134572323,694600
2014-11-18,117.17261505126953,117.26751326620484,116.88791316619391,117.06822484275979,577400
2014-11-19,117.26750946044922,117.8843586979143,117.07771303673819,117.33393893277503,990300
2014-11-20,117.25799560546875,117.48575995978071,117.0397304829216,117.4098385083434,615400
2014-11-21,115.853515625,116.23311574240962,115.68269593417916,116.07178080532826,770600
2014-11-24,116.29949951171875,116.32796824228839,116.01479772548798,116.07173518662727,669900
2014-11-25,116.63167572021484,116.70759718075794,116.18564618986038,116.18564618986038,553800
2014-11-26,116.93535614013672,117.1251525541763,116.71708374774903,116.73606773331444,331200
2014-11-28,116.21409606933594,116.71706299334637,116.17613534522431,116.6885942603296,245700
2014-12-01,116.59371185302734,116.9163671912511,116.55575112377711,116.70759404077803,469300
2014-12-02,115.73014831542969,116.05281096853697,115.68270282309686,116.05281096853697,885500
2014-12-03,115.0848388671875,115.20821308508626,114.96147188955973,115.0848388671875,1042500
2014-12-04,115.73014831542969,116.42291911397707,115.52137511667846,115.7016795719759,1540400
2014-12-05,114.85704803466797,115.04685168345313,114.65775963364521,115.01837570593369,467100
2014-12-08,115.0658187866211,115.34102862409758,114.66724201797305,114.75264822256837,572200
2014-12-09,115.61626434326172,116.3469885826953,115.56881161435166,115.82504476603414,569000
2014-12-10,116.29949951171875,116.33745299230016,115.77754865038474,115.83448611152401,306300
2014-12-11,115.79656982421875,115.94841276587836,115.61626538133541,115.88198328896976,390600
2014-12-12,116.37543487548828,116.6791134572323,116.20461522074048,116.56523851424612,456200
2014-12-15,116.20464324951172,116.61271212093239,116.02433879953765,116.22362723810072,388000
2014-12-16,116.95433044433594,117.13464210209838,116.63167509914938,117.09668137202898,622900
2014-12-17,115.34105682373047,116.57474815787491,115.16074513847619,116.48934193239869,1537100
2014-12-18,114.82859802246094,114.93298823624842,114.65777833083325,114.79063728651367,469800
2014-12-19,114.24970245361328,114.96144991830825,114.2117417199972,114.79063023717067,545900
2014-12-22,114.2591781616211,114.61030222705202,114.17376471309154,114.59132548308357,269200
2014-12-23,113.72773742675781,113.91754107148996,113.69926869011518,113.82264286925825,268900
2014-12-24,113.9080581665039,114.00295637630637,113.87009743452906,113.94601889847875,114300
2014-12-26,113.79419708251953,113.8511345672879,113.7182756093149,113.81317383068559,202700
2014-12-29,113.56639862060547,114.05038881686788,113.47150042768116,113.99345134916689,303300
2014-12-30,113.56639862060547,113.81313971442309,113.53792988675498,113.72772627260359,142400
2014-12-31,113.06344604492188,113.38610863017571,113.03497730745485,113.25324245488136,324900
2015-01-02,112.17137908935547,112.41812019714011,112.13342560225178,112.38015946976797,497700
2015-01-05,111.5450439453125,111.65892612615977,111.27932609693721,111.28881084847322,698700
2015-01-06,111.18444061279297,111.72536836319888,111.08005041181383,111.11800390283426,432900
2015-01-07,110.54862213134766,110.78587130329079,110.26392746917799,110.43474716258784,692500
2015-01-08,110.15951538085938,110.42523324223112,109.99818771363634,110.13104664432223,821600
2015-01-09,110.66249084472656,110.67198283772235,109.98870414741096,110.04564162484715,569600
2015-01-12,110.58655548095703,110.68145367817874,110.33981437596591,110.41573582985062,670600
2015-01-13,109.96971893310547,110.2449288047552,109.81788324821513,109.95074218759511,736000
2015-01-14,110.14051818847656,110.37776728486068,109.98868253173,110.2828690943606,762800
2015-01-15,108.5652084350586,109.05868346291744,108.08121815985164,109.02072273150227,2081100
2015-01-16,108.10023498535156,108.27104746820699,107.07531664659062,107.82502502918771,2506600
2015-01-20,107.92939758300781,108.29001372152918,107.83449212104989,108.22358424232077,1641600
2015-01-21,108.27100372314453,109.12510199369473,108.0147778621137,108.69805647855387,2496400
2015-01-22,106.12630462646484,107.58776043984483,106.04089115697278,107.26509779104309,2934800
2015-01-23,104.70281982421875,105.46201292834074,104.68383583345984,104.76924931133281,2267400
2015-01-26,105.2247543334961,105.52843299609306,105.06342662780062,105.10138736565905,1267000
2015-01-27,106.31611633300781,106.69571652244012,105.87957864925565,106.18325735274722,1535700
2015-01-28,105.44300079345703,106.19270889088477,105.39554807275492,105.94596777571736,1231000
2015-01-29,105.7562026977539,106.19274034449211,105.3576185504966,105.89854642148424,1164800
2015-01-30,105.54740905761719,105.76567423357145,105.34812062903161,105.66128402236902,1034600
2015-02-02,105.8890380859375,106.11679523345676,105.67076569104086,105.68025768393268,522300
2015-02-03,107.26510620117188,107.70164385649598,106.67673282412547,106.76213906004347,1483100
2015-02-04,106.4015121459961,106.91397123059136,106.28762993599597,106.80958101482545,618100
2015-02-05,107.29354858398438,107.38845403204692,106.65772262747258,106.76211282812606,512700
2015-02-06,105.71824645996094,106.08835463796225,105.65181697263431,105.91753492194078,631600
2015-02-09,105.76565551757812,106.05035735961742,105.61381984468747,105.61381984468747,439500
2015-02-10,105.68024444580078,105.78463463372667,105.49993280478913,105.56636226617212,518300
2015-02-11,105.48095703125,105.66126143365076,105.34809810726276,105.65177668212907,665600
2015-02-12,106.58180236816406,106.67670781729784,106.00291388174031,106.03138986064198,481300
2015-02-13,106.43946838378906,106.74314702401696,106.33507817243543,106.49640586624746,295100
2015-02-17,106.64822387695312,106.68618460571898,106.30658455832923,106.54383368291424,470300
2015-02-18,106.44895935058594,106.5628415624197,105.86058602345393,106.2686548988537,677300
2015-02-19,106.09783172607422,106.42048712196272,106.06935574384575,106.22119868798393,287900
2015-02-20,106.23067474365234,106.71465776487031,105.40504514938272,105.45249787237381,1301500
2015-02-23,105.84158325195312,106.07883238763499,105.68974757005662,105.76566179087035,515300
2015-02-24,105.92698669433594,106.05984561853946,105.43350448420712,105.75616704317879,667300
2015-02-25,106.13578796386719,106.14527995818857,105.89853878772449,105.92701477068864,196700
2015-02-26,104.55094146728516,105.04442369617136,104.44655127426186,105.04442369617136,674300
2015-02-27,104.50350189208984,104.82615724128942,104.34216697722103,104.61737684344544,553200
2015-03-02,104.3896255493164,104.9020845799363,104.36115680988243,104.81667112136493,572100
2015-03-03,104.33270263671875,104.74077151953976,104.31371864759939,104.39913211809564,540600
2015-03-04,103.42167663574219,103.89617504577166,103.27932566467912,103.88668305029515,1954700
2015-03-05,102.97561645507812,103.17490485939891,102.59601639149469,102.96612446241457,971500
2015-03-06,101.3053970336914,101.65652841679257,101.21999080660393,101.54264620707241,1687200
2015-03-09,101.3338394165039,101.50465906651444,101.19148850145041,101.45721358834213,1480300
2015-03-10,99.89138793945312,100.7549711133318,99.82495846453938,100.36588625748551,1350700
2015-03-11,98.3824691772461,99.02778711151913,98.14522004317907,98.79053797745212,2117200
2015-03-12,99.1226806640625,99.3884057635698,98.86645479701626,99.09421192775388,1598400
2015-03-13,97.82257843017578,98.74310635803823,97.67073548772548,98.72412237009695,1677700
2015-03-16,98.70513153076172,99.14166906757893,98.61971807776,98.72410827572378,1643500
2015-03-17,98.8759536743164,99.41688142265299,98.81900895746524,99.2460617526378,1234100
2015-03-18,101.20099639892578,101.20099639892578,98.93289511413971,99.0183013324341,4270700
2015-03-19,99.35043334960938,99.7774788245475,99.0657315394721,99.59716719544271,2450500
2015-03-20,100.89730072021484,101.57108732050395,100.3753497846474,100.80240252473027,2602100
2015-03-23,102.33979797363281,102.3872507034987,101.59009697169618,101.97918184357026,1751600
2015-03-24,101.96018981933594,102.14049423721762,101.64701922579081,102.09304875473042,892100
2015-03-25,102.37773895263672,102.58651933932414,102.20691929446235,102.50111313037128,1064400
2015-03-26,101.60906219482422,102.54856676939427,101.32436032846033,102.51060603786114,901400
2015-03-27,101.69449615478516,102.14051854962206,101.32438075778067,101.52367644857951,962100
2015-03-30,100.89730072021484,101.38129092953481,100.88780872858592,101.19148729829746,575100
2015-03-31,100.31843566894531,100.52721609177513,100.0622097574623,100.22353745136901,513600
2015-04-01,100.40380859375,100.73595584129372,100.13808355544803,100.5556442325127,596100
2015-04-02,101.53314971923828,101.76091412859824,101.36233003235323,101.45723548972148,643100
2015-04-06,102.10259246826172,102.97567528537907,101.81789768812894,102.79536352310377,1780700
2015-04-07,100.91629791259766,101.57110790258598,100.90681315931498,101.26742927133785,819300
2015-04-08,100.62210083007812,101.31487148209486,100.46077315778277,101.28640274466261,719000
2015-04-09,99.42636108398438,100.2709746382266,99.26503341508355,100.2709746382266,1259200
2015-04-10,99.0088119506836,99.2365690957568,98.76207082003066,99.0088119506836,939700
2015-04-13,98.72411346435547,98.9234018781415,98.53431704368381,98.73360545746985,1121900
2015-04-14,99.36943817138672,99.90087397753086,99.33147743662359,99.53076586392764,733900
2015-04-15,99.71109008789062,99.85344105109301,98.77158531518808,99.40741141185188,1177400
2015-04-16,100.4892349243164,100.92577242862262,99.70156612207614,100.13810362638235,801600
2015-04-17,100.93528747558594,100.97324821162269,100.2994614375779,100.38486766345805,923000
2015-04-20,100.16656494140625,100.46075148509902,100.06217476649577,100.16656494140625,608200
2015-04-21,100.1571273803711,100.5746883069327,99.67313696460845,99.73956645380949,556100
2015-04-22,100.07168579101562,100.27098144291058,99.94831884294332,100.13811526155752,331600
2015-04-23,101.00169372558594,101.17251337833184,100.14759546185644,100.25198565188273,715900
2015-04-24,101.3623046875,101.47618686370464,100.81189226984772,101.24842975156342,739400
2015-04-27,101.58060455322266,101.92224393407338,101.18202768898684,101.2674339140645,632500
2015-04-28,102.38725280761719,102.52011176564793,101.92224645450956,101.94122320268387,1080000
2015-04-29,103.67787170410156,104.35165837677877,103.08949124445559,103.22235018046129,2938800
2015-04-30,104.74077606201172,105.1013922279442,103.72534980820133,103.81075604213109,1470100
2015-05-01,104.53196716308594,105.2911600279308,104.23777332121328,105.05391090011638,1228600
2015-05-04,104.02899932861328,104.22828772553221,103.82971093169435,104.22828772553221,618100
2015-05-05,104.4181137084961,104.67434689159516,103.71585812419747,103.98157606202555,694600
2015-05-06,105.86055755615234,106.04086195939834,105.23421641990349,105.31013787404305,1164100
2015-05-07,105.10139465332031,105.35762060129316,104.82618471496669,105.28170636058292,769700
2015-05-08,104.5224838256836,104.98749012742945,104.30421866457141,104.93055264892529,646400
2015-05-11,104.01953125,104.19984294401861,103.8202428072654,103.90564903689292,520700
2015-05-12,104.57942199707031,105.05392029513374,104.56044525086634,104.75973366722064,313400
2015-05-13,105.79415893554688,106.14528309283438,105.4809882761252,105.53792576319442,580600
2015-05-14,106.38250732421875,106.4394520382022,105.79413412178374,106.4394520382022,706600
2015-05-15,106.77162170410156,106.93294940688696,105.72772677277149,105.84160174402223,811400
2015-05-18,105.47150421142578,106.09784557736076,105.36711398376995,106.05039284105501,730100
2015-05-19,103.96257019042969,104.12389785888142,103.68736033469325,103.87715673989898,1060200
2015-05-20,103.56402587890625,103.91515732751523,103.222386426279,103.57351787488798,797400
2015-05-21,103.64940643310547,103.88665557537489,103.56399297694848,103.65889842607163,391800
2015-05-22,102.62448120117188,102.95662852899328,102.58652047223961,102.94714377696175,728600
2015-05-26,101.3718032836914,101.81783278588509,101.27690508413858,101.69446585049326,1123600
2015-05-27,101.62805938720703,101.70398086554809,100.95427255753917,101.00172529157,970900
2015-05-28,102.03610229492188,102.15947647587105,101.34333889224709,101.57109602899111,671200
2015-05-29,102.4062271118164,102.59602353669182,102.14050198061354,102.26387617302511,428100
2015-06-01,101.83683013916016,102.33979721482099,101.50468275337185,102.25439099001971,604700
2015-06-02,103.88664245605469,104.31368796210252,103.5450031551091,103.63040936021135,1916200
2015-06-03,105.120361328125,105.20577479611008,104.1618798736195,104.1618798736195,1614600
2015-06-04,104.75972747802734,105.50943561350721,104.6553372793992,104.92105515217303,919200
2015-06-05,103.56402587890625,103.81076709253071,103.01361319658149,103.11800343156601,1158700
2015-06-08,105.19625091552734,105.28166435762255,104.26623848549188,104.39909740406839,1158400
2015-06-09,105.09187316894531,105.24371608829998,104.6173749063653,104.88309277496708,545600
2015-06-10,105.59484100341797,105.79413664671335,105.10136599215284,105.72770717903788,768700
2015-06-11,105.04444122314453,105.10137870510519,104.46555268897835,104.53198216468907,425600
2015-06-12,104.892578125,105.28167015100479,104.5224700828468,104.64583701680839,560100
2015-06-15,105.1583023071289,105.26269250379146,104.5604371046452,104.5604371046452,710500
2015-06-16,104.76924896240234,104.89261594084014,104.53199976060355,104.7597569670545,303000
2015-06-17,105.69922637939453,105.85106929302248,104.48451203144552,105.08238445351975,1334800
2015-06-18,106.02191925048828,106.600807853664,105.69925658695018,106.2876371850075,1482600
2015-06-19,105.72772216796875,105.91751860530056,105.54741048431454,105.57587922588732,358900
2015-06-22,105.6328125,106.34455997203904,105.52842229154604,105.87955365091571,1036700
2015-06-23,104.06698608398438,104.35168076209632,103.85820564253996,103.91514313010823,910900
2015-06-24,104.33270263671875,104.55096782969834,104.09545345461981,104.152390941437,372000
2015-06-25,104.4181137084961,104.50352718295271,104.19035651039641,104.42760570349589,250600
2015-06-26,104.10492706298828,104.34217621968631,103.73481895776092,104.12391105007515,420200
2015-06-29,104.74077606201172,105.1013922279442,103.54503810509969,103.54503810509969,2048600
2015-06-30,103.87714385986328,104.40857952076004,103.52601258947486,104.38011078753598,2025000
2015-07-01,102.99459075927734,103.51654173936852,102.8902005632591,103.25082387323805,1160000
2015-07-02,103.26032257080078,103.52604047281669,103.1938930952968,103.25083781735007,449100
2015-07-06,102.97561645507812,103.32674054067088,102.70040658998686,102.74785207276666,624100
2015-07-07,102.62448120117188,102.95662852899328,101.80834362980004,101.95069455322884,1208700
2015-07-08,103.15592193603516,103.3267416043928,102.7288763852756,102.9945942604388,549100
2015-07-09,102.7288818359375,103.11797391683483,102.41571122062055,102.92817025288389,450300
2015-07-10,103.8297348022461,104.29474116862899,103.60197037603086,104.18085895552137,1104400
2015-07-13,102.47265625,102.99460003683808,102.4441802701191,102.95663930393303,891000
2015-07-14,102.52011108398438,102.97563268011113,102.42521286320343,102.97563268011113,592700
2015-07-15,102.03610229492188,102.21641394998984,101.8178371506206,102.2069219575471,622400
2015-07-16,101.35284423828125,101.77039783728128,101.3053915100843,101.35284423828125,614200
2015-07-17,101.03965759277344,101.27690671561163,101.0016968642871,101.27690671561163,409100
2015-07-20,100.94475555419922,101.25791888183633,100.84985011645693,100.95424030575876,439900
2015-07-21,101.88429260253906,102.16899452628327,101.27693525613736,101.35285673450524,595100
2015-07-22,101.70394134521484,101.70394134521484,101.24842713271454,101.54261369663215,484400
2015-07-23,102.42523193359375,102.60554365483861,102.08359248295692,102.13104522231761,380700
2015-07-24,102.25437927246094,102.37774621868256,101.9412086702032,102.00763813974855,962900
2015-07-27,103.345703125,103.63988967422875,103.25080493882307,103.30774240247572,638700
2015-07-28,103.02310180664062,103.04208579931434,102.72891508264428,102.80483657279552,229400
2015-07-29,102.27335357666016,103.1654126380636,102.1404946407408,102.75734383766299,673400
2015-07-30,101.81783294677734,101.85579367471216,101.46670164358163,101.77038022679167,255900
2015-07-31,102.2923355102539,103.4880731498141,102.12151584745959,103.39316770583038,596000
2015-08-03,102.00762939453125,102.31130797788524,101.92222318683882,102.14048832223183,225200
2015-08-04,101.42874908447266,102.26387068576037,101.36231961530378,102.09305101643052,600700
2015-08-05,101.57109832763672,101.6185510506555,101.05863932816365,101.42874739884937,673300
2015-08-06,101.77989959716797,101.83683708425185,101.45724418333195,101.45724418333195,235400
2015-08-07,102.03610229492188,102.23539793487532,101.21997195156676,101.3148701551877,528300
2015-08-10,102.58655548095703,102.81431269200637,101.94123734942455,101.94123734942455,441800
2015-08-11,102.82377624511719,103.22235306426967,102.53908162012364,103.18439957315256,473400
2015-08-12,104.0384750366211,104.42756704459302,103.9056161168912,103.92460009986296,717600
2015-08-13,103.8581771850586,103.8581771850586,103.26979676041255,103.3741869525315,208500
2015-08-14,103.40265655517578,103.89613878392302,103.36469582678995,103.67786640577162,235200
2015-08-17,103.16543579101562,103.50707520012915,102.99461608645888,103.48809845085422,223500
2015-08-18,102.7193832397461,102.85224217583668,102.5865243036555,102.67193775701031,357000
2015-08-19,103.6209716796875,103.65893242373313,102.64350605139514,102.64350605139514,462500
2015-08-20,104.43709564208984,104.4655643862579,103.84871504829111,104.01004275875717,525800
2015-08-21,105.81311798095703,105.91750818329879,105.05391782579312,105.19626875992002,853900
2015-08-24,107.96733856201172,108.95429588173302,107.23661437543744,108.1856109628307,3039600
2015-08-25,107.00884246826172,107.03731120351539,106.08831474696177,106.82853082463065,2814100
2015-08-26,105.54740905761719,106.46793697080052,105.4145501052268,105.86057969122449,1145800
2015-08-27,104.68380737304688,104.99697797298757,104.29472255152255,104.53197168961051,784800
2015-08-28,104.14289093017578,104.76923219803238,103.86768103129363,104.68381873411107,662600
2015-08-31,104.43709564208984,104.63638409153684,104.08596423671905,104.63638409153684,487100
2015-09-01,105.19625091552734,105.31013309156492,104.59838578193312,104.83563488514372,520300
2015-09-02,104.53196716308594,104.72176356922996,104.41808497523826,104.5224751706981,233200
2015-09-03,103.5355453491211,103.80126328419941,103.21288992517478,103.59249007825981,1551100
2015-09-04,103.73480987548828,104.02900372741972,103.26980359634824,103.4596000089816,1136600
2015-09-08,104.23778533935547,104.3706515272977,103.94359870383322,104.03849691784656,941600
2015-09-09,104.32320404052734,104.32320404052734,103.65890926879543,103.65890926879543,558200
2015-09-10,104.97799682617188,105.11085575870914,104.24726545694814,104.24726545694814,740800
2015-09-11,105.54740905761719,105.62333052763167,104.96852051922912,105.01597324805563,696600
2015-09-14,105.39554595947266,105.39554595947266,105.01595316254156,105.21524155301094,248000
2015-09-15,104.86412811279297,105.28168894886144,104.78820664436785,105.2152594740569,327200
2015-09-16,105.03496551513672,105.3576209499682,104.89261454789361,104.89261454789361,752400
2015-09-17,106.46792602539062,106.4869027708084,105.12983740495946,105.28168032937823,922200
2015-09-18,104.98749542236328,106.28762342251075,104.8831052129946,106.18323321314206,1058500
2015-09-21,104.19035339355469,104.72178925331302,104.05749442861512,104.65535977084323,800900
2015-09-22,103.59246826171875,103.80124142369077,103.41215659791602,103.7917566710574,249900
2015-09-23,104.04798126220703,104.34216787610204,103.66838119379047,103.82971611004913,333100
2015-09-24,104.44654846191406,105.1013583386525,104.361142255523,104.77870301637284,1119600
2015-09-25,104.27576446533203,104.33270919599974,103.8392268116578,103.85821080197067,915300
2015-09-28,104.51299285888672,104.63636705054985,103.75379992372117,103.75379992372117,441800
2015-09-29,104.69329071044922,104.83564162958712,104.2567532012899,104.2567532012899,657100
2015-09-30,103.99105834960938,104.16187804230606,103.8202386569127,104.09544856405013,395800
2015-10-01,104.09542846679688,104.28522487080774,103.88664807822369,103.89614007050484,252500
2015-10-02,104.24726867675781,105.31014741015305,104.21879993894464,105.15830448812414,718600
2015-10-05,104.04798126220703,104.437073323408,103.96257504795457,104.33268312358672,648700
2015-10-06,104.9305419921875,104.94951873633848,104.34216155974599,104.39910627273625,748100
2015-10-07,104.60791015625,104.79770660146553,104.30423149974297,104.61739491032158,909600
2015-10-08,104.88308715820312,105.37656937940964,104.60788455208116,104.66482202365557,1868900
2015-10-09,105.61383056640625,105.90801719018182,105.45250288499831,105.56637784115952,1780300
2015-10-12,105.68973541259766,105.84157107702855,105.66125943776542,105.75616487333646,365300
2015-10-13,105.90802001953125,105.98394148584653,105.64230212769728,105.8700592863736,319800
2015-10-14,106.83804321289062,106.88548870061508,106.13578048797895,106.35405290037468,485300
2015-10-15,105.82261657714844,106.21170143175304,105.71822636829286,105.88904605185019,844100
2015-10-16,105.60432434082031,105.95545563562325,105.55687886223724,105.71820652190276,213000
2015-10-19,105.35759735107422,105.50944027952804,105.17729292387196,105.49046353360598,82100
2015-10-20,105.46199035644531,105.70873150160402,105.42402962332324,105.70873150160402,241400
2015-10-21,105.46199035644531,105.68026276182985,105.45250560336694,105.53791182268947,56700
2015-10-22,103.345703125,104.04795839103033,103.30774240247572,103.9530602048534,912600
2015-10-23,102.44417572021484,102.82377579213647,102.28284804273562,102.7193855913513,647300
2015-10-26,102.75733947753906,102.91866714427167,102.37773943090394,102.37773943090394,151300
2015-10-27,102.70987701416016,102.86171266354751,102.60548683758934,102.8427359224744,114700
2015-10-28,101.59010314941406,103.19390270457367,101.34336197159317,103.04206699225577,514300
2015-10-29,102.05509948730469,102.14050570953574,101.5806011675238,101.5806011675238,234700
2015-10-30,102.26388549804688,102.95664902825489,102.2069407731761,102.61500964011088,309000
2015-11-02,102.44417572021484,102.7099008387484,102.26387129726066,102.67194010752931,142600
2015-11-03,101.96968841552734,101.99816439720844,101.71346250255704,101.96020366190359,212300
2015-11-04,101.00169372558594,101.35282502297152,100.84036606473381,101.19149012185098,835100
2015-11-05,101.14408874511719,101.27694772848736,100.96377702185558,101.25796373642214,521100
2015-11-06,99.92933654785156,99.96729003725133,99.6731034326555,99.75851688447715,1566600
2015-11-09,99.99576568603516,100.24249956766701,99.73004057922812,99.74902456413447,539000
2015-11-10,99.61617279052734,99.69209425507174,99.25554945407617,99.40739238316496,643900
2015-11-11,99.86289978027344,99.97677472068537,99.54023722181353,99.88187652358599,777600
2015-11-12,100.47975158691406,100.66955524009214,99.78698816355399,99.81545690146343,811100
2015-11-13,99.96728515625,99.98626914029184,99.61616109442963,99.8439182210521,347700
2015-11-16,99.35043334960938,99.72054135862716,99.23655117750091,99.72054135862716,345500
2015-11-17,98.98982238769531,99.26503224094256,98.8379867129578,99.09421258169492,652400
2015-11-18,99.03726959228516,99.2460499686552,98.70512228454567,99.16063652365459,475700
2015-11-19,99.76799011230469,100.06218392318651,99.50227227558669,99.73002938702098,1283600
2015-11-20,98.93287658691406,99.54972570673262,98.923384595458,99.52125697263251,610500
2015-11-23,98.78105926513672,99.06576116040063,98.48687261622865,98.85698073590976,915800
2015-11-24,98.97084045410156,99.13216811263523,98.8095127955679,98.99930918910535,345800
2015-11-25,98.66716003417969,98.89491715021687,98.23062254499668,98.40144219209161,862000
2015-11-27,98.51535034179688,98.56280307542495,98.29708514375717,98.33504588260551,207200
2015-11-30,98.21167755126953,98.39198926152687,98.15474005972345,98.3540285204058,740900
2015-12-01,98.8475112915039,98.86648804200127,98.57230134753034,98.70516032182502,686500
2015-12-02,98.66716003417969,98.7715502207526,98.08827163237288,98.45837966103386,736900
2015-12-03,101.79885864257812,102.05509177043588,100.30893432073718,100.42281651537054,3420700
2015-12-04,101.07762145996094,101.77987685809347,100.73598213324372,101.5141589907065,1642100
2015-12-07,100.8118896484375,100.925764581413,100.45126638663413,100.45126638663413,544500
2015-12-08,101.24845123291016,101.32436545955152,101.01120207901565,101.19150651259216,197100
2015-12-09,102.37773895263672,102.6339720600326,101.77038177696532,102.00763089997035,838200
2015-12-10,101.75142669677734,101.93173838553737,101.55213825985477,101.84632491813045,729900
2015-12-11,102.1310043334961,102.50111238346555,101.87477122796733,102.1310043334961,585400
2015-12-14,102.10259246826172,102.68148126688678,102.08361571236212,102.19749796857911,367800
2015-12-15,101.48570251464844,101.8652953766229,101.35284356490344,101.8652953766229,574300
2015-12-16,101.47621154785156,102.33979472993266,101.18202490476358,101.55213301712259,1687900
2015-12-17,100.53669738769531,100.99221167969914,100.38485446351461,100.7454777883092,1848300
2015-12-18,101.03965759277344,101.05863433688229,100.46076915382676,100.48923789012436,985600
2015-12-21,101.49518585205078,101.647028786938,101.14406173559597,101.21049120954171,791500
2015-12-22,101.74191284179688,102.05508342121591,101.72293609771177,101.85579502711342,453500
2015-12-23,101.50468444824219,101.50468444824219,101.00171736418307,101.39080223966894,833300
2015-12-24,101.77037811279297,101.84629956708555,101.65650317162248,101.65650317162248,114800
2015-12-28,101.94120788574219,102.07406682381051,101.82733293326596,101.97916861665729,212800
2015-12-29,101.59953308105469,101.65647777768345,101.27687784131352,101.48565816833032,272000
2015-12-30,101.56161499023438,101.6280444639605,101.29589709532985,101.6280444639605,288200
2015-12-31,100.9732666015625,101.26745330908906,100.8404076213717,101.07765683460833,536700
2016-01-04,100.61261749267578,100.87834262552984,100.15710317403648,100.7929291656165,748700
2016-01-05,99.87239837646484,99.90086711551426,99.5022902882837,99.86291362362793,1018800
2016-01-06,100.23302459716797,100.32792281015428,99.75852629196692,99.75852629196692,859800
2016-01-07,101.58060455322266,101.61856528890274,100.57467039864555,100.84038830813611,1227500
2016-01-08,101.42874908447266,101.44773307010325,100.82139186913749,100.99221153846732,979200
2016-01-11,100.78343963623047,101.2199844593145,100.78343963623047,100.90681383242499,772500
2016-01-12,100.8118896484375,101.0206627723152,100.50821109338973,100.82137439934021,581300
2016-01-13,101.09661102294922,101.09661102294922,100.5461912334192,100.56517522079321,544000
2016-01-14,100.88780975341797,101.38129195937972,100.64107589070538,101.2294490528474,912500
2016-01-15,101.4097671508789,101.99814759075043,101.31486894838835,101.87477341127082,3018600
2016-01-19,101.31487274169922,101.580590614729,101.01119413819819,101.03966287598438,1093000
2016-01-20,101.12507629394531,101.56161386506213,101.02068608777938,101.3528406929998,716100
2016-01-21,101.09661102294922,101.21049322638397,100.3563948012977,100.53670648000197,1118000
2016-01-22,100.24252319335938,100.63161533268566,100.18558570575867,100.40385814201228,396200
2016-01-25,100.79293060302734,100.81191459006529,100.50823595988514,100.55568144694068,177000
2016-01-26,100.84984588623047,100.84984588623047,100.53668257172924,100.61259678236308,164900
2016-01-27,101.15355682373047,101.35285250619948,100.86886215213401,101.03018985673238,448400
2016-01-28,101.59953308105469,101.82729738703658,101.32432330819316,101.38126800482192,1296300
2016-01-29,100.56517028808594,100.7834354502928,100.3753666250045,100.7834354502928,1172800
2016-02-01,101.15355682373047,101.30539977413154,100.9637603759995,101.03018985673238,277700
2016-02-02,101.34337615966797,101.5711333801661,101.12510369483164,101.4098056506579,735500
2016-02-03,103.13693237304688,103.45958768414039,101.7893591791831,101.84629664813649,1651300
2016-02-04,104.04798126220703,104.19033219289688,103.60195172483775,103.88665358621745,806700
2016-02-05,103.51652526855469,103.64938418048035,103.14641726529491,103.3741743657007,713000
2016-02-08,103.89617156982422,104.11443677658366,103.19390873348027,103.19390873348027,569600
2016-02-09,104.86412811279297,105.25322020826945,104.5319807387702,104.84515136582155,357700
2016-02-10,104.8261489868164,104.85461772241355,103.62092665817029,104.36114274476994,325900
2016-02-11,105.12984466552734,105.59485098320351,105.02545445784725,105.44301528856768,827900
2016-02-12,104.45606231689453,104.65535074712061,104.10493094538955,104.34218011093536,393200
2016-02-16,103.41217041015625,103.82023927623982,103.2698194586815,103.82023927623982,698900
2016-02-17,103.3172607421875,103.53552590203189,103.17490980648456,103.20337854557128,262200
2016-02-18,102.99459075927734,103.23183988836082,102.76683362263248,102.79530235967947,229000
2016-02-19,103.32675170898438,103.3647124434727,102.82378464748628,102.84276863486532,212800
2016-02-22,102.30181884765625,102.40620903499153,102.16895992564193,102.25436612967904,380600
2016-02-23,102.25437927246094,102.42519894275888,102.05509086382487,102.15948106457745,193800
2016-02-24,102.1689682006836,102.52009227718818,101.8557976133129,101.88426635029774,277700
2016-02-25,102.3302993774414,102.54856452865117,101.98866004137744,102.08355824800209,229500
2016-02-26,101.50468444824219,101.90326131784336,101.2959040193263,101.77989435542493,496900
2016-02-29,100.94475555419922,101.13455194914707,100.77393590263883,100.91627957871552,485100
2016-03-01,100.84038543701172,100.89732291877571,100.54619155393488,100.79293270869519,302800
2016-03-02,100.8118896484375,100.88780385699854,100.44177439546354,100.63157801753582,460500
2016-03-03,101.72298431396484,101.79889856655694,101.19154110418779,101.19154110418779,525100
2016-03-04,102.0930404663086,102.4536565130643,101.80833863342309,101.84629936049238,451400
2016-03-07,102.18795776367188,102.29234797255678,101.57110850397102,101.64702997229999,278400
2016-03-08,102.10259246826172,102.59607500492889,102.01718620630383,102.49168474679826,261500
2016-03-09,102.08354187011719,102.37772843553616,101.59006693067882,101.59955168163124,386700
2016-03-10,103.7253189086914,104.06695822317849,102.2069187375183,102.2069187375183,1537200
2016-03-11,103.45011901855469,103.82971909789477,103.13694841007892,103.17490914203985,660500
2016-03-14,102.93768310546875,103.17493230328157,102.78584014353851,103.09901082231644,460200
2016-03-15,103.07052612304688,103.11797885137274,102.83327696195714,103.07052612304688,144200
2016-03-16,104.20932006835938,104.28524153820537,102.59602865561642,102.70041886658719,795900
2016-03-17,105.0064926147461,105.16782032577827,104.76924342548561,104.9970006198999,695500
2016-03-18,104.57942199707031,104.88310061822013,104.48452378551153,104.71228094130652,1369500
2016-03-21,104.29472351074219,104.58891012779084,104.20931005530501,104.56993338228767,952000
2016-03-22,104.04798126220703,104.22829292376544,103.93409906960133,104.10491873837533,421300
2016-03-23,103.67787170410156,103.84869137043303,103.51654403041877,103.80123864745858,313800
2016-03-24,103.68734741210938,103.73479288736328,103.42162958183035,103.52601252349609,476100
2016-03-28,103.86766052246094,104.0289954246187,103.78225431567311,103.8581757707746,105300
2016-03-29,104.75023651123047,104.83564996561228,103.67787301695698,103.94359089233313,545600
2016-03-30,105.10139465332031,105.37660459167394,104.87363745064766,104.8926142007575,360400
2016-03-31,105.50943756103516,105.82260816270019,105.50943756103516,105.57586703045479,395100
2016-04-01,105.61383056640625,105.73719751567067,105.12034828880988,105.50944036307891,323100
2016-04-04,105.62333679199219,105.8036412436328,105.47149384295767,105.75619575226224,434200
2016-04-05,105.53791809082031,105.69924578596859,105.11087248830547,105.40505913713703,920700
2016-04-06,105.68024444580078,106.00289976101294,105.41452660026883,105.52840153962923,357900
2016-04-07,105.45249938964844,105.69923327999899,105.1867742734516,105.22473500433686,171600
2016-04-08,105.708740234375,105.85109118527524,105.49995980509067,105.62333400799693,160700
2016-04-11,105.71824645996094,106.11682338392065,105.66130172777305,105.71824645996094,164900
2016-04-12,105.60432434082031,105.68024579487528,105.19625557561034,105.59483234899635,319400
2016-04-13,104.598388671875,104.89257525109844,104.51297522741993,104.88308325943271,545400
2016-04-14,104.36116027832031,104.60790142873093,104.30422279756004,104.40860576553064,411000
2016-04-15,104.58892822265625,104.9020988796587,104.57943622812788,104.61739696597094,202100
2016-04-18,104.83564758300781,105.03493598501069,104.74074937828296,104.78819486051093,100900
2016-04-19,105.32911682128906,105.52840521237394,105.3101400774913,105.37656954118626,286300
2016-04-20,104.65536499023438,105.32915184325135,104.65536499023438,105.30068309795458,332000
2016-04-21,104.66484069824219,105.33862744640936,104.48452901906019,105.33862744640936,239500
2016-04-22,104.0384750366211,104.45603577878256,103.98153756824203,104.27572414189136,203800
2016-04-25,104.3516616821289,104.53197334682046,104.26625546639242,104.26625546639242,63600
2016-04-26,104.61738586425781,105.08239942328655,104.56044838367049,105.02545470242956,185000
2016-04-27,104.83564758300781,105.30065385434786,104.54146097628008,104.82615559045465,172300
2016-04-28,105.21527862548828,105.30068486281002,104.8546552049626,104.9970061741032,238100
2016-04-29,106.13578796386719,106.19273268952522,105.90803078204587,106.02191299309166,241800
2016-05-02,106.75265502929688,106.90449800261857,106.3635700806351,106.38254683216458,192500
2016-05-03,106.6197509765625,107.14170192637292,106.61025898467456,107.04680372829877,553400
2016-05-04,106.46792602539062,106.72415191001089,106.26863761729284,106.56282423301779,394200
2016-05-05,105.67076873779297,105.93648662427162,105.55689378088462,105.93648662427162,229500
2016-05-06,105.66130828857422,105.9460102463783,105.5284493056714,105.90804950265297,307200
2016-05-09,105.45249938964844,105.73719401088425,105.45249938964844,105.54739759672704,112500
2016-05-10,105.35759735107422,105.68025995390393,105.32912861205645,105.47147954741457,94300
2016-05-11,105.86055755615234,106.05984594306742,105.68024591263797,105.68024591263797,724200
2016-05-12,105.39554595947266,105.7561692529331,105.35758523172585,105.64228706969267,129100
2016-05-13,104.81666564941406,104.92105584873525,104.54146302240628,104.89258711078749,475000
2016-05-16,104.86412811279297,105.0729085308272,104.80719063160899,104.98749506878151,107400
2016-05-17,104.84516143798828,105.12985611152769,104.80720070012893,104.92107567343653,278800
2016-05-18,103.943603515625,104.60790552500973,103.91513477413008,104.44657058942188,574400
2016-05-19,103.73480987548828,104.00052774928258,103.6968491449078,103.73480987548828,206500
2016-05-20,103.92460632324219,104.08593398682251,103.80123214734198,104.08593398682251,249900
2016-05-23,103.88664245605469,104.02899337149341,103.6399013519788,103.6399013519788,171800
2016-05-24,103.19389343261719,103.41216584728363,103.1369559506476,103.3742051125473,221000
2016-05-25,103.33625030517578,103.44064052162106,103.09900112966749,103.27931281994027,294900
2016-05-26,103.63040924072266,103.87715034451405,103.47857357395986,103.8486816095128,1119500
2016-05-27,102.9091796875,103.32673321158211,102.9091796875,103.30775646787004,366500
2016-05-31,103.05150604248047,103.46906673663679,103.01355256143651,103.38366054388698,622300
2016-06-01,103.66838073730469,103.66838073730469,103.24133518738466,103.43113160062266,381100
2016-06-02,103.26983642578125,103.65892860772159,103.23187568313307,103.65892860772159,378700
2016-06-03,105.21527862548828,105.26272412168778,104.6648587396225,104.6648587396225,1641800
2016-06-06,105.2247543334961,105.49047949850507,104.89260692757293,105.13934810351746,567900
2016-06-07,105.1583023071289,105.27218449628865,105.02544337324363,105.27218449628865,259300
2016-06-08,105.53791809082031,105.66128505059194,105.46199662006703,105.57587882619696,407500
2016-06-09,104.81666564941406,104.97800056489984,104.702790697623,104.83564963489195,575400
2016-06-10,104.20932006835938,104.645857659569,104.13340583878326,104.5414746888681,534700
2016-06-13,104.598388671875,104.63634939826969,104.15235918707286,104.15235918707286,195400
2016-06-14,103.7253189086914,103.90562331781004,103.62092871591653,103.90562331781004,404600
2016-06-15,104.20932006835938,104.59841217111766,103.79176646474619,103.82972719966918,286100
2016-06-16,104.0859375,104.15236696608515,103.06101953159862,103.33622938831392,572800
2016-06-17,104.44654846191406,104.58889937950092,104.09542440417071,104.34215827170159,543200
2016-06-20,104.6743392944336,105.08240816655828,104.64586331150096,105.01597868692265,280100
2016-06-21,104.13339233398438,104.45604767858065,104.09543160398441,104.43707093371513,254300
2016-06-22,104.62686920166016,104.94003979952018,104.33268258927176,104.69329867027267,402600
2016-06-23,105.3765869140625,105.46199313563568,104.98749481950983,105.44301638870932,544100
2016-06-24,102.53909301757812,103.49757444061042,102.22592237903332,102.29235185627586,1937700
2016-06-27,101.95068359375,102.20690943616314,101.57108358550228,101.90323087761855,1054000
2016-06-28,102.54859161376953,102.54859161376953,102.14052270126231,102.35879515039123,633000
2016-06-29,102.75733947753906,103.0040805938922,102.6434645317366,102.7763234620186,518700
2016-06-30,102.65294647216797,102.93764830941385,102.02661256660292,102.75733666314022,665700
2016-07-01,103.07052612304688,103.29828329041747,102.85225370912559,103.279306543249,444200
2016-07-05,102.38725280761719,103.25084327508723,102.36827605944288,103.20339054424618,461900
2016-07-06,102.74787139892578,102.82379287397657,102.09306858735623,102.52960620849272,673800
2016-07-07,102.34929656982422,102.70042796877979,102.2828670878889,102.57705375927812,632700
2016-07-08,102.24486541748047,102.44415378350448,102.05506904229597,102.39670830984215,431800
2016-07-11,102.32084655761719,102.41574480057305,102.10257408257405,102.3967680480906,421400
2016-07-12,102.36824798583984,102.67192655523894,102.33977201098239,102.5770211195838,257400
2016-07-13,102.65294647216797,102.87121884609228,102.52957953750462,102.59600900082619,368100
2016-07-14,102.82377624511719,102.94715043219,102.6909173053997,102.80479949955863,429700
2016-07-15,102.38725280761719,102.59603323888555,102.2638858438087,102.52960375987018,1876000
2016-07-18,102.41569519042969,102.5200853791961,102.23539078823453,102.25436753152464,216600
2016-07-19,101.9222412109375,102.04560816839917,101.76091351880999,101.9886706865353,1983700
2016-07-20,101.9222412109375,102.02663142120115,101.71346079041021,101.73243753760823,426100
2016-07-21,101.96968841552734,101.97918040942105,101.59009554301873,101.90325893881135,624600
2016-07-22,101.49518585205078,101.93173066971671,101.3433501574332,101.93173066971671,488400
2016-07-25,101.66600036621094,101.7229450840341,101.46671195450308,101.50467268629542,237900
2016-07-26,101.61854553222656,101.79884994131464,101.55211606776913,101.70395174069955,142200
2016-07-27,102.24486541748047,102.33027885450082,101.43821996254492,101.71342977474977,560300
2016-07-28,102.45365905761719,102.73836089757359,102.37773760159301,102.65294744947924,315000
2016-07-29,103.40265655517578,103.56398422061412,103.16540743296578,103.24132888973745,645400
2016-08-01,103.26032257080078,103.38369676835804,103.23185382990904,103.25083781735007,133100
2016-08-02,103.80123901367188,103.89614445995562,103.66838007719744,103.67787206987961,401400
2016-08-03,103.09896087646484,103.4406001350313,103.04202341345957,103.36467869084599,748400
2016-08-04,102.92816162109375,103.08948929172064,102.89020089148704,103.0230598249761,302900
2016-08-05,102.52011108398438,102.681438783339,102.1594949489087,102.29235390605606,346600
2016-08-08,102.47265625,102.51060974263557,102.38724279089627,102.46316425670636,114700
2016-08-09,102.75733947753906,102.83326093491982,102.59601181080646,102.59601181080646,136500
2016-08-10,103.345703125,103.41213257935061,103.18437548447245,103.35519511569795,719400
2016-08-11,102.99459075927734,103.36469882142606,102.97561401466895,103.1464336772198,211800
2016-08-12,103.17488098144531,103.59244167877716,103.17488098144531,103.54498896671042,498300
2016-08-15,103.42167663574219,103.56402036653411,103.36473190315428,103.36473190315428,250400
2016-08-16,104.28524780273438,104.32320853993771,103.98156914537799,104.02902187694974,411500
2016-08-17,104.313720703125,104.60791461810875,103.94361255097921,104.2093304817228,452400
2016-08-18,105.07291412353516,105.08240611766095,104.53198630268622,104.56994703891931,347800
2016-08-19,104.69329071044922,104.74074343025136,104.56992377533957,104.6173692548732,302100
2016-08-22,104.65536499023438,104.73128647120637,104.5035292685613,104.56995875434406,140700
2016-08-23,104.4940185546875,104.75024445672997,104.4940185546875,104.71228372304412,89800
2016-08-24,104.0859375,104.17134371056572,103.95307856782968,104.12389822922991,238700
2016-08-25,104.27576446533203,104.4086234364385,104.19985022489327,104.39913868155297,86500
2016-08-26,103.45011901855469,104.82616116085954,103.38368954769037,104.38013161065513,639600
2016-08-29,103.42167663574219,103.45014538190057,103.17493543525094,103.17493543525094,123600
2016-08-30,102.98511505126953,103.14644998716155,102.90920082056326,103.14644998716155,216700
2016-08-31,103.1084976196289,103.20339584591586,102.85226444435649,102.86175643906635,220100
2016-09-01,103.5355453491211,103.55452933892424,102.89971925585932,102.9376799951949,213800
2016-09-02,103.11795806884766,103.68735449265218,103.07050535008547,103.6019410469339,442900
2016-09-06,103.88664245605469,104.09542283332904,103.12744240056041,103.20336385416351,1391500
2016-09-07,103.87714385986328,104.15235368147565,103.7917376601911,103.93408132631141,732400
2016-09-08,104.01953125,104.62688857269697,103.87718029368375,104.56045909178545,447600
2016-09-09,103.7158432006836,103.76328868831416,103.46910204808754,103.66839047278329,213000
2016-09-12,103.80123901367188,104.10491761708045,103.62093459432458,103.67787206987961,196800
2016-09-13,103.59246826171875,104.01951381883455,103.52603155167,103.70634321547273,186300
2016-09-14,103.95309448242188,104.1523829111872,103.69686133095938,103.7253373124429,300400
2016-09-15,103.91512298583984,103.97206046237062,103.74430331597839,103.93409973126039,342500
2016-09-16,103.04206085205078,103.31727075701481,103.00410011616573,103.20338854935969,737800
2016-09-19,103.28878784179688,103.45960752167855,103.20338162199083,103.2793030886648,320200
2016-09-20,103.08000946044922,103.31725860161556,103.07051746752718,103.26031388435258,291100
2016-09-21,103.37421417236328,103.43115165932292,102.86175506891514,102.94716853962507,522000
2016-09-22,103.51652526855469,103.98153146029455,103.4690725541808,103.87714128088614,426100
2016-09-23,103.73480987548828,103.829715322074,103.51654472498683,103.51654472498683,341600
2016-09-26,103.96257019042969,104.19981931707122,103.90562547665296,104.01001567159673,206900
2016-09-27,103.63040924072266,103.68735395099348,103.38367537719958,103.54500303571889,285000
2016-09-28,103.60196685791016,103.64941958849454,103.33624894328605,103.53553737925414,257600
2016-09-29,103.61144256591797,103.91512116922183,103.49756037457814,103.56398984279245,247900
2016-09-30,103.77274322509766,103.9056021269393,103.48804868126574,103.74427449474118,361900
2016-10-03,103.55448150634766,103.70631715328524,103.51652078454642,103.70631715328524,252300
2016-10-04,103.46910858154297,103.78227922881247,102.86175127547071,103.07053170698372,1553700
2016-10-05,103.45960998535156,103.61145292231534,103.3362430292708,103.50706271322018,635300
2016-10-06,102.94717407226562,103.28880625265408,102.87125259205891,103.25085275282159,497200
2016-10-07,103.41217041015625,103.43114715822682,102.94716405959085,103.34574093150405,228400
2016-10-10,102.84278106689453,103.08003025592377,102.79532833298042,102.99461678293251,113900
2016-10-11,102.11200714111328,102.4631384016802,102.03608569446082,102.42517767835396,406400
2016-10-12,101.69449615478516,101.96969884341641,101.6280594310051,101.74194164856576,284700
2016-10-13,102.04557037353516,102.07403910392307,101.77985256955854,101.8937347313773,207600
2016-10-14,101.28641510009766,101.8273428981023,101.28641510009766,101.57110974941757,382300
2016-10-17,101.61854553222656,101.62803028410005,101.4856866033117,101.54262407562705,520100
2016-10-18,101.3718032836914,101.53313094695807,101.29588182794173,101.44772473944107,282300
2016-10-19,101.28641510009766,101.30539184727772,101.16304090248285,101.22947037801782,192300
2016-10-20,100.8688735961914,101.172552291177,100.80244410792179,101.06816206100028,249500
2016-10-21,100.45125579833984,100.47023977867995,100.26145943654136,100.42278706809678,1045300
2016-10-24,100.36582946777344,100.56511777975193,100.35633747950808,100.56511777975193,352100
2016-10-25,100.53669738769531,100.6505723405617,100.17607406290072,100.28046426320766,250300
2016-10-26,100.64108276367188,101.03016756776277,100.61260678655118,100.96373810168537,192500
2016-10-27,100.5936279296875,101.0016967099564,100.47974574440246,100.79291632373483,377700
2016-10-28,101.40029907226562,101.44775180483629,100.82141048820172,100.84039447733818,1122200
2016-10-31,101.3053970336914,101.34335777026479,100.95426565059024,101.0586558660995,365200
2016-11-01,102.03610229492188,102.15947647587105,101.74191569161633,101.77987642111847,721800
2016-11-02,102.38725280761719,102.67195471212318,102.17847237634881,102.34929207099837,1050000
2016-11-03,102.49162292480469,102.63397384914289,102.08355413651184,102.14049161013962,535000
2016-11-04,102.82377624511719,102.82377624511719,102.3397859702782,102.39673068749227,574100
2016-11-07,101.88429260253906,102.14051854169232,101.78939437471455,102.14051854169232,969200
2016-11-08,101.63754272460938,102.01714284370975,101.59958198867234,101.94122137183567,479700
2016-11-09,100.66006469726562,101.3243593922847,100.66006469726562,101.23895317732618,1183900
2016-11-10,100.47027587890625,100.64109556200937,100.28996420222248,100.48925262579785,755300
2016-11-11,100.09068298339844,100.49875185350352,99.95782402478471,100.47976786497571,789600
2016-11-14,99.02779388427734,99.28402702114478,98.8285054668635,99.11320734332298,1267600
2016-11-15,98.98033905029297,99.21758817817931,98.86645686241076,99.01829253931824,1187200
2016-11-16,98.55330657958984,98.8664772305828,98.42044761982379,98.79055575635354,506100
2016-11-17,98.02188110351562,98.8475109324372,97.99341235773748,98.8475109324372,1028900
2016-11-18,97.68972778320312,98.02187519772147,97.52839283306226,97.9079929811992,1429400
2016-11-21,98.0313491821289,98.11675539862676,97.70868658139752,98.002873203027,688700
2016-11-22,97.993408203125,98.12626717130426,97.64227679278225,97.96493945855384,374700
2016-11-23,97.32909393310547,97.46195288464635,97.12031351203557,97.36705466787,723300
2016-11-25,97.71817779541016,98.00287242173604,97.68970905680449,97.93644295156642,309100
2016-11-28,97.85103607177734,97.85103607177734,97.50939673028911,97.54735746159548,299300
2016-11-29,98.22114562988281,98.22114562988281,97.6327651461827,97.65174913225619,459900
2016-11-30,97.72769165039062,97.90799611531764,97.33859949502066,97.87003537526174,729100
2016-12-01,98.34452819824219,98.34452819824219,97.62329589882157,97.81309234808585,1124100
2016-12-02,98.33502960205078,98.4868652920353,98.15471793244159,98.25910813692381,440600
2016-12-05,99.27455139160156,99.55925331498939,98.82852175708696,98.8569905013716,966300
2016-12-06,98.8475112915039,99.11322924009326,98.66719958055924,98.98037026579858,564100
2016-12-07,99.26502227783203,99.29349101147115,99.02777317714875,99.04675715975347,400100
2016-12-08,97.86054229736328,98.45840761178576,97.71819134432835,98.19268969426466,2036200
2016-12-09,97.34809112548828,97.49992684487239,97.1203266860059,97.42401260531575,606000
2016-12-12,98.0693130493164,98.15472651512017,97.6612514291841,97.92696934009354,469200
2016-12-13,97.91746520996094,98.35400275810248,97.87950447878309,97.9079732170992,186100
2016-12-14,97.10134887695312,98.43943779330003,96.78817820628417,98.08830638313145,1229300
2016-12-15,96.00049591064453,96.32315126714614,95.59242709842418,96.29468252866297,1417700
2016-12-16,96.2947006225586,96.55092655732157,95.90560848279306,96.03846744752505,867900
2016-12-19,95.86763000488281,96.36111227423373,95.85814525220742,96.15233187106752,639100
2016-12-20,95.78224182128906,95.9530615251048,95.55448462962494,95.57346137881754,380500
2016-12-21,96.18083953857422,96.35165927937004,96.09543328831238,96.2662530291082,357800
2016-12-22,96.1902847290039,96.79764190289863,96.18079273683624,96.41804185914727,408300
2016-12-23,96.34214782714844,96.51296753344874,96.19031211058743,96.23776484466501,279100
2016-12-27,96.38957977294922,96.44651724934609,96.32315030372982,96.35161904192826,186700
2016-12-28,95.94355773925781,96.03845595409933,95.63987910760312,95.82968277755586,819700
2016-12-29,96.67427062988281,96.71223135658225,96.31364734637235,96.32313933811427,680900
2016-12-30,97.04438018798828,97.49040968337172,97.00641946069305,97.12029440231034,544000
2017-01-03,95.78224182128906,96.15234997284473,95.33621219242183,95.82969455467644,533500
2017-01-04,96.67427062988281,96.77866081823917,96.23773313324178,96.27568661967291,533600
2017-01-05,97.72769165039062,97.83207463520583,97.12032704976687,97.12032704976687,900400
2017-01-06,97.07286071777344,97.53786701316868,96.99693925395849,97.12979819549999,938900
2017-01-09,97.42399597167969,97.5188941851262,96.98745115734043,97.10133335763801,352600
2017-01-10,97.31964874267578,97.72771775694807,97.25321923989996,97.46199250557198,231500
2017-01-11,97.45249938964844,97.87954512225456,96.35165944918582,96.7027909281828,1288900
2017-01-12,97.90799713134766,98.36351877647489,97.78463015508885,98.06932484805631,519700
2017-01-13,98.04081726074219,98.16419142839325,97.6517324957539,98.05030925216182,666700
2017-01-17,98.64820861816406,98.74311408475693,98.50586489881591,98.63872386372122,870800
2017-01-18,98.00288391113281,98.61024844709156,97.9649304153886,98.37299927720474,842100
2017-01-19,98.24014282226562,98.30657230681011,97.57584797682073,97.7751364304542,1312500
2017-01-20,98.56279754638672,98.66718776229607,98.16422067124385,98.24013490441139,851400
2017-01-23,98.99933624267578,99.05627372824267,98.6482048543826,98.83800854005605,931700
2017-01-24,98.85698699951172,99.25556388591914,98.77158076968315,99.00882995067859,405000
2017-01-25,99.06573486328125,99.06573486328125,98.77154829246537,98.79052503498625,429600
2017-01-26,98.33502960205078,98.59125549651753,98.18318667179685,98.42992781332478,981100
2017-01-27,98.52481842041016,98.70513007610282,98.38246749435115,98.6292086168355,1015200
2017-01-30,98.51535034179688,98.64820930763076,98.03136721208939,98.03136721208939,565900
2017-01-31,99.46431732177734,99.57819950423658,99.17962272603192,99.25553694073629,1002000
2017-02-01,99.17964172363281,99.35994616339455,98.84749434484031,99.03729077835894,743300
2017-02-02,99.11319732666016,99.68259378176482,99.08472858994524,99.58769557929217,368300
2017-02-03,99.3030014038086,99.43586034558881,99.07524425222384,99.07524425222384,542100
2017-02-06,98.99933624267578,99.04678897416171,98.67668083743634,98.73361832300323,375400
2017-02-07,98.4204330444336,98.59125271601705,98.20216788868592,98.33502682877648,464000
2017-02-08,98.4204330444336,98.6481901931218,98.35400357438832,98.43941703031466,358700
2017-02-09,98.18319702148438,98.47738367952542,98.09779079441576,98.420446194813,745700
2017-02-10,97.9554214477539,98.09777237307367,97.71817231897724,97.73714906356109,461700
2017-02-13,97.56633758544922,97.78460998795151,97.54736083927354,97.77511799472896,331700
2017-02-14,97.39553833007812,97.7466697502416,97.26267935818298,97.67074826908123,545300
2017-02-15,97.63277435302734,97.68971907634844,97.02541706624879,97.08236178956987,467400
2017-02-16,98.29707336425781,98.32554210491485,98.02186347079027,98.06930895846206,587200
2017-02-17,97.6801986694336,98.20214957981162,97.66122192735978,98.18316559746995,829400
2017-02-21,97.07286071777344,97.14878218158837,96.92101779014355,97.02540799282177,382500
2017-02-22,97.27214813232422,97.35755434803801,96.65529891562637,96.83561058027,1610200
2017-02-23,97.43347930908203,97.53786951443723,97.27215162454014,97.31960435070869,400200
2017-02-24,97.2152328491211,97.55687227050993,97.20574085400727,97.40502930977227,323000
2017-02-27,97.49992370605469,97.8510551087496,97.40502547946082,97.6043139273891,778700
2017-02-28,97.5378646850586,97.84154329280064,97.45245847050731,97.58531740887763,521600
2017-03-01,97.06340026855469,97.31014148600498,96.87360378760626,96.87360378760626,588500
2017-03-02,96.69327545166016,96.89256389450192,96.60786922198672,96.65531471393737,365500
2017-03-03,97.73717498779297,97.73717498779297,97.03491940762,97.20573911525891,1078700
2017-03-06,97.39553833007812,97.63278752850104,97.34809283455611,97.58534203297903,1198300
2017-03-07,97.27214813232422,97.44296780402102,97.2246954078593,97.27214813232422,199000
2017-03-08,97.02544403076172,97.19626376765787,96.96850653188699,97.15830302165072,515800
2017-03-09,97.41452026367188,97.54737923276181,97.2626773045572,97.50941849298314,577500
2017-03-10,98.3824691772461,98.45839063781209,97.76561998061806,97.84154144118405,1628600
2017-03-13,98.0313491821289,98.26859832609314,98.0313491821289,98.1452241374594,805700
2017-03-14,97.58534240722656,97.96494257421323,97.56635841672819,97.78463086583359,622700
2017-03-15,98.57228088378906,98.61024161717414,97.65175300994233,97.68022174991373,1624000
2017-03-16,99.09422302246094,99.09422302246094,98.53431850498743,98.762075661225,1171300
2017-03-17,98.83798217773438,98.97084110213417,98.75256873189544,98.79052945890516,549700
2017-03-20,98.8664779663086,98.98984493264646,98.68616627373987,98.91393069812257,817100
2017-03-21,99.48332214355469,99.54025962657627,99.34097119573075,99.41689266660617,857300
2017-03-22,99.33150482177734,99.59722279810642,99.28405932044535,99.38844955975631,471700
2017-03-23,99.2081069946289,99.2745364680639,99.14167752119391,99.2081069946289,298200
2017-03-24,99.31248474121094,99.53074988071138,99.28401600477773,99.36942221407737,473500
2017-03-27,99.96728515625,100.25198699472948,99.93881642045575,100.25198699472948,526800
2017-03-28,99.454833984375,100.01473843215751,99.35044379237003,99.9672857120576,548200
2017-03-29,99.08472442626953,99.10370116985914,98.85696006158365,98.91390477288934,586800
2017-03-30,98.24014282226562,98.90444490798133,98.24014282226562,98.84750741844913,695700
2017-03-31,98.13575744628906,98.43943611684367,98.10728146194623,98.36351463913736,492600
2017-04-03,98.15473175048828,98.23065322630333,97.89850581995051,98.09779426376221,284700
2017-04-04,98.10729217529297,98.17372166547246,97.93647245193553,98.05035468093097,243000
2017-04-05,98.29707336425781,98.29707336425781,97.84155179293606,98.07880095210432,1520900
2017-04-06,97.8699951171875,98.06928349030217,97.8510183751009,98.0597987393928,569800
2017-04-07,97.42399597167969,97.7846120788843,97.31960576480763,97.68022187201225,542600
2017-04-10,97.405029296875,97.54738026247998,97.35757656158304,97.35757656158304,238600
2017-04-11,97.5568618774414,97.75615031197553,97.49991715309586,97.5568618774414,399500
2017-04-12,98.05032348632812,98.14522169349685,97.40500554120402,97.50939574117035,860300
2017-04-13,97.64227294921875,97.78462390674186,97.5853354623177,97.77513191216819,529700
2017-04-17,97.86054229736328,98.1072762263356,97.80359757198717,97.89850303419061,556000
2017-04-18,98.71458435058594,98.73356832967598,98.24957822661287,98.33499165198477,910300
2017-04-19,98.54378509521484,98.60072980398076,98.40144142397035,98.57226106973187,645600
2017-04-20,98.54378509521484,99.07522801551073,98.52480835247161,98.97083782975268,258600
2017-04-21,98.4204330444336,98.46788576886703,98.22114463429776,98.39196430588122,704300
2017-04-24,99.94831848144531,99.97678722010755,99.63514787562224,99.92934173576023,1164800
2017-04-25,100.57465362548828,100.6790365808627,100.08117138421684,100.08117138421684,823200
2017-04-26,100.27098083496094,100.32791831214612,99.81545929667175,100.01474770708914,631000
2017-04-27,99.97679138183594,100.0906735814947,99.77750296263528,100.04322085490283,826600
2017-04-28,100.13810729980469,100.39434040885753,100.06219308255633,100.30892695908368,440800
2017-05-01,100.1855697631836,100.43231090397353,100.1855697631836,100.29945196053343,523800
2017-05-02,100.45125579833984,100.47023977867995,100.10013180498593,100.28043617661437,193800
2017-05-03,100.12863159179688,100.44179496187051,100.08117886649545,100.346896751537,1090700
2017-05-04,100.99224853515625,100.99224853515625,100.43234383851748,100.44182859453824,804800
2017-05-05,101.09661102294922,101.09661102294922,100.83089312187121,100.88783060345371,898400
2017-05-08,100.45125579833984,100.62207542006531,100.34686562727055,100.57462994974925,823800
2017-05-09,99.92933654785156,100.23301514493177,99.8534150885143,100.05270348907297,598900
2017-05-10,99.8818588256836,99.9862489960767,99.76797666518192,99.97675700596812,398900
2017-05-11,99.83444213867188,99.94832434026566,99.80597339834084,99.81546539187441,377100
2017-05-12,100.43231201171875,100.47027274458739,100.28996107352872,100.32792180639736,436000
2017-05-15,100.88780975341797,100.99219994159186,100.78341956524407,100.93526247177638,371800
2017-05-16,101.88429260253906,101.96969883549991,101.67551215716271,101.77041038498723,760800
2017-05-17,102.50113677978516,102.52960552267118,102.03612317841232,102.0740839156838,606700
2017-05-18,102.0930404663086,102.33977433185642,101.78936189002263,102.14997793677834,543600
2017-05-19,102.98511505126953,103.0135910330881,102.76684987255028,102.79531861409889,1324900
2017-05-22,103.26983642578125,103.49759364139899,103.18443018502636,103.32677391961785,881400
2017-05-23,102.73837280273438,103.36470678684107,102.69092007715338,103.24133983670762,1367100
2017-05-24,103.0610122680664,103.07050425977211,102.63396676479752,102.75733369589851,642700
2017-05-25,102.99459075927734,103.13694168478119,102.89969255569771,102.98509876683873,260000
2017-05-26,102.60549926757812,102.78580367055159,102.56753854056572,102.61498401912996,390300
2017-05-30,102.79529571533203,102.93764663163479,102.63396805564747,102.63396805564747,437300
2017-05-31,103.2223892211914,103.36474020368573,103.06106148649131,103.08953023493584,1150900
2017-06-01,103.00407409667969,103.19387048789108,102.94713662736991,103.01356608832072,436800
2017-06-02,103.64940643310547,103.66838317876856,103.41215729083606,103.49756350672381,946400
2017-06-05,103.37421417236328,103.45962040280273,103.28880070165336,103.38370616694671,354900
2017-06-06,103.6209716796875,103.64944042765383,103.45963670742566,103.52606619943761,195400
2017-06-07,103.47858428955078,103.63041997203672,103.09898422293234,103.18439767704929,675900
2017-06-08,103.01356506347656,103.11795524968475,102.86172215980349,103.10846325813814,903900
2017-06-09,102.81429290771484,102.89970637059196,102.61500448136134,102.61500448136134,247200
2017-06-12,102.91868591308594,103.03256811992526,102.80481094651661,103.03256811992526,347000
2017-06-13,102.91868591308594,103.04206011389604,102.78582695857506,102.90920115938516,1007700
2017-06-14,103.03256225585938,103.73481772405822,102.80480509541346,103.49756857018176,913700
2017-06-15,102.33979797363281,102.47266416920327,102.23541500041395,102.39674269752588,956400
2017-06-16,102.8807373046875,102.8807373046875,102.52960591378964,102.5390979082113,1225400
2017-06-19,102.36824798583984,102.67192655523894,102.33977201098239,102.58651311120296,1177300
2017-06-20,102.17845153808594,102.41570066336631,102.11202207261817,102.34927119789855,279300
2017-06-21,102.52958679199219,102.55805552967739,102.2543769272536,102.2543769272536,260300
2017-06-22,102.39674377441406,102.49164199487382,102.2923535598273,102.4536812586359,271800
2017-06-23,102.83328247070312,102.9186886979411,102.66246277595697,102.67195477018458,871400
2017-06-26,102.63398742675781,102.98511154760489,102.60551868617775,102.91868207282816,741600
2017-06-27,104.21882629394531,104.21882629394531,103.51657070264683,103.6209609278728,912000
2017-06-28,104.5224838256836,104.57942130418776,104.04798553076392,104.06696951711157,1118000
2017-06-29,105.04444122314453,105.07290996412486,104.64585712861039,104.73127059182121,338900
2017-06-30,104.84516143798828,104.90209892464208,104.62688900536467,104.79770870559649,406700
2017-07-03,104.24726867675781,104.40859635121174,104.23777668406375,104.2947213999591,607300
2017-07-05,104.10492706298828,104.23778601151761,103.91513063373773,103.93410738055492,402000
2017-07-06,104.84516143798828,104.86413818678272,104.50352203752463,104.53199078085153,308200
2017-07-07,104.6743392944336,104.74076877406922,104.47504361525644,104.62688656314945,675300
2017-07-10,104.62686920166016,104.71227541547522,104.50350225717094,104.53197099510929,263800
2017-07-11,105.2342300415039,105.36708898331133,104.59840407138708,104.64584955616442,351300
2017-07-12,104.80719757080078,104.88311180398239,104.57943315044531,104.88311180398239,574100
2017-07-13,104.6743392944336,104.76923751673161,104.48453560956732,104.74076877406922,410400
2017-07-14,105.28167724609375,105.28167724609375,104.96850665385341,105.18677180097686,625600
2017-07-17,105.3861083984375,105.41457714692847,105.18681267845727,105.21528866721998,387500
2017-07-18,106.0788345336914,106.29710692865292,106.01240506396732,106.21169347313956,640100
2017-07-19,105.68973541259766,105.86055506025004,105.64228269481214,105.86055506025004,492200
2017-07-20,106.73362731933594,106.97087642167632,106.05984073752141,106.08830947135937,1507300
2017-07-21,107.09427642822266,107.19866664471846,106.80008976733647,106.84753525829895,849000
2017-07-24,106.81906127929688,106.8949827494394,106.68620232668242,106.82855327313216,1023300
2017-07-25,106.87598419189453,107.35996717467958,106.8380234645699,107.18914752185297,376900
2017-07-26,107.56877136230469,107.7300990589386,106.65773542568543,106.82855511631843,1145200
2017-07-27,107.1132583618164,107.40744501705852,106.90447793283036,107.31254679668398,688600
2017-07-28,107.89143371582031,107.91990245747358,107.54979433544104,107.58775507106874,740000
2017-07-31,108.61265563964844,108.66010836473639,107.6921350392581,107.7490725171482,767400
2017-08-01,108.25203704833984,108.60316838118935,108.12867010233447,108.33745050347368,762500
2017-08-02,108.7645034790039,109.25797853696284,108.49878558315912,108.49878558315912,818700
2017-08-03,108.9448013305664,109.07766026163084,108.64112273952361,108.71703695708277,628300
2017-08-04,108.04325866699219,108.65061589605901,107.59722911808734,108.62214715723857,1318400
2017-08-07,108.18560791015625,108.21407664853164,108.06224096377315,108.09070970214854,274100
2017-08-08,107.74906158447266,108.36591074668144,107.47385173547893,108.35641875457307,640100
2017-08-09,107.84396362304688,107.89141634500898,107.32201264253906,107.42640283864063,774000
2017-08-10,108.01480102539062,108.09072249689132,107.47387321142077,107.7016303856528,552200
2017-08-11,108.4703140258789,108.64113370309562,108.02428446646472,108.29000235540863,715200
2017-08-14,108.04325866699219,108.18560960136362,107.96733720329152,108.14764886951329,362700
2017-08-15,107.64470672607422,107.70164421687673,107.32204405089442,107.41694952259321,655900
2017-08-16,107.96733856201172,108.02428328063849,107.23661437543744,107.23661437543744,734800
2017-08-17,107.53080749511719,107.78704064373977,107.41693253152475,107.4548932661455,675200
2017-08-18,107.90089416503906,107.91038615687543,107.57823884528618,107.74905849699898,773200
2017-08-21,108.33745574951172,108.4797994478456,108.01479313932612,108.06224586561707,933400
2017-08-22,107.78702545166016,107.95784511324237,107.7490647223898,107.91988438397202,709700
2017-08-23,108.40389251708984,108.4133772707707,108.10021387309267,108.18562009784031,564100
2017-08-24,108.2045669555664,108.32794112203716,108.09069202069247,108.14762948812944,277900
2017-08-25,109.38136291503906,109.50472988094683,108.08123481473439,108.31848399243647,2063900
2017-08-28,109.80839538574219,109.89380884442453,109.3718578198921,109.39083456611625,791200
2017-08-29,109.74198150634766,110.3493388355899,109.73248951175218,110.32087009207395,824200
2017-08-30,108.99227905273438,109.45728544901436,108.97330230279822,109.32442647864866,1107300
2017-08-31,109.1631088256836,109.18209281764054,108.65064964691945,108.68861039056178,641800
2017-09-01,108.74551391601562,109.14409797961481,108.63163896093236,109.10613724783063,489700
2017-09-05,109.26744079589844,109.42876844014987,108.98273899052842,109.01121496327956,428600
2017-09-06,109.25796508789062,109.53317494335862,109.18205087004364,109.37184727506423,944300
2017-09-07,110.19746398925781,110.27337819825101,109.80837199199559,110.19746398925781,1222200
2017-09-08,110.24491882324219,110.45369920629906,110.1500206237441,110.42523047047649,247400
2017-09-11,109.57115936279297,109.91279875791088,109.53319862552762,109.77044780323337,503400
2017-09-12,109.68505859375,109.73250409249079,109.40984863607623,109.40984863607623,141800
2017-09-13,108.89737701416016,109.57116383752859,108.83094753130047,109.56167184275702,497700
2017-09-14,109.12510681152344,109.2579657438893,108.80245147299742,108.83092020989456,260200
2017-09-15,109.50469970703125,109.80837828120075,109.3433720483124,109.80837828120075,850100
2017-09-18,109.53319549560547,109.6755464462153,109.27696957672389,109.50472675353753,305200
2017-09-19,109.96023559570312,110.02666506624809,109.63757299572099,109.83686140735587,335100
2017-09-20,108.9448013305664,110.17849243906021,108.69806021276017,109.922266569227,997600
2017-09-21,109.35287475585938,109.53317917551495,109.13460236541019,109.13460236541019,297700
2017-09-22,109.4477767944336,109.79890089361021,109.40032406954899,109.61859646764115,251000
2017-09-25,108.5652084350586,108.94480850894112,108.4133655093979,108.8214343217745,348400
2017-09-26,108.04325866699219,108.21407834018406,107.74907204548869,108.062242653052,1138400
2017-09-27,107.64470672607422,107.90093267495647,107.39796553214508,107.41694952259321,818300
2017-09-28,107.92939758300781,108.14766276886252,107.88194485202885,107.9863350679664,281100
2017-09-29,108.280517578125,108.33746230117175,108.07173715425009,108.30898631951341,454400
2017-10-02,107.49281311035156,107.74904617876153,107.4833283598679,107.69210871478934,688800
2017-10-03,107.64470672607422,107.8629791746021,107.54980849464638,107.68266746669954,170600
2017-10-04,107.77754211425781,107.79651886028252,107.62570642525213,107.73008938879202,655400
2017-10-05,107.22714233398438,107.51184425928443,107.17969683994818,107.3694932966344,628400
2017-10-06,107.5118179321289,107.54028666963343,107.06578840384078,107.12272587884985,278900
2017-10-09,107.65419006347656,107.69215080104898,107.42642563804199,107.48337036453582,290900
2017-10-10,108.25203704833984,108.32795851062122,108.00529591605995,108.00529591605995,584400
2017-10-11,108.71702575683594,108.7360097394715,108.45130792208187,108.5082453894526,333900
2017-10-12,108.39440155029297,108.55572924763617,108.37541756221138,108.52726050578384,126000
2017-10-13,108.25203704833984,108.76449605833541,108.18560757891093,108.75500406548295,127000
2017-10-16,107.98634338378906,108.24256932610436,107.96735939382748,108.10022560274629,422900
2017-10-17,107.76805877685547,107.825003500042,107.49284887564208,107.58775433419632,257500
2017-10-18,108.01480102539062,108.1002144908964,107.7111223796579,107.75857510941334,441000
2017-10-19,108.44183349609375,108.58418442784647,108.30897455719632,108.38489601950033,1024000
2017-10-20,107.8249740600586,108.04323917849145,107.74905261005239,108.03374718717367,863900
2017-10-23,107.57823944091797,107.7300751097987,107.38844304474993,107.48334124283394,1059600
2017-10-24,107.70162200927734,107.98632388512755,107.63519253694824,107.66366127647936,391200
2017-10-25,108.08124542236328,108.21410439569426,107.92940969867261,107.98634719002274,256900
2017-10-26,106.62925720214844,107.67315200084803,106.59129646979781,107.67315200084803,1694500
2017-10-27,106.2116928100586,106.42047321082205,105.99342765672888,106.19271606465698,832000
2017-10-30,106.73362731933594,106.73362731933594,106.19269965561058,106.19269965561058,488000
2017-10-31,106.64822387695312,106.72414533448482,106.4584274733926,106.55332567517287,78400
2017-11-01,106.37301635742188,106.59128874254719,106.26863340136153,106.31607888315826,531800
2017-11-02,106.76211547851562,106.98038787810133,106.54384307892994,106.54384307892994,336200
2017-11-03,106.24966430664062,106.70518588539463,106.18323483060044,106.65773315667883,678900
2017-11-06,106.2686538696289,106.33508334915432,106.02191269984729,106.05987343675756,227300
2017-11-07,106.0883560180664,106.11682476439515,105.85110681163194,105.96498903721812,101500
2017-11-08,106.16425323486328,106.21169872114241,106.02190229548681,106.145269248136,181200
2017-11-09,106.59129333496094,106.66721479742935,106.24016200124633,106.24016200124633,483500
2017-11-10,106.78109741210938,106.86651087358182,106.65773045694883,106.69569119090662,236400
2017-11-13,106.80957794189453,106.82855468954682,106.68620374120968,106.77161720631996,113400
2017-11-14,107.94837951660156,108.03378574814197,107.50234988894682,107.59724811519301,808900
2017-11-15,107.93888092041016,108.25205156411276,107.90092018417923,108.12868460156481,293800
2017-11-16,107.71112823486328,107.83449520255564,107.62572200498482,107.76806572144892,314900
2017-11-17,107.94837951660156,108.03378574814197,107.78705180795598,107.97684826044836,276900
2017-11-20,107.35051727294922,107.7585861738275,107.3315332829898,107.68266469453137,326200
2017-11-21,107.41693115234375,107.54029810807484,107.29355695634293,107.3030489499437,248300
2017-11-22,108.1666488647461,108.22358635081397,107.68265851235806,107.68265851235806,277600
2017-11-24,109.12510681152344,109.28644172105524,108.95428714987177,108.97327113464907,406700
2017-11-27,108.87838745117188,109.40033125785112,108.84042671682379,109.34339377646387,222500
2017-11-28,108.33745574951172,108.76450132505232,108.21408155726304,108.74551733842814,250400
2017-11-29,108.4228286743164,108.55568757880972,108.23303230797374,108.28996976982309,131900
2017-11-30,108.87838745117188,109.1630820983779,108.66960703239228,108.66960703239228,330500
2017-12-01,108.79298400878906,109.17258414696181,108.43236785967368,108.57471881652226,235200
2017-12-04,108.46080780029297,108.48927653604848,108.22355868197234,108.3469256170024,168400
2017-12-05,108.14767456054688,108.2995175240193,107.95787809647734,108.14767456054688,383700
2017-12-06,107.89143371582031,108.00530868243341,107.78704350291164,107.95786319310129,188600
2017-12-07,107.72062683105469,108.0812430019815,107.70164284084909,107.83450181120482,172900
2017-12-08,107.62570190429688,107.69213137299691,107.47385898140018,107.60671791880026,289600
2017-12-11,107.68264770507812,108.04326381443302,107.673155711596,107.80601465926726,232000
2017-12-12,107.45490264892578,107.45490264892578,107.18917748337788,107.37898117305495,288700
2017-12-13,108.1666488647461,108.1761336189105,107.4643860819806,107.57826829438672,812600
2017-12-14,107.80602264404297,108.04327181678086,107.6636716923462,107.93888160155457,1279800
2017-12-15,107.5023422241211,107.79652887659022,107.49285023009207,107.76806013477321,551900
2017-12-18,107.7585678100586,108.22357412102915,107.6921383370628,107.94836423568385,475500
2017-12-19,108.2900161743164,108.35644565502946,107.95786877075113,108.07174374324758,254300
2017-12-20,108.64112091064453,108.8119405677473,108.31845834044215,108.36591106085292,199200
2017-12-21,108.59368133544922,108.62215007503437,108.41336966438394,108.47979913683912,93200
2017-12-22,108.41336822509766,108.44183696430485,108.15714233196341,108.38489948589044,304100
2017-12-26,108.47978973388672,108.61264866728098,108.45132099676921,108.51775046346634,131100
2017-12-27,108.74551391601562,108.88786485013895,108.69806843148736,108.81195062683987,101200
2017-12-28,109.2010498046875,109.35289275177429,109.13462032540458,109.2010498046875,253400
2017-12-29,109.71348571777344,109.9412428500281,109.59960353151175,109.59960353151175,220000
2018-01-02,110.27340698242188,110.27340698242188,109.96024359294505,110.16901677250634,415200
2018-01-03,109.80839538574219,109.998199049331,109.73247392030666,109.94125433011963,388100
2018-01-04,110.35880279541016,110.50115371709865,110.26390459437404,110.2733893462896,530100
2018-01-05,110.05512237548828,110.16899731872812,109.89379471238617,109.96022417603224,329700
2018-01-08,109.39083862304688,109.53318956595042,109.32440914839451,109.45726809769923,1238800
2018-01-09,109.12510681152344,109.15357554842058,108.96377914226042,109.06816933772915,649900
2018-01-10,109.32437133789062,109.68499456722517,109.17253569417124,109.68499456722517,329600
2018-01-11,109.98869323730469,110.21645036472682,109.9127717814078,110.03613871703884,1441700
2018-01-12,111.41222381591797,111.41222381591797,110.8048664537816,110.98517091923809,1324000
2018-01-16,112.13343811035156,112.24731306490187,111.50709689924783,111.56403437652298,1259000
2018-01-17,111.64945220947266,112.30425494461363,111.601999483037,111.71588168232086,388200
2018-01-18,111.85824584960938,112.09549502930547,111.74436363685791,111.92467533031346,163400
2018-01-19,111.70636749267578,112.01953804827654,111.68739075003394,111.90565587162133,659800
2018-01-22,112.01005554199219,112.0480162707585,111.71586894438919,111.94362607671832,215500
2018-01-23,112.36119842529297,112.43711989064496,112.05751980415445,112.05751980415445,465100
2018-01-24,113.32918548583984,113.46204444615339,113.12040505098417,113.1488810341402,488900
2018-01-25,113.36714172363281,114.4964500817467,112.99703360026726,114.05991248086092,1372900
2018-01-26,113.49049377441406,113.75621888985434,113.37661882235159,113.49998576717563,722000
2018-01-29,113.13937377929688,113.21529524359856,112.74079695211704,112.9305933726019,526700
2018-01-30,113.26274108886719,113.75622336812854,113.14886613232177,113.72774738872282,174200
2018-01-31,113.48101043701172,113.96499346985055,113.20580056564714,113.79418103962685,415000
2018-02-01,114.32562255859375,114.4205207713684,113.66132058863221,113.71826530851261,404200
2018-02-02,113.87957763671875,114.1263187488735,113.3861026526778,113.84161690867428,272100
2018-02-05,113.20582580566406,113.5569572178169,113.1868418156716,113.47154374339236,530900
2018-02-06,113.03500366210938,113.30072159411364,112.513052552622,112.69336425231229,214700
2018-02-07,112.03853607177734,112.78824425322227,111.90567712724476,112.7123227876981,315700
2018-02-08,111.87723541259766,112.28530433802564,111.78233717790373,112.28530433802564,225200
2018-02-09,111.78229522705078,111.99107560918681,111.51657737352072,111.87719342613029,119300
2018-02-12,112.2568130493164,112.34221927130913,111.92466567445067,111.94364242147024,300600
2018-02-13,112.85467529296875,113.0065182261261,112.77875382639007,112.7882458197798,200000
2018-02-14,113.84163665771484,113.86062064516467,112.49406315957019,112.5225319004751,515700
2018-02-15,114.1927719116211,114.24021740132176,113.78470305079114,114.02195222010461,178900
2018-02-16,113.31017303466797,113.78467124064206,113.18679886734316,113.5853828629651,330700
2018-02-20,112.67436218261719,112.87365058683594,112.56997198417847,112.84518184912883,387500
2018-02-21,112.26630401611328,112.83570054499936,112.18089055463204,112.61742813478702,466800
2018-02-22,112.56047821044922,112.80721933378824,112.48455675091891,112.56047821044922,218400
2018-02-23,112.29476165771484,112.45608933090476,112.21884019729525,112.31373840268526,145700
2018-02-26,112.4371109008789,112.47506439025094,112.17138579339266,112.36118944159712,191000
2018-02-27,111.71589660644531,112.25682445483451,111.61150638655701,112.25682445483451,270300
2018-02-28,111.42168426513672,111.65893339380933,111.31729406929927,111.61148067196729,157700
2018-03-01,111.9531478881836,112.03855412045459,110.8902689204307,111.18446283666222,560300
2018-03-02,112.56047821044922,112.6174156849625,112.29476034236207,112.5509862179407,216100
2018-03-05,112.61740112304688,112.72179130633572,112.36117528059934,112.45607347260703,253200
2018-03-06,113.20582580566406,113.36715351924613,113.08245883179615,113.12041233123952,245100
2018-03-07,113.30067443847656,113.35761190298854,113.08240933100221,113.33863516157375,186000
2018-03-08,112.41809844970703,113.01596349955632,112.26626280985974,113.01596349955632,325800
2018-03-09,112.35173797607422,112.57949519580615,112.24734774197385,112.26633173377654,115000
2018-03-12,112.62692260742188,112.67437533598591,112.23783050595229,112.26630648725262,165400
2018-03-13,113.03500366210938,113.24378410590433,112.65540351341589,112.84520720789794,206600
2018-03-14,112.9211196899414,112.98754917190976,112.71233924939217,112.87367419726145,254800
2018-03-15,112.2853012084961,112.68387812726449,112.2663244581947,112.64591738639069,254600
2018-03-16,112.14292907714844,112.23782729128865,111.89619516843781,112.22834253806337,221200
2018-03-19,112.59846496582031,112.7692846691117,112.34223179074797,112.36121578015288,191800
2018-03-20,111.77284240722656,112.12397383117444,111.75386565686742,112.0575443445109,360100
2018-03-21,112.67436218261719,112.6838469350069,111.81077185740028,112.12394245271645,221500
2018-03-22,112.40866088867188,112.47509037082074,112.13345820567696,112.34223140652301,279900
2018-03-23,112.84518432617188,112.91161379570298,112.56048246231337,112.57945920777833,149700
2018-03-26,113.61384582519531,113.69925202260329,113.34812800179141,113.34812800179141,555000
2018-03-27,113.13937377929688,113.30070146073595,112.99702284379855,112.99702284379855,323500
2018-03-28,112.27580261230469,112.78826172356605,112.24733386839081,112.74081623046646,642300
2018-03-29,112.29476165771484,112.56047952891446,112.10495800666585,112.45608933090476,111900
2018-04-02,112.29476165771484,112.65537773430447,112.07648926907575,112.65537773430447,230600
2018-04-03,111.91517639160156,112.01007460953757,111.8392549211448,111.8677236624986,152700
2018-04-04,112.05751037597656,112.30424425720693,112.000565661619,112.17138532415402,218000
2018-04-05,111.64945220947266,111.87720936777085,111.49760927709418,111.78231115516905,868700
2018-04-06,112.07652282714844,112.14295231483872,111.85825761342511,112.00060134399635,245600
2018-04-09,112.40866088867188,112.5035663548307,112.30427066811357,112.38019214493244,148900
2018-04-10,112.69335174560547,112.82621069686292,112.46559457777411,112.75028922749586,287600
2018-04-11,112.7977294921875,113.05395537265204,112.67436254829998,112.87365095316551,509400
2018-04-12,112.46556854248047,112.57944347989968,112.21882744429193,112.28525690454252,174400
2018-04-13,112.54148864746094,112.59843335942071,112.38965297619477,112.40862972000234,66200
2018-04-16,112.87364196777344,113.04446162124124,112.77873652897142,113.02547763737346,169500
2018-04-17,112.85467529296875,112.85467529296875,112.53201992041372,112.63641012689202,66200
2018-04-18,112.85467529296875,113.07294769931505,112.83569854645887,112.94008875293716,133800
2018-04-19,112.6363754272461,112.93056196927209,112.4465718192718,112.93056196927209,111700
2018-04-20,112.02904510498047,112.18088078733764,111.72536649999708,112.02904510498047,479500
2018-04-23,111.35527801513672,111.6115111987358,111.2603797857659,111.57355045893331,179200
2018-04-24,111.56404876708984,111.67793097659899,111.35526833645815,111.42170505554112,195800
2018-04-25,111.01364135742188,111.23190655213942,110.98516537351608,111.11802433732777,272600
2018-04-26,110.40625762939453,111.29831672330012,110.33034340629538,111.29831672330012,234700
2018-04-27,110.61502075195312,110.64348948620125,110.10256181468262,110.2069520004378,120100
2018-04-30,110.12156677246094,110.36830791672143,110.01717656682263,110.08360603947705,222900
2018-05-01,109.39083862304688,109.61860302780045,109.2769636609398,109.60911103420162,315200
2018-05-02,108.89737701416016,109.63759332038826,108.86890827011608,109.40034413299358,524800
2018-05-03,109.28645324707031,109.45726568646809,108.98276738075543,109.21053178049159,324200
2018-05-04,109.0302505493164,109.09668004105289,108.63167359889745,108.67911909855404,289600
2018-05-07,108.71702575683594,108.8214159405276,108.53672136340595,108.66008828946521,299000
2018-05-08,108.1666488647461,108.36593730625403,107.9199076913347,108.10021938424345,396100
2018-05-09,108.03376770019531,108.35643030385356,107.97683022201359,108.27101684631162,261900
2018-05-10,108.72655487060547,108.89737457130853,108.2900172444244,108.77400760312817,372600
2018-05-11,108.87838745117188,109.08716062968172,108.79297398882125,109.00175440760084,148100
2018-05-14,108.81194305419922,109.33388678930167,108.77398232505688,109.32439479694891,1496200
2018-05-15,107.92939758300781,108.2330762365706,107.73959389936219,107.91990558875798,364000
2018-05-16,107.58776092529297,107.73010464130475,107.36948849362425,107.54980018759969,328500
2018-05-17,107.52132415771484,107.61622237538161,107.42641869977818,107.55927765256563,68800
2018-05-18,107.26510620117188,107.43592591327878,107.09428648906497,107.17969996525389,125200
2018-05-21,107.42642974853516,107.44541373818295,107.03734484400324,107.30306277690711,188200
2018-05-22,107.37895202636719,107.49282696899304,107.28405382742281,107.43588949768011,155600
2018-05-23,106.67668914794922,106.80005607385593,106.43944004717389,106.73362661524955,596000
2018-05-24,106.83804321289062,107.08477712570523,106.76212174420778,106.81905922558504,189400
2018-05-25,106.27813720703125,106.41099616431114,106.14527824975137,106.20222297449286,442900
2018-05-29,105.120361328125,105.61384366693379,104.9875023692773,105.36710249752939,524000
2018-05-30,106.2591552734375,106.373030236823,105.67077474828987,105.91751590274143,546800
2018-05-31,106.51538848876953,106.58181796872503,106.07885087188048,106.23069382050465,495800
2018-06-01,106.18325805664062,106.44897601892328,105.86060259966068,106.44897601892328,515500
2018-06-04,106.57233428955078,106.82856021760057,106.3920225963085,106.69570125634951,211300
2018-06-05,106.72415924072266,106.88548692879709,106.17373946230086,106.34455914387074,381600
2018-06-06,107.24609375,107.47385087690103,107.17017229427681,107.255578501764,541800
2018-06-07,107.48335266113281,107.77753927852618,107.48335266113281,107.7395785472062,333400
2018-06-08,107.19866943359375,107.29356765825781,107.0753024655575,107.21765342268883,245000
2018-06-11,107.35051727294922,107.61623521021494,107.32204128801008,107.50235299127073,158200
2018-06-12,107.05631256103516,107.45489666703305,106.88549286997035,107.40744393718782,147800
2018-06-13,107.39795684814453,107.49285507189907,106.83805225980349,107.29356662993342,303500
2018-06-14,105.51893615722656,106.4489487873013,105.51893615722656,106.40150330061482,949400
2018-06-15,105.78466033935547,105.89853530638744,105.63281739628614,105.8510898168808,639800
2018-06-18,105.81311798095703,105.85107871274215,105.64229830805861,105.64229830805861,91900
2018-06-19,105.47150421142578,105.51895694773152,105.24374700575443,105.3576219884546,143800
2018-06-20,105.48095703125,105.59483197165714,105.35758285878447,105.49993377456174,156700
2018-06-21,105.7562026977539,105.90803841648986,105.43354002999997,105.56639899899548,296700
2018-06-22,106.19271087646484,106.24964835015707,105.83208756903066,106.22117961331095,95700
2018-06-25,106.55332946777344,106.66721165812443,106.30658834214744,106.42996252509492,242300
2018-06-26,106.04088592529297,106.33507981650632,105.97445644797448,106.24966635122826,150900
2018-06-27,105.2247543334961,105.73721343417917,105.11087936019126,105.71823668538516,165800
2018-06-28,105.31016540527344,105.58537531827619,105.21526718292394,105.31016540527344,182300
2018-06-29,106.34456634521484,106.38252708149759,105.88905199036215,106.01241895307847,273200
2018-07-02,105.78466033935547,105.84159782287145,105.55690316502151,105.74669960358814,87700
2018-07-03,106.09783172607422,106.21170669390777,106.03140224808128,106.06935574384575,31100
2018-07-05,106.45843505859375,106.59129399860609,106.28761538711083,106.50588778299925,109600
2018-07-06,106.93293762207031,107.15121002669612,106.84752416277517,107.06579656740098,200300
2018-07-09,106.93293762207031,107.20814750604654,106.82854741641486,107.20814750604654,180900
2018-07-10,106.94246673583984,106.94246673583984,106.56286651444636,106.65776475972673,74200
2018-07-11,106.24966430664062,106.99937253067687,106.20221881819471,106.96141179575821,122600
2018-07-12,106.27813720703125,106.43947214681697,106.22119972255992,106.31609794343552,92300
2018-07-13,106.3350830078125,106.35405975607159,105.96497487446327,105.9744596284577,99200
2018-07-16,106.59129333496094,106.6767067903052,106.45843439577577,106.45843439577577,90600
2018-07-17,106.16425323486328,106.52486933971673,106.02190229548681,106.47741661316806,57300
2018-07-18,105.9649887084961,106.14529318144254,105.81314574151891,105.87957522950363,107000
2018-07-19,105.90802001953125,106.27812811748134,105.52841992822434,105.52841992822434,271800
2018-07-20,106.73362731933594,106.82852551221849,106.49637821699555,106.61974514371607,235700
2018-07-23,106.42993927001953,106.61024364834233,106.34452583585198,106.61024364834233,237900
2018-07-24,106.36353302001953,106.63874288306918,106.25914282230178,106.42047049504052,69000
2018-07-25,106.76211547851562,106.82854494964704,106.1642502383329,106.54384307892994,84500
2018-07-26,105.97444915771484,106.35404924782257,105.94598041800393,106.29711176840074,143700
2018-07-27,106.09783172607422,106.15476920999099,106.00292626585282,106.04088700188736,78900
2018-07-30,106.48690032958984,106.62925125790176,106.40149411676407,106.42047086174681,155200
2018-07-31,106.38250732421875,106.66720917332967,106.36353057973679,106.59128771486425,79100
2018-08-01,106.12630462646484,106.34456981687833,106.07885189449476,106.31610107380443,42200
2018-08-02,105.46199035644531,105.82261370097025,105.40505287689697,105.79414496119607,143700
2018-08-03,105.29116821289062,105.57587008450714,105.18677800931586,105.28168346003427,106300
2018-08-06,105.12984466552734,105.24372686670647,105.00647771111888,105.07290718507261,160700
2018-08-07,105.50943756103516,105.5948437758879,105.40504736048014,105.50943756103516,60100
2018-08-08,105.66130828857422,105.70876102829875,105.42405907049468,105.49049580221764,96400
2018-08-09,104.90209197998047,105.49047251744302,104.85463925073012,105.46199653573085,111600
2018-08-10,103.7253189086914,104.14287243952226,103.61143672377284,103.86766258950385,338700
2018-08-13,103.66838073730469,103.99104332813216,103.5829745234283,103.98155133538955,237600
2018-08-14,103.21287536621094,103.64941294658702,103.0705244238499,103.63042895946171,325200
2018-08-15,103.2033920288086,103.27931350313834,102.79532315462411,102.91869012020722,139700
2018-08-16,103.45011901855469,103.78226637287626,103.26031535874999,103.49756450330388,88100
2018-08-17,104.0859375,104.10491424448057,103.70633744796962,103.75379016957422,202300
2018-08-20,104.36116027832031,104.39912101225038,103.93410745180927,104.01952091321935,475800
2018-08-21,105.21527862548828,105.49997332349844,104.69332748539641,104.75975697229255,306500
2018-08-22,105.56636810302734,105.67075829672505,105.31014223503124,105.50943063019902,94000
2018-08-23,104.94950866699219,105.3955381345669,104.87359445740319,105.18675776759423,202500
2018-08-24,105.73717498779297,105.8510571599603,105.37655896966477,105.4809491507512,159300
2018-08-27,106.24016571044922,106.33507116198281,105.88904160474486,105.88904160474486,137200
2018-08-28,106.31611633300781,106.68622452662969,106.31611633300781,106.61030304068895,149900
2018-08-29,106.42044830322266,106.44891703479657,106.12626175660229,106.1547304881762,62900
2018-08-30,106.17374420166016,106.19272818949847,105.86058080502782,106.04088524787191,162600
2018-08-31,105.53791809082031,105.93649495187016,105.35760640784873,105.73720652134523,184900
2018-09-04,105.32911682128906,105.34810080535536,104.8451338316266,104.98747751078113,350200
2018-09-05,105.76565551757812,105.77514750971773,105.54739038024745,105.73718678142791,95900
2018-09-06,105.68973541259766,105.85106306863929,105.52840051628783,105.71820414716169,80200
2018-09-07,105.0824203491211,105.39558379498361,105.02547561692428,105.17731858242098,125400
2018-09-10,105.43351745605469,105.57586838957762,105.41454071037727,105.46198619470543,65500
2018-09-11,105.3861083984375,105.45253789167367,105.24375741571095,105.29120291643864,69400
2018-09-12,105.708740234375,105.90802866952728,105.37659284245454,105.42403833257454,205200
2018-09-13,106.2686538696289,106.37303684579435,106.0883421793727,106.27813862365379,155700
2018-09-14,105.68973541259766,106.0978041686412,105.64228269481214,106.0978041686412,225300
2018-09-17,106.2212142944336,106.33509651926927,106.20223754376323,106.21172229896284,113700
2018-09-18,106.0883560180664,106.50591693827784,105.94600504615148,106.42050345902041,80200
2018-09-19,106.12630462646484,106.26865558210471,105.90803219578099,106.10732063756866,51400
2018-09-20,107.05631256103516,107.12274203865647,106.70518842515254,106.94243759383865,539700
2018-09-21,106.8000717163086,106.96139939080034,106.6482287942441,106.71465826258006,454000
2018-09-24,106.75265502929688,107.36950443794119,106.75265502929688,107.36950443794119,194400
2018-09-25,106.951904296875,107.17966867336736,106.89496682288632,107.0942552221155,111700
2018-09-26,106.75265502929688,107.21766870489097,106.5723505488167,106.63878003957707,89200
2018-09-27,105.8890380859375,106.29710689705531,105.80362463044953,106.10730324056495,297300
2018-09-28,105.4904556274414,105.68025203351473,105.18676979329402,105.18676979329402,145300
2018-10-01,105.2247543334961,105.50945624729906,105.09189537112684,105.35761329586536,77200
2018-10-02,104.97799682617188,105.12034051084122,104.77870842736598,104.86411463816759,126100
2018-10-03,104.6363754272461,104.93056207965037,104.58892269738152,104.79770312435359,262200
2018-10-04,104.62686920166016,104.88309508337441,104.45604953376098,104.74075139368264,140900
2018-10-05,104.71228790283203,104.9400523140388,104.51299947322855,104.76923262576868,231800
2018-10-08,104.47504425048828,104.48453624485687,104.15238884465917,104.20932633033013,127700
2018-10-09,104.47504425048828,104.52249698206094,104.0005458958429,104.08595936461964,191900
2018-10-10,104.64585876464844,104.90209191801705,104.57942928789916,104.63637401101992,97600
2018-10-11,105.32911682128906,105.36707754915311,104.91156329532156,105.12982843020418,270800
2018-10-12,105.01598358154297,105.09189781875746,104.797711143841,104.94954685854057,140000
2018-10-15,105.18677520751953,105.35759487788556,105.16779846204294,105.22473593874189,101300
2018-10-16,105.2247543334961,105.49047949850507,105.15832485231147,105.45251876064664,49600
2018-10-17,104.55094146728516,104.91156476691783,104.49400399482467,104.83564331012478,113200
2018-10-18,104.07646179199219,104.6363735854043,104.02901630323281,104.42759316210724,440300
2018-10-19,104.53196716308594,104.7787082832882,104.14287511814128,104.15236711052911,352500
2018-10-22,104.14289093017578,104.30422586418938,104.0764614539125,104.26626512914324,48100
2018-10-23,104.19035339355469,104.38014984624822,104.01953369002229,104.19035339355469,133200
2018-10-24,103.5355453491211,103.62095882269381,103.3837096320495,103.54503734402266,168900
2018-10-25,103.29828643798828,103.46910612878868,103.15593548894294,103.46910612878868,256200
2018-10-26,103.60196685791016,103.68738032490799,103.0989997709045,103.0989997709045,302100
2018-10-29,103.41217041015625,103.51656062521974,103.25084271061093,103.35523292567441,132900
2018-10-30,103.05150604248047,103.36467656309772,103.01355256143651,103.28875512047524,242000
2018-10-31,102.8807373046875,103.03257301408229,102.66246487461146,102.74787110359534,435400
2018-11-01,103.63040924072266,103.73479942923946,103.3931601286878,103.43112085544557,288100
2018-11-02,103.46910858154297,103.801255977009,103.2793121384967,103.60196753972939,459600
2018-11-05,103.61144256591797,103.7253247572578,103.42164615395394,103.42164615395394,296200
2018-11-06,103.67787170410156,103.7632779171328,103.58297349842162,103.7632779171328,141400
2018-11-07,103.88664245605469,104.29471121883591,103.83918973748568,104.21878976523281,169100
2018-11-08,103.14643096923828,103.92460780259127,103.08000150444968,103.83919435342385,207100
2018-11-09,102.93768310546875,103.136971562799,102.75737139824432,103.07054207702225,204400
2018-11-12,101.98865509033203,102.33029440981109,101.98865509033203,102.29233368095022,213600
2018-11-13,102.45365905761719,102.52958051364136,102.17844920973096,102.33029212177931,473700
2018-11-14,102.79529571533203,103.01356808569872,102.39671894189898,102.53906985820176,891700
2018-11-15,102.89021301269531,103.12746217048529,102.54857364625616,102.60551836750915,494400
2018-11-16,103.63040924072266,103.66836996748043,103.41214411220083,103.58296376247667,306300
2018-11-19,103.96257019042969,104.06696038537346,103.72532106378814,103.79175052963703,291300
2018-11-20,103.2033920288086,103.6019689086343,103.11798580039036,103.47860194305119,346600
2018-11-21,103.33625030517578,103.6304369659196,103.32675831087978,103.50707000115257,244300
2018-11-23,102.89021301269531,103.10848542358076,102.86174427220367,103.04205594901036,215000
2018-11-26,102.85224914550781,103.08949829607066,102.79531166625895,103.05153756314826,157600
2018-11-27,102.52958679199219,102.81428140911316,102.358767125612,102.80479665673076,224400
2018-11-28,103.17488098144531,103.34570060851131,102.26384538384912,102.38721229884838,771300
2018-11-29,103.35520935058594,103.42163881408572,103.11796023233404,103.22234318331785,346100
2018-11-30,102.74787139892578,103.06104205330752,102.59603568909458,103.05155005885858,280400
2018-12-03,102.94717407226562,103.11799378259528,102.86176059696535,102.93768207717207,240000
2018-12-04,102.8807373046875,103.43114989654775,102.71940236060071,103.43114989654775,300500
2018-12-06,103.3172607421875,103.55450988826927,103.07051960298703,103.2603160237447,426700
2018-12-07,103.54501342773438,103.64940362672803,103.25082681617175,103.30776429188865,292000
2018-12-10,103.02310180664062,103.56402975349263,102.98514106156499,103.45015475853756,310300
2018-12-11,102.76683044433594,102.94714209374887,102.59601078706807,102.86172864498062,195600
2018-12-12,103.16543579101562,103.31727874629746,102.94717059313625,102.96614734241118,226700
2018-12-13,103.1084976196289,103.16543510734697,102.8143037057876,102.96614666006319,343200
2018-12-14,102.5106430053711,102.59605649218986,102.26390902183206,102.26390902183206,177800
2018-12-17,102.94717407226562,103.07054104739838,102.7953311118522,102.88074458715246,223300
2018-12-18,103.09896087646484,103.19385906156276,102.98507871018688,103.19385906156276,130100
2018-12-19,103.18441772460938,103.79177505309389,103.10849624848119,103.54503387581254,662000
2018-12-20,103.95309448242188,104.18085165240083,103.45012741359463,103.85819626495312,417700
2018-12-21,103.04206085205078,103.60196541574757,103.01359211020451,103.59248066197884,761100
2018-12-24,103.507080078125,103.7538212719509,103.41218184673687,103.59249355456399,375800
2018-12-26,102.98511505126953,103.5450268493819,102.89970882662374,103.22236421786782,223000
2018-12-27,103.78227996826172,103.90564693309376,103.33625035962784,103.33625035962784,263500
2018-12-28,103.7917709350586,104.01003611992915,103.68738071959174,103.9056459044623,181700
2018-12-31,103.89617156982422,103.94361706507715,103.63044638727004,103.71585986315876,174800
2019-01-02,102.9091796875,103.20336627678238,102.71937604903678,103.20336627678238,244300
2019-01-03,103.35520935058594,103.47857628558026,103.05152352856574,103.10846824032878,402500
2019-01-04,103.37421417236328,103.5260498843458,102.880739058082,102.880739058082,386500
2019-01-07,104.05748748779297,104.11442497174909,103.8581990536765,103.87717580157184,282000
2019-01-08,103.73480987548828,103.89614479052257,103.6114429313035,103.6968491449078,170000
2019-01-09,104.77871704101562,104.78820179392743,103.96257939389723,103.96257939389723,300500
2019-01-10,104.28524780273438,104.53198897442091,104.14289684828944,104.38963801997598,272900
2019-01-11,103.93408966064453,104.16185402523685,103.8866441815558,104.08593257037275,159300
2019-01-14,103.9720687866211,104.08595098906946,103.8012491030834,103.8012491030834,103300
2019-01-15,103.48806762695312,103.82970693430944,103.19387379878779,103.63990329674013,397900
2019-01-16,103.26983642578125,103.4406561475624,103.26034443005138,103.34575791107761,119300
2019-01-17,103.26032257080078,103.33624404002526,103.08001813172987,103.29828330541302,187800
2019-01-18,103.04206085205078,103.35523149289986,102.92817864439564,103.35523149289986,151800
2019-01-22,102.9091796875,103.08948409370444,102.7668287687197,102.7668287687197,119100
2019-01-23,103.16543579101562,103.26982601270424,102.86175712072257,102.86175712072257,88900
2019-01-24,102.5106430053711,103.14647643750953,102.33033851590362,103.11800768866055,269700
2019-01-25,103.45960998535156,103.48808596623458,102.98511166774438,102.98511166774438,219200
2019-01-28,103.59246826171875,103.70634321547273,103.32674314233135,103.32674314233135,138500
2019-01-29,103.63040924072266,103.68735395099348,103.44061284720209,103.4975503172046,108400
2019-01-30,104.0384750366211,104.22827866499817,103.41214116364701,103.51653134918737,510500
2019-01-31,103.73480987548828,104.12390193373639,103.63991166917161,104.07644921044354,189900
2019-02-01,103.8392105102539,104.10492841075259,103.74431229440006,103.88666323831572,140500
2019-02-04,103.61144256591797,103.7632782474354,103.54501309770366,103.7632782474354,83700
2019-02-05,103.45960998535156,103.62094491594301,103.32675103564313,103.62094491594301,315200
2019-02-06,103.02310180664062,103.2888197818982,102.98514106156499,103.2888197818982,213300
2019-02-07,102.76683044433594,102.95662684562531,102.76683044433594,102.87122063712567,71900
2019-02-08,102.5770492553711,102.8902199022887,102.5770492553711,102.8902199022887,83000
2019-02-11,102.17845153808594,102.39672391906211,102.09304532831398,102.358763190185,128100
2019-02-12,102.67193603515625,102.73836550208749,102.26386724107321,102.38723418244012,125300
2019-02-13,102.06460571289062,102.40624512999273,102.0551137178959,102.24491017616562,75200
2019-02-14,102.30181884765625,102.41569378637239,102.06456973830664,102.37773306004426,109200
2019-02-15,102.37773895263672,102.4441684174674,102.00763089997035,102.29233274368386,149400
2019-02-19,102.76683044433594,102.89019738114716,102.48212860213327,102.48212860213327,240600
2019-02-20,102.74787139892578,103.01359656160355,102.65297317524748,102.78583213645118,154200
2019-02-21,102.70987701416016,102.8237519411338,102.58650285624874,102.71936176456298,45600
2019-02-22,102.66244506835938,102.8522414785538,102.6149923456763,102.70989779104245,372800
2019-02-25,102.9091796875,102.96611715890472,102.7003993053247,102.95662516691443,125900
2019-02-26,103.16543579101562,103.26033401793147,102.7763508885795,102.97563933718395,124400
2019-02-27,102.98511505126953,103.20338747025875,102.90920082056326,103.08950526379438,106700
2019-02-28,103.02310180664062,103.20341353568189,102.90922681168554,103.12749204553064,95300
2019-03-01,102.92816162109375,103.31725366936092,102.83326341721138,103.0800045395206,485300
2019-03-04,102.70987701416016,102.72885375523327,102.4441519572642,102.72885375523327,149500
2019-03-05,102.61499786376953,102.96612920580702,102.2354050229682,102.60551311093803,399800
2019-03-06,102.43470764160156,102.54858261352584,102.37776291536909,102.45368439016549,286100
2019-03-07,101.25791931152344,101.89375244186044,101.22945057618729,101.89375244186044,421600
2019-03-08,101.70394134521484,101.84629225172164,101.64700387871927,101.67547261196707,112600
2019-03-11,101.86528778076172,101.88427176660669,101.62803863958393,101.78937355818942,86900
2019-03-12,102.2828140258789,102.36822745278263,102.045564964865,102.045564964865,143000
2019-03-13,102.63398742675781,102.66245616733788,102.3018400528742,102.31132480622107,126300
2019-03-14,102.35877990722656,102.38724864846667,102.25438969583288,102.35877990722656,346900
2019-03-15,102.52958679199219,102.70989845102378,102.3777438706458,102.3777438706458,121000
2019-03-18,102.69092559814453,102.76684706704815,102.54857465401768,102.6434801102821,369000
2019-03-19,102.83328247070312,102.84277446493076,102.67195477018458,102.7668529916502,67000
2019-03-20,103.51652526855469,103.63989218955204,102.71936455673294,102.76681727110683,587000
2019-03-21,102.91868591308594,103.15593508046537,102.69092873967729,103.08950560320993,212300
2019-03-22,102.27335357666016,102.43468849050709,102.05508842776506,102.31131430696126,586200
2019-03-25,102.42523193359375,102.56758291140434,102.37777919423306,102.41573993766731,392200
2019-03-26,102.01715087890625,102.27337681632488,101.9791901399793,102.20694733327038,87300
2019-03-27,101.82735443115234,101.96969815179936,101.7704097026229,101.91276066354055,108700
2019-03-28,101.59010314941406,101.73244686712758,101.51418167311986,101.59010314941406,359600
2019-03-29,101.56161499023438,101.7514186582159,101.5141695034412,101.68498918448977,218400
2019-04-01,101.46673583984375,101.77990652064925,101.42877509911541,101.72296902969224,310200
2019-04-02,101.40029907226562,101.52367328084117,101.2389713659581,101.41928306140207,142100
2019-04-03,101.74191284179688,101.81783429867457,101.60905391239521,101.66599138491917,237900
2019-04-04,101.60906219482422,101.60906219482422,101.43824252305973,101.4572265089609,94000
2019-04-05,101.54264831542969,101.67550727606002,101.46672684070654,101.58060905279126,148100
2019-04-08,101.95068359375,102.03608979446507,101.88425413532674,101.98864431860157,204900
2019-04-09,101.94120788574219,102.11202755472563,101.92223114041919,102.07406682381051,97800
2019-04-10,102.01715087890625,102.0551116178332,101.67551146883432,101.6850034636337,123400
2019-04-11,101.90325927734375,102.03611823121713,101.80836105890134,101.90325927734375,73000
2019-04-12,102.22593688964844,102.4442021000259,102.18797614865431,102.38726460867022,151000
2019-04-15,102.2828140258789,102.3302667341884,102.22587656812094,102.24485330728467,72900
2019-04-16,102.0930404663086,102.28283686138667,102.07405648263976,102.21640739908251,51800
2019-04-17,102.21641540527344,102.30182885793651,102.15947793034401,102.22590739785132,82000
2019-04-18,101.59953308105469,101.79882141858891,101.56157236339104,101.77984467989037,191500
2019-04-22,101.85578155517578,101.89374227859376,101.77036811741841,101.79883684991498,80700
2019-04-23,101.54264831542969,101.55214030983765,101.26743839976103,101.40978935479934,128700
2019-04-24,100.90682220458984,101.40029730950197,100.77396324402619,101.22947761159578,261100
2019-04-25,100.72650909423828,100.88783679547005,100.66957160916124,100.7549778367768,351800
2019-04-26,100.83089447021484,101.08712038103216,100.8214024764009,100.86885520520072,204000
2019-04-29,101.15355682373047,101.18203280713345,100.85937015766635,101.00172111359977,117200
2019-04-30,101.43824768066406,101.57110662765061,101.28641198708071,101.49518516072413,232100
2019-05-01,101.24845123291016,101.89376922111403,101.19150651259216,101.54263786685308,266600
2019-05-02,101.0491714477539,101.26743663343801,101.0491714477539,101.2579446391956,245200
2019-05-03,101.2958755493164,101.32434428339083,100.91627553436531,100.95423625988724,257700
2019-05-06,101.2958755493164,101.39077374298716,101.16301663012374,101.16301663012374,61200
2019-05-07,101.16301727294922,101.22944673296767,101.0206663614045,101.13454853869389,101600
2019-05-08,101.21996307373047,101.4097594643256,101.14404162138513,101.32434602037006,66400
2019-05-09,101.45722961425781,101.75141624230722,101.21998046511618,101.22946521808785,118200
2019-05-10,101.55213165283203,101.76091207038763,101.5331476656344,101.6375378744122,135000
2019-05-13,101.56161499023438,101.83682487860537,101.52366149690768,101.83682487860537,132300
2019-05-14,101.3243408203125,101.41924625100764,101.30536407833418,101.40975425988456,90700
2019-05-15,101.3243408203125,101.48567570833355,101.11556769747955,101.18199715480546,521400
2019-05-16,101.07762145996094,101.19149640868743,100.9922080081472,101.1820116564728,152800
2019-05-17,100.92579650878906,101.06814746030831,100.88783577236592,101.03018672388517,143000
2019-05-20,100.96372985839844,101.03965131065073,100.9257691322723,100.95423786679984,106400
2019-05-21,100.91629791259766,101.15354706951868,100.8119149446005,100.8119149446005,162900
2019-05-22,100.84984588623047,100.97322005401307,100.82137715220927,100.95423607115356,87900
2019-05-23,101.05863189697266,101.13455335211233,100.41331400882225,100.48923546396193,190000
2019-05-24,101.3338394165039,101.37180014320272,101.14404302327812,101.18200374997693,142200
2019-05-28,100.92579650878906,101.19151442348092,100.89732776653925,101.17253767540443,150000
2019-05-29,100.64108276367188,100.81190242505218,100.55566931284733,100.75495771107957,102100
2019-05-30,100.65057373046875,100.69802645499779,100.49873804446045,100.56516751463955,74900
2019-05-31,101.01121520996094,101.0491759483511,100.69804454844487,100.8403955073404,207700
2019-06-03,101.65650939941406,101.7988530845976,101.18201114141874,101.18201114141874,490900
2019-06-04,101.74191284179688,101.83681104275968,101.50466371925553,101.56160119177949,240800
2019-06-05,101.46673583984375,101.94123423854141,101.42877509911541,101.9127654930629,198900
2019-06-06,101.89376831054688,102.13101746232124,101.64702716542608,101.86529233050756,173400
2019-06-07,102.4062271118164,102.53908605728309,102.19744670029176,102.29234491272946,217900
2019-06-10,102.2923355102539,102.33029623979363,102.04559438838015,102.24488278826205,109600
2019-06-11,102.35877990722656,102.44418613094689,102.2164289607561,102.33031116598644,91400
2019-06-12,102.00762939453125,102.33977671378271,101.96018391479163,102.21640977813746,91400
2019-06-13,101.87478637695312,101.9601998382534,101.84631763660958,101.93173109790986,52200
2019-06-14,101.24845123291016,101.5995753469015,101.21049049945468,101.5995753469015,427800
2019-06-17,101.3243408203125,101.57108190763778,101.31485606945725,101.55210516565944,154500
2019-06-18,101.12507629394531,101.28641122000963,101.0301780811407,101.20099776029681,378400
2019-06-19,101.44775390625,101.66601910394715,101.21050471902316,101.22948146828224,442000
2019-06-20,102.00762939453125,102.14998031428718,101.82732498709105,102.01712138658658,207700
2019-06-21,102.73837280273438,102.78581828804599,102.2069297892509,102.29234324724283,641300
2019-06-24,102.93768310546875,103.01360458643387,102.80482413391525,102.85226962931526,190200
2019-06-25,102.70043182373047,102.96614976144572,102.4821593804525,102.92818902173343,246400
2019-06-26,102.67193603515625,102.89969317316782,102.52009311630262,102.64346729793841,87900
2019-06-27,102.69092559814453,102.75735507336775,102.5960273821499,102.66245685737312,86000
2019-06-28,102.74787139892578,102.89971434902736,102.55807495156918,102.83328486842551,214800
2019-07-01,101.96968841552734,102.4821474817379,101.91275093270504,102.47266272811414,161500
2019-07-02,101.93173217773438,102.17846609017191,101.91274819045779,102.08356787459826,142900
2019-07-03,101.90325927734375,102.16898442536046,101.83682980040707,102.05510221906759,223100
2019-07-05,101.39080047607422,101.428761211605,101.23896477422105,101.428761211605,307100
2019-07-08,101.23895263671875,101.35283482965782,101.22946064390655,101.30538210586593,89200
2019-07-09,101.22945404052734,101.28639875341683,101.1725165679065,101.21996928860297,117800
2019-07-10,101.61854553222656,101.73242047685723,101.49517135518519,101.55211606776913,129100
2019-07-11,101.65650939941406,101.7039548810523,101.56160395559994,101.64701740697888,127600
2019-07-12,101.79885864257812,101.81784262848497,101.53314076203618,101.53314076203618,157500
2019-07-15,101.66600036621094,101.77988256158797,101.637531627434,101.75141382281103,93500
2019-07-16,101.23895263671875,101.34334283684562,101.17252316757157,101.32435885122122,115300
2019-07-17,101.3718032836914,101.43823274740524,101.24843634829958,101.24843634829958,72400
2019-07-18,101.81783294677734,101.84630168266132,101.25792126007437,101.26741325212521,181900
2019-07-19,101.28641510009766,101.4762115329776,101.13457216157784,101.3243685944578,223100
2019-07-22,101.21049499511719,101.343353947978,101.17253425997554,101.29590121898346,194100
2019-07-23,100.64108276367188,100.81190242505218,100.62209877892474,100.78342644793149,203900
2019-07-24,100.54617309570312,100.6695472705692,100.49872761636642,100.64107853491348,134100
2019-07-25,100.631591796875,100.9827231155877,100.4607721337538,100.78342747505559,497700
2019-07-26,100.413330078125,100.56517301270404,100.31843186414793,100.54618902574684,102800
2019-07-29,100.61261749267578,100.6410934728266,100.39435232673974,100.39435232673974,109400
2019-07-30,100.7075424194336,100.71702717438168,100.56519145223183,100.61263694778512,59800
2019-07-31,99.90089416503906,100.61264179506726,99.8629406628763,100.61264179506726,378000
2019-08-01,100.14761352539062,100.14761352539062,99.62566972138502,99.64464646832698,245000
2019-08-02,100.27098083496094,100.33741030510006,100.08117717722827,100.08117717722827,162100
2019-08-05,101.03016662597656,101.19149429347944,100.81190148530061,100.81190148530061,409700
2019-08-06,101.05863189697266,101.11557660846165,100.79291404425221,100.83087477182205,180500
2019-08-07,101.1061019897461,101.43824936272013,101.0966099961555,101.30539041353052,98600
2019-08-08,100.96372985839844,101.3528218709903,100.9257691322723,101.01118257612316,544800
2019-08-09,101.08712005615234,101.25793974290487,100.982737085614,101.08712005615234,82100
2019-08-12,101.18201446533203,101.32435815519167,101.17252247258503,101.18201446533203,65100
2019-08-13,100.84038543701172,101.21998554273456,100.82140144957718,101.21049354901729,103300
2019-08-14,100.47975158691406,100.8878203909106,100.44179085627844,100.85935165300116,206000
2019-08-15,100.30891418457031,100.55565526994346,100.1001410633891,100.55565526994346,544600
2019-08-16,100.09068298339844,100.20455795348435,99.89139454547785,99.91037129373542,189500
2019-08-19,99.95782470703125,100.17608989469916,99.94833271270257,100.12864440359627,118000
2019-08-20,100.1571273803711,100.22355686957214,99.85344868112756,99.93885492141263,154300
2019-08-21,100.0337142944336,100.22351067888633,99.98626157818643,100.17605796263915,98500
2019-08-22,99.98627471923828,100.12862564642079,99.89137651453957,100.02423544917154,65800
2019-08-23,100.50822448730469,100.63159142789088,99.6446341823949,99.92933603330927,524700
2019-08-26,100.109619140625,100.3563602095498,100.10013439047707,100.3563602095498,61300
2019-08-27,100.0527114868164,100.18557043114231,100.01475075411336,100.12863295222247,45400
2019-08-28,99.92933654785156,99.99576601470446,99.90086057039844,99.99576601470446,46800
2019-08-29,99.74906158447266,100.0622322892364,99.61620260189497,99.79651432408106,533600
2019-08-30,99.17013549804688,99.67310249093367,98.90441763314583,99.58769628018781,197000
2019-09-03,98.95188903808594,98.99934177222232,98.56280413119626,98.71463984794542,523000
2019-09-04,99.52127838134766,99.55923911506981,99.33147471273683,99.33147471273683,185600
2019-09-05,99.55924224853516,99.9957798396749,99.51178951982155,99.89138962872084,177200
2019-09-06,99.454833984375,99.71105984821631,99.44534199230131,99.60666965621132,87000
2019-09-09,99.66362762451172,99.80597857381821,99.6256741289487,99.63515888270443,74400
2019-09-10,99.57821655273438,99.67311476756343,99.50229508476325,99.55923980587643,74500
2019-09-11,99.31248474121094,99.31248474121094,99.08472760947654,99.16064182654223,86700
2019-09-12,99.79647827148438,99.97678268826193,98.97084868635828,99.0847308761143,236800
2019-09-13,99.86289978027344,99.96728272889493,99.77748633469616,99.853407788483,90600
2019-09-16,99.24607849121094,99.39791420112756,99.1321962785707,99.35995346358081,84500
2019-09-17,99.81549072265625,99.84395947021196,99.37895303283508,99.46435927550223,120700
2019-09-18,99.48332214355469,99.78700078678644,99.31250245421995,99.66362658654637,86700
2019-09-19,99.58768463134766,99.78697300671254,99.54023191519356,99.74901228184285,88400
2019-09-20,99.35992431640625,99.38840029141568,99.17012792461954,99.34094757333487,222200
2019-09-23,99.14167785644531,99.17014659654664,99.0277956557704,99.05626439587172,127900
2019-09-24,99.33150482177734,99.36946556700605,99.12272434315541,99.16068508838411,103700
2019-09-25,98.68614196777344,99.04676526409094,98.6102277519469,99.02778127993288,150400
2019-09-26,98.44888305664062,98.8664437833675,98.36347685722895,98.78103034368799,145500
2019-09-27,98.64820861816406,98.79055957778279,98.50586489881591,98.50586489881591,117700
2019-09-30,98.2780990600586,98.3824892795995,98.20218482425012,98.22116157313462,148000
2019-10-01,98.6102523803711,98.62922912900014,98.13575402167106,98.20218350227825,904800
2019-10-02,98.81902313232422,98.8380071207541,98.61024994148681,98.61973469543156,389400
2019-10-03,98.92340087890625,99.1701420155025,98.74309645317025,98.79054193772424,406400
2019-10-04,98.99933624267578,99.04678897416171,98.80004780292136,98.80004780292136,77300
2019-10-07,98.91390228271484,99.15115139308854,98.88542630764466,99.09420668321643,65100
2019-10-08,98.74307250976562,98.96133761438104,98.63868233268259,98.94236087321481,341400
2019-10-09,98.92340087890625,98.99932234251575,98.88544014710149,98.961361610711,52600
2019-10-10,99.21759033203125,99.35993401963808,99.18911435424093,99.31248853719212,94600
2019-10-11,99.53075408935547,99.70157375544652,99.3884104011704,99.63514428753716,205100
2019-10-14,99.37893676757812,99.43587425337064,99.30301529300787,99.36944477318926,30000
2019-10-15,99.43585205078125,99.54024224493895,99.06574399522896,99.12268146830817,271200
2019-10-16,99.82491302490234,99.90082721862689,99.53071927825388,99.54021126756936,104100
2019-10-17,100.26150512695312,100.31844261338637,100.12864616509529,100.2330363837365,235300
2019-10-18,100.58416748046875,100.6316202159524,100.33743352871227,100.42283976425777,249900
2019-10-21,100.4607925415039,100.56518275907666,100.37537907245786,100.54619877027962,96100
2019-10-22,100.31843566894531,100.48925535669063,100.2140454575304,100.38486514527573,169000
2019-10-23,100.30891418457031,100.37534364137065,100.14758653809348,100.20452400384583,59100
2019-10-24,100.02423095703125,100.30892555834157,99.96728624455432,100.30892555834157,138900
2019-10-25,99.83444213867188,99.98628507413025,99.77750465800982,99.98628507413025,86100
2019-10-28,100.04325866699219,100.04325866699219,99.86295416638868,99.86295416638868,27100
2019-10-29,100.11913299560547,100.14760173280102,99.94831333216335,99.98627406184703,49700
2019-10-30,100.42280578613281,100.46076651362152,99.86290134627845,100.09065847094222,97100
2019-10-31,100.47027587890625,100.52721335985072,100.30894094911407,100.45129189174496,142600
2019-11-01,100.62210083007812,100.64108481521224,100.3943436903512,100.4512811652157,189800
2019-11-04,100.25200653076172,100.56517716606277,100.21404579554918,100.53670842472084,88500
2019-11-05,99.69207000732422,99.93880384667725,99.09419766979221,99.91982710529147,677500
2019-11-06,99.68260192871094,99.83443761702279,99.48331351515013,99.83443761702279,90700
2019-11-07,99.51178741455078,99.65413835741018,99.40739720580521,99.64464636381429,166300
2019-11-08,99.27455139160156,99.36944961930728,99.24608264731691,99.29352814103444,103500
2019-11-11,99.37893676757812,99.43587425337064,99.35046802468186,99.36944477318926,104700
2019-11-12,99.17964172363281,99.26504794663525,99.09422826036055,99.23657920563444,88600
2019-11-13,99.15115356445312,99.19859904340595,99.04676337438114,99.1037008452319,115000
2019-11-14,99.26502227783203,99.32196698537822,99.00879643481198,99.07522589339258,47100
2019-11-15,99.55924224853516,99.55924224853516,99.36943857395059,99.36943857395059,91800
2019-11-18,99.73956298828125,99.85344521164238,99.59721201914759,99.59721201914759,63200
2019-11-19,99.73003387451172,99.80595532849534,99.71105713114999,99.72054912296504,52200
2019-11-20,99.72057342529297,99.76801891539414,99.56873048032094,99.61618321069223,101700
2019-11-21,99.56871032714844,99.77749071409178,99.5117728544434,99.71106124917969,75600
2019-11-22,99.24607849121094,99.54975715131455,99.17015701611744,99.54975715131455,55000
2019-11-25,99.14167785644531,99.2650448103076,99.08474037624266,99.103717122887,95000
2019-11-26,99.25553894042969,99.26503093255964,99.09421127556351,99.13217200381472,85900
2019-11-27,99.03726959228516,99.09420706210669,98.97084013073726,99.0467615840115,152200
2019-11-29,99.17964172363281,99.26504794663525,98.94239256159962,98.96136930884354,70900
2019-12-02,99.77751922607422,99.81547996548129,99.36945032778661,99.36945032778661,161600
2019-12-03,99.72057342529297,99.85343238200844,99.71108143116469,99.73005817915113,112600
2019-12-04,99.70160675048828,100.05273819150842,99.62569250508967,99.96732471006186,219900
2019-12-05,99.92933654785156,99.95780528503582,99.81545435884566,99.89137581818292,116200
2019-12-06,99.54975128173828,99.68261023518319,99.36943959909023,99.68261023518319,76200
2019-12-09,99.55924224853516,99.66362521921934,99.50229752602485,99.65414046569252,63600
2019-12-10,99.83444213867188,99.86291811927256,99.66362245641602,99.71107518381419,93800
2019-12-11,100.2235107421875,100.28994020081471,99.75850453179703,99.84391073277432,195200
2019-12-12,100.16656494140625,100.29942384760733,99.9293158602947,100.28043986656868,107800
2019-12-13,100.04325866699219,100.46081964995832,99.98632116577764,100.45132765299847,129900
2019-12-16,100.26150512695312,100.39436408881096,100.19507564602421,100.32793460788204,111900
2019-12-17,100.2994613647461,100.38486759056423,100.27099262280672,100.33742210075529,30800
2019-12-18,100.0337142944336,100.17605796263915,99.97676958688339,100.09065176171582,35900
2019-12-19,100.10017395019531,100.12864269242458,99.93883901044589,100.0716979676959,68500
2019-12-20,99.65412139892578,99.74901959792632,99.56870795163736,99.74901959792632,93200
2019-12-23,99.77751922607422,99.81547996548129,99.70159774726008,99.71108974217952,51100
2019-12-24,99.73003387451172,99.76799460150353,99.65411966079644,99.65411966079644,78100
2019-12-26,99.8818588256836,99.9387962858009,99.80593738534914,99.84389810551637,43200
2019-12-27,100.52721405029297,100.64109625323378,100.35639436601662,100.36588635966245,267300
2019-12-30,100.74545288085938,100.91626526792876,100.68850817823558,100.7169769094138,219300
2019-12-31,100.87834930419922,101.03967700105348,100.8688573101872,101.03967700105348,62800
2020-01-02,100.45125579833984,100.74544957147472,100.40381032802377,100.54615397923908,124300
2020-01-03,100.3943862915039,100.55571403225676,100.27101929685855,100.27101929685855,54300
2020-01-06,100.65057373046875,100.68853446203813,100.57465950759921,100.68853446203813,47000
2020-01-07,100.21403503417969,100.35638596587305,100.13811357190734,100.35638596587305,67500
2020-01-08,99.91986083984375,100.08118853702624,99.90087685178108,100.0622117892336,50200
2020-01-09,99.90089416503906,99.91987815639175,99.78701917800818,99.88191741395768,57200
2020-01-10,99.98627471923828,100.02423544917154,99.75851757990762,99.76800233218924,20700
2020-01-13,100.1571273803711,100.19508812281045,99.9957996552073,99.9957996552073,25300
2020-01-14,100.04325866699219,100.1096881651666,99.90090767368352,99.90090767368352,26300
2020-01-15,100.26150512695312,100.37538009981961,100.19507564602421,100.32793460788204,54700
2020-01-16,100.1571273803711,100.28049436309553,100.0527371487307,100.28049436309553,52000
2020-01-17,99.74906158447266,99.82498307173748,99.6921240891598,99.79651432408106,79400
2020-01-21,99.69207000732422,99.90084312363811,99.67308602567084,99.87237439142565,87500
2020-01-22,99.71109008789062,99.73006683752459,99.53077838514955,99.70159809293827,34100
2020-01-23,99.40740203857422,99.54026099429677,99.23658234689236,99.53076900023943,126300
2020-01-24,99.1226806640625,99.2270708573732,99.07523518363767,99.2270708573732,41700
2020-01-27,99.04679107666016,99.09423656888295,98.9803615953319,99.09423656888295,37200
2020-01-28,99.06573486328125,99.0752268546757,98.8759384770003,98.89491521952118,83400
2020-01-29,98.94237518310547,99.0467653752863,98.80002426283446,98.80002426283446,42800
2020-01-30,99.17013549804688,99.19860423496215,99.00880782868107,99.09421403942692,56700
2020-01-31,99.68260192871094,99.68260192871094,99.34096257967259,99.34096257967259,106600
2020-02-03,99.35992431640625,99.44533776089804,99.18910466769091,99.44533776089804,57100
2020-02-04,99.22708129882812,99.26504203132369,99.16065182702822,99.26504203132369,38800
2020-02-05,98.8475112915039,98.91394077865125,98.80005855485392,98.90444878326703,121200
2020-02-06,98.64820861816406,98.83801231107921,98.57229438126858,98.83801231107921,34000
2020-02-07,98.3635025024414,98.61024365440714,98.33503376188185,98.46789271133962,103600
2020-02-10,98.05032348632812,98.27808063158689,98.03134674100201,98.21165116254187,59000
2020-02-11,98.12627410888672,98.14525085985224,98.05035262448209,98.05984462010048,23500
2020-02-12,97.72769165039062,98.02187833548538,97.63278618011542,98.02187833548538,41200
2020-02-13,97.42399597167969,97.58532365856573,97.37654324482163,97.53787093170767,36400
2020-02-14,97.37657928466797,97.5758677787448,97.34811053412446,97.5284150343241,42400
2020-02-18,96.99694061279297,97.23418976033633,96.93051114109161,96.94000313426878,49300
2020-02-19,97.1108169555664,97.12979370050728,96.86407582972123,96.94948928262758,126400
2020-02-20,96.9494857788086,97.20571164772956,96.87356432125101,97.13928218243385,139800
2020-02-21,97.47144317626953,97.58532537857437,97.10133506911598,97.12031181603193,254800
2020-02-24,97.47144317626953,97.64226285959192,97.27215475243837,97.30062349294715,104600
2020-02-25,97.72769165039062,97.79412113542077,97.33859949502066,97.40502898005079,145000
2020-02-26,97.74663543701172,97.88898635414843,97.49989432999266,97.59479252799431,70700
2020-02-27,98.72411346435547,98.83799566092006,98.4678875724218,98.58176252871705,313300
2020-02-28,99.17013549804688,99.18911224256746,98.37298190334374,98.54379432483545,157400
2020-03-02,99.98627471923828,100.41332026051688,99.81545505467305,99.88188452198904,289700
2020-03-03,100.413330078125,100.65057923320252,99.85342554747146,99.88189428763764,271100
2020-03-04,100.0337142944336,100.05269103677168,99.64462229395713,99.7395204861835,262400
2020-03-05,100.84984588623047,100.84984588623047,100.30891821902354,100.54616732289094,78200
2020-03-06,101.53314971923828,101.94121856900423,101.38131401993482,101.88428108679918,252400
2020-03-09,102.83328247070312,103.03257090786195,102.31133139223704,102.89021995552845,447600
2020-03-10,101.46673583984375,102.1974674283899,101.26744738122325,102.11205395168341,155600
2020-03-11,101.19152069091797,101.89378349783654,101.05866172534324,101.78939327627488,77200
2020-03-12,100.413330078125,100.95425786209097,99.28402902333933,100.84986765463529,298500
2020-03-13,99.79647827148438,99.93882195834325,99.28401927798565,99.66361209663457,162100
2020-03-16,100.31843566894531,101.82734411740725,99.67311765304856,99.75853111705617,206000
2020-03-17,98.78105926513672,98.95187895424107,98.36350565642493,98.54381009917346,313300
2020-03-18,97.8699951171875,98.0787754814794,96.90202198487805,97.97438529933345,413900
2020-03-19,95.858154296875,97.16776707630048,95.66835062141992,97.16776707630048,221500
2020-03-20,95.7537612915039,96.49397750350566,95.50702014074676,95.95304971471441,222800
2020-03-23,96.25674438476562,97.16778043135605,96.25674438476562,96.5319543217988,169800
2020-03-24,96.72172546386719,97.38602738496219,96.45600759153679,97.38602738496219,87400
2020-03-25,97.70867919921875,97.73714793590048,96.81662016842475,97.15825948914294,276400
2020-03-26,99.22708129882812,99.22708129882812,98.31604543974264,98.39196690473379,367900
2020-03-27,99.79647827148438,99.84392375368103,98.31603876573178,98.37298348074424,211300
2020-03-30,99.17013549804688,99.17962749044156,98.81900418213118,98.98982384389168,105900
2020-03-31,98.98033905029297,98.99931579480561,98.21164695255841,98.37298186212541,120100
2020-04-01,98.24961853027344,98.30655601036702,97.86053368251805,98.09778283660071,62800
2020-04-02,97.37657928466797,97.72771076867319,97.12983804617045,97.50943828071918,100700
2020-04-03,97.07286071777344,97.12979819549999,96.7217293778313,96.81662758746533,331800
2020-04-06,96.89256286621094,97.0538905696178,96.68378243108661,96.71225841427929,83700
2020-04-07,97.86054229736328,98.05983073550411,97.680230607501,97.91747978246916,29100
2020-04-08,97.39553833007812,97.69921701444862,97.37656157992352,97.69921701444862,81600
2020-04-09,98.10729217529297,98.2211744042884,97.97443319493401,98.13576816274539,38900
2020-04-13,97.94593811035156,97.9933908364076,97.75614168666633,97.86053189177404,101700
2020-04-14,98.56279754638672,98.56279754638672,98.2686108871532,98.2686108871532,49100
2020-04-15,97.87950897216797,98.09778137639361,97.4999088832322,97.53786961615272,45100
2020-04-16,97.31011199951172,97.6232826144255,97.03490211733926,97.55685314219556,56000
2020-04-17,97.51886749267578,97.69917187679116,97.45243803741906,97.45243803741906,47800
2020-04-20,97.37657928466797,97.6422972767704,97.37657928466797,97.42403202908866,61700
2020-04-21,97.41452026367188,97.57584797752813,97.14880232549199,97.14880232549199,35100
2020-04-22,97.04438018798828,97.4714256995899,96.95896674150691,97.46193370769899,58200
2020-04-23,96.7027359008789,97.24366356649989,96.54140824838642,96.73120463481663,274200
2020-04-24,96.96849060058594,97.00645134035638,96.73124140722379,96.80716288676467,64700
2020-04-27,97.12031555175781,97.35756471881636,97.01593257930044,97.32909597721253,31100
2020-04-28,97.14878845214844,97.45246708674013,97.09184373047704,97.45246708674013,119100
2020-04-29,97.49992370605469,97.56635318869745,97.26267451943474,97.44298621815248,83600
2020-04-30,98.25910186767578,98.37298405810017,97.23418387466305,97.27214460480451,180000
2020-05-01,98.429931640625,98.78105576001867,98.39197090658547,98.429931640625,104800
2020-05-04,97.68972778320312,98.02187519772147,97.68972778320312,97.96493770959565,71800
2020-05-05,97.27214813232422,97.61378747571783,97.14878118509233,97.44296780402102,205700
2020-05-06,96.76919555664062,97.07287421385165,96.76919555664062,97.00644473384519,75400
2020-05-07,97.09185791015625,97.13931064510098,96.55093003703212,96.74073373654021,223000
2020-05-08,97.15828704833984,97.50941846097417,97.0064513295458,97.09185756381667,41700
2020-05-11,96.96849060058594,97.14880230442782,96.86410037628492,97.09185757463676,31200
2020-05-12,97.26266479492188,97.50940595161272,97.26266479492188,97.48093721050797,25400
2020-05-13,96.958984375,97.44297468569981,96.9305156344182,97.43348269208262,84900
2020-05-14,96.82612609863281,96.9495002957047,96.64581442000147,96.73122788261044,32500
2020-05-15,96.97798156738281,97.25319149759747,96.8735913441886,97.16777802395188,31600
2020-05-18,97.88902282714844,97.90799957771206,97.19625196710304,97.21523595793776,89200
2020-05-19,97.94593811035156,98.18318726009282,97.92696136409081,97.9838988431425,103500
2020-05-20,98.41094207763672,98.58176175100134,98.30655187501004,98.37298858601729,153700
2020-05-21,98.14522552490234,98.50584886259833,98.04083532086081,98.43941939096003,46200
2020-05-22,97.73717498779297,97.74666698273701,97.58533927004213,97.70870624323162,106700
2020-05-26,98.40147399902344,98.54381771738973,98.29708377870782,98.29708377870782,55100
2020-05-27,98.56279754638672,98.70514849901494,98.20218140796273,98.56279754638672,66500
2020-05-28,99.2081069946289,99.40739541493389,98.85697564060416,98.91392036088386,104400
2020-05-29,99.43585205078125,99.74902263325433,99.32197710462283,99.59717971801815,149400
2020-06-01,99.77751922607422,99.79650321591312,99.58772276930958,99.63516826336539,75700
2020-06-02,100.0527114868164,100.3089373822251,100.01475075411336,100.11914095897936,68300
2020-06-03,100.7549819946289,100.85937221509151,100.32793635838776,100.33742835304905,199700
2020-06-04,101.50468444824219,101.78938634954022,100.83089767145826,100.83089767145826,128800
2020-06-05,101.15355682373047,101.41928198693236,101.05865859986498,101.4097899924647,108500
2020-06-08,101.21996307373047,101.39077548110517,101.10608089521246,101.2958772858076,73800
2020-06-09,101.55213165283203,101.79886556424346,101.25793777342655,101.26742976702536,111700
2020-06-10,102.04557037353516,102.32078016773012,101.44770531458776,101.9032194813285,141300
2020-06-11,101.22945404052734,102.13100505187971,101.1725165679065,101.85579520043122,108800
2020-06-12,100.8118896484375,101.41924675853303,100.46075837780471,101.25791186970464,87700
2020-06-15,101.3623046875,101.49516360627139,100.76443955302878,100.78341629559552,192900
2020-06-16,100.85934448242188,101.07761685799136,100.58413463508145,101.07761685799136,152000
2020-06-17,100.66957092285156,100.72650840754044,100.3943610130717,100.72650840754044,134800
2020-06-18,100.32791900634766,100.59363688874276,100.2330207969593,100.52720741814399,67000
2020-06-19,100.1950912475586,100.60316019116884,100.0432482730657,100.59366819519515,168200
2020-06-22,100.78343963623047,100.90681383242499,100.52721373076524,100.55568247134252,174300
2020-06-23,101.22945404052734,101.62803082941055,101.22945404052734,101.42874243496895,83900
2020-06-24,100.77396392822266,101.01121310802145,100.75497993928734,100.92579963835328,54100
2020-06-25,100.49874114990234,100.56517062213415,100.35639021218577,100.46078041715997,81400
2020-06-26,100.52721405029297,100.60313551892018,100.2804728973894,100.48925331597935,62800
2020-06-29,100.60311889648438,100.97322694455268,100.49872870443755,100.97322694455268,52500
2020-06-30,100.58416748046875,100.79294793216337,100.3564102787432,100.51773799495417,74100
2020-07-01,100.7359848022461,100.89731247739559,100.49873566575484,100.49873566575484,97800
2020-07-02,100.631591796875,100.9827231155877,100.50822485583647,100.86884092675062,108000
2020-07-06,101.26741790771484,101.57109650488597,101.22945717803483,101.4761983008204,58200
2020-07-07,100.90682220458984,101.2199928574629,100.90682220458984,101.2199928574629,33400
2020-07-08,101.46673583984375,101.59011005727857,101.21050989026624,101.21050989026624,50200
2020-07-09,101.03965759277344,101.56160131885629,101.0301656005847,101.56160131885629,32300
2020-07-10,101.16301727294922,101.33383691874926,101.12505654718608,101.24843071598329,51400
2020-07-13,101.58060455322266,101.80836172703313,101.53315182355506,101.53315182355506,68800
2020-07-14,101.96018981933594,102.13100948488156,101.71344869348806,101.76090141624421,78900
2020-07-15,102.1405258178711,102.51063400094155,102.07409632963464,102.45369650824493,88200
2020-07-16,101.89376831054688,102.39673535386538,101.77988611119815,102.16897819543748,69000
2020-07-17,102.38725280761719,102.425213544236,102.24490185536419,102.24490185536419,76500
2020-07-20,102.47265625,102.47265625,102.08356416792537,102.27336059218112,101300
2020-07-21,103.14643096923828,103.28877465073624,102.36825413588528,102.39672287218488,185000
2020-07-22,103.61144256591797,103.82971495591872,103.49756037457814,103.70634077189999,130300
2020-07-23,103.7632827758789,104.03849265342578,103.41215867439476,103.4406274134049,130800
2020-07-24,104.18083953857422,104.24726900710512,103.81073146529222,103.9625743878023,261800
2020-07-27,105.10139465332031,105.41456533216453,105.00649642222929,105.01598841741966,594300
2020-07-28,104.8261489868164,105.07289009577244,104.79768025121926,104.9779918970258,468900
2020-07-29,105.36709594726562,105.63281384844237,105.12035479320016,105.14883077427179,220900
2020-07-30,105.99341583251953,105.99341583251953,105.34809795681666,105.49993362389881,248100
2020-07-31,105.39554595947266,106.01239511488843,105.24371028875392,105.80361473241524,264700
2020-08-03,105.2247543334961,105.24373832256053,104.68382648948682,104.7787319542681,320700
2020-08-04,105.58539581298828,105.60437256503357,104.88313290269421,104.92109364705647,318700
2020-08-05,106.1073226928711,106.50590682443739,106.07885394924575,106.24967365126831,319000
2020-08-06,106.23067474365234,106.39200241739167,105.76566122720043,105.98393361658286,143600
2020-08-07,105.43351745605469,105.52841566498023,105.15830758198213,105.3101505084784,280000
2020-08-10,105.02544403076172,105.44300482002608,104.98748330080414,105.25320841050714,134000
2020-08-11,104.97799682617188,105.44300309005229,104.89258337510147,105.26269143577937,120900
2020-08-12,105.44300079345703,105.66126593204199,105.2911578794252,105.49045351415914,64200
2020-08-13,105.62333679199219,106.12630389019601,105.49996258583406,105.85109397527367,82200
2020-08-14,105.87007904052734,105.9839612612494,105.651813834482,105.77518081006107,82400
2020-08-17,106.16425323486328,106.24965945432744,106.04087904194455,106.07883977512958,95300
2020-08-18,106.74314880371094,107.00886671330684,106.61028260864298,106.9234532479253,200500
2020-08-19,105.94595336914062,106.84749701773926,105.80360246665988,106.80954353466088,146900
2020-08-20,106.0883560180664,106.10733276886184,105.61385760519748,105.64232635152622,68500
2020-08-21,105.46199035644531,105.46199035644531,105.12035099861619,105.33862340400073,198500
2020-08-24,105.44300079345703,105.84157758238763,105.37657132863526,105.84157758238763,207200
2020-08-25,105.78466033935547,105.88905055264813,105.59485666051881,105.8226210751228,326900
2020-08-26,105.7562026977539,105.87007767673818,105.47150076975166,105.47150076975166,137400
2020-08-27,105.68024444580078,106.26862484681315,105.21523821611987,106.16423465888728,300100
2020-08-28,106.38250732421875,106.46792077505954,106.13576620434054,106.31607785812871,117400
2020-08-31,106.68621063232422,106.98040454196233,106.59131240739308,106.74315535949927,112500
2020-09-01,106.49641418457031,107.27459121345373,106.42998470309016,107.23663047542644,227600
2020-09-02,105.92698669433594,105.93647144587308,105.70871432441966,105.84157324862319,147900
2020-09-03,105.97444915771484,106.0598626171171,105.65179378729844,105.93648842467712,256800
2020-09-04,105.86055755615234,105.94596376185808,105.3196298658776,105.50942626095814,240500
2020-09-08,105.29116821289062,105.4809718740581,105.18677800931586,105.32912894512411,87100
2020-09-09,105.51893615722656,105.727716571402,105.46199143682533,105.63281111748982,87100
2020-09-10,105.6328125,106.49640290807014,105.55689827225413,106.36354395917776,75900
2020-09-11,105.84158325195312,105.89852072763068,105.69923232249019,105.89852072763068,40400
2020-09-14,106.0313949584961,106.22119138535037,105.99343422507133,106.16425390534799,36300
2020-09-15,105.87957000732422,106.14528794615741,105.81314052261591,106.12631119635681,34000
2020-09-16,105.46199035644531,105.98394138653691,105.34811539734862,105.98394138653691,68600
2020-09-17,105.87957000732422,105.8985467571248,105.40507161933043,105.49048509411013,31700
2020-09-18,105.87957000732422,106.05038971661281,105.68028155319932,105.82263251765163,100200
2020-09-21,105.12984466552734,105.20576613298009,104.83565802948503,105.18678214598208,105300
2020-09-22,104.6363754272461,105.07291302897406,104.47504048986855,105.0349522931364,132300
2020-09-23,104.21882629394531,104.56046571463557,104.10494407362495,104.43709873949165,134300
2020-09-24,104.2662582397461,104.38962519029218,103.91512689397267,104.03849384451875,135300
2020-09-25,103.8581771850586,103.97205212899304,103.74429500085559,103.92460664910988,131600
2020-09-28,104.24726867675781,104.34216688289136,104.03848827910258,104.26625266214593,75900
2020-09-29,104.8736343383789,104.93057182728963,104.56995566373715,104.56995566373715,124700
2020-09-30,104.74077606201172,104.94954926948583,104.3896446507798,104.6174018481966,100600
2020-10-01,104.94950866699219,105.015945365818,104.74073554028747,104.8451257237738,67600
2020-10-02,104.598388671875,104.74073958578798,104.54145120241711,104.60788066354074,57900
2020-10-05,105.2721939086914,105.36709212134163,105.12035097623544,105.12035097623544,199700
2020-10-06,104.94003295898438,105.38606246499491,104.83564276650239,105.36707848076077,159300
2020-10-07,105.03496551513672,105.18680123733066,104.97802802434785,105.15833249193624,310500
2020-10-08,105.0064926147461,105.02546936416783,104.78822017490735,104.91159438709603,309400
2020-10-09,105.60432434082031,105.63279307602383,105.38605921074775,105.49044940000624,231300
2020-10-12,105.48095703125,105.51891775814182,105.3955435856763,105.44299630435816,173700
2020-10-13,104.9305419921875,105.0918696584111,104.75023034154425,105.0918696584111,261500
2020-10-14,104.94950866699219,105.091859575407,104.85461047480496,105.03492210814827,286000
2020-10-15,104.53196716308594,104.53196716308594,104.37063949383665,104.43706896001393,362900
2020-10-16,104.64585876464844,104.79770170594391,104.59841327569606,104.79770170594391,331800
2020-10-19,105.09187316894531,105.30065356292354,105.07289642416042,105.19626336593443,153900
2020-10-20,105.57585906982422,105.72770198291649,105.49045286141126,105.51892159754891,314300
2020-10-21,105.8890380859375,106.0883264950505,105.77515589204327,105.78464788493508,352700
2020-10-22,105.54740905761719,105.68976000382686,105.51894031642924,105.68976000382686,252000
2020-10-23,105.89852142333984,105.92699740163474,105.59484281728277,105.83209195452326,92300
2020-10-26,105.42404174804688,105.57588469799849,105.41455699387767,105.54741595495015,45900
2020-10-27,105.44300079345703,105.68974190862444,105.43350880126289,105.60432845941438,110400
2020-10-28,104.86412811279297,104.97801031543067,104.64585570113816,104.76922989739643,345700
2020-10-29,104.24726867675781,104.56043927324065,104.02900352667754,104.50350179761432,281900
2020-10-30,103.95309448242188,104.3706553276082,103.9151337473804,104.34217934612468,257400
2020-11-02,103.88664245605469,103.90561919932131,103.74429154061598,103.85817372102062,219700
2020-11-03,104.46554565429688,104.77871626453137,104.42758492212276,104.59840459677163,45800
2020-11-04,104.4845199584961,104.70279235332903,104.26625480393233,104.38012975752414,183200
2020-11-05,105.53791809082031,105.6897610323269,105.2342394480771,105.55690207864362,93200
2020-11-06,105.99341583251953,106.0978060212559,105.76565147149381,105.97443184896656,85800
2020-11-09,105.3861083984375,106.32561329999803,105.26273416794767,106.32561329999803,172300
2020-11-10,105.36709594726562,105.59485311395001,105.32913521277327,105.50944689154453,48500
2020-11-11,105.10139465332031,105.12037140343014,104.81669271977631,104.8926142007575,44600
2020-11-12,105.33866119384766,105.43355944056246,105.17733345040527,105.17733345040527,34400
2020-11-13,105.56636810302734,105.59483683944151,105.42401718068787,105.4430011651431,47400
2020-11-16,105.73717498779297,105.75615896995475,105.4904411418321,105.54737860778187,25700
2020-11-17,105.84158325195312,105.99342617411865,105.81311451411435,105.98393418141605,37400
2020-11-18,105.73717498779297,105.92697860807186,105.73717498779297,105.87952589293519,27100
2020-11-19,105.97444915771484,105.98394115104165,105.44301337572571,105.44301337572571,31600
2020-11-20,105.775146484375,105.92698939606235,105.71820901262652,105.91749740401477,17100
2020-11-23,105.58539581298828,106.1358085055617,105.27222510220349,106.08836300531263,366800
2020-11-24,106.1073226928711,106.1073226928711,105.66129306868605,105.69925380694335,181700
2020-11-25,106.38250732421875,106.4014913089695,106.11678945985858,106.12628145223395,50800
2020-11-27,106.67668914794922,106.70515788159939,106.44892479821196,106.44892479821196,65600
2020-11-30,106.41100311279297,107.04683643874587,106.40151835827517,107.00887569986281,54200
2020-12-01,107.69214630126953,107.71112304912764,106.84753259604729,106.87600857823955,86800
2020-12-02,107.94837951660156,107.99583224985994,107.66367759759241,107.66367759759241,44900
2020-12-03,108.34693145751953,108.58418058862925,108.24254126060976,108.44182966190964,111700
2020-12-04,108.18560791015625,108.56520798245624,108.0432569780101,108.43234904319162,69800
2020-12-07,107.995849609375,108.50830156153134,107.995849609375,108.24258358922161,67400
2020-12-08,107.995849609375,108.1951380886073,107.92942011629756,108.16666934018436,110200
2020-12-09,107.72062683105469,108.06226625204678,107.57827586559618,108.04328226184118,48200
2020-12-10,108.30897521972656,108.39438867540832,107.95785112489372,107.95785112489372,42500
2020-12-11,108.04325866699219,108.1381568764834,107.99581318238123,108.12867212372277,29700
2020-12-14,108.33745574951172,108.49878343446977,108.10969135163853,108.39439322884527,54600
2020-12-15,108.4228286743164,108.50823486709042,108.31843850074776,108.38486795299441,85500
2020-12-16,108.66012573242188,108.84043742825305,108.1286898797874,108.68859447591723,83000
2020-12-17,109.35287475585938,109.42878897663955,109.12511037271177,109.20103183376098,91200
2020-12-18,109.18204498291016,109.22949046147266,109.02071008304627,109.21051371810132,50800
2020-12-21,109.04920196533203,109.23899838780403,108.83092956324677,108.88786704193448,80200
2020-12-22,108.36593627929688,109.0017623352638,108.31848354784312,108.9827783465742,84200
2020-12-23,108.71702575683594,108.8973373905339,108.56519009709132,108.76447847315687,58500
2020-12-24,108.63167572021484,108.73606595787804,108.60320697181064,108.60320697181064,25800
2020-12-28,108.87838745117188,109.10614461699065,108.77399724178207,108.93532493255913,36300
2020-12-29,109.17255401611328,109.37184240459096,109.07765581782893,109.26745221439764,52300
2020-12-30,109.58062744140625,109.66603365141081,109.40980778112836,109.40980778112836,52700
2020-12-31,108.88786315917969,109.4762436322933,108.85939442085098,109.4762436322933,94800
2021-01-04,109.19152069091797,109.69448761168717,109.10611449241804,109.69448761168717,100900
2021-01-05,109.55219268798828,109.68505166049871,109.23902200695471,109.40984172022111,55000
2021-01-06,109.83686065673828,109.95074285129535,109.34338562752943,109.62808025351826,114200
2021-01-07,109.30542755126953,109.40032576223776,109.15358462150486,109.35288027688834,59200
2021-01-08,108.9448013305664,109.43827632591018,108.66959147614189,109.41929958158758,76700
2021-01-11,108.27100372314453,108.46080736119372,108.11916805297365,108.26151897144342,185200
2021-01-12,108.74551391601562,108.78347464779979,108.20458615856236,108.20458615856236,77300
2021-01-13,108.280517578125,108.51776674338832,108.17612736618754,108.32797030728564,74900
2021-01-14,108.36593627929688,108.49879523904309,107.92939866294927,108.00531289689691,220400
2021-01-15,107.59722137451172,107.94835268865509,107.59722137451172,107.88192322276512,113800
2021-01-19,108.0527572631836,108.17612421903425,107.96734380123335,108.17612421903425,94300
2021-01-20,107.85346984863281,107.91989932398498,107.6162206880508,107.80601712040848,61200
2021-01-21,108.4228286743164,108.4228286743164,108.11915014400778,108.18557959625444,87600
2021-01-22,108.37540435791016,108.52724728298229,108.29949013564325,108.30897488825839,87600
2021-01-25,108.1286849975586,108.19511447613847,107.91990456765892,108.17613048781843,123000
2021-01-26,108.38490295410156,108.43235568114494,108.13816180596132,108.28051274682183,147500
2021-01-27,107.8249740600586,107.96731772848524,107.40741332529247,107.8249740600586,153800
2021-01-28,107.995849609375,108.14768534772125,107.9578888647205,108.00533436533483,27600
2021-01-29,108.06224822998047,108.22357591846831,108.0053035091315,108.19510717817866,110000
2021-02-01,107.3599853515625,107.75856943582026,107.3599853515625,107.75856943582026,79200
2021-02-02,107.21763610839844,107.28406557896281,106.98038696491578,107.28406557896281,168900
2021-02-03,107.15120697021484,107.19865245489699,106.95191131763424,107.07528550640026,93600
2021-02-04,106.55332946777344,106.75261787068597,106.48690000013593,106.73364112576193,167100
2021-02-05,107.28407287597656,107.2935576293671,106.97090224761428,106.98987899466513,112900
2021-02-08,107.322021484375,107.43590368230505,107.15120904788407,107.27457599877289,57600
2021-02-09,107.8819580078125,107.91991874917078,107.64470880452652,107.71113829183574,59900
2021-02-10,107.9198989868164,108.08122667784339,107.89143024607867,108.06224993077483,73600
2021-02-11,108.01480102539062,108.11919123863656,107.93887955388993,108.04326976713588,77000
2021-02-12,107.8819580078125,107.97685624107267,107.54981057126633,107.61624005857557,70300
2021-02-16,107.83448791503906,107.91040938553604,107.68265221431503,107.76805843842168,128400
2021-02-17,107.1891860961914,107.24613082780535,107.06581911819143,107.1891860961914,169800
2021-02-18,107.62570190429688,107.64467864952444,107.39793751995184,107.4833509741485,89300
2021-02-19,107.85346984863281,108.05275827468931,107.78704037328063,107.86296184233163,73400
2021-02-22,108.15715026855469,108.3089859688913,107.9768385866519,108.08122879825142,58300
2021-02-23,108.13818359375,108.28053456329152,108.04328536081267,108.15716758450012,23900
2021-02-24,108.27100372314453,108.30896445075436,107.78702073672314,107.96732514253429,64100
2021-02-25,108.27100372314453,108.95428233958468,108.25202697947384,108.8024466694138,186800
2021-02-26,107.36946105957031,108.0242709469951,107.36946105957031,107.9483494910073,209700
2021-03-01,107.20816802978516,107.32204301028602,107.05632506875614,107.26510552003559,149700
2021-03-02,107.59722137451172,107.61620535920528,107.1132383688572,107.17966783474715,64700
2021-03-03,107.33150482177734,107.50232448476183,107.21762987330024,107.2840593400015,76000
2021-03-04,106.50588989257812,107.22712208399668,106.44894517410977,107.10375513447572,142000
2021-03-05,106.02191925048828,106.26866043551499,105.94599777197688,106.26866043551499,161000
2021-03-08,105.41453552246094,105.74668285748854,105.39555153744857,105.63280066822098,112100
2021-03-09,105.90802001953125,105.94598075268888,105.72771558736936,105.87955127973039,102600
2021-03-10,106.11680603027344,106.13578277771867,105.78465864795754,106.08833728897064,96700
2021-03-11,106.69566345214844,106.69566345214844,106.18320453735197,106.35402417561745,65800
2021-03-12,106.4015121459961,106.42048889419435,106.00292803113076,106.10731824689665,60600
2021-03-15,106.12630462646484,106.19273410706073,105.97446167637688,106.07885189449476,40900
2021-03-16,105.89852142333984,106.03138760124207,105.70872500965507,106.03138760124207,84800
2021-03-17,106.5628433227539,106.6008040606589,105.83211178855584,105.92701725345356,174800
2021-03-18,105.93649291992188,106.18323407500239,105.90802417900294,105.96496890111064,97600
2021-03-19,105.8890380859375,105.95546755564183,105.63280495974278,105.68025768393268,79500
2021-03-22,106.15480041503906,106.24969866288647,105.98398067280483,106.02194141999824,37900
2021-03-23,105.36709594726562,105.6897585703158,105.36709594726562,105.60434510764054,64900
2021-03-24,105.05390930175781,105.28167367398784,105.05390930175781,105.12983075916782,72800
2021-03-25,104.64585876464844,105.08240360073792,104.60790526959451,105.04444286541406,76200
2021-03-26,104.91159057617188,104.9590360681381,104.76923961973236,104.78821636846477,37400
2021-03-29,104.64585876464844,104.78820971204544,104.59841327569606,104.7692329645185,43400
2021-03-30,104.21882629394531,104.32321651917127,104.14290481373173,104.26627902914652,43800
2021-03-31,104.2662582397461,104.53197612724192,104.22829750720821,104.28523498588034,76300
2021-04-01,104.73126220703125,104.74075420002137,104.39911485506939,104.56044253455525,44400
2021-04-05,105.06342315673828,105.08240714517552,104.75025250995557,104.75025250995557,75900
2021-04-06,105.55690002441406,105.58536876532503,105.20576865921588,105.20576865921588,236000
2021-04-07,105.55690002441406,105.8985321556155,105.46199456768441,105.74669645733373,100100
2021-04-08,105.91751861572266,106.03140082229493,105.66128546100252,105.72772217837218,55000
2021-04-09,105.80362701416016,105.87954847846679,105.59484660745161,105.6233225867686,41700
2021-04-12,105.84158325195312,105.92699670573849,105.77515378357296,105.8700519897919,42400
2021-04-13,106.27813720703125,106.27813720703125,106.01241929247148,106.07884877111142,53900
2021-04-14,106.49641418457031,106.54385967690159,106.25916500210255,106.34457123246112,48800
2021-04-15,106.45843505859375,106.50588778299925,106.29710738004577,106.4014975815225,82400
2021-04-16,106.47744750976562,106.60082173848389,105.7087623504604,106.50592349811943,289600
2021-04-19,106.99935913085938,106.99935913085938,106.78108674247942,106.87599218802572,338900
2021-04-20,106.951904296875,107.12272395910985,106.84751410104987,107.01833376328473,44200
2021-04-21,106.94246673583984,106.98991223834402,106.65776475972673,106.68623350928364,29400
2021-04-22,106.75265502929688,106.92347475414805,106.60081929624664,106.92347475414805,212600
2021-04-23,107.53080749511719,107.54029948883982,107.0658011664852,107.19866011752292,116700
2021-04-26,107.42642974853516,107.46439048756008,107.20816454948012,107.33153152110815,210400
2021-04-27,107.4359130859375,107.4359130859375,107.27458538828466,107.35050686021661,43500
2021-04-28,107.77754211425781,107.82499483972362,107.15120813167167,107.25559109521154,73400
2021-04-29,107.76805877685547,107.7870427646743,107.55927835246807,107.73009804148776,50400
2021-04-30,106.83804321289062,107.40743974747245,106.79059048489641,107.40743974747245,155200
2021-05-03,107.1891860961914,107.2935763238341,107.04684236783413,107.1132718544912,65200
2021-05-04,106.74314880371094,106.90447650021274,106.63875859061683,106.80008628711863,71400
2021-05-05,106.62925720214844,106.69568667369471,106.16425090132459,106.62925720214844,19700
2021-05-06,107.17018127441406,107.23661074367105,107.02783034307218,107.07528306694252,45800
2021-05-07,108.11918640136719,108.13816314825833,107.52132113065541,107.52132113065541,152700
2021-05-10,107.86295318603516,108.1856085432032,107.83447720722397,108.1381558187871,39200
2021-05-11,107.92939758300781,108.12868602063305,107.90092160025831,107.96735107946672,36600
2021-05-12,107.24609375,107.54977233262422,107.17017229427681,107.4263981570069,61900
2021-05-13,107.3599853515625,107.4548908060765,107.14172018282743,107.31253986457514,23000
2021-05-14,107.83448791503906,107.91040938553604,107.76805843842168,107.78704242618089,72700
2021-05-17,107.98634338378906,107.99583537876985,107.8250156704694,107.88195315981262,29400
2021-05-18,108.59368133544922,108.6126580817495,108.33745543891334,108.47031438382372,66800
2021-05-19,108.10968780517578,108.67908430064111,107.99581285024428,108.48928788224242,118800
2021-05-20,108.6031723022461,108.6031723022461,108.4133686396899,108.43235262608023,41500
2021-05-21,108.2045669555664,108.29947238831868,107.98630183687938,108.29947238831868,42200
2021-05-24,108.47978973388672,108.58417993016347,108.40387551499633,108.47978973388672,25400
2021-05-25,108.7550048828125,108.81194960008607,108.57470045887563,108.73602813723411,72100
2021-05-26,108.26152038574219,108.66009717044969,108.17610693743711,108.54621498613245,40500
2021-05-27,108.32799530029297,108.40391678835832,108.15717557228172,108.20462107211887,35900
2021-05-28,108.23307800292969,108.34695297470527,107.81551713236496,107.8344938809041,41500
2021-06-01,108.5082778930664,108.7834878015773,108.47980915085324,108.5652226177629,48300
2021-06-02,108.39440155029297,108.4608310280384,108.18562112301586,108.21408986486819,41100
2021-06-03,107.70162200927734,107.91989441279843,107.58774705115285,107.91989441279843,43600
2021-06-04,108.0242919921875,108.16664293983017,107.95786251532358,108.06225272757688,53000
2021-06-07,108.22356414794922,108.28050162233595,108.00529176235194,108.00529176235194,27800
2021-06-08,108.0527572631836,108.20459295959442,108.04326526957362,108.06224925679356,15500
2021-06-09,108.08124542236328,108.41339285569072,108.05277667668823,108.37543211470029,15200
2021-06-10,108.0242919921875,108.17612769347504,107.81551156768093,107.81551156768093,35000
2021-06-11,107.46436309814453,107.63518276008463,107.32201217314964,107.63518276008463,65200
2021-06-14,107.54977416992188,107.62569562694205,107.52130543360647,107.597219650358,30600
2021-06-15,107.59722137451172,107.62569735155206,107.52130715654374,107.61620535920528,13700
2021-06-16,106.53437805175781,107.59724978665926,106.44896457861998,107.46439081979658,100800
2021-06-17,105.60432434082031,106.03137708967822,105.52840288676535,106.03137708967822,121900
2021-06-18,105.28167724609375,105.42402093323123,105.12034233355638,105.36708345837624,159800
2021-06-21,105.74671173095703,105.77518047597991,105.566400025451,105.58538401564682,71400
2021-06-22,105.95549011230469,106.05038834061799,105.56639796386823,105.64231944262716,31400
2021-06-23,105.78466033935547,106.18323720450742,105.7656763513368,106.05037824945677,22700
2021-06-24,105.87957000732422,106.01242897674081,105.78467177777962,105.92702274223191,14400
2021-06-25,105.89852142333984,106.202207269666,105.80362321649746,106.12628580808446,49700
2021-06-28,105.775146484375,105.87004468404533,105.65177954883043,105.71820901262652,35100
2021-06-29,105.55690002441406,105.65179824087389,105.39556509213554,105.44301782050037,52900
2021-06-30,105.1583023071289,105.30065323351137,105.06340410296355,105.30065323351137,32000
2021-07-01,105.09187316894531,105.29116157039664,105.02544370179486,105.29116157039664,40700
2021-07-02,105.20575714111328,105.31014733987122,104.91157053021489,104.97799999849094,91300
2021-07-06,104.84516143798828,104.98750515462277,104.70281048108335,104.93056766796897,31000
2021-07-07,104.57942199707031,104.76922566045735,104.50350777198494,104.71228094130652,30600
2021-07-08,105.04444122314453,105.22474566277657,104.94953576618364,105.12984744608552,56000
2021-07-09,105.31016540527344,105.32914215363523,105.14883770325225,105.23424393128573,51800
2021-07-12,105.13935089111328,105.22475712335633,105.07292140816739,105.15832764041042,20700
2021-07-13,104.37065887451172,104.87362596043165,104.37065887451172,104.63637678856225,46200
2021-07-14,104.91159057617188,104.9590360681381,104.72178688749571,104.77873161423376,30300
2021-07-15,104.71228790283203,104.77872461963645,104.58892094363081,104.75974063190093,12800
2021-07-16,104.61738586425781,104.72177607218103,104.58891712396415,104.6743305851148,21700
2021-07-19,104.56045532226562,104.79770449414949,104.56045532226562,104.71229102733083,29000
2021-07-20,104.43709564208984,104.4655643862579,104.20933120820416,104.23779995237221,24300
2021-07-21,104.60791015625,104.62688690466344,104.27575551671738,104.29473950540111,21100
2021-07-22,104.34217834472656,104.83566065525979,104.23778813443184,104.83566065525979,18100
2021-07-23,104.33270263671875,104.37066337468704,104.19984367396498,104.31371864759939,55500
2021-07-26,104.6363754272461,104.72178165267829,104.46555573611167,104.46555573611167,31700
2021-07-27,104.75972747802734,104.93054714484894,104.6553372793992,104.7787114633792,24100
2021-07-28,105.0064926147461,105.0159846095923,104.3896432746147,104.52250224137892,37400
2021-07-29,105.36709594726562,105.39556468806745,105.25322098405833,105.25322098405833,67200
2021-07-30,105.12984466552734,105.32913308738857,105.04443844484524,105.27219560693383,74300
2021-08-02,105.20575714111328,105.33861607766539,105.15830441794365,105.2532098642829,24600
2021-08-03,105.1583023071289,105.23422376656873,105.06340410296355,105.22473177407154,24900
2021-08-04,104.88308715820312,105.43350685098405,104.87360240645306,105.42401485896548,35400
2021-08-05,104.85462951660156,104.93055098024601,104.83565277082509,104.91157423446954,16300
2021-08-06,104.161865234375,104.38962238320845,104.13339649580448,104.38962238320845,23900
2021-08-09,103.943603515625,104.21881341719254,103.943603515625,104.18085268177597,22700
2021-08-10,103.82023620605469,103.84870494745373,103.73482274158764,103.76329148298667,35200
2021-08-11,104.01953125,104.08596073091154,103.93411778010208,103.99106250679083,21100
2021-08-12,103.96257019042969,103.99103892718367,103.86766474755807,103.91511746899387,21700
2021-08-13,104.51299285888672,104.54146883868785,104.20931423676662,104.25676696283234,27600
2021-08-16,104.32320404052734,104.42759425326663,104.26626655731317,104.35167278213443,8600
2021-08-17,103.74430847167969,104.00053436907076,103.71583973199951,103.93410489639386,30500
2021-08-18,103.74430847167969,103.98155762270714,103.59247277996225,103.75380046499625,38100
2021-08-19,103.43112182617188,103.63041021331934,103.40265309090344,103.57347274278246,57600
2021-08-20,103.63040924072266,103.65888521599223,103.38367537719958,103.43112085544557,41500
2021-08-23,104.01000213623047,104.04796286038534,103.84867448877313,103.96255666123774,31900
2021-08-24,104.1239013671875,104.1808388426139,103.96257369330006,103.97205844569179,45600
2021-08-25,104.313720703125,104.313720703125,103.91514380700963,103.95310454572594,36400
2021-08-26,104.07646179199219,104.16187525619095,104.04799305068258,104.09544577971188,11400
2021-08-27,104.47504425048828,104.48453624485687,103.97207715300743,103.97207715300743,53300
2021-08-30,104.4940185546875,104.52248729488448,104.36115960692183,104.43708107429354,28000
2021-08-31,104.56045532226562,104.80719648830049,104.46555710156612,104.66484553711614,73000
2021-09-01,104.83564758300781,104.97799851022955,104.22829038444603,104.86411632039838,33000
2021-09-02,105.14884185791016,105.15832661233068,104.93056942163864,104.94006141632971,40500
2021-09-03,105.19625091552734,105.35757856804622,105.11084471370019,105.33860182550731,70100
2021-09-07,104.80719757080078,104.99699401416012,104.80719757080078,104.89260379823142,32900
2021-09-08,104.58892822265625,104.6838264471287,104.4940299981838,104.59842021718462,84200
2021-09-09,104.65536499023438,104.76924721169239,104.48454527818282,104.70281772590961,71400
2021-09-10,104.5224838256836,104.75024097996962,104.5224838256836,104.6743267553872,64000
2021-09-13,104.50350189208984,104.56043936776764,104.35165896992366,104.35165896992366,39200
2021-09-14,104.44654846191406,104.75971903255144,104.40858773453967,104.75022704064074,35900
2021-09-15,104.56045532226562,104.59841605859947,104.45606510741513,104.57943207029749,22900
2021-09-16,104.13339233398438,104.15236907884989,103.98154941398452,104.01001815141726,52400
2021-09-17,103.8297348022461,104.05749198819092,103.77279007555708,104.01953125048838,256900
2021-09-20,103.80123901367188,103.86766848190909,103.6494033321021,103.67787206987961,163100
2021-09-21,103.81072998046875,103.82971396564551,103.67787104530727,103.80123798788037,36000
2021-09-22,103.45960998535156,103.97206903719969,103.39318051049734,103.77278061263704,48300
2021-09-23,103.92460632324219,103.95307505913654,103.77276341144763,103.77276341144763,64700
2021-09-24,103.65890502929688,103.7253345037532,103.5639995741281,103.63992104215524,53000
2021-09-27,103.46910858154297,103.56400680306609,103.4596165873096,103.49757732397288,66200
2021-09-28,103.41217041015625,103.4691078946381,103.22236672809986,103.37420967374497,95000
2021-09-29,102.54859161376953,102.98512927175639,102.5391068587903,102.98512927175639,272400
2021-09-30,102.46318054199219,102.59603950814144,102.2828688421022,102.51062603546227,67700
2021-10-01,102.56754302978516,102.66244123133554,102.4916215724374,102.66244123133554,68400
2021-10-04,102.76683044433594,102.93765010160381,102.73836170816939,102.88071262927072,125900
2021-10-05,102.58655548095703,102.7004377066173,102.42522775814172,102.52961798826249,57500
2021-10-06,102.24486541748047,102.24486541748047,101.98863958695462,102.10251451595828,259000
2021-10-07,102.18795776367188,102.31132471950416,102.15948902311594,102.15948902311594,67200
2021-10-08,102.2828140258789,102.38720419194638,102.19740783924195,102.24485330728467,82100
2021-10-11,102.15001678466797,102.42522673038204,102.15001678466797,102.33032849675297,78000
2021-10-12,101.97919464111328,102.12154560830474,101.90327315990837,102.07409287248394,66400
2021-10-13,102.53909301757812,102.56756175921493,102.22592237903332,102.22592237903332,62600
2021-10-14,102.53909301757812,102.60552249482066,102.45367955239773,102.55806976524599,284700
2021-10-15,102.56754302978516,102.64346448713293,102.46315283599914,102.58651977398776,202500
2021-10-18,102.62448120117188,102.74784814000019,102.51059901437509,102.63397319347213,182500
2021-10-19,102.8807373046875,103.05154976265526,102.82379257842791,102.91869080183345,125700
2021-10-20,102.99459075927734,103.05152823337134,102.89969255569771,102.92816129274472,34200
2021-10-21,102.70987701416016,102.98507958119146,102.70987701416016,102.90916537663152,68300
2021-10-22,102.93768310546875,103.0041125912455,102.74787940305593,102.84278487439781,62200
2021-10-25,102.63398742675781,102.68143291430134,102.58653469894456,102.65296417372127,22100
2021-10-26,102.50113677978516,102.6245037457147,102.38725456797073,102.6245037457147,57800
2021-10-27,102.52958679199219,102.69091446572098,102.45366533131899,102.69091446572098,32400
2021-10-28,103.26983642578125,103.34575791107761,102.78584600735613,102.85227549692262,149700
2021-10-29,102.15001678466797,102.83329565123101,101.96022031740985,102.8048269051694,111500
2021-11-01,102.54859161376953,102.56757560426995,102.17848344199217,102.39675589112109,25200
2021-11-02,102.3302993774414,102.49162705273021,102.30183063948093,102.46315831476971,51100
2021-11-03,102.48214721679688,102.63399015762371,102.1784685754131,102.20693731675065,58900
2021-11-04,102.11200714111328,102.18792858776575,101.88425004142354,102.06456166715624,49000
2021-11-05,102.19744110107422,102.22590983921883,101.77038830809778,101.98866070098829,22000
2021-11-08,102.38725280761719,102.43470553845825,102.12153489155568,102.12153489155568,24200
2021-11-09,102.44417572021484,102.53908116839712,102.26387129726066,102.41570698186781,32100
2021-11-10,101.4097671508789,102.24488146917216,101.39078316621955,102.24488146917216,119800
2021-11-11,101.14408874511719,101.39082271979231,101.10612800125836,101.29592448028099,34300
2021-11-12,101.14408874511719,101.16306549691083,101.02071451750805,101.04919050560588,67500
2021-11-15,100.32791900634766,101.07762716897342,100.31842701332803,101.07762716897342,70100
2021-11-16,99.93881225585938,100.28045155169073,99.91034352125146,100.18555335624163,49700
2021-11-17,100.0052719116211,100.04323264931598,99.79649871470477,99.91986568201037,111400
2021-11-18,100.42280578613281,100.45127452168224,100.13810395010177,100.15708793398034,83800
2021-11-19,99.68260192871094,99.98628054560399,99.66361794250362,99.91985107441705,74900
2021-11-22,99.23657989501953,99.48332105252369,99.18912716617531,99.28403262386375,54800
2021-11-23,99.35992431640625,99.5022752303804,99.2365573857717,99.2365573857717,20100
2021-11-24,98.97084045410156,99.00880118086272,98.82848953881432,98.82848953881432,51600
2021-11-26,99.83444213867188,99.9293475934682,99.64464570961856,99.65413770315213,46200
2021-11-29,99.57821655273438,99.61617728671993,99.41688886349802,99.530763825185,31200
2021-11-30,100.11913299560547,100.48924105968526,99.34095613776223,100.34689013343868,50900
2021-12-01,99.85340881347656,100.23300884603901,99.77748735891038,100.17606413498018,29200
2021-12-02,99.76799011230469,100.17605885876964,99.72054463590106,100.02422319790278,49800
2021-12-03,99.85340881347656,99.99575973072103,99.5022775163093,99.7395266316273,40900
2021-12-06,99.55924224853516,99.81546815888701,99.49280553222816,99.81546815888701,17200
2021-12-07,99.43585205078125,99.45483603532013,99.19860292592627,99.19860292592627,23200
2021-12-08,100.14761352539062,100.23302698730373,99.79648940494152,99.81546615188348,38200
2021-12-09,99.69207000732422,99.85339765003988,99.5686958473801,99.85339765003988,12700
2021-12-10,99.8818588256836,99.91981954585081,99.53072759433707,99.56868831450429,28800
2021-12-13,99.54975128173828,99.76801645942494,99.49280655864051,99.56872802925758,22600
2021-12-14,99.3030014038086,99.75852294724741,99.29350941074735,99.67310949023482,52900
2021-12-15,99.61617279052734,99.66361827566557,99.07524502611994,99.35045490489134,33600
2021-12-16,100.02423095703125,100.1001524134881,99.73003712332809,99.95780149269865,29400
2021-12-17,99.17013549804688,99.79647667125829,99.13217476873689,99.79647667125829,85900
2021-12-20,99.53075408935547,99.73953448571886,99.46432462144611,99.5402460819908,41700
2021-12-21,99.57821655273438,99.57821655273438,99.37892812951245,99.4738263443415,45400
2021-12-22,100.06220245361328,100.08117919963541,99.61617289926482,99.86291403916874,49600
2021-12-23,100.01473999023438,100.02423198245593,99.66360868072314,99.69208465738784,44700
2021-12-27,99.93881225585938,99.96728099046729,99.84391406041027,99.84391406041027,27900
2021-12-28,99.81549072265625,99.86294346209678,99.60671025355232,99.78702197510053,21400
2021-12-29,100.11913299560547,100.22352319216837,99.93882133967521,99.93882133967521,38700
2021-12-30,99.85340881347656,99.96728375505741,99.76799536702251,99.83442482970081,42300
2021-12-31,100.36582946777344,100.4322589050996,100.02419029287726,100.07163575367274,32100
2022-01-03,99.6351318359375,99.91983365726584,99.49278092527334,99.8534041976583,45700
2022-01-04,99.53075408935547,99.85341667653589,99.50228535171846,99.53075408935547,11600
2022-01-05,99.76799011230469,100.07166867430641,99.71105264451313,99.95779373872328,18000
2022-01-06,99.57821655273438,99.92934791189853,99.54025581874882,99.7205674951128,78500
2022-01-07,100.2235107421875,100.23300273349652,99.8344187414653,99.8344187414653,51800
2022-01-10,99.92933654785156,99.9767820297357,99.58769722110273,99.62565795077136,24100
2022-01-11,100.26150512695312,100.32793460788204,99.80598351467597,99.86292824137962,16800
2022-01-12,101.00169372558594,101.00169372558594,100.60311694926831,100.60311694926831,50900
2022-01-13,100.99224853515625,101.24848175315198,100.9827637791355,101.19153701566862,35400
2022-01-14,100.67904663085938,100.9068110296908,100.54618768500914,100.9068110296908,113700
2022-01-18,99.77751922607422,100.24252561333708,99.75854247650605,100.16661137479366,121500
2022-01-19,100.09068298339844,100.13812847417749,99.9862927673062,100.07169899487063,73600
2022-01-20,99.67313385009766,100.1001867589927,99.67313385009766,100.04324202697738,34000
2022-01-21,100.0337142944336,100.11912049535692,99.98626157818643,100.0811597704128,48500
2022-01-24,99.81549072265625,99.9198809572082,99.55926475438329,99.64467099705044,89400
2022-01-25,99.66362762451172,99.6731196185375,99.23658201686233,99.34097223033574,86100
2022-01-26,99.05622863769531,99.56868749533615,99.03725189790134,99.56868749533615,114800
2022-01-27,98.22114562988281,98.38247331016099,98.12624742032325,98.33502782551585,104400
2022-01-28,98.30654907226562,98.42992325745388,98.1547133893089,98.25910358895938,392700
2022-01-31,99.06573486328125,99.12267233111193,98.54378394060659,98.61970539122618,206800
2022-02-01,99.33150482177734,99.38844955975631,99.05629484907314,99.21762982636308,28500
2022-02-02,99.67313385009766,99.80599282434828,99.52129812535598,99.72058658673191,120400
2022-02-03,100.74545288085938,100.96371798007071,100.28993146120565,100.28993146120565,226900
2022-02-04,100.99224853515625,101.03020928005458,100.6126483264448,100.83092079954221,191100
2022-02-07,100.84038543701172,100.90681491249298,100.64109701056795,100.72650323321393,29700
2022-02-08,100.66957092285156,100.67905567678625,100.51772797665433,100.64110218050712,38800
2022-02-09,100.69802856445312,100.84986425364214,100.64109108604093,100.70752055761163,30100
2022-02-10,100.76445007324219,101.30537779622016,100.34688929049821,100.34688929049821,43600
2022-02-11,99.92933654785156,100.50822500482771,99.8534150885143,100.33740534145329,124000
2022-02-14,99.50227355957031,99.73003067394359,99.42635210802318,99.68258519692773,97900
2022-02-15,100.109619140625,100.18554058341222,99.78696386918028,100.01472095727463,23700
2022-02-16,100.32791900634766,100.39434847694643,100.1096466085121,100.1096466085121,36300
2022-02-17,100.0527114868164,100.24250791006214,100.0527114868164,100.1571016916824,35100
2022-02-18,99.78697967529297,100.02422879138247,99.71105822047991,100.01473679946372,93300
2022-02-22,99.80596923828125,99.97678891341708,99.75852375313036,99.8439299705636,23700
2022-02-23,99.54025268554688,99.94832151270985,99.52127593928626,99.94832151270985,23700
2022-02-24,98.67664337158203,98.80950228097403,97.86050593373547,98.16418447524111,211500
2022-02-25,99.24607849121094,99.28403922875769,98.67668190855046,98.80004887537461,78900
2022-02-28,98.75257873535156,99.04677258941102,98.62921179027443,98.73360199005857,165700
2022-03-01,98.11674499511719,98.27807265824235,97.68969947736974,98.25909591445584,166900
2022-03-02,97.98390197753906,98.11676092642263,97.43348219486734,97.74665282020847,61900
2022-03-03,97.45249938964844,97.68974862782343,97.20575815467024,97.68974862782343,89700
2022-03-04,96.27568817138672,96.30416414707148,95.97200959316504,96.133344494305,177000
2022-03-07,95.70628356933594,96.20925049278914,95.53546393115676,96.20925049278914,132400
2022-03-08,96.05743408203125,96.46550289720162,95.73477148292784,96.06692607501734,148000
2022-03-09,97.48094177246094,97.68023020979035,97.02542017265786,97.30063008333282,94800
2022-03-10,96.60785675048828,97.04439431754018,96.56040402439308,97.02541033099432,63900
2022-03-11,96.0384521484375,96.74071483902993,95.98151466984275,96.731222845841,76800
2022-03-14,96.36111450195312,96.76918332477487,96.28519303717945,96.39907523433996,72100
2022-03-15,96.4560317993164,96.92103819259826,96.19980585534051,96.75971047823305,26700
2022-03-16,97.34809112548828,97.36706787530974,96.42756309332505,96.71226502254262,156800
2022-03-17,97.70867919921875,98.03134177557203,97.36703987850058,97.38602386313421,63700
2022-03-18,97.31964874267578,97.46199250557198,96.88310373555147,96.93055648336541,122200
2022-03-21,96.9494857788086,97.37653130709975,96.93999378654672,97.23418038424647,34200
2022-03-22,97.14878845214844,97.15827320553554,96.94950002697293,97.05388299611936,13600
2022-03-23,96.86407470703125,96.93050417395783,96.5224353799035,96.63631756903571,98900
2022-03-24,96.79765319824219,96.93051214301822,96.5414273019654,96.6268335206345,41600
2022-03-25,96.68378448486328,96.99695514420222,96.66480773593538,96.90205691902176,37800
2022-03-28,96.68378448486328,96.78817470464293,96.4370505474482,96.4370505474482,32900
2022-03-29,97.63277435302734,98.01237446733143,97.43348592207843,97.9174762488229,147800
2022-03-30,98.15473175048828,98.28759071302942,97.96493530122108,98.01238079340266,111700
2022-03-31,97.3575668334961,97.83206517791965,97.34808207960212,97.58533125181391,56100
2022-04-01,97.26266479492188,97.26266479492188,97.05388437312732,97.13929783671139,67900
2022-04-04,96.5509033203125,96.80713643367814,96.46549710936984,96.7122382303189,117200
2022-04-05,95.87712097167969,96.56989164383768,95.87712097167969,96.39907197400895,98900
2022-04-06,95.88664245605469,96.14286841946979,95.7158227336875,96.10490767669137,69100
2022-04-07,95.63041687011719,96.19982081687976,95.611440117352,96.04797783367056,23600
2022-04-08,95.6968002319336,95.71578421581897,95.31720743744759,95.38363690050949,92600
2022-04-11,95.71580505371094,95.85815600276806,95.63988358217782,95.74427379546836,41300
2022-04-12,95.23182678222656,95.76326990998507,95.1559053010795,95.687348428838,122300
2022-04-13,95.7537612915039,95.7537612915039,95.07997455390566,95.15588878160273,49500
2022-04-14,95.17485809326172,95.28874027765184,94.6149464036794,95.23179556532249,299300
2022-04-18,94.81426239013672,95.02303557926625,94.70987217543689,94.94712134697829,37300
2022-04-19,94.87120056152344,95.03252826167518,94.82374783076342,94.90916129807741,110200
2022-04-20,95.45006561279297,95.5354718188,95.25077722517482,95.28873795237853,56300
2022-04-21,95.28875732421875,95.79172439144942,95.24130459550007,95.772740403854,43500
2022-04-22,94.90914916992188,95.20333579028419,94.72883750439955,95.20333579028419,149300
2022-04-25,94.225830078125,94.32072824655812,94.08347920534224,94.30175150897794,537800
2022-04-26,93.6185302734375,93.96965443505604,93.5521007909472,93.92220894200328,117200
2022-04-27,92.85935974121094,92.97324199352126,92.47975947378276,92.6885399828819,174400
2022-04-28,92.42276000976562,92.59357965358127,92.18551090670323,92.37530729304594,133300
2022-04-29,92.7644271850586,93.03014510192806,92.49870926818913,92.55564675315537,97500
2022-05-02,92.35633850097656,92.67900107385708,92.24245631520662,92.33736175681591,50000
2022-05-03,92.546142578125,92.87829717076437,92.43226762318054,92.84033643902646,35800
2022-05-04,93.286376953125,93.39076716760879,92.42278649517189,92.75493388658843,211300
2022-05-05,92.74545288085938,92.84983585929147,92.26146252508144,92.84983585929147,90200
2022-05-06,92.70748901367188,93.12504263411645,92.65054428885703,93.03963640729944,85900
2022-05-09,92.82135009765625,93.17248142711989,92.44175727044797,92.67900640758768,310300
2022-05-10,92.61259460449219,92.8403590503919,92.53668036279664,92.83086705507831,71400
2022-05-11,92.43228912353516,92.90678752022653,92.42279712832546,92.76443655316493,142900
2022-05-12,91.17012023925781,91.62564187874878,91.02776927439996,91.58768113876863,176400
2022-05-13,91.43579864501953,91.54968081572108,91.04671389892438,91.0561986496154,71800
2022-05-16,91.70155334472656,91.78696681716609,91.340937186229,91.58767836850134,40800
2022-05-17,92.65055084228516,92.72647232056164,92.47024638171685,92.57463660427935,219700
2022-05-18,91.93877410888672,92.58409198898528,91.92928935731395,92.43225632086887,67400
2022-05-19,93.07758331298828,93.20095025792689,92.64104576904886,92.66002251432053,159800
2022-05-20,92.7644271850586,92.82136467002485,92.54615475890427,92.7834039332906,117000
2022-05-23,93.90320587158203,93.979127333364,93.52361304321039,93.56156653383228,188200
2022-05-24,94.29229736328125,94.42515630046239,94.06454021958059,94.08351696477688,128300
2022-05-25,93.81780242919922,93.94116937803807,93.5995300301943,93.713412226232,67800
2022-05-26,94.20689392089844,94.2638386430771,93.9886287467347,94.00760549394771,81800
2022-05-27,94.38721466064453,94.43466739363664,94.01710651217165,94.19741820921709,75200
2022-05-31,94.28280639648438,94.38719659687249,93.92219031167855,94.09300998138008,33300
2022-06-01,93.57107543945312,94.2258854952076,93.38127899096189,94.21639350070193,66300
2022-06-02,94.39665985107422,94.42512858064578,93.94113845712853,94.04552862573551,32700
2022-06-03,94.16893005371094,94.42515593434707,94.12147733050064,94.24484427447076,29700
2022-06-06,93.95064544677734,94.14044183440097,93.88421598708227,94.0835043661675,24300
2022-06-07,94.05506134033203,94.06455333438811,93.68495321511581,93.68495321511581,99000
2022-06-08,94.08356475830078,94.3682667627542,94.08356475830078,94.28285326530909,22900
2022-06-09,93.21046447753906,94.00761829388124,93.19148048747141,93.92221205938921,162400
2022-06-10,92.37532043457031,92.57461608093085,92.26144548267179,92.57461608093085,279100
2022-06-13,91.42633819580078,91.90083654368914,91.38838469940748,91.83440706459558,229600
2022-06-14,91.45478820800781,91.80591225196329,91.35988277316436,91.72050604892594,98400
2022-06-15,91.77745819091797,91.81541892287085,90.98030454071534,91.50224831446154,295000
2022-06-16,92.69801330566406,93.06812150076935,91.67309496217032,91.85340668193443,361300
2022-06-17,92.13807678222656,92.2139982481908,91.73949994631855,92.10012328951395,136100
2022-06-21,92.43228912353516,92.7264758125971,92.32789889704138,92.57464009059676,100100
2022-06-22,92.7549057006836,93.0490995067716,92.50817185076193,92.55561732639244,182300
2022-06-23,92.43228912353516,92.50821060467081,92.14758718941195,92.37534439254794,26800
2022-06-24,92.65055084228516,92.84983929255792,92.47024638171685,92.52718387028888,374900
2022-06-27,92.86878204345703,93.17246058144245,92.77388385788674,92.88775878446411,164400
2022-06-28,92.3943099975586,92.50819219660082,92.27094304546499,92.45124747694494,89700
2022-06-29,91.66358947753906,92.16656381969354,91.62563598027303,92.16656381969354,102100
2022-06-30,91.96727752685547,92.0526837581053,91.37889694169803,91.43583442919791,184800
2022-07-01,91.54021453857422,91.56868327917961,91.02775548686813,91.29347338621135,303700
2022-07-05,90.11672973632812,90.17366722395197,89.86050380175027,90.06928424339844,673800
2022-07-06,89.41446685791016,89.49038832870971,89.20568643334636,89.4619123469574,127400
2022-07-07,89.22466278076172,89.42395845078424,89.03486634488398,89.28160750374097,106200
2022-07-08,89.31005859375,89.40495679293308,88.94944254074692,89.21516039456692,93900
2022-07-11,88.13333892822266,88.54140785806547,88.04792544788421,88.28517465732139,141900
2022-07-12,88.04791259765625,88.38955198860664,88.02893584939022,88.17128680233125,179500
2022-07-13,88.25670623779297,88.79763414770407,87.83914531074885,87.96251953388715,199100
2022-07-14,87.87709045410156,88.17128434605611,87.33616264021097,87.50698233092747,267000
2022-07-15,88.4559555053711,88.57932243356663,88.10482422321257,88.28513586003291,133600
2022-07-18,88.98741912841797,89.48090147670247,88.96844237976259,88.98741912841797,191900
2022-07-19,89.68017578125,90.03130711831902,89.6611990355862,89.83201870763743,232400
2022-07-20,89.24363708496094,89.75609609454939,89.08230940794303,89.72762735628379,115500
2022-07-21,89.54730987548828,89.58527060413242,89.13924109289964,89.21516255018791,209400
2022-07-22,89.5757827758789,89.90793011661931,89.31006490328659,89.32904164835647,167200
2022-07-25,89.68017578125,89.90793293056191,89.51884810216528,89.90793293056191,100300
2022-07-26,88.71221923828125,89.06334340146408,88.67425849950759,88.99691391867782,200200
2022-07-27,89.53783416748047,89.64222438017009,88.58883749958927,88.94946086716072,133300
2022-07-28,89.32904815673828,89.34803214346032,88.82608111264751,89.19618921076221,80200
2022-07-29,89.62322998046875,89.6611907085401,89.0063808197792,89.10127901982331,77400
2022-08-01,89.96488952636719,90.10723323831284,89.8035545857118,89.88896805314938,172700
2022-08-02,89.16773223876953,89.75611282022129,89.16773223876953,89.68019134385258,103700
2022-08-03,89.17720031738281,89.22464579718621,88.79760027761286,89.22464579718621,143900
2022-08-04,89.84150695800781,89.88895968441861,89.25313369602328,89.31007117550062,38000
2022-08-05,89.26258850097656,89.36697867184118,89.0158546791757,89.06330014939876,97500
2022-08-08,89.35752868652344,89.62324659200479,89.32905270499052,89.40497417520517,66100
2022-08-09,89.48088836669922,89.82252771460496,89.48088836669922,89.81303572153277,54700
2022-08-10,90.32550048828125,90.89489702424918,90.24957901941359,90.47733618574681,239400
2022-08-11,90.4488754272461,90.82847556481495,90.38244594619182,90.69561660270641,56300
2022-08-12,89.974365234375,90.14518491180591,89.77507681741717,90.0882474327521,201400
2022-08-15,89.10127258300781,89.63270825707792,89.03484312374904,89.63270825707792,72100
2022-08-16,89.14873504638672,89.35751543838829,89.04434485038594,89.04434485038594,115700
2022-08-17,89.26258850097656,89.39544740202842,89.04432340936295,89.11075285988889,61900
2022-08-18,88.47496032714844,89.04435686563163,88.38005487050974,89.04435686563163,133000
2022-08-19,88.00048065185547,88.1523163821649,87.95302791348114,88.12384763524884,93000
2022-08-22,87.15584564208984,87.70626541642814,87.02298669521778,87.70626541642814,625000
2022-08-23,87.37411499023438,87.81065254899768,87.12737385170927,87.14635783789468,552400
2022-08-24,87.38360595703125,87.62085509967723,86.86165494710241,86.9755371420694,73700
2022-08-25,87.43106079101562,87.61137247559472,87.23177235871401,87.36463131358175,114900
2022-08-26,87.31719207763672,88.36108704361801,87.2697393445269,88.209244089883,233000
2022-08-29,87.60189056396484,87.85812374946474,87.47852358889469,87.63985130404893,80300
2022-08-30,87.80115509033203,87.9719747540207,87.51646047769682,87.87707654980898,70300
2022-08-31,88.04791259765625,88.30414576100416,87.62086697910337,87.64933572163753,205500
2022-09-01,87.15584564208984,87.50697699612004,86.87115100176526,87.50697699612004,412700
2022-09-02,87.21279907226562,87.90556261581735,87.14636959219531,87.71576616997942,73100
2022-09-06,86.77622985839844,86.95653424421248,86.4345905880687,86.70030841159901,249800
2022-09-07,87.72526550292969,87.73475025782581,86.77626871381196,86.84269819943935,318600
2022-09-08,87.63033294677734,87.63982493901057,87.1558346988777,87.31716960576777,136000
2022-09-09,88.00993347167969,88.16177638716213,87.91503526963751,88.03840220826547,169400
2022-09-12,88.63629150390625,88.87354067429129,88.55087803762719,88.66476024590924,154100
2022-09-13,87.3646240234375,87.97198126365768,87.33615528409427,87.82014557373735,132900
2022-09-14,87.41207885742188,87.63034402449708,87.32666539706275,87.52596105781085,191800
2022-09-15,87.54493713378906,87.73473355938052,87.45953091435376,87.48799965416553,227300
2022-09-16,87.71575927734375,87.90555570826763,87.29819844098753,87.34565116885338,368500
2022-09-19,87.80115509033203,87.82963106783754,87.40257828848142,87.4215622734851,172200
2022-09-20,87.39312744140625,87.5829311794598,87.26976044187565,87.30772118948636,69300
2022-09-21,86.32072448730469,86.85216023329718,86.0075538911581,86.85216023329718,224700
2022-09-22,86.21633911132812,86.4346115136527,85.98858195605814,86.37766679463314,345800
2022-09-23,84.91621398925781,85.59948541948533,84.71691834347212,85.59948541948533,375200
2022-09-26,84.17597961425781,84.77385199302974,84.11904214590548,84.5935403562232,249000
2022-09-27,84.07159423828125,84.47017826035385,83.8628210956233,84.2708898694518,278200
2022-09-28,85.23885345458984,85.42864983201694,83.93872582438433,83.9766865479233,418000
2022-09-29,85.8272476196289,85.89367708644443,85.12498498155759,85.24835916297846,254800
2022-09-30,85.8272476196289,85.9695913054701,85.33376537448318,85.36223411165142,102100
2022-10-03,86.10244750976562,86.19734570276134,85.4950831460034,85.60896532175907,156300
2022-10-04,87.51648712158203,87.5829166087812,86.82371626341543,86.82371626341543,678300
2022-10-05,86.57695770263672,86.67185590877224,86.13092816950386,86.57695770263672,149600
2022-10-06,85.81776428222656,86.21634112331779,85.73235082183868,86.17838038984202,385000
2022-10-07,85.31478881835938,85.77979508709576,85.26733609612818,85.56152994147759,330500
2022-10-10,85.06805419921875,85.36224082679166,84.84029704368713,84.95417200131823,100900
2022-10-11,85.09651947021484,85.63744721772342,84.88773906937485,85.17244093238742,366500
2022-10-12,84.9351806640625,85.06803958532115,84.67895481314031,85.04906284239912,87900
2022-10-13,85.58051300048828,85.86521487434348,84.56508693613323,84.56508693613323,294000
2022-10-14,85.2673568725586,85.4951140661726,85.04909167375745,85.32430160116508,79000
2022-10-17,86.10244750976562,86.311220638249,85.67539478088288,85.72284749751475,466200
2022-10-18,86.33021545410156,86.46307438902089,86.0075528691054,86.38715292899015,68300
2022-10-19,85.6374740600586,85.83676253052501,85.50461507974765,85.72288754184214,486200
2022-10-20,85.68489074707031,86.22581843653363,85.5899925496724,85.7323362256351,48300
2022-10-21,86.33971405029297,86.39665152953637,85.5425531395379,85.5425531395379,213400
2022-10-24,86.44412231445312,86.62443403852039,86.11197485454363,86.20687309447896,146800
2022-10-25,87.26023864746094,87.32666812302742,86.91859927589911,86.9850359917354,104000
2022-10-26,88.25670623779297,88.34211247817673,87.62088009180947,87.67781758539864,370200
2022-10-27,87.31719207763672,87.94352616111728,87.21280185701154,87.48801178045333,751800
2022-10-28,87.26023864746094,87.42157357978222,86.94707525708745,87.30769137583835,104800
2022-10-31,86.5864486694336,86.7667603422205,86.48205846311166,86.74778359573902,116300
2022-11-01,86.53900909423828,87.0989136570558,86.33022866733343,86.91860197195251,41200
2022-11-02,86.1214599609375,87.35515870221636,86.05503047426993,86.78575482761318,50600
2022-11-03,85.38121795654297,85.77979475678221,85.3337652344945,85.42866343832259,105900
2022-11-04,87.19383239746094,87.26975388697984,86.2068747545304,86.41565523057153,165400
2022-11-07,87.71575927734375,87.84861822704441,87.37411990946498,87.53544759977726,108700
2022-11-08,88.15229797363281,88.38005514167091,87.55443269243162,87.63983891534471,550900
2022-11-09,87.6587905883789,88.28512437966,87.49745571523435,87.77266551028428,133600
2022-11-10,89.25313568115234,89.2910891748017,88.71220789327802,88.78812212084641,243700
2022-11-11,90.6955795288086,90.73354025107521,89.9174028230117,90.12618317534434,656600
2022-11-14,90.42041778564453,90.66715899139933,90.19266057124773,90.27806681154479,176000
2022-11-15,90.638671875,91.26500589772064,90.059783340516,91.17959967473276,224400
2022-11-16,91.02775573730469,91.16061468734182,90.657647627877,91.08470045894185,228900
2022-11-17,90.80001068115234,90.80001068115234,90.36347303848703,90.41091853253089,127400
2022-11-18,90.43939208984375,90.80000824403491,90.36347061308649,90.73357876193995,83000
2022-11-21,89.66119384765625,89.83201350982361,89.53781966703777,89.75609205102283,471400
2022-11-22,90.18313598632812,90.22109671505504,89.84149666805456,89.85098866030346,138500
2022-11-23,91.09418487548828,91.12265361606671,90.42989012775895,90.42989012775895,534200
2022-11-25,91.12264251708984,91.16060324666063,90.71457372454005,90.71457372454005,165000
2022-11-28,90.48683166503906,91.4832810715692,90.4583629231845,91.35042211606785,156500
2022-11-29,90.42987060546875,90.77150989919528,90.39190987946934,90.41088662233496,26800
2022-11-30,91.12264251708984,91.30295417248382,90.1167085244052,90.83794790571228,68100
2022-12-01,92.1619873046875,92.22842717170192,91.6874147570409,91.9531742250986,274900
2022-12-02,92.25687408447266,92.30433422227817,91.52603575550984,91.80128862370113,319900
2022-12-05,91.81079864501953,92.53214362813674,91.79181168991549,92.45621753192553,159300
2022-12-06,91.67790222167969,92.19044133556629,91.60197613330459,92.01959496427075,131300
2022-12-07,92.03857421875,92.22840028591088,91.87722133752322,92.17145391404267,319300
2022-12-08,92.44672393798828,92.51316379796548,92.14299782932088,92.19045073421793,63400
2022-12-09,92.20941925048828,92.45619892737086,92.13348592815515,92.31382575834628,55100
2022-12-12,92.24737548828125,92.67448770569378,92.08601538620599,92.46567471357233,58400
2022-12-13,93.0731430053711,93.34839588477726,92.92128359272668,93.32941617372195,235900
2022-12-14,93.52873992919922,93.63314644819697,92.97823414564766,93.19654066029776,435600
2022-12-15,93.0731430053711,93.77551541822848,92.7599307038543,93.70907556743393,321300
2022-12-16,92.75994110107422,93.20603315418141,92.75994110107422,93.05417372451548,195000
2022-12-19,92.90229797363281,93.09213129391367,92.6650117543323,92.89281173866932,60400
2022-12-20,92.94977569580078,93.42434822416872,92.84536916024767,93.02570903827616,68500
2022-12-21,92.96870422363281,93.09209764756737,92.77887821336165,92.94023104623196,119400
2022-12-22,92.83587646484375,92.91180980795936,92.59859019865907,92.84536994308374,83300
2022-12-23,92.98773193359375,93.06366526754923,92.80739207579983,92.87383193266054,34700
2022-12-27,93.19652557373047,93.38635162768789,92.98771256953745,92.99720604465526,103000
2022-12-28,92.93077850341797,93.50975021704987,92.91179155066894,93.3009444266158,76100
2022-12-29,93.45278930664062,93.62363564780595,93.19652341559245,93.33888933206387,99500
2022-12-30,93.77550506591797,93.83245143419796,93.39584571411834,93.48126526653834,120200
2023-01-03,92.45405578613281,92.80530596364491,92.3306470850868,92.61543806658985,232800
2023-01-04,92.85277557373047,93.07112186363571,92.71038369196654,92.95720111550423,124700
2023-01-05,92.18826293945312,92.51102755276702,92.14079414680302,92.4445755886894,144700
2023-01-06,93.27050018310547,93.29897856631058,92.00790541438367,92.1977733736212,114700
2023-01-09,94.0394058227539,94.26724727770645,93.868528352899,93.91599713336055,94500
2023-01-10,94.0678939819336,94.22928350666436,93.95398048532337,94.15333634711104,86700
2023-01-11,94.22927856445312,94.40015604312592,94.04890588065423,94.31471368242983,97200
2023-01-12,95.0551986694336,95.16911942475292,94.20081835406131,94.73243406010998,187700
2023-01-13,94.89380645751953,94.94127524462687,94.59952025707008,94.6469818014574,86600
2023-01-17,94.5330810546875,95.21659112201687,94.39068191687372,95.1786175357518,135800
2023-01-18,94.4856185913086,95.3210230596668,94.46663541826477,95.273554262975,198400
2023-01-19,94.87482452392578,94.95076444447851,94.50459115637082,94.80837256674208,65400
2023-01-20,95.12164306640625,95.13113827260777,94.67546977301735,94.75140969446895,181300
2023-01-23,95.24506378173828,95.2830373657231,95.04570789785835,95.08368148184319,228200
2023-01-24,95.36847686767578,95.41594566051211,94.96026987453449,95.21658976749718,126100
2023-01-25,95.63426208496094,95.68173086655969,95.30200234192722,95.3304807137988,99400
2023-01-26,95.44441986083984,95.56782857700253,95.13114322436465,95.56782857700253,70400
2023-01-27,95.19757080078125,95.32098672805134,94.98871976329532,95.11213569056541,44300
2023-01-30,95.03621673583984,95.51087569177042,95.00773835731935,95.37797176352754,101400
2023-01-31,95.25452423095703,95.292497803973,95.02669003557965,95.15959391977633,51500
2023-02-01,96.30883026123047,96.42280056891767,95.44451678083252,95.56799427593614,279800
2023-02-02,95.63445281982422,95.97637814062068,95.41599771352043,95.9383856331622,79700
2023-02-03,94.5802001953125,95.31153615948023,94.5802001953125,95.0550957489186,128300
2023-02-06,94.01985168457031,94.36177717928736,93.8488889372118,94.22880695871224,160800
2023-02-07,94.01985168457031,94.3332845957832,93.50696344249475,93.71591871663666,166600
2023-02-08,93.91534423828125,94.1337993863636,93.88685166382078,94.0388217227183,89500
2023-02-09,94.09577178955078,94.56116724032955,94.04827935226929,94.53267467649208,35000
2023-02-10,93.59241485595703,93.83936256827111,93.50692988978521,93.78237017537958,64400
2023-02-13,93.97235107421875,94.04832886901173,93.63042563548707,93.63042563548707,51500
2023-02-14,94.10530090332031,94.37124124336214,93.89634570862151,94.00082330597091,51100
2023-02-15,93.67790985107422,93.70640967594115,93.44996197646476,93.57343223222566,144200
2023-02-16,93.57342529296875,93.75388793874839,93.38346995260304,93.52594008104319,100300
2023-02-17,93.74439239501953,93.79188485550452,93.26000408046666,93.36448169646796,154600
2023-02-21,93.2884750366211,93.69688546460503,93.2789750974595,93.36446005725308,47000
2023-02-22,92.93706512451172,93.43096059398898,92.92756518377864,93.32648298492,113700
2023-02-23,92.9560546875,93.05103234529302,92.74709949255687,93.0035398932311,89200
2023-02-24,92.47167205810547,92.58564961108861,92.39568702278336,92.4241795994462,148800
2023-02-27,93.02252197265625,93.09849973655378,92.7850742504441,92.83255944708888,79800
2023-02-28,92.73761749267578,93.27899821778826,92.73761749267578,93.11753544367258,57500
2023-03-01,93.50652313232422,93.63958733777396,93.35445286243396,93.5730552350491,135500
2023-03-02,92.94576263427734,93.05982078638749,92.73665964780342,92.94576263427734,69300
2023-03-03,93.24040222167969,93.28792826378702,92.86972229790148,93.0693186221316,58400
2023-03-06,93.62056732177734,93.7916508820682,93.46848982309469,93.49700979268837,77300
2023-03-07,92.54656982421875,93.41148724237465,92.49904378138837,93.38297451725883,106400
2023-03-08,92.49903106689453,92.67962130307963,92.35646020945656,92.50853772444508,83500
2023-03-09,92.7842025756836,92.88875408794695,92.67014440281702,92.6891504725661,24300
2023-03-10,93.29744720458984,93.82970413927217,93.2879405446257,93.41149811833213,107700
2023-03-13,94.1338119506836,94.27638278366899,93.83917088024657,93.90570296877925,148000
2023-03-14,94.2193603515625,94.25737972792572,93.89620652965695,94.14332885029063,34800
2023-03-15,92.81269836425781,92.93625592371639,92.28043423949585,92.33746694124723,233000
2023-03-16,93.12635040283203,93.19288251025138,92.71765109969722,92.76516988987913,109100
2023-03-17,93.53507232666016,93.73466869718895,93.16438506544084,93.24042384986828,112900
2023-03-20,94.0863265991211,94.12434598778448,93.95326236452775,94.0863265991211,57100
2023-03-21,94.49501037597656,94.62807458862098,94.4189716111924,94.5900552062289,57500
2023-03-22,95.3409194946289,95.73061271657161,94.57104696044185,94.61857300020017,114900
2023-03-23,95.12229919433594,95.70208196317061,94.99873441482593,95.53099840431031,80900
2023-03-24,94.42847442626953,94.4855071232642,94.27640415434645,94.43798108434456,101700
2023-03-27,94.7706298828125,94.78013653971189,94.59003965899666,94.72311110122459,27100
2023-03-28,95.22689056396484,95.22689056396484,94.99877422226048,95.04630027297986,55200
2023-03-29,95.15083312988281,95.26489127837486,95.01776891570333,95.14132647131119,21000
2023-03-30,95.7591323852539,95.8636838791409,95.64507423243462,95.8636838791409,51700
2023-03-31,95.22689056396484,95.69261540489443,95.17936451324546,95.54053784375817,46700
2023-04-03,95.74824523925781,95.83387443226646,95.44379959694525,95.47234024176258,165200
2023-04-04,96.20491790771484,96.30957177837576,95.67213258656207,95.69116452225863,102300
2023-04-05,95.72918701171875,96.27148084885845,95.6340418842646,96.07168914660215,38100
2023-04-06,95.92897033691406,96.03362416113137,95.61500886426215,95.63403353295917,77300
2023-04-10,95.40571594238281,95.40571594238281,95.12981102309053,95.28203743037784,30900
2023-04-11,95.83385467529297,95.95753319685619,95.68162825624114,95.90996062626371,90200
2023-04-12,96.4808120727539,96.59497463988673,96.30004499671908,96.3951828888484,84400
2023-04-13,97.02312469482422,97.19437583700208,97.00409275760597,97.06117405214616,83400
2023-04-14,96.61398315429688,96.88037209110887,96.42370015760679,96.85183145624389,119600
2023-04-17,96.01460266113281,96.19536969687658,95.84335159004775,96.1287724613743,73400
2023-04-18,96.38565063476562,96.404682565109,96.1953748826599,96.20489084783159,28700
2023-04-19,96.29051971435547,96.41419823630277,96.19538183143023,96.26197907533341,49200
2023-04-20,96.31905364990234,96.5188453677071,96.2619723758309,96.34759428693806,24600
2023-04-21,96.53790283203125,96.56644347661587,96.25248186907181,96.51887089660376,27100
2023-04-24,97.05164337158203,97.08969997884601,96.7757384128349,96.78525437928981,49600
2023-04-25,96.38565063476562,96.76620939753175,96.34759403263355,96.76620939753175,45100
2023-04-26,96.94699096679688,97.46074428471411,96.92795903360229,97.41317171028342,131700
2023-04-27,96.8899154663086,96.89943143418665,96.5949857890995,96.66158304713241,33600
2023-04-28,96.8613510131836,97.05163403119039,96.64253461566948,96.69009992625496,100900
2023-05-01,96.43177795410156,96.95565955505296,96.38415697850114,96.95565955505296,39600
2023-05-02,96.72705078125,96.76514465128864,96.2317432661615,96.2603173022149,132400
2023-05-03,97.16522216796875,97.48907099666812,96.97471644486593,97.00329048656879,156700
2023-05-04,96.86992645263672,97.0699592504472,96.58417880885608,97.00327680647753,115000
2023-05-05,96.87947082519531,97.01282120280888,96.54609488116137,96.55562198443393,41700
2023-05-08,96.7461166381836,97.09854677488563,96.71754259654158,97.03187158870419,41700
2023-05-09,96.3841552734375,96.46987738823152,96.23175071329334,96.23175071329334,79400
2023-05-10,96.56511688232422,96.75562256332371,96.42224670538543,96.5841710839485,156800
2023-05-11,95.99363708496094,96.08888631447176,95.8412397711537,95.97459014587893,69000
2023-05-12,95.41259002685547,95.812641078449,95.39354309122919,95.76502010585877,43700
2023-05-15,95.58403778076172,95.6697671553528,95.54593664394888,95.64119311950537,23400
2023-05-16,95.50782775878906,95.70786052759044,95.47925372525978,95.64118536033938,27100
2023-05-17,95.31733703613281,95.40306641067535,95.06968328051403,95.32686413709283,59300
2023-05-18,94.745849609375,94.87919997585992,94.65060038575005,94.87919997585992,51000
2023-05-19,95.06968688964844,95.19351740568321,94.86013426286566,94.92681670506842,46500
2023-05-22,95.11731719970703,95.17446527478303,94.98396684649688,95.09826299664888,39700
2023-05-23,94.72679901123047,94.91730473278398,94.65060398965927,94.80300129985187,28500
2023-05-24,94.56487274169922,94.86014752049755,94.56487274169922,94.86014752049755,39700
2023-05-25,94.28865051269531,94.39342684696592,94.20292838486509,94.3077047191357,47300
2023-05-26,94.3934097290039,94.46008490535291,94.16481016252865,94.40293683049639,23800
2023-05-30,94.4029312133789,94.48865332056309,94.26005376768985,94.45055945095818,66800
2023-05-31,94.02193450927734,94.17433906787954,93.58378230387004,94.02193450927734,199200
2023-06-01,94.7000503540039,94.75727436213721,94.25177621907973,94.25177621907973,120800
2023-06-02,94.22318267822266,94.7763724542598,94.2136429160961,94.76683269213325,293600
2023-06-05,94.26132202148438,94.34715803918641,94.00379941496733,94.02287893670476,43400
2023-06-06,94.09918975830078,94.13733425131903,93.9084309096794,93.97519468752037,33700
2023-06-07,94.11824798583984,94.4997583495504,94.10870822565322,94.2327032779645,104800
2023-06-08,94.87175750732422,94.94806105837296,94.53793856736989,94.53793856736989,89700
2023-06-09,94.57608795166016,94.84314309687147,94.56654818884348,94.79545155949504,50000
2023-06-12,94.73822021484375,94.81452375806668,94.59515289047735,94.81452375806668,34900
2023-06-13,94.95757293701172,95.15786425751705,94.91942116976705,95.12925225125993,42500
2023-06-14,95.32003021240234,95.63476962108513,95.11973885171075,95.39632648549413,155100
2023-06-15,96.39778900146484,96.42640101299837,95.77783540364649,95.82552694067364,125800
2023-06-16,96.31194305419922,96.56945840820372,96.16887573454954,96.42639108855404,184500
2023-06-20,96.08301544189453,96.19747073271658,95.93994814754318,96.11162744542382,207400
2023-06-21,96.80792236328125,96.80792236328125,96.08305312387114,96.08305312387114,107900
2023-06-22,96.5790023803711,96.78883348811081,96.44547481666518,96.70299018189617,160300
2023-06-23,95.94952392578125,96.02582748163928,95.87322036992322,96.02582748163928,55200
2023-06-26,96.09255981445312,96.17839582916118,96.0448682884785,96.14978382425849,17200
2023-06-27,96.58850860595703,96.71250365047757,96.45498107855376,96.67435188883313,67900
2023-06-28,96.15934753417969,96.42640268205761,96.04489220935756,96.36917865800007,24900
2023-06-29,95.7778091430664,95.97810044559165,95.71104537555799,95.79688866332876,31300
2023-06-30,96.14979553222656,96.31194237426143,96.12118352383985,96.12118352383985,58400
2023-07-03,96.2166519165039,96.2739628000485,96.09249169467094,96.1497952913899,20800
2023-07-05,95.66272735595703,96.04476115851675,95.65317432484473,96.04476115851675,32400
2023-07-06,95.9492416381836,95.9492416381836,95.4907982132716,95.93014286499012,19500
2023-07-07,96.66554260253906,96.70374742655869,96.14024266762566,96.15934143622293,13700
2023-07-10,96.95210266113281,96.96164840472865,96.59871340375324,96.59871340375324,34900
2023-07-11,97.02848815917969,97.03804118794028,96.78971344794616,96.89477490383499,47200
2023-07-12,98.20328521728516,98.21283824821239,97.67797781870063,97.67797781870063,98500
2023-07-13,98.98644256591797,98.98644256591797,98.55665100537824,98.57574977585354,102300
2023-07-14,98.96735382080078,99.13927191979708,98.93869473194593,98.99600562282907,34700
2023-07-17,99.12016296386719,99.17746656624912,98.85273643698302,98.86228946632212,79500
2023-07-18,99.02466583251953,99.16793214165153,98.85274771892658,99.0533176369805,31300
2023-07-19,98.80496978759766,98.96734212461268,98.56619508314543,98.9004854988391,38100
2023-07-20,98.16504669189453,98.73810447479681,98.07909130353046,98.55664067041987,92900
2023-07-21,98.14596557617188,98.17461737744661,98.01225231233889,98.09820771616307,74900
2023-07-24,97.58244323730469,97.9167263619612,97.56334446739243,97.65885289060492,66200
2023-07-25,97.51558685302734,97.52513988141985,97.23860732424966,97.26725912260156,70300
2023-07-26,97.91674041748047,97.91674041748047,97.56335847218527,97.6684199388478,87300
2023-07-27,96.74195861816406,97.24815981779852,96.74195861816406,97.24815981779852,70800
2023-07-28,97.27681732177734,97.4678414656533,97.01894383607731,97.0284895781516,32600
2023-07-31,97.03804016113281,97.44873295158177,97.00938836198011,97.25771609934657,38500
2023-08-01,96.90223693847656,96.97875832889564,96.7683153825214,96.85440468355938,45000
2023-08-02,96.5386962890625,96.77784288547706,96.38564626240816,96.75871436896087,26200
2023-08-03,96.60568237304688,96.73960391829773,96.36653571393079,96.44306439641038,33700
2023-08-04,97.16049194335938,97.46659933593851,97.14136342427514,97.25614913513238,40100
2023-08-07,97.15092468261719,97.19875692791062,97.02657106230058,97.11266034601762,19600
2023-08-08,96.73959350585938,96.76829723233237,96.54827911842911,96.66307212979291,23500
2023-08-09,96.9117660522461,97.04568756467353,96.89263753540293,96.96916619912577,24000
2023-08-10,96.95960235595703,97.4761599104766,96.94046654013667,97.26570972550469,27100
2023-08-11,96.61522674560547,97.05525561539851,96.61522674560547,96.86394125398417,34200
2023-08-14,96.28999328613281,96.57696483545043,96.06040728886843,96.13693595462323,34400
2023-08-15,96.31868743896484,96.6821876454618,96.28042310699014,96.63435540594966,35600
2023-08-16,96.07953643798828,96.48130095806195,96.04127210776582,96.33781154427142,27800
2023-08-17,96.03170013427734,96.40476821543058,95.90734653995108,96.34737537161452,48300
2023-08-18,96.06998443603516,96.1273772917833,95.92649499848882,95.9551914263629,28800
2023-08-21,96.2804183959961,96.33781124206236,96.11780046669185,96.23258615882439,36400
2023-08-22,95.84040069580078,95.96475430946815,95.71603978395783,95.96475430946815,66400
2023-08-23,96.01258087158203,96.05084520387166,95.67776978859155,95.69690560382394,156600
2023-08-24,95.5151596069336,95.84040280872142,95.50559169854039,95.61081679633858,59800
2023-08-25,95.50558471679688,95.80213146990232,95.16122031974815,95.56298486478433,60600
2023-08-28,95.62992858886719,95.6490571026724,95.45774277192463,95.52470351750374,59100
2023-08-29,96.25171661376953,96.28998094174143,95.342955245329,95.342955245329,295500
2023-08-30,96.5674057006836,96.84481666561564,96.52914866250586,96.52914866250586,64700
2023-08-31,95.89778900146484,96.08910336698571,95.81169972643303,96.08910336698571,36000
2023-09-01,95.29983520507812,96.22935716906413,95.26151088436698,96.07603795318596,385700
2023-09-05,94.78236389160156,95.03150849825758,94.66736901167631,94.96442997938708,137400
2023-09-06,94.8494644165039,94.95486727546046,94.65780623882854,94.85904184212873,50500
2023-09-07,94.58111572265625,94.70569533001174,94.54279140917284,94.68652586226021,26600
2023-09-08,94.65779113769531,95.01235322657111,94.60988208417854,94.68653803200753,55600
2023-09-11,95.08901977539062,95.16567572587184,94.85902999091397,94.9740248831523,88800
2023-09-12,94.91651916503906,94.9835976826627,94.7631926613221,94.7919395530165,68800
2023-09-13,94.9548568725586,95.14651502923661,94.91653255223412,95.07943650215208,43400
2023-09-14,94.14990997314453,94.49488732739263,94.06366929008789,94.45655569791943,104400
2023-09-15,94.31282806396484,94.53323313874829,94.30325063841781,94.37990659785339,38600
2023-09-18,94.60989379882812,94.66738759457147,94.35115709595972,94.43740510058642,34900
2023-09-19,94.48529052734375,94.71527296380553,94.48529052734375,94.60987013497667,50100
2023-09-20,94.33195495605469,95.02190945661556,94.33195495605469,94.73442597771233,32400
2023-09-21,94.37032318115234,94.44697913572138,94.16908028125084,94.2744904436711,140600
2023-09-22,94.18824768066406,94.45656179328029,94.18824768066406,94.26491094455763,26200
2023-09-25,93.79534149169922,93.99657704946145,93.65160702973354,93.99657704946145,38900
2023-09-26,93.59412384033203,93.7857820113047,93.50788314665309,93.76661253870161,48400
2023-09-27,93.0191421508789,93.27787148229554,92.90414727524376,93.27787148229554,31600
2023-09-28,93.53662872314453,93.67078578542431,93.31622365739256,93.36414002721172,35100
2023-09-29,93.62284851074219,93.94866366853644,93.56535472860611,93.78575974514428,103500
2023-10-02,92.86831665039062,93.21390949114655,92.83951846767006,93.14671129011371,43800
2023-10-03,92.75313568115234,92.85873391388795,92.56113556524419,92.73393200753377,70300
2023-10-04,93.20431518554688,93.20431518554688,92.90672417465252,93.14671881545254,16600
2023-10-05,93.46349334716797,93.46349334716797,93.14669873184364,93.21389692381665,22500
2023-10-06,93.83788299560547,93.92427753089973,93.06989739185123,93.07949922601289,324700
2023-10-09,93.66510772705078,93.67470956337812,93.38671306599953,93.46351310850784,43200
2023-10-10,93.96268463134766,94.10668285842044,93.85708641976456,93.88589192442237,52700
2023-10-11,94.0490951538086,94.23149341315961,93.81870236371847,94.08749517283275,36900
2023-10-12,93.30992126464844,93.75151788604559,93.30032675152889,93.75151788604559,37000
2023-10-13,93.1659164428711,93.30031284707403,93.0603182218467,93.25231099240666,295500
2023-10-16,93.626708984375,93.626708984375,93.36751799243886,93.41551252662059,24600
2023-10-17,93.83788299560547,93.93387936506137,93.54988656318426,93.54988656318426,54100
2023-10-18,93.4059066772461,93.59789943878081,93.3195048077174,93.55949942166299,13500
2023-10-19,93.90512084960938,94.12591918426534,93.65552432435841,93.6939243531706,117200
2023-10-20,93.94348907470703,93.99149092548583,93.79949084642475,93.90508905889482,10500
2023-10-23,94.61548614501953,94.69228618890378,93.94350407117065,94.00110044205618,73800
2023-10-24,93.99151611328125,94.22190894584098,93.88591787251302,94.20270527076161,52500
2023-10-25,93.73230743408203,93.95310572881509,93.73230743408203,93.78990380485791,16200
2023-10-26,93.67471313476562,93.67471313476562,93.39631846310046,93.58831125263588,154200
2023-10-27,93.77069854736328,94.02029500377162,93.72269669357355,93.84749858380502,27500
2023-10-30,94.1930923461914,94.26988505933059,93.99149774159854,94.02989043614079,22000
2023-10-31,93.89549255371094,94.13548717311951,93.6938979522943,94.13548717311951,11400
2023-11-01,93.76470184326172,93.88974444982121,93.34146942319605,93.4568984482899,133900
2023-11-02,94.24563598632812,94.61115018916979,94.18791781006074,94.58229477034165,51700
2023-11-03,95.21709442138672,95.36137879113305,94.97662291801214,95.13052820270366,31900
2023-11-06,95.159423828125,95.40951635214654,95.14018932871303,95.34218459628816,46500
2023-11-07,94.93817901611328,95.03437352119771,94.69770743062301,94.75542560139574,34200
2023-11-08,95.07284545898438,95.12094271301498,94.79390486916083,94.79390486916083,25800
2023-11-09,94.68810272216797,95.21713585664452,94.6592473033834,95.03438242480513,67600
2023-11-10,94.85160064697266,94.89007697636752,94.67846083400043,94.83235881297048,26400
2023-11-13,95.00550079345703,95.05359804095032,94.7265602415468,94.78427106765105,44900
2023-11-14,96.64073944091797,96.68882936355303,96.00589081779661,96.00589081779661,92700
2023-11-15,96.3136978149414,96.48683768785502,96.21751062745872,96.3714159983206,32400
2023-11-16,96.36178588867188,96.72730010169444,96.35216496925749,96.45797306698189,18100
2023-11-17,96.919677734375,96.919677734375,96.4964453612179,96.54454261766247,20700
2023-11-20,97.23710632324219,97.30444542577526,97.0062556095998,97.0062556095998,32500
2023-11-21,96.93891143798828,97.37176472660309,96.81386884631428,97.37176472660309,44300
2023-11-22,96.74653625488281,96.75614983512092,96.43873289921312,96.66958358131266,18700
2023-11-24,97.21784973144531,97.26594698272248,97.06395173685677,97.0831862342015,6500
2023-11-27,97.4294662475586,97.4294662475586,97.14089741607268,97.14089741607268,13300
2023-11-28,97.6891860961914,97.84309145164256,97.56414349884578,97.58337799897154,34000
2023-11-29,97.55453491210938,97.73729571015905,97.44872680151349,97.60263217642104,16900
2023-11-30,96.78500366210938,97.03508882022273,96.72728549295151,96.99661248698754,57900
2023-12-01,96.72042846679688,96.83607929377993,96.28675073285866,96.59514558543353,145700
2023-12-04,96.35421752929688,96.39276045450558,96.07473352889471,96.22892728787063,31800
2023-12-05,95.98799133300781,96.31566501137073,95.89161931679996,96.19037477285835,41200
2023-12-06,95.7374267578125,96.04582900155881,95.69888383005839,96.04582900155881,17700
2023-12-07,96.03620910644531,96.20968172744267,95.86273648544794,95.86273648544794,18200
2023-12-08,95.7374267578125,95.9108993435627,95.54468270818523,95.55432211648086,42700
2023-12-11,95.7856216430664,95.80490046070355,95.57359876534541,95.60250963908652,19600
2023-12-12,96.07473754882812,96.07473754882812,95.80489294479422,95.90126496727575,15300
2023-12-13,96.87464141845703,96.93247051976762,95.9398246210601,96.06510752725605,36100
2023-12-14,97.83837127685547,97.94438271216013,97.52997637943669,97.52997637943669,91200
2023-12-15,96.94209289550781,97.17339457222313,96.92282143213853,97.1637551641815,44600
2023-12-18,97.20230865478516,97.27940921623734,97.13484750169306,97.21194806314524,53800
2023-12-19,97.71309661865234,97.79019718768849,97.58781370850484,97.6070851744064,34100
2023-12-20,97.3276138305664,97.70346996278519,97.31798177271581,97.58782644685074,18100
2023-12-21,97.97329711914062,97.97329711914062,97.75163484867531,97.84800687172864,21900
2023-12-22,98.06002807617188,98.29132239813218,97.96365605474791,98.16603950555242,41100
2023-12-26,98.32987976074219,98.35879063398068,98.11785688670737,98.11785688670737,22100
2023-12-27,98.9273910522461,99.04303453696026,98.64790704299696,98.66717850621134,55300
2023-12-28,98.56114959716797,99.00447405232956,98.48405640526879,98.7924512310034,94400
2023-12-29,98.33951568603516,98.63827116920297,98.33951568603516,98.47443799151186,15600
2024-01-02,97.50132751464844,97.69445386620575,97.50132751464844,97.55926394665602,58600
2024-01-03,97.3082046508789,97.44340195280846,97.13438796816821,97.25992674125304,45000
2024-01-04,97.58824157714844,97.69446329094175,97.48201986335512,97.50133692075325,21800
2024-01-05,97.49168395996094,97.93588053060232,97.45305721025744,97.5399692389151,55000
2024-01-08,97.65582275390625,97.848956464122,97.58822779715517,97.58822779715517,17400
2024-01-09,97.40477752685547,97.55927715555997,97.25992905992689,97.52065040655907,7200
2024-01-10,97.76204681396484,97.81033208450947,97.49166698043,97.49166698043,11900
2024-01-11,97.8006820678711,97.87793556054615,97.53996073921594,97.7813723783516,16100
2024-01-12,97.63653564453125,97.91657406362837,97.63653564453125,97.82001086983958,9900
2024-01-16,96.96057891845703,97.14404676321632,96.88332542208528,96.999198299344,45300
2024-01-17,97.02816772460938,97.03781888556881,96.73847081526067,96.87366074167714,44000
2024-01-18,96.92192840576172,96.93157956496762,96.74811176519322,96.90261135275571,12600
2024-01-19,97.19234466552734,97.19234466552734,96.9316159232288,97.00886942963577,46900
2024-01-22,97.15370178222656,97.24060643703102,97.086106817168,97.1440432537043,60500
2024-01-23,96.78675079345703,96.960567456096,96.59361707535928,96.960567456096,30200
2024-01-24,97.07645416259766,97.5592774757448,97.06679563349097,97.53030925572382,33600
2024-01-25,96.72882843017578,97.02818391774211,96.60329701106711,96.96058894325287,50100
2024-01-26,96.85435485839844,97.02817153737819,96.85435485839844,96.94125951423894,108600
2024-01-29,96.66121673583984,96.69018495313883,96.38117835645238,96.41980510195049,80300
2024-01-30,96.77710723876953,96.89298012025762,96.67088551920598,96.85436073796104,12300
2024-01-31,96.44876098632812,97.17299579538816,96.37151487250779,96.97021093292705,23300
2024-02-01,97.03705596923828,97.06608172653279,96.35975631066046,96.6306806032509,20500
2024-02-02,96.35009765625,96.53392993537133,96.25334265956512,96.44685265293487,24300
2024-02-05,95.9437026977539,95.97272845265366,95.75986307414672,95.90499923057705,62800
2024-02-06,96.0694580078125,96.0694580078125,95.8759407231366,95.8759407231366,11900
2024-02-07,96.21463775634766,96.2339858026242,96.12755309327076,96.17593428186159,37000
2024-02-08,96.26299285888672,96.27267057111108,96.05012748154004,96.07916061821311,9700
2024-02-09,96.34041595458984,96.36944171420066,96.22430553421383,96.22430553421383,6700
2024-02-12,96.26299285888672,96.36942554756006,96.11785670324748,96.16623788243774,11400
2024-02-13,95.67279815673828,95.83728977164355,95.62442434924046,95.83728977164355,13200
2024-02-14,95.85662078857422,95.88564654430289,95.70181429737742,95.70181429737742,11900
2024-02-15,96.23397827148438,96.34041097250855,96.13722328380759,96.25333369817916,16700
2024-02-16,96.30170440673828,96.37911134716546,96.02110978413886,96.02110978413886,13500
2024-02-20,96.6113052368164,96.87255176241078,96.58227948551273,96.81449287787278,30800
2024-02-21,96.69841003417969,96.72743579153521,96.55327386546992,96.61132538018096,17400
2024-02-22,96.74678802490234,96.76614345193222,96.6210072769381,96.64035532203549,20500
2024-02-23,96.74678802490234,96.86289844128414,96.68873650767769,96.86289844128414,25000
2024-02-26,97.0177001953125,97.05640366554383,96.93062292374114,96.99835215116292,14800
2024-02-27,96.97897338867188,97.08539867068235,96.89188876275264,96.96929567869644,35500
2024-02-28,96.93062591552734,96.98867743170003,96.83387092792874,96.83387092792874,9400
2024-02-29,96.6209945678711,97.07575107813435,96.55326534604028,96.97899610150911,70900
2024-03-01,96.94573211669922,97.05236234843633,96.64522537469794,96.74216732764634,97500
2024-03-04,97.13960266113281,97.18807363832046,97.09113907957793,97.11052303307333,18600
2024-03-05,97.15896606445312,97.30436416292972,97.0329445182659,97.07171980973654,25800
2024-03-06,97.53704833984375,97.65336685729739,97.38194712239478,97.40133847239245,15900
2024-03-07,97.98296356201172,97.98296356201172,97.53705860835159,97.53705860835159,24100
2024-03-08,97.89571380615234,98.08959034151634,97.84725021903657,98.04111935876693,18500
2024-03-11,97.79878234863281,97.87633296524638,97.71154345166795,97.78908667264766,13600
2024-03-12,97.79878234863281,97.79878234863281,97.60491320273276,97.64368851103954,11400
2024-03-13,97.9926528930664,98.11867449577046,97.88603003824336,97.90541399485647,11200
2024-03-14,97.51766204833984,97.76000216644985,97.43042315572431,97.74061821107978,52500
2024-03-15,97.48858642578125,97.5467456899162,97.4304271616463,97.4304271616463,29900
2024-03-18,97.33346557617188,97.52733466657224,97.30437855654326,97.49825504257537,32100
2024-03-19,97.28500366210938,97.30438761470118,97.16867775966124,97.18806910788547,19200
2024-03-20,97.81816864013672,97.81816864013672,97.0717569362048,97.0717569362048,43500
2024-03-21,97.23653411865234,97.61458406263378,97.22684584003002,97.60489578401146,41100
2024-03-22,96.80034637451172,96.99421552878131,96.75187538812725,96.97483157160802,21200
2024-03-25,97.10082244873047,97.11051812280431,96.99419222081548,96.99419222081548,13900
2024-03-26,97.00389862060547,97.22685477516154,97.00389862060547,97.21715910001565,9500
2024-03-27,96.9844970703125,96.99418534806745,96.84878722542443,96.86817117656621,21100
2024-03-28,96.65495300292969,96.83913389966207,96.6258733656846,96.77127894754516,15700
2024-04-01,96.26349639892578,96.61315755566852,96.16636994655798,96.5840203609855,69400
2024-04-02,96.51602935791016,96.58401861436543,96.38975830286951,96.4188954970256,10900
2024-04-03,97.14735412597656,97.14735412597656,96.67142933503236,96.67142933503236,201600
2024-04-04,97.15709686279297,97.48733577898193,97.14738199194984,97.40963163278744,66000
2024-04-05,97.14735412597656,97.21534338182573,96.78798552089084,96.81712271478719,12700
2024-04-08,97.36104583740234,97.37076070636442,97.18621524745377,97.18621524745377,12000
2024-04-09,97.36104583740234,97.57472849292544,97.29305657521533,97.57472849292544,11500
2024-04-10,96.36063385009766,96.63259091187858,96.2246553192072,96.60345371386978,31200
2024-04-11,96.19551849365234,96.4480532278299,95.99155069652693,96.4480532278299,405800
2024-04-12,95.40878295898438,95.48647968262632,95.26308956046036,95.37963835106032,73600
2024-04-15,95.32135009765625,95.5058955363085,95.27278316845103,95.48646580051722,28200
2024-04-16,95.2824935913086,95.46703902135158,95.07852583665337,95.3699125777452,37400
2024-04-17,95.7487564086914,95.80703082050115,95.42823232318541,95.49622160705552,38000
2024-04-18,95.51560974121094,95.66130312884549,95.50590228290255,95.65159567053709,19000
2024-04-19,95.59333038330078,95.76816099660995,95.47678158127788,95.73902379610422,24200
2024-04-22,95.59333038330078,95.66131965457241,95.36022536898017,95.36022536898017,24800
2024-04-23,96.04981994628906,96.09838688073891,95.73901083252187,95.73901083252187,18800
2024-04-24,96.04012298583984,96.09840480010217,95.88472210511573,95.95271137985912,42900
2024-04-25,96.30236053466797,96.38006467041275,95.91384726621831,95.91384726621831,40300
2024-04-26,96.05952453613281,96.17607330990278,95.83612703595205,96.17607330990278,19000
2024-04-29,96.26349639892578,96.30234846192756,96.00124682623208,96.06924349419019,21000
2024-04-30,95.8070068359375,96.20523497768052,95.8070068359375,96.1081011019461,43400
2024-05-01,95.99093627929688,96.34126875965566,95.81577003911748,95.87415631101044,38600
2024-05-02,96.32178497314453,96.34124458405888,95.883865770336,95.91305889895683,7100
2024-05-03,96.66238403320312,96.86674335843945,96.5845307403992,96.86674335843945,21300
2024-05-06,96.7013168334961,96.88620913504832,96.7013168334961,96.8278228739791,23100
2024-05-07,96.59428405761719,96.88622282872433,96.54562388351592,96.81810303968265,6500
2024-05-08,96.52616119384766,96.59428098071946,96.49696806011687,96.58454746130923,30800
2024-05-09,96.85700988769531,96.86674340542518,96.63319095139877,96.63319095139877,49600
2024-05-10,96.78890991210938,96.92514949020271,96.7110566033417,96.80837695155138,21100
2024-05-13,96.9543228149414,97.09056236519798,96.91539616851115,97.05164314326638,15900
2024-05-14,97.18789672851562,97.27547612725714,97.15869617110206,97.2073563422916,15700
2024-05-15,97.7912368774414,97.7912368774414,97.39225170472419,97.5479508814311,26500
2024-05-16,97.66474151611328,97.74259482523298,97.56742859196375,97.63554838131843,36300
2024-05-17,97.73286437988281,97.75232399552479,97.49931186967696,97.53823852546134,11500
2024-05-20,97.6063461303711,97.71339256428782,97.6063461303711,97.70365904543188,33500
2024-05-21,97.59660339355469,97.6355300408023,97.53821713493268,97.6063369114913,10100
2024-05-22,97.26573181152344,97.48955817985077,97.2462721999075,97.44089801406255,14300
2024-05-23,97.1976089477539,97.65498776344371,97.15868230125918,97.65498776344371,12300
2024-05-24,97.56743621826172,97.60636287586425,97.52850956065919,97.55770269773589,11300
2024-05-28,97.67447662353516,97.83990933972842,97.6160829284961,97.83017581980519,9100
2024-05-29,97.13922882080078,97.49929475522715,97.13922882080078,97.49929475522715,17000
2024-05-30,97.40198516845703,97.51876512819744,97.3727920346469,97.3825255540836,11400
2024-05-31,97.59660339355469,97.81069624116714,97.51875009905947,97.76203607598292,21800
2024-06-03,98.05394744873047,98.06370032227987,97.89793866825407,97.94668815747546,10200
2024-06-04,97.89793395996094,97.94668344683778,97.76142349388584,97.79067467386444,40500
2024-06-05,97.81015014648438,97.9661663222974,97.72239662703508,97.9661663222974,34600
2024-06-06,97.95640563964844,98.0149079812825,97.82964808635458,97.96615850967416,15000
2024-06-07,97.20559692382812,97.48837063645654,97.19584405394161,97.40060968599805,47200
2024-06-10,96.88383483886719,96.8935877103309,96.63031225563884,96.64006512710257,22500
2024-06-11,96.6888198852539,96.73756936296108,96.5133053991337,96.53280370236438,25500
2024-06-12,97.27384948730469,97.65412957066913,97.27384948730469,97.51761915301316,34200
2024-06-13,96.69853973388672,97.21533018427516,96.63028453174597,97.21533018427516,58600
2024-06-14,96.39629364013672,96.39629364013672,96.05501753780334,96.14277106157718,20600
2024-06-17,96.64004516601562,96.68880207400225,96.48402901186617,96.48402901186617,29600
2024-06-18,96.70832061767578,96.91308628341596,96.64006539576239,96.64006539576239,12500
2024-06-20,96.41580200195312,96.63032055701677,96.40605656891341,96.56206532942942,23800
2024-06-21,96.30854034423828,96.35729726527934,96.21103394141782,96.33779896041993,53200
2024-06-24,96.71806335449219,96.79606400046181,96.59129835617816,96.69855761355443,72500
2024-06-25,96.54256439208984,96.57181556893526,96.31829297083883,96.41579937341079,18300
2024-06-26,96.21101379394531,96.30852017634703,96.13300571231989,96.15251145235631,21800
2024-06-27,96.41580200195312,96.63032055701677,96.41580200195312,96.63032055701677,9300
2024-06-28,96.49378204345703,96.57179012066284,96.38652279711395,96.40602853604527,10000
2024-07-01,96.77610778808594,96.97147395624981,96.63934997982291,96.89333196062923,37100
2024-07-02,96.83472442626953,96.84449497133548,96.71750769644713,96.74681187890273,8300
2024-07-03,97.3035888671875,97.49895500218608,97.16683108214043,97.16683108214043,45300
2024-07-05,97.7334213256836,97.7627255060619,97.4598982524222,97.59666351542376,23400
2024-07-08,97.58688354492188,97.78224969706747,97.56734245806273,97.78224969706747,58600
2024-07-09,97.51849365234375,97.5868725431599,97.4501147615276,97.53802728425973,37000
2024-07-10,97.65528106689453,97.65528106689453,97.56736106474345,97.5869021553292,16300
2024-07-11,97.95807647705078,98.18275424632427,97.93854284407684,98.10460480894736,31800
2024-07-12,98.33905792236328,98.39767373407035,98.25114538391489,98.25114538391489,15500
2024-07-15,98.32929229736328,98.49535427864784,98.28044703098958,98.48558373482484,40700
2024-07-16,98.34880828857422,98.34880828857422,98.12413053739996,98.1632052529407,14400
2024-07-17,98.68096923828125,98.73958505996782,98.55398195465536,98.72004396849138,20200
2024-07-18,98.29998016357422,98.50511686636122,98.28044652876933,98.50511686636122,7700
2024-07-19,98.17298889160156,98.26090142374107,98.15345525759531,98.2022930689814,14300
2024-07-22,98.24140167236328,98.27070585984988,98.15348910990348,98.20232693813331,13200
2024-07-23,97.95807647705078,97.99715119573924,97.87992703967387,97.95807647705078,84400
2024-07-24,97.8310775756836,98.04598477649667,97.82130703399037,97.98736897907696,51800
2024-07-25,97.96784973144531,98.05576226137215,97.80178776197856,97.80178776197856,9200
2024-07-26,97.9971694946289,98.09485258322002,97.97763585800746,98.05577785723519,26500
2024-07-29,97.7138671875,97.73340827363701,97.53803467597051,97.72363773056851,31300
2024-07-30,97.58688354492188,97.65526244344693,97.50873410296724,97.60641717904004,64500
2024-07-31,97.7041015625,97.93854989150107,97.57711430718022,97.89947517000088,31200
2024-08-01,97.41150665283203,97.65616082642275,97.35279204037117,97.43107570156803,20600
2024-08-02,98.54669189453125,98.62498301702252,98.31182599330985,98.46840823829237,46000
2024-08-05,98.96751403808594,99.35896225031595,98.89901116091471,99.26110206382185,45000
2024-08-06,98.71306610107422,98.75221166378898,98.50755749651124,98.50755749651124,16000
2024-08-07,98.68367767333984,98.75218799135718,98.58581752313788,98.70325418313075,38800
2024-08-08,98.61518859863281,98.61518859863281,98.30203159448632,98.42925652714865,12000
2024-08-09,98.634765625,98.7522023020112,98.634765625,98.67391118400373,8400
2024-08-12,98.77177429199219,98.82070810876817,98.64455682112768,98.7522052450331,30700
2024-08-13,99.37852478027344,99.37852478027344,98.9577193179471,98.9772883659902,10700
2024-08-14,99.55467987060547,99.81890309364326,99.52531509804317,99.56446066187337,10900
2024-08-15,99.1632308959961,99.3100248926081,99.02622515682565,99.02622515682565,39300
2024-08-16,99.65253448486328,99.65253448486328,99.3100201532828,99.33937745795365,19400
2024-08-19,100.21036529541016,100.21036529541016,99.68191130909673,99.68191130909673,16100
2024-08-20,100.54307556152344,100.59200938199966,100.30820964899364,100.31799790633943,113600
2024-08-21,100.80730438232422,101.00302472810505,100.40606796734515,100.46479004408148,49400
2024-08-22,100.39628601074219,100.6898740140907,100.31800234726857,100.6898740140907,26700
2024-08-23,101.1987533569336,101.24767971064739,100.40606877774236,100.40606877774236,55300
2024-08-26,100.90516662597656,101.08131792729529,100.86602106276654,100.93452393182089,79800
2024-08-27,101.15960693359375,101.1889642388228,100.88558799686652,100.88558799686652,11200
2024-08-28,100.50395965576172,100.66054195448875,100.45503328710073,100.57246254489107,14800
2024-08-29,100.16142272949219,100.26907116914225,100.01462872394636,100.26907116914225,15600
2024-08-30,100.0048599243164,100.18101125884407,99.90699226471448,99.98528340589435,46400
2024-09-03,99.9215087890625,100.09797957397991,99.78425456521498,100.01954645184013,69900
2024-09-04,100.26463317871094,100.36267831036008,99.98032623226726,99.98032623226726,30300
2024-09-05,100.48033142089844,100.54895853263523,100.23523352472506,100.4509208701247,23900
2024-09-06,100.35286712646484,100.72541317622346,100.17639637030697,100.36267313508279,21200
2024-09-09,99.9215087890625,100.04896448248822,99.88229222799261,100.04896448248822,42000
2024-09-10,99.81366729736328,99.86268986972053,99.71562963244317,99.83327931822393,63100
2024-09-11,99.75484466552734,99.7842552165732,99.62739645106392,99.76465067580739,28800
2024-09-12,100.20581817626953,100.20581817626953,99.87248864373419,99.9313097424654,35700
2024-09-13,100.27444458007812,100.44110934517462,100.27444458007812,100.40190026615856,29500
2024-09-16,100.82347106933594,100.83327707992301,100.66661229891521,100.72543340284867,42900
2024-09-17,100.62739562988281,100.74504531741974,100.6077910885239,100.69602274433072,18700
2024-09-18,100.55874633789062,101.24501733101744,100.51952978402726,100.81365019810609,48900
2024-09-19,101.08816528320312,101.1175758305982,100.65679064195982,100.78424632039625,16200
2024-09-20,101.08816528320312,101.20581495257674,100.86267195351866,101.08816528320312,44800
2024-09-23,100.65680694580078,100.88230031200943,100.65680694580078,100.76465062357954,18400
2024-09-24,101.25482940673828,101.25482940673828,100.8430667861889,100.85287279519055,56100
2024-09-25,100.79405975341797,101.50974892496012,100.7548431911614,101.44112181095973,23000
2024-09-26,101.24504089355469,101.33328003023117,100.79406163885982,100.89210678623249,18800
2024-09-27,101.12740325927734,101.3921057216925,101.01955957612434,101.3921057216925,8200
2024-09-30,100.85289001464844,101.2548466948256,100.71563578436408,101.18621957968342,30200
2024-10-01,100.2273178100586,100.39427083364629,100.08001733688468,100.38444830463658,79800
2024-10-02,100.13894653320312,100.17822916038092,99.97200098699379,100.16840663048771,23600
2024-10-03,99.90324401855469,100.03090691938435,99.76575109683833,100.01126186239888,38600
2024-10-04,99.47114562988281,99.48096815866747,99.2452724222008,99.31401513890503,29600
2024-10-07,99.41222381591797,99.53006418982964,99.39257875866997,99.42203885214789,20100
2024-10-08,99.48097229003906,99.5104323852223,99.37294694610418,99.47114976084647,6400
2024-10-09,99.12744140625,99.32384704612319,99.11761887653788,99.27474188995745,9100
2024-10-10,99.09796905517578,99.16671176987025,98.79353061090545,99.16671176987025,39800
2024-10-11,99.11763000488281,99.27475303594325,99.11763000488281,99.1470901049319,12100
2024-10-14,98.87208557128906,99.0193935138553,98.72477762872283,98.95065080631015,49800
2024-10-15,98.6953353881836,98.9212086066211,98.67569782207337,98.90156354811633,12300
2024-10-16,98.45963287353516,98.76406380471906,98.42035025460925,98.72478118579316,30000
2024-10-17,98.18466186523438,98.27304213837114,98.01770886198696,98.01770886198696,34500
2024-10-18,98.5185546875,98.52837721549253,98.40070682877037,98.4399894483469,46900
2024-10-21,98.08646392822266,98.44000005009292,98.05700383346586,98.38107986057935,32200
2024-10-22,97.89006042480469,98.07665101883735,97.89006042480469,98.07665101883735,11400
2024-10-23,97.83113098144531,97.84094601738592,97.66417796933489,97.7722033038324,29800
2024-10-24,98.2043228149414,98.21414534509356,97.91952937969064,98.0668373623921,45100
2024-10-25,97.92933654785156,98.31233274735831,97.90969149062892,98.2141299384273,7400
2024-10-28,98.10609436035156,98.21411968661796,98.08644930517953,98.17483706866716,29300
2024-10-29,98.12574768066406,98.12574768066406,97.78203408389082,97.81149417898645,23600
2024-10-30,98.53820037841797,98.6364106816564,98.1748492290549,98.2337694170826,18800
2024-10-31,98.70516967773438,98.77391240590235,98.4498363335124,98.73462977660701,18600
2024-11-01,98.34121704101562,98.6461333859673,98.32154066140194,98.60678813108,15600
2024-11-04,98.71497344970703,98.99038269538404,98.71497344970703,98.98054450679868,15000
2024-11-05,99.18711853027344,99.26580904383584,98.8035116570822,99.00023794098823,40200
2024-11-06,97.44612121582031,97.65267815842422,97.12152851844012,97.24940246219927,61600
2024-11-07,98.04612731933594,98.20350082802496,97.78055624027458,97.96743681282155,22900
2024-11-08,97.2592544555664,97.71171369149653,97.08220453678149,97.68220662242256,69100
2024-11-11,96.70842742919922,96.78711794279532,96.54121571606278,96.78711794279532,81600
2024-11-12,96.42317962646484,96.44285600696894,96.19695378105045,96.44285600696894,36000
2024-11-13,95.89201354980469,96.44283954479108,95.87234467699832,96.40349429483926,29900
2024-11-14,95.50843048095703,96.04941842182838,95.45925453454934,95.78383979473118,41900
2024-11-15,95.58709716796875,95.85266822451092,95.50840666812697,95.71496360195734,35500
2024-11-18,96.21661376953125,96.33464952863152,95.8920210602603,95.8920210602603,60600
2024-11-19,96.20677947998047,96.24612473460877,95.99038433169481,96.15760353995009,14400
2024-11-20,95.7346420288086,95.78381796400826,95.45923277780479,95.7543109020206,24600
2024-11-21,95.17401123046875,95.71499169087646,95.0756518289711,95.61663228937881,32400
2024-11-22,94.60350036621094,94.70185975125064,94.42645047140346,94.62316924148286,70700
2024-11-25,95.34121704101562,95.60678815899658,95.09531480037589,95.60678815899658,34800
2024-11-26,95.2133560180664,95.44942008135415,95.00679152030571,95.41007482008264,15000
2024-11-27,95.9903793334961,96.17726740716431,95.77399170081769,95.97071045937611,17500
2024-11-29,96.01004791259766,96.01988610102825,95.78381460472787,95.91168854130866,7700
2024-12-02,95.42791748046875,95.52642464876345,95.0831649365628,95.40822055583492,31800
2024-12-03,95.5067138671875,95.74311452230512,95.38850978210803,95.65446709477652,33200
2024-12-04,95.54611206054688,95.81206184935506,95.29985919441145,95.29985919441145,35300
2024-12-05,96.17652130126953,96.23561958586791,95.900719286422,96.12726772074335,26400
2024-12-06,96.02877044677734,96.18637589632117,95.81206671117533,96.18637589632117,18500
2024-12-09,95.90074157714844,96.25534639724403,95.88103713434144,96.22579724807657,8900
2024-12-10,95.68400573730469,95.70371017350965,95.46730202929318,95.70371017350965,10100
2024-12-11,95.40821075439453,95.53625953896442,95.29000667360928,95.46730903726662,13800
2024-12-12,95.12255859375,95.4870155478022,95.12255859375,95.28016403821837,18000
2024-12-13,95.41807556152344,95.46732163206676,95.29987146514378,95.40822334139796,9300
2024-12-16,95.54611206054688,95.68401306437943,95.33926055479805,95.34911277365497,37300
2024-12-17,95.3885269165039,95.55598461254016,95.35897776868654,95.55598461254016,10100
2024-12-18,94.23603820800781,95.44760552857244,94.09813721412768,95.29000009840055,54800
2024-12-19,94.27543640136719,94.61034417172161,94.22619034237174,94.54139367709574,25500
2024-12-20,94.86644744873047,94.99450374294756,94.48229359616069,94.48229359616069,32400
2024-12-23,94.63990783691406,94.7384074850645,94.4626054642267,94.7384074850645,38700
2024-12-24,94.4921646118164,94.6990161493458,94.47246768611741,94.6990161493458,12700
2024-12-26,94.79753112792969,94.82708027877464,94.57098262808934,94.57098262808934,15900
2024-12-27,94.84677124023438,95.02407363514406,94.76796850582065,95.02407363514406,17200
2024-12-30,94.60050964355469,94.68915707534715,94.39365812099727,94.61036186321219,26400
2024-12-31,94.2261962890625,94.57094878394945,94.12768913477416,94.57094878394945,30100
2025-01-02,93.38087463378906,93.95297856661509,93.04550803382512,93.95297856661509,260100
2025-01-03,93.78529357910156,93.79515199033142,93.50910755457026,93.6373346301013,19400
2025-01-06,94.56453704833984,94.64344196572615,94.39684622582014,94.43630244726567,57600
2025-01-07,94.16010284423828,94.66316018824419,94.16010284423828,94.66316018824419,101300
2025-01-08,93.92339324951172,93.96284947374245,93.68666342963257,93.8148905142535,78100
2025-01-10,93.25265502929688,93.57816324394007,93.12442794118236,93.52884108093153,107200
2025-01-13,93.03565216064453,93.07510838705622,92.79892232768012,93.07510838705622,106800
2025-01-14,93.81487274169922,93.85432895845526,93.36113753726055,93.36113753726055,79500
2025-01-15,93.73596954345703,94.15024857195621,93.44005917688817,94.15024857195621,69300
2025-01-16,93.76554870605469,93.91350763454204,93.49922865518039,93.52881893577712,56400
2025-01-17,93.58800506591797,94.03188187779293,93.54854884760658,93.62746128422935,100100
2025-01-21,94.90975952148438,95.03798658346552,94.55466109160925,94.62370759044586,103200
2025-01-22,94.82099151611328,94.96895046565191,94.82099151611328,94.94922611761567,25000
2025-01-23,94.8900375366211,95.05772835884213,94.47575850043802,94.84072290403059,41200
2025-01-24,95.6100845336914,95.82708995247523,95.39307911490758,95.39307911490758,77300
2025-01-27,95.56076049804688,95.91585889895794,95.49171400484214,95.91585889895794,90900
2025-01-28,95.04786682128906,95.10704739333868,94.93936408886138,95.07745710731388,75700
2025-01-29,94.87031555175781,95.00840856725853,94.68290037693332,94.74208847322285,40700
2025-01-30,94.84070587158203,95.126757781052,94.65329073508364,95.126757781052,29200
2025-01-31,94.52508544921875,95.05773317652306,94.43630706524881,94.54480979815366,47400
2025-02-03,93.8376693725586,94.1932279189067,93.36358879900942,93.61050403757032,131400
2025-02-04,94.65743255615234,94.65743255615234,94.2920027858109,94.32163141202713,28600
2025-02-05,94.8154296875,95.19073805065516,94.80555097036995,94.98333020244415,130100
2025-02-06,94.69693756103516,94.7364449067651,94.44015111667407,94.50928708788756,64800
2025-02-07,94.14384460449219,94.67718243957876,93.946315421981,94.60804647217431,71800
2025-02-10,93.966064453125,94.07470776307338,93.92655710993876,93.92655710993876,31600
2025-02-11,94.47966003417969,94.51915984531104,94.16360126308211,94.16360126308211,30000
2025-02-12,94.74633026123047,95.07226023488263,94.2722496145313,94.33151440490384,75400
2025-02-13,95.3883056640625,95.40805556947677,94.56854518713818,94.67718850505615,100200
2025-02-14,95.67472076416016,95.85250003996144,95.67472076416016,95.75372791487335,36300
2025-02-18,95.28954315185547,95.44756500439524,95.20064973740638,95.34880040465089,25900
2025-02-19,95.08210754394531,95.21050827812884,94.8746996678654,95.12161488252067,60800
2025-02-20,95.76359558105469,95.7833530178939,95.27964387205431,95.35865854890254,82200
2025-02-21,95.3883056640625,95.68459945681128,95.2994122515588,95.66484955139701,51400
2025-02-24,95.46730041503906,95.62532223111302,95.38828573937498,95.47717159805642,70100
2025-02-25,95.93151092529297,95.93151092529297,95.66484576883734,95.8426250515596,52300
2025-02-26,95.66484832763672,95.93151349122498,95.60559107689615,95.70435567321566,39800
2025-02-27,94.9142074584961,95.19075129458643,94.87470011973257,95.18088011133634,77700
2025-02-28,94.65743255615234,95.02286986174971,94.5389180512874,94.97349132980794,67000
2025-03-03,95.63521575927734,95.82306021507496,95.5264601328994,95.55611938681243,66200
2025-03-04,96.8216552734375,96.94029986166606,95.79342480459795,96.06037324235045,141100
2025-03-05,98.46286010742188,98.52218617076024,98.06739324808251,98.07727463943321,174700
2025-03-06,98.43318939208984,99.02640469815697,98.31455236531318,98.78911555851174,158200
2025-03-07,98.96709442138672,99.33290957938218,98.80890917944757,99.12528720637302,130900
2025-03-10,98.87810516357422,99.03629038715799,98.7298013306201,99.03629038715799,291300
2025-03-11,99.68883514404297,99.91622784214975,99.47132383764718,99.74815366649742,284700
2025-03-12,99.4119873046875,99.73824666212555,99.28345380525985,99.44164656054134,118900
2025-03-13,99.01651763916016,99.25379924025086,98.88798413365787,98.88798413365787,85100
2025-03-14,99.3526840209961,99.45155074418385,99.21426909992375,99.41201008934672,52200
2025-03-17,99.70860290527344,99.76792896924869,99.50098053897734,99.5306397994415,86900
2025-03-18,99.9458999633789,99.96567783543993,99.51088483766121,99.6789590349396,119900
2025-03-19,99.49109649658203,99.62951141425214,99.12528887547414,99.50098543157198,75400
2025-03-20,99.0857162475586,99.0857162475586,98.69024191899074,98.81876786998097,117900
2025-03-21,98.76934814453125,98.91765197541665,98.63093324718386,98.85832591723478,114200
2025-03-24,98.65071105957031,98.8682223556402,98.45297763207773,98.82867416153233,163400
2025-03-25,98.59140014648438,98.83857072144326,98.55185194932528,98.80891145933576,52500
2025-03-26,98.19590759277344,98.57160408186719,98.12670014628127,98.3639817423907,56100
2025-03-27,98.57160949707031,98.78912078172246,98.4035353382196,98.4035353382196,60200
2025-03-28,98.83856964111328,99.01653275486039,98.62105833063936,98.76936218260315,71400
2025-03-31,98.76934814453125,98.8781037843108,98.5023997403283,98.85832591723478,123200
2025-04-01,98.5328140258789,98.74064650120387,98.50312475092967,98.6911668931819,56400
2025-04-02,99.096923828125,99.29486489412923,98.78022567319785,98.84950315862942,72200
2025-04-03,100.44290161132812,101.61072757495856,100.44290161132812,101.1950626262122,889100
2025-04-04,99.92826843261719,100.83877475006223,99.76991556835884,100.71011871086243,284600
2025-04-07,99.65116119384766,100.22517146576881,99.54229548436528,100.16579291538947,171000
2025-04-08,100.06681823730469,100.27465069788302,99.46311118723821,100.01733108211376,302800
2025-04-09,99.91836547851562,101.2544356266523,99.71053301553258,101.2544356266523,500300
2025-04-10,102.40247344970703,102.70927268029425,101.49196714877203,101.59093391179888,506600
2025-04-11,103.64949798583984,104.21361696155742,103.07548006649729,104.19381907430747,871600
2025-04-14,103.75833129882812,103.99586058481738,103.31297710128796,103.4119438617769,607500
2025-04-15,103.10515594482422,103.50103058086857,102.93691167847658,103.49113163853029,468000
2025-04-16,104.05523681640625,104.27296821504667,103.7583289908639,103.90678290363508,454500
2025-04-17,103.93647766113281,104.03545197532324,103.62967842904665,103.91668732870276,399800
2025-04-21,105.2626724243164,105.36163920284156,104.96576453805973,105.3022606458627,964800
2025-04-22,104.40164184570312,105.05483615173942,104.37195256827982,104.94597043406671,726400
2025-04-23,103.54061889648438,104.2432927895477,103.40206390634123,104.09483885705698,430900
2025-04-24,104.04534149169922,104.14431580410651,103.71875193306688,103.94637472997185,211200
2025-04-25,103.82763671875,104.08494883639682,103.58021599361793,103.60000632932872,145100
2025-04-28,104.42144012451172,104.44123045930817,103.78804370149193,103.78804370149193,248100
2025-04-29,104.03545379638672,104.37194230834798,103.97606769669694,104.30266481761007,124900
2025-04-30,103.5505142211914,103.97607815013212,103.49113566621207,103.86721243221606,160500
2025-05-01,103.18598175048828,103.49305855026356,102.95815862135616,103.46333558977537,221100
2025-05-02,103.32465362548828,104.02794584286507,103.2355074203521,103.7109689623949,150900
2025-05-05,103.44352722167969,103.88927338110832,103.28503499599155,103.86946563155995,153200
2025-05-06,103.97843170166016,104.04777016410443,103.59211633128126,103.69117019801229,177700
2025-05-07,103.39399719238281,103.95861252479396,103.36428178920201,103.88927406493033,226900
2025-05-08,102.65107727050781,103.42371550511349,102.51240035701255,103.32465408919548,302100
2025-05-09,102.9284439086914,103.22560549963882,102.84919779484196,102.94825165849109,109200
2025-05-12,101.38317108154297,101.78930173165924,101.15534795950342,101.67043256538311,474100
2025-05-13,102.27468872070312,102.2944964731978,101.7496963703405,101.85865790237725,154600
2025-05-14,102.06666564941406,102.68081173321491,102.05675799524728,102.53222715001662,229300
2025-05-15,102.2053451538086,102.44307595852067,102.09638362720597,102.42326820701383,191100
2025-05-16,101.89827728271484,102.41336195955493,101.76950044551023,102.32421574056046,177600
2025-05-19,102.77985382080078,102.91853073393516,102.62136160160439,102.90862308090414,135000
2025-05-20,103.14635467529297,103.15626232840303,102.69070087745548,102.7303239325707,117000
2025-05-21,103.5029525756836,103.8595525073729,103.49305248009352,103.58219868435341,184600
2025-05-22,103.09684753417969,103.3246706898143,102.90863988248711,103.3246706898143,111200
2025-05-23,103.89918518066406,103.95861598900608,103.45343900344783,103.56240052362523,141200
2025-05-27,103.65156555175781,104.03788099075895,103.57231942136606,103.94873476206344,128200
2025-05-28,103.25531768798828,103.56239448026227,103.19588688311434,103.28503309042524,107500
2025-05-29,103.95862579345703,104.1072103856508,103.71098732557616,103.81994885602984,132400
2025-05-30,103.87937927246094,103.97843314056271,103.47324858872024,103.68126397893168,174100
2025-06-02,104.67440795898438,104.72397742598334,104.327444379708,104.3472751918031,272200
2025-06-03,104.01022338867188,104.22831695053284,103.9507460766149,104.15892423205337,130100
2025-06-04,104.38693237304688,104.59511052683547,104.23823153084386,104.28779343608552,116200
2025-06-05,104.63478088378906,105.14035323747764,104.58521140758891,105.09079132451768,104100
2025-06-06,104.26797485351562,104.42658354592264,104.0796199407454,104.08953534753313,100800
2025-06-09,104.51581573486328,104.58520846164473,104.24816023534626,104.24816023534626,82000
2025-06-10,104.57527923583984,104.71406467106414,104.45632461321273,104.70415682800453,153700
2025-06-11,105.04120635986328,105.20973045291039,104.8231127979251,104.86276686039014,197400
2025-06-12,105.90365600585938,106.16139604464465,105.79460923435852,106.0226106196869,191900
2025-06-13,105.69547271728516,105.83425813547909,105.24937024745775,105.2791088994653,161100
2025-06-16,105.75495910644531,106.2704467664159,105.73513585781666,106.09200727580325,157100
2025-06-17,105.1006851196289,105.82435853391559,105.01146915028299,105.81444312735297,133200
2025-06-18,104.98172760009766,105.50713068484579,104.89250406997193,105.23947522094656,201600
2025-06-20,105.37825012207031,105.63599015391567,105.19981064289526,105.42781202208447,171000
2025-06-23,105.96314239501953,105.96314239501953,104.94207486821121,104.97181352421704,218700
2025-06-24,106.2803726196289,106.50838159908433,105.99288632520225,106.00280173211061,226200
2025-06-25,106.7066421508789,106.74629621445273,106.16140823078788,106.18123904419444,96700
2025-06-26,107.13290405273438,107.42039031484347,107.01394187292553,107.2419508267495,238900
2025-06-27,107.16266632080078,107.40058316960625,106.98422679338661,107.32128259549793,120400
2025-06-30,107.8466796875,107.8466796875,107.21222975097317,107.2320530025722,195600
2025-07-01,107.926025390625,108.09465798422175,107.6681118210539,108.00537700824738,262800
2025-07-02,108.03514862060547,108.03514862060547,107.54907925600301,107.70779763663457,207600
2025-07-03,107.61852264404297,107.85660022823838,107.47964783731699,107.71771785340304,158600
2025-07-07,107.28125,107.51931999962329,107.01341462832858,107.47964040500128,240400
2025-07-08,107.34076690673828,107.38044650184044,106.96382210543118,107.13245470853366,121500
2025-07-09,107.30108642578125,107.33084422983495,107.13245382407096,107.23164902695297,171800
2025-07-10,107.04318237304688,107.13245578684358,106.78526878634135,107.11261977314732,228300
2025-07-11,106.98365783691406,107.23164962956714,106.88446263347461,107.0630170269092,143500
2025-07-14,106.82494354248047,107.06301353659572,106.74558435507251,106.9241387426861,151500
2025-07-15,106.19007873535156,106.80509348016984,106.13055556435339,106.80509348016984,161200
2025-07-16,106.52734375,107.31099864868239,105.85280583519163,106.04128200153916,1012400
2025-07-17,106.16031646728516,106.18016004756701,105.97184786325803,106.08096485048299,329500
2025-07-18,106.35872650146484,106.80510872306235,106.32896869577291,106.72574952914435,141300
2025-07-21,107.02334594726562,107.23165816149557,106.70591673013767,106.74559632829235,357500
2025-07-22,107.60861206054688,107.64828409114529,106.99358963273686,106.99358963273686,220500
2025-07-23,107.78715515136719,107.80699116458331,107.24157018656365,107.3110075849833,127800
2025-07-24,107.658203125,107.89627314303998,107.63836711020892,107.76732012662445,85200
2025-07-25,107.549072265625,107.56891584596865,107.19196350052395,107.35068187083928,91100
2025-07-28,106.13056945800781,106.66623265846638,106.09088986151727,106.59679525663523,215200
2025-07-29,105.73375701904297,105.85279578144709,105.48576527344832,105.555210227598,297500
2025-07-30,104.58309936523438,105.27747335917792,104.52358375664177,104.96004416650246,315800
2025-07-31,104.46405792236328,104.81125247861131,104.43430011882401,104.44422190937335,258000
2025-08-01,105.8973388671875,106.09584991898018,105.47053329039316,105.91718694328229,786700
2025-08-04,105.93704223632812,106.08592173831705,105.82785888639546,106.07600148665858,105400
2025-08-05,105.95689392089844,106.08592535125362,105.61942360794883,105.80800684112772,201200
2025-08-06,106.74102020263672,106.84027572667912,106.39362208213272,106.47302195774002,142800
2025-08-07,106.70132446289062,106.7211725400999,106.33407066647007,106.7211725400999,97700
2025-08-08,106.62189483642578,106.8402615038763,106.57227086736616,106.70130227417326,86500
2025-08-11,106.26458740234375,106.48295410773466,106.14548379773879,106.48295410773466,76000
2025-08-12,106.92961120605469,107.0983463545243,106.39362228793556,106.45317408793399,224400
2025-08-13,107.14797973632812,107.35642620004339,107.10828358131849,107.18768346404953,81600
2025-08-14,106.6715316772461,106.83033898791994,106.51271679386181,106.72115564877086,58500
2025-08-15,107.15789794921875,107.29685719742291,107.04871460095676,107.0586424251745,80700
2025-08-18,106.85021209716797,106.99909918149567,106.78073246750994,106.919691726826,62000
2025-08-19,106.66160583496094,106.95937996048204,106.64175776052447,106.909748415325,99600
2025-08-20,106.72115325927734,106.87996813910577,106.70130518565394,106.8104885223584,46700
2025-08-21,106.26458740234375,106.6913929885047,106.25466715043426,106.6913929885047,79700
2025-08-22,107.38619232177734,107.55492746969082,106.22487921665783,106.32414231327617,250900
2025-08-25,106.36383819580078,107.28692131552499,106.32413447462278,107.15788990122935,102800
2025-08-26,106.6715316772461,106.86012245808733,106.60205205894309,106.68145950063523,72000
2025-08-27,106.60205841064453,106.66161020910671,106.13554912879506,106.26458054970009,55200
2025-08-28,106.99909973144531,107.13805899147559,106.81050891881347,106.81050891881347,46200
2025-08-29,107.19760131835938,107.27700876641622,106.83034755062975,106.87997909884305,47200
2025-09-02,106.68610382080078,107.03371110234698,106.57685473556191,106.65630999342117,136300
2025-09-03,106.85494232177734,107.04364666798533,106.67617935455364,106.71589940686742,104900
2025-09-04,106.7457046508789,106.77549847982098,106.58679412682666,106.77549847982098,67100
2025-09-05,107.40119934082031,107.74880666558659,107.35153790416597,107.3813393125214,128100
2025-09-08,107.78853607177734,107.82826370629977,107.55017784191429,107.66936074548157,85500
2025-09-09,107.28201293945312,107.70907551802614,107.26215291180209,107.67928168791403,72600
2025-09-10,107.22242736816406,107.49058699893976,107.18269973481688,107.35153649358897,89000
2025-09-11,107.5501708984375,107.6296261623527,107.44092180487186,107.44092180487186,127200
2025-09-12,107.5799560546875,107.61968368344215,107.28200262766289,107.37139168667844,65800
2025-09-15,107.8580322265625,107.91762745299654,107.7189893269993,107.77857697616362,92200
2025-09-16,108.7419662475586,108.8909429685601,108.30497746383051,108.3446975173115,195700
2025-09-17,108.37450408935547,109.25842307822298,108.33477645670993,108.6426561381239,261400
2025-09-18,107.9871597290039,108.08647501332449,107.69914010038488,108.05668118575537,101200
2025-09-19,107.659423828125,107.84812061505845,107.57996856137866,107.62962999741295,175800
2025-09-22,108.14607238769531,108.16593999270725,107.81832510043887,107.97723563144969,150700
2025-09-23,108.30498504638672,108.32484507451764,108.02689161165456,108.12621448412314,120500
2025-09-24,107.58990478515625,107.65942625080592,107.52038331950656,107.59983101076945,92500
2025-09-25,106.85494232177734,107.2522110403502,106.73576701029488,107.24228481590704,99800
2025-09-26,107.28201293945312,107.2919467419142,107.04365472128504,107.04365472128504,60000
2025-09-29,107.48064422607422,107.7289362308185,107.4309827942171,107.61968714254937,130100
2025-09-30,107.62962341308594,107.76866633275033,107.44091906042533,107.46077908726132,47900
2025-10-01,107.53422546386719,107.81247564515601,107.39510037322277,107.73298100889407,150300
2025-10-02,107.39508819580078,107.63358724104106,107.10689837450097,107.63358724104106,126600
2025-10-03,107.6037826538086,107.69322454005642,107.50440867711534,107.6236619981963,93900
2025-10-06,107.3255386352539,107.4348522904038,107.11685099771745,107.12679067048076,117700
2025-10-07,106.78890228271484,107.06715244590448,106.77896261067283,106.93796703635167,98100
2025-10-08,106.5802230834961,106.69947641217996,106.33178433504972,106.65972530261867,150200
2025-10-09,105.95414733886719,106.45102477560249,105.80508259149698,106.44108510397835,188700
2025-10-10,106.49077606201172,106.62990113799509,106.02371005760408,106.04358181913827,126300
2025-10-13,106.05352783203125,106.17277357186248,105.9839652898802,106.11315070194686,106700
2025-10-14,106.40133666992188,106.50071064341364,106.09327507757294,106.17276970731744,141400
2025-10-15,106.75908660888672,106.7789583704333,106.53051965148697,106.53051965148697,86100
2025-10-16,107.18640899658203,107.20628075951682,106.82865660976758,106.84852837270236,69300
2025-10-17,107.02741241455078,107.09697496254644,106.91809875602202,107.09697496254644,65700
2025-10-20,106.7491455078125,106.96777279063743,106.73921341804622,106.91808201481433,67000
2025-10-21,106.37153625488281,106.59016356826082,106.36159658197954,106.50072167562936,86800
2025-10-22,106.45104217529297,106.60009936527894,106.31191707680658,106.31191707680658,152000
2025-10-23,106.54047393798828,106.55041361099907,106.43116028011679,106.43116028011679,55300
2025-10-24,106.68953704833984,106.7392278308726,106.58022339216693,106.71934848515991,47500
2025-10-27,106.84852600097656,106.87834501733965,106.70940091827562,106.73921993463871,65300
2025-10-28,106.868408203125,107.01747296193331,106.65972057349279,106.65972057349279,76300
2025-10-29,106.3814697265625,107.00753261149205,106.20259353347569,106.77896563853449,149400
2025-10-30,106.05352783203125,106.24234369576197,106.01377672483801,106.05352783203125,99700
2025-10-31,105.7057113647461,105.93427074579914,105.67589234909953,105.93427074579914,64700
2025-11-03,105.65003204345703,105.8190702740114,105.53070692325284,105.56054389303878,208600
2025-11-04,105.30200958251953,105.4412184291474,105.25228888601822,105.31195523908242,90300
2025-11-05,105.36166381835938,105.40143885658733,105.22245497771797,105.31195071030906,105600
2025-11-06,105.89861297607422,105.93838801337111,105.67985406409765,105.67985406409765,63600
2025-11-07,106.06764221191406,106.2864011053638,105.99803779911751,106.14719227977069,82500
2025-11-10,106.08755493164062,106.12732997359598,105.8886797218639,106.11738431652876,51900
2025-11-11,106.26652526855469,106.45544721084578,106.26652526855469,106.33612968651721,45600
2025-11-12,106.31623840332031,106.39578847710231,106.07759576828686,106.07759576828686,45800
2025-11-13,106.73387145996094,106.92280100020702,106.58472454535935,106.61455392827968,86400
2025-11-14,106.59465026855469,106.78357978691697,106.50516213015918,106.7438047521927,70100
2025-11-17,106.3261947631836,106.43557422906716,106.27647406548621,106.34607849047454,53000
2025-11-18,106.256591796875,106.5051801161478,106.17704171399247,106.38585499182402,40400
2025-11-19,105.75941467285156,106.09749114408022,105.68981024722723,106.08755307350062,95200
2025-11-20,105.72957611083984,105.96821875136361,105.70968479878042,105.89861433178115,80200
2025-11-21,105.67985534667969,105.70968472843622,105.45115836233782,105.49092581380468,81900
2025-11-24,105.75941467285156,105.84890282594853,105.64008954907551,105.79918971411024,84600
2025-11-25,106.09748840332031,106.30630926111239,105.99805459589895,106.01794590917116,220300
2025-11-26,106.38585662841797,106.4554610554326,106.09749326326784,106.09749326326784,66200
2025-11-28,106.48527526855469,106.49522092422933,106.19691953080256,106.21680325583935,48700
2025-12-01,106.528076171875,106.91610162070165,106.51812466040327,106.91610162070165,99700
2025-12-02,106.70716857910156,106.70716857910156,106.40868395235876,106.6574186110513,107300
2025-12-03,107.07527923583984,107.18472307312761,106.97577931773968,106.99568233767091,97700
2025-12-04,106.90614318847656,107.15487782371338,106.84644930506889,107.13498239283705,281900
2025-12-05,106.87629699707031,107.03549080831321,106.78675617133021,106.98574084460513,142600
2025-12-08,106.846435546875,106.95587937954885,106.64745090061948,106.95587937954885,43800
2025-12-09,106.72705841064453,106.86635679571877,106.65741301349689,106.79670380779217,177600
2025-12-10,107.32402801513672,107.38372190125335,106.8066556995292,106.82655872208743,139400
2025-12-11,107.77173614501953,107.96077688578609,107.69213924461484,107.79163157473158,91000
2025-12-12,107.75184631347656,107.86129015952453,107.67224940893648,107.68220091969864,68700
2025-12-15,107.8911361694336,108.04037087568439,107.76178930297816,107.85133771750719,48500
2025-12-16,107.84139251708984,108.33886180911102,107.75185168809995,108.17967558286932,88600
2025-12-17,107.78169250488281,107.93093480216217,107.70209560089668,107.70209560089668,36400
2025-12-18,107.60260009765625,107.83143170140461,107.56280164683515,107.781689330962,85500
2025-12-19,107.50311279296875,107.74189591828276,107.48320977123834,107.70209746560064,48900
2025-12-22,107.91101837158203,108.04035763140368,107.8811714339907,107.960768328086,177400
2025-12-23,108.21945190429688,108.24930643406078,108.01051574061736,108.07021720936721,59700
2025-12-24,108.11996459960938,108.19956150112114,108.09011765923705,108.19956150112114,55900
2025-12-26,108.13987731933594,108.34881351145985,108.01053044508376,108.34881351145985,45600
2025-12-29,108.1000747680664,108.23936555753663,107.9010825039813,108.13987322088343,98100
2025-12-30,107.8513412475586,108.03043049169982,107.82149430533151,108.0105274696959,64300
2025-12-31,107.91101837158203,107.91101837158203,107.6224853235698,107.77172760230408,52700
2026-01-02,107.6083755493164,107.92695700449028,107.58846800606801,107.70793605175821,50200
2026-01-05,107.67807006835938,107.69797761144677,107.22011302795056,107.27985084801252,76100
2026-01-06,107.34954071044922,107.55860409619481,107.3097180281072,107.47895873151077,74900
2026-01-07,107.27985382080078,107.43913695611343,107.25993868176164,107.34954161663758,58400
2026-01-08,107.00110626220703,107.20021208694276,106.92146089415262,107.090701604718,79200
2026-01-09,106.88164520263672,106.95133300539344,106.7422695971233,106.90155274825257,90600
2026-01-12,107.14047241210938,107.33957821929008,107.14047241210938,107.23006774672079,147900
2026-01-13,106.99114990234375,107.22012084383928,106.9015469634191,107.22012084383928,132100
2026-01-14,106.95132446289062,107.1305227407235,106.89159423541307,107.05087737381994,74600
2026-01-15,106.53318786621094,106.69247098994511,106.49336518642751,106.65264831016168,108600
2026-01-16,106.56306457519531,106.78208554014196,106.4435965228425,106.68253262754813,129700
2026-01-20,107.69798278808594,107.88713863580769,107.60837985138608,107.67807524404166,318300
2026-01-21,107.4092788696289,107.78758298672004,107.29976838394978,107.74776789683726,200500
2026-01-22,107.95683288574219,108.00660554652796,107.62830142387313,107.62830142387313,167400
2026-01-23,108.6537094116211,108.6835745267636,107.91700872163683,107.95683140696039,164700
2026-01-26,109.24107360839844,109.42027187674515,109.07182531383776,109.10169042599559,306400
2026-01-27,110.59500885009766,111.04300832698073,109.64924483567779,109.69902508713146,471100
2026-01-28,109.80853271484375,110.09723386050426,109.4103134997468,110.0175960938047,373700
2026-01-29,109.977783203125,110.02755586231808,109.46009589879382,109.99769074772213,179500
2026-01-30,108.98223114013672,109.52977592480488,108.95236602766028,109.48996083843622,251400
2026-02-02,108.38056945800781,108.73918223430132,108.25106575546805,108.56983182328644,153200
2026-02-03,108.64952087402344,108.71925071105707,108.34071839572906,108.35067437246084,127200
2026-02-04,108.52003479003906,108.65949447697457,108.39053108075399,108.54991792295625,93200
2026-02-05,108.24110412597656,108.57978973035506,108.24110412597656,108.53994302396073,147500
2026-02-06,108.67940521240234,108.69933236605192,108.52998195995987,108.59971179776872,95500
2026-02-09,109.54605865478516,109.60582491831065,109.33686913246329,109.54605865478516,99400
2026-02-10,109.37671661376953,109.66559195617087,109.29702319518441,109.625752846861,132000
2026-02-11,109.14759063720703,109.33686059022737,108.95832068418667,109.09778035483892,89100
2026-02-12,109.08782958984375,109.2970191058158,108.98821662033075,109.21732569021243,125600
2026-02-13,109.15756225585938,109.23725567352695,108.91848200285668,109.07786883819182,140700
2026-02-17,108.9483642578125,108.9483642578125,108.52997764760138,108.68936447053554,220100
2026-02-18,108.31083679199219,108.69933268950928,108.30087321513776,108.6196392746385,224300
2026-02-19,108.18132781982422,108.23113810168617,107.96217473960279,108.01198502146474,72100
2026-02-20,108.36063385009766,108.52002067156367,108.07175093617698,108.14148077057287,177000
2026-02-23,108.40048217773438,108.57978855457607,108.40048217773438,108.42040173072476,349200
2026-02-24,108.27098846435547,108.41044813830123,108.21121460410569,108.31083517119458,65400
2026-02-25,108.55988311767578,108.62961296218222,108.33076642859288,108.33076642859288,103200
2026-02-26,108.4901351928711,108.61963128252115,108.23113541358919,108.57978457801765,346200
2026-02-27,108.65949249267578,108.74914188979021,108.46025894356127,108.50010565338418,239900
2026-03-02,107.51021575927734,107.80924591540946,107.35073098143282,107.6597308373434,229700
2026-03-03,106.85235595703125,106.91216655300812,106.0649245557572,106.46362130412021,401300
2026-03-04,107.05171966552734,107.09159086417314,106.85236367229834,106.98194696906059,114500
2026-03-05,106.72278594970703,106.76265714759425,106.29418007823618,106.66298295520292,230400
2026-03-06,106.72278594970703,106.87230104062075,106.26427858098413,106.26427858098413,267600
2026-03-09,106.76265716552734,106.97197525098035,106.21443770030275,106.4735966842865,385600
2026-03-10,106.83242797851562,107.31087474015999,106.77262498505506,107.08161725747236,252200
2026-03-11,106.44369506835938,106.81249794497688,106.3440208760624,106.57327075788008,260100
2026-03-12,105.89546966552734,106.12472713914254,105.86556816998036,106.09482564359556,353600
2026-03-13,105.04822540283203,105.68614930956721,105.02829360778216,105.55657363011105,279000
2026-03-16,105.8356704711914,106.0051173551384,105.58648119315644,105.58648119315644,201800
2026-03-17,106.0848617553711,106.20447534876503,105.93534666479202,106.15463445035421,227500
2026-03-18,105.48680877685547,106.04499033555172,105.47683907626349,105.81574045451006,222200
2026-03-19,106.5234375,106.81249798101611,105.51671066675817,105.58648336185492,234100
2026-03-20,106.31411743164062,106.43372341834497,105.99514785468698,106.29417803075438,360800
2026-03-23,106.82246398925781,107.05172148420257,106.5035019993262,106.58324439797252,171000
2026-03-24,106.61314392089844,106.76265901442655,106.3539849324266,106.4835682289893,375800
2026-03-25,106.37391662597656,106.62310589558216,106.32407573019425,106.54336350419165,195500
2026-03-26,105.95527648925781,106.2842005332179,105.95527648925781,106.16459455528795,553500
2026-03-27,105.96524810791016,106.23437679174583,105.90544511357041,106.01508900629555,482700
2026-03-30,105.44693756103516,105.63632384898318,105.2974224707948,105.61638444780266,241200
2026-03-31,106.3440170288086,106.35397912442049,105.9054414729844,105.9054414729844,244000
2026-04-01,106.52852630615234,106.93744950531894,106.48863080311493,106.7280038213394,232100
2026-04-02,106.09965515136719,106.35897210666806,105.9999202021865,106.06973542754187,210200
2026-04-06,106.27919006347656,106.45871603085229,106.15951115808576,106.31908556837,642200
2026-04-07,106.72799682617188,106.77786049473362,106.39886465465209,106.42878437764685,117300
2026-04-08,107.40620422363281,107.74530456047826,107.21670250052,107.74530456047826,265300
2026-04-09,107.67549896240234,107.86500070245408,107.46605327516639,107.55581245142925,344000
2026-04-10,107.9747085571289,108.06446773099925,107.83507810269344,107.95475700118723,247300
2026-04-13,108.25396728515625,108.29386278694682,107.69544547866617,107.71538942491699,304000
2026-04-14,108.5332260131836,108.73269590884973,108.5332260131836,108.61301701516555,68000
2026-04-15,108.64293670654297,108.70277615336741,108.48335470262612,108.63296092897598,91600
2026-04-16,108.44347381591797,108.49333748839639,108.353707030594,108.4235222594952,45900
2026-04-17,108.36367797851562,109.01196656615186,108.33375825450439,108.93217556259593,118200
2026-04-20,108.50331115722656,108.54320666000726,108.29386547459474,108.38362464888448,72800
2026-04-21,107.93480682373047,108.35369816285532,107.84504004575308,108.28388293966785,582000
2026-04-22,107.71538543701172,108.0644615531443,107.71538543701172,107.91485532929073,49700
2026-04-23,107.54583740234375,107.8550180242998,107.47602217773147,107.56578134825207,452500
2026-04-24,107.88494110107422,107.88494110107422,107.68547119863598,107.6954469765446,207500
2026-04-27,107.79518127441406,108.18415290831337,107.76526155015857,108.13428162836156,312500
2026-04-28,107.76526641845703,107.84504981697957,107.61566018113216,107.63560412844046,340200
2026-04-29,107.4560775756836,107.74531427044694,107.36631839935495,107.65555509411828,307800
2026-04-30,107.99465942382812,108.07445043412952,107.57576803368015,107.63560748676142,67900
2026-05-01,107.88887023925781,108.49762314208397,107.8788885615981,108.20821540026586,64800
2026-05-04,107.6792984008789,107.89884962198771,107.54955943542967,107.77909233398589,99000
2026-05-05,107.65933227539062,107.84894607306657,107.65933227539062,107.7591338197183,39300
2026-05-06,108.17827606201172,108.26808831798827,108.14833864335286,108.16829438452908,59100
2026-05-07,108.04854583740234,108.42777347453216,108.02859009461169,108.42777347453216,100300
2026-05-08,108.4876480102539,108.52756710951216,108.33795329148285,108.42777316826135,53300
2026-05-11,108.45770263671875,108.5475148931222,108.41778354038752,108.52755915185114,49700
2026-05-12,108.11839294433594,108.14833797659925,107.9487424971223,107.99864327043879,115500
2026-05-13,107.81901550292969,107.89885369794685,107.76911472759663,107.77909640542111,47500
2026-05-14,107.47970581054688,107.69925703755848,107.43979432726226,107.67930129591618,31700
2026-05-15,107.03063201904297,107.17034505546584,106.99071292095223,107.1004885372544,34700
2026-05-18,107.29010009765625,107.33999325888031,107.09050461139218,107.27013674213521,68500
2026-05-19,106.86097717285156,106.96077110708434,106.76118323861878,106.84101381773152,48000
2026-05-20,107.09049987792969,107.17033806890642,106.74121730964265,106.76118066428131,58200
2026-05-21,107.01067352294922,107.08053003936288,106.61149016610433,106.71128410186824,459800
2026-05-22,106.88093566894531,107.01067463920207,106.73124095684332,106.8909173467626,114300
2026-05-26,107.13041687011719,107.1503802243639,107.00068552266873,107.05057868070791,416500
2026-05-27,107.09049987792969,107.31005109622123,107.05058078244132,107.2302129052445,42800
2026-05-28,107.28011322021484,107.3799071516154,107.09049942090155,107.20027502957883,62600
2026-05-29,107.47970581054688,107.6493638765581,107.27013626125104,107.33001871375646,306200
2026-06-01,107.17515563964844,107.20511113937164,106.98542731688477,107.12522472785142,356800
2026-06-02,107.10525512695312,107.30496353399647,106.9754378058263,107.28499574064709,334600
2026-06-03,106.79570007324219,106.93549748562143,106.75576448546606,106.92551739787119,640700
2026-06-04,106.99540710449219,107.24504640822717,106.90553299358638,107.1951155001254,549700
2026-06-05,106.13665008544922,106.75575831763648,106.10669458715401,106.75575831763648,546100
2026-06-08,106.26646423339844,106.40626164355395,106.21654094027859,106.35633835043411,210600
2026-06-09,106.37630462646484,106.64591935533812,106.23650721830364,106.6159562378287,766200
2026-06-10,106.39627075195312,106.68584563045076,106.38628304698837,106.49612494644059,741900
2026-06-11,106.72579956054688,106.79569826555336,106.0168248045134,106.24649633147035,85600
2026-06-12,106.67587280273438,106.75575921111498,106.5859986887094,106.67587280273438,107400
2026-06-15,106.73578643798828,107.09526766619896,106.73578643798828,107.02536896173508,73300
2026-06-16,106.9654541015625,107.08527609438205,106.79569358108958,106.88556769409138,76500
2026-06-17,105.89700317382812,106.89556045932056,105.7671858509461,106.89556045932056,102100
2026-06-18,105.61739349365234,105.87702050322967,105.5474947931954,105.67731210717756,55500
2026-06-22,105.27789306640625,105.51754467756966,105.23794986148113,105.39772268118163,108800
2026-06-23,104.87847137451172,105.04822428608621,104.82854808084205,105.03824419838482,65400
2026-06-24,104.61883544921875,104.75864046741393,104.44908255207828,104.47903804941049,150200
2026-06-25,104.78860473632812,104.94836994160242,104.70871832449721,104.77861703025238,57300
2026-06-26,104.93838500976562,105.29786625412076,104.88846171484214,105.24794295919729,38600
2026-06-29,105.29785919189453,105.35777780752687,105.08816308314944,105.08816308314944,51000
2026-06-30,105.28787994384766,105.3977218519307,105.0282529230707,105.10813933229242,113600
2026-07-01,104.86820220947266,105.09802630899755,104.84822115116322,104.97811708879563,30900
2026-07-02,105.38780212402344,105.59763754361654,105.31785698415908,105.46774160485371,120500
2026-07-06,105.48771667480469,105.50769773215369,105.18794745043331,105.26788692672541,351800
2026-07-07,105.22792053222656,105.447750287291,105.15797539411045,105.447750287291,58800
2026-07-08,105.36781311035156,105.377807451286,105.0580571524201,105.0980268927094,64500
2026-07-09,105.33783721923828,105.52769157886401,105.32785050179893,105.39779564111655,116600
2026-07-10,105.21793365478516,105.47772552542192,105.20793931408427,105.25789577069213,56800
2026-07-13,104.92816162109375,105.3578268015598,104.92816162109375,105.3578268015598,51400
2026-07-14,105.307861328125,105.6376059648457,105.26789158820901,105.54767214417261,115900
2026-07-15,105.72753143310547,105.87741605089495,105.32784928359797,105.32784928359797,53800
2026-07-16,105.48771667480469,105.66757668473791,105.40777719851258,105.66757668473791,69800
2026-07-17,105.5276870727539,105.53768141321493,105.41777219802704,105.41777219802704,59200
2026-07-20,105.28787994384766,105.31785534282973,105.17796506528113,105.31785534282973,66000
2026-07-21,105.14798736572266,105.30785869794529,105.12799868453969,105.22791922010987,50700
2026-07-22,105.24790954589844,105.30786034348769,105.2179341471038,105.30786034348769,15900
2026-07-23,104.9481430053711,104.96813168737955,104.82824140711436,104.92816194681114,23600
2026-07-24,104.86820220947266,105.04806222805131,104.84822115116322,104.85821549204215,35900
2026-07-27,104.86820220947266,105.008092487984,104.84822115116322,104.93814734872834,55000
2026-07-28,105.028076171875,105.18794750108815,104.83822182145182,104.83822182145182,36000
2026-07-29,105.61761474609375,105.76749936131623,104.95813311194233,105.00808956805102,91900
2026-07-30,106.38701629638672,106.40699735365531,105.90738706401207,105.90738706401207,84600
2026-07-31,106.40699768066406,106.4369730783831,105.72752737972317,106.08724739924764,62300
2026-08-03,106.19000244140625,106.38999938964844,106.12999725341797,106.37999725341797,48100
2026-08-04,106.37000274658203,106.4000015258789,106.23999786376953,106.23999786376953,107600
2026-08-05,106.58999633789062,106.66000366210938,106.4800033569336,106.56999969482422,66400
2026-08-06,106.30000305175781,106.5,106.23999786376953,106.44999694824219,34900
2026-08-07,106.68000030517578,106.80000305175781,106.58999633789062,106.7699966430664,150900
2026-08-10,106.51000213623047,106.63999938964844,106.5,106.5999984741211,93900
2026-08-11,106.5199966430664,106.56999969482422,106.45999908447266,106.51000213623047,51800
2026-08-12,106.33999633789062,106.6500015258789,106.30999755859375,106.62999725341797,62400
2026-08-13,106.4000015258789,106.54000091552734,106.37000274658203,106.44000244140625,47300
2026-08-14,106.79000091552734,106.93000030517578,106.7300033569336,106.75,109200
2026-08-17,106.86000061035156,107.06999969482422,106.80000305175781,107.0199966430664,59000
2026-08-18,106.83999633789062,106.97000122070312,106.83999633789062,106.83999633789062,94200
2026-08-19,107.77999877929688,107.80999755859375,107.55000305175781,107.55999755859375,163300
2026-08-20,107.80000305175781,107.9000015258789,107.7300033569336,107.9000015258789,40300
2026-08-21,107.80000305175781,107.88999938964844,107.73999786376953,107.86000061035156,103500
2026-08-24,107.6500015258789,107.76000213623047,107.62000274658203,107.76000213623047,53200
2026-08-25,107.80000305175781,107.80999755859375,107.72000122070312,107.7699966430664,55100
2026-08-26,107.5999984741211,107.62999725341797,107.51000213623047,107.62999725341797,49900
2026-08-27,107.54000091552734,107.6500015258789,107.52999877929688,107.6500015258789,52500
2026-08-28,106.9800033569336,107.68000030517578,106.91999816894531,107.5,48200
2026-08-31,107.25,107.30000305175781,107.08999633789062,107.12999725341797,71100
2026-09-01,106.93000030517578,107.04000091552734,106.90570068359375,106.9800033569336,72145
