Date,Close,High,Low,Open,Volume
2006-06-26,78.21373748779297,78.36929354621469,77.97068670949986,78.22346159577461,9000
2006-06-27,78.25261688232422,78.29150589214878,78.1748462799953,78.21372787249965,2600
2006-06-28,78.06788635253906,78.06788635253906,77.91233034712405,78.01927324651723,3800
2006-06-29,78.62203216552734,78.71925094853505,77.83454296333426,78.02898794666736,9500
2006-06-30,79.55537414550781,79.55537414550781,79.25398616841386,79.25398616841386,11600
2006-07-03,79.35795593261719,79.61078325665898,79.31905885054462,79.38712688945665,3700
2006-07-05,79.00790405273438,79.00790405273438,78.7648028094952,78.98845921757416,3000
2006-07-06,79.1926498413086,79.2120946731466,79.04678763651388,79.0856847190498,3400
2006-07-07,79.62052917480469,79.68859723698023,79.56218724118632,79.65942627017105,21100
2006-07-10,79.10513305664062,79.15375626668036,78.95927084538164,79.01762018120138,8000
2006-07-11,79.37741088867188,79.37741088867188,79.12459095124318,79.15376191180336,12900
2006-07-12,78.87178039550781,78.93012232905564,78.71619201423049,78.92040361937256,4300
2006-07-13,79.11486053466797,79.23155178944171,78.93982736193753,79.20237341160299,5300
2006-07-14,78.80368041992188,78.81340654452846,78.65781822626046,78.79395429531529,2900
2006-07-17,77.95770263671875,78.03549681282202,77.90908684079993,78.01605197822668,15600
2006-07-18,77.597900390625,77.92851443764079,77.597900390625,77.92851443764079,3500
2006-07-19,78.04523468017578,78.1521998336937,77.40344375906828,77.40344375906828,2700
2006-07-20,78.19107818603516,78.35638523135431,78.15218110145531,78.15218110145531,3100
2006-07-21,78.68701934814453,78.72591644262386,78.49254129461015,78.51198613241871,10200
2006-07-24,78.07437896728516,78.103549923029,77.97713997518582,78.103549923029,12800
2006-07-25,77.68541717529297,78.2494137274541,77.55900722485397,78.2494137274541,5000
2006-07-26,78.36611938476562,78.37584551254274,77.84102718658966,77.84102718658966,2500
2006-07-27,78.58000946044922,79.05649303243034,78.58000946044922,79.00786983729498,2400
2006-07-28,78.87178039550781,78.93984845760106,78.87178039550781,78.89122523373631,1600
2006-07-31,79.07596588134766,79.16348617983432,79.00789783535161,79.16348617983432,9200
2006-08-01,79.37947082519531,79.37947082519531,78.74715736778514,78.86389455772849,2800
2006-08-02,79.087646484375,79.31138350909498,79.0390041285064,79.31138350909498,4000
2006-08-03,79.05845642089844,79.19465353263503,78.91254419721899,79.19465353263503,1900
2006-08-04,79.66156768798828,79.82693978156755,79.48646564132211,79.54483051628429,17100
2006-08-07,79.44756317138672,79.65184768104302,79.3211034525844,79.65184768104302,19400
2006-08-08,79.50593566894531,79.50593566894531,79.23354890029333,79.3794685280546,2100
2006-08-09,79.38919067382812,79.5934751638887,79.34054832876521,79.55456277219433,5900
2006-08-10,78.85417938232422,78.85417938232422,78.60125988938147,78.6985371883427,5100
2006-08-11,78.29969787597656,78.6888145296912,78.28024538309312,78.45534750617556,2100
2006-08-14,78.40666198730469,78.47475680759256,78.37747955314973,78.37747955314973,6800
2006-08-15,78.72769927978516,78.77634162757974,78.64014453811095,78.77634162757974,4600
2006-08-16,79.1557388305664,79.36974589300014,79.1557388305664,79.23355620700538,7000
2006-08-17,78.97091674804688,79.29193851484848,78.9514642569296,79.28220855839875,1400
2006-08-18,78.93199157714844,79.1070936560108,78.82498433885583,78.85416678170272,8400
2006-08-21,79.52539825439453,79.86587248121911,79.52539825439453,79.57404061041869,8200
2006-08-22,78.8444595336914,78.98064924123317,78.81526966340466,78.9417368359666,11500
2006-08-23,78.79580688476562,79.15574102015465,78.79580688476562,79.02927386410316,2100
2006-08-24,78.53315734863281,78.87363157255184,78.53315734863281,78.83471917242089,18500
2006-08-25,78.54289245605469,78.64016976106421,78.37752029536023,78.55262241309043,3400
2006-08-28,78.74714660644531,78.9611610478712,78.74714660644531,78.90279617176587,800
2006-08-29,79.21410369873047,79.21410369873047,78.68879744354588,78.91254188292832,2000
2006-08-30,79.31138610839844,79.32111606424733,79.19465632533854,79.27247370678457,4200
2006-08-31,79.11680603027344,79.34054299023686,78.92224408489292,79.34054299023686,3700
2006-09-01,79.17131805419922,79.17131805419922,78.73337272929507,78.78202919591365,7200
2006-09-05,78.84041595458984,78.88907241417513,78.78201780799463,78.88907241417513,3500
2006-09-06,78.85014343261719,78.85014343261719,78.57764349651153,78.63604164358158,4000
2006-09-07,78.3440933227539,78.37328869126078,78.18837479062621,78.18837479062621,7300
2006-09-08,78.06187438964844,78.09106976389161,77.85749934487652,78.03267901540526,2300
2006-09-11,78.16891479492188,78.40248517135669,78.12998516133801,78.39275833176201,1600
2006-09-12,77.90613555908203,78.15916699595881,77.78934667855398,78.15916699595881,9000
2006-09-13,77.808837890625,77.99375183342067,77.7017832316454,77.77964251546146,4200
2006-09-14,77.808837890625,77.96455645825715,77.75044714029794,77.88669717444107,3500
2006-09-15,77.51685333251953,77.51685333251953,77.12756445593031,77.17622834990436,4800
2006-09-18,77.78934478759766,77.82827441349401,77.63362628401224,77.63362628401224,2600
2006-09-19,77.808837890625,77.808837890625,77.75044714029794,77.75044714029794,600
2006-09-20,77.85747528076172,77.97426416670714,77.85747528076172,77.87693638255223,7600
2006-09-21,78.4122085571289,78.4122085571289,77.73095862659866,77.97426323394052,7500
2006-09-22,78.81123352050781,78.92801498272017,78.8014992569676,78.85988998807379,9400
2006-09-25,78.6847152709961,78.6847152709961,78.59712916888104,78.63605880039928,400
2006-09-26,78.3343505859375,78.34408484940974,78.20783486106833,78.2662255917668,3700
2006-09-27,78.25650787353516,78.30516434643191,78.04239860259808,78.04239860259808,10300
2006-09-28,78.17863464355469,78.17863464355469,78.07158002720688,78.07158002720688,21200
2006-09-29,77.85747528076172,77.9450613764202,77.58497530528984,77.58497530528984,3500
2006-10-02,78.46216583251953,78.51084725509581,78.22846826020083,78.22846826020083,4400
2006-10-03,78.19924926757812,78.29662695970659,78.13108934041314,78.1895174414652,4100
2006-10-04,78.03372955322266,78.03372955322266,77.78056089167548,77.78056089167548,8900
2006-10-05,77.82923126220703,77.82923126220703,77.70265067593041,77.70265067593041,4600
2006-10-06,77.24501037597656,77.28395996709769,77.13790085761217,77.27422071209868,5600
2006-10-09,77.32291412353516,77.49817615061575,77.17685500542598,77.24501493669355,7700
2006-10-10,76.68025970458984,76.92368910047743,76.53420058128216,76.7289485553176,20100
2006-10-11,76.54393005371094,77.8000264674075,76.39787094907186,76.6218292333684,5600
2006-10-12,76.82630157470703,76.82630157470703,76.58287223348735,76.58287223348735,3800
2006-10-13,76.4173583984375,76.58288860291887,76.36866954823685,76.58288860291887,4500
2006-10-16,76.61207580566406,76.67049646516216,76.55365514616597,76.61207580566406,5700
2006-10-17,76.82630157470703,77.0210420761332,76.74840240258699,76.89446149309359,4400
2006-10-18,76.72892761230469,76.72892761230469,76.59260778212592,76.61207885977707,900
2006-10-19,77.43975830078125,77.58581742422028,77.19632890467474,77.22553924358743,6500
2006-10-20,77.35211944580078,77.53712071645977,77.34238019085825,77.53712071645977,15500
2006-10-23,76.89447784423828,77.31317669732486,76.87499933262932,77.31317669732486,600
2006-10-24,76.99185180664062,77.06975099905995,76.75816165825854,76.75816165825854,57500
2006-10-25,76.92366790771484,77.08919806838408,76.84576873956219,77.05024848430774,7500
2006-10-26,77.79027557373047,77.82922515773156,77.50789666137779,77.50789666137779,32500
2006-10-27,78.10189819335938,78.1408477940054,77.98504939142131,78.1408477940054,3900
2006-10-30,78.15057373046875,78.15057373046875,78.0434642041684,78.11162413646177,8300
2006-10-31,78.4231948852539,78.5010940548176,77.94607547220524,77.94607547220524,2800
2006-11-01,78.3111572265625,78.50603083516509,78.3111572265625,78.4085940308638,16400
2006-11-02,78.3111572265625,78.3111572265625,78.3111572265625,78.3111572265625,300
2006-11-03,77.73628234863281,77.81423478060111,77.62909961316466,77.70705204513297,8000
2006-11-06,77.64856719970703,77.64856719970703,77.54138449769654,77.58036070151407,2800
2006-11-07,78.02857971191406,78.31115162795238,78.02857971191406,78.21370739666591,1800
2006-11-08,78.02857971191406,78.02857971191406,77.9603732103842,77.9603732103842,300
2006-11-09,78.44754791259766,78.53523878132583,77.95061068795607,77.95061068795607,6000
2006-11-10,78.54500579833984,78.81783181963846,78.52551397741763,78.81783181963846,3000
2006-11-13,78.29166412353516,78.48654516289879,78.25268791566243,78.48654516289879,5900
2006-11-14,78.46704864501953,78.57423135176579,78.21370702598738,78.53525514622615,8000
2006-11-15,78.6326904296875,78.6326904296875,78.04806222574707,78.04806222574707,4400
2006-11-16,78.14550018310547,78.14550018310547,78.08703959202715,78.1162698875663,4200
2006-11-17,78.29166412353516,78.33064033140789,78.00909219192152,78.00909219192152,500
2006-11-20,78.6326904296875,78.6326904296875,78.33063413500766,78.58397574916386,8500
2006-11-21,78.5742416381836,78.5937334604807,78.35987619662778,78.35987619662778,27900
2006-11-22,79.49988555908203,79.53886176142812,79.36347256784596,79.36347256784596,16100
2006-11-24,80.62044525146484,80.68865176234108,80.474286318458,80.57173056309732,10500
2006-11-27,80.82505798339844,80.9225022198387,80.63018437842092,80.71787527047535,25400
2006-11-28,81.09788513183594,81.117369517238,80.67890022315764,80.9030041080606,17100
2006-11-29,80.64967346191406,80.8835307222474,80.5912128638067,80.85430042319372,8400
2006-11-30,81.39020538330078,81.53636431036303,80.97122042382999,80.97122042382999,16000
2006-12-01,81.72465515136719,81.93918234882085,81.39311852952905,81.39311852952905,12300
2006-12-04,81.71490478515625,81.71490478515625,81.47112524515228,81.50037759962296,28400
2006-12-05,81.86119079589844,81.9879609555552,81.8026860696343,81.83193843276638,20800
2006-12-06,81.56864929199219,81.8319279660695,81.56864929199219,81.56864929199219,5700
2006-12-07,81.61740112304688,81.69541237482512,81.57840293672018,81.69541237482512,6900
2006-12-08,81.03234100341797,82.11472306868384,80.88607174927547,82.11472306868384,7400
2006-12-11,81.07135772705078,81.27613173504477,80.85683045022918,80.85683045022918,69000
2006-12-12,81.3248519897461,81.33460525393845,81.0615659334782,81.07131919767055,10500
2006-12-13,80.86659240722656,80.97385605716158,80.75932875729154,80.75932875729154,5200
2006-12-14,80.33023834228516,80.57401790352735,80.29123271973899,80.57401790352735,18300
2006-12-15,79.92072296142578,80.97385287969962,79.67694330106045,80.22300735961807,32100
2006-12-18,79.86219787597656,79.87195114298434,79.55016028779374,79.86219787597656,14200
2006-12-19,80.40825653076172,80.51552014213561,80.02796097754971,80.02796097754971,15700
2006-12-20,80.1352310180664,80.39850971465782,80.0279673980869,80.38876388706917,23700
2006-12-21,80.15472412109375,80.25224190619498,80.08646613526038,80.08646613526038,9200
2006-12-22,80.11569213867188,80.24245479044266,79.90116500524488,80.24245479044266,11500
2006-12-26,79.84270477294922,80.07673858312725,79.84270477294922,80.05723204583032,7800
2006-12-27,79.69642639160156,79.83294236607496,79.65742076467164,79.83294236607496,8400
2006-12-28,79.87194061279297,80.19372398599722,79.78417610041947,80.18397815983724,19200
2006-12-29,80.08647155761719,80.10597809178314,80.0279668342453,80.04746592884827,4500
2007-01-03,79.59654998779297,80.04547521115707,79.36232975076108,80.02595996045736,13200
2007-01-04,79.1866683959961,79.32329749788326,79.1866683959961,79.22570634592495,11300
2007-01-05,79.02076721191406,79.04028246513066,78.80606219789125,78.83533880058016,26400
2007-01-08,78.90364837646484,79.04027747754363,78.83533382592545,78.85485652363818,7300
2007-01-09,78.67918395996094,78.72797580936886,78.5425548684555,78.65966126361613,3200
2007-01-10,78.37665557861328,78.56208399801186,78.30834102079197,78.56208399801186,5000
2007-01-11,78.17169189453125,78.37663551553311,78.10337735419729,78.2985670735275,12100
2007-01-12,78.24002075195312,78.41568780863227,78.21074415012791,78.31809665397226,4600
2007-01-16,78.298583984375,78.36689853946346,78.21074673027378,78.27906128536225,15300
2007-01-17,78.33760070800781,78.42543794665468,78.24000956729876,78.24000956729876,6000
2007-01-18,78.34737396240234,78.34737396240234,78.0058011951478,78.20098350622814,8700
2007-01-19,78.298583984375,78.298583984375,78.07411762009687,78.12291692190065,2000
2007-01-22,78.19122314453125,78.2497763438736,78.0838706485854,78.10338589979042,17300
2007-01-23,78.65966033935547,78.86460397420552,78.571830544017,78.80605077731322,10800
2007-01-24,78.22050476074219,78.39617181576266,78.1912281591934,78.26929661474757,5600
2007-01-25,78.28882598876953,78.55232287090524,78.22051143075447,78.46449305876946,7400
2007-01-26,77.92772674560547,78.0253179029655,77.86917354033505,77.9765260471495,10300
2007-01-29,77.94721221923828,78.41565252914445,77.87889769713844,78.07407991864527,12000
2007-01-30,78.02529907226562,78.08385970913099,77.93746928555693,78.06433701493378,13900
2007-01-31,78.59134674072266,78.8938815226117,78.00579242756801,78.00579242756801,14300
2007-02-01,78.5874252319336,78.77302875243473,78.57766211709837,78.60696636712288,11000
2007-02-02,78.36277770996094,78.43115679799142,78.22601953389999,78.36277770996094,6500
2007-02-05,78.28461456298828,78.31391881670055,78.18693123302724,78.2162354867395,14400
2007-02-06,78.83162689208984,78.86093859102151,78.24551961035013,78.24551961035013,6800
2007-02-07,78.72421264648438,78.93912049693897,78.70467895678951,78.88051197509215,8100
2007-02-08,78.45068359375,78.45068359375,78.27485060386825,78.27485060386825,13200
2007-02-09,78.24555969238281,78.38231787975248,78.12834264764439,78.29440509619866,48600
2007-02-12,78.04042053222656,78.11857019534528,77.99157512958685,78.07949536378592,9200
2007-02-13,78.40184020996094,79.03679304339956,78.23577034849266,78.30415687853049,3500
2007-02-14,78.85118103027344,79.00747285322856,78.39206122381081,78.39206122381081,93300
2007-02-15,79.23214721679688,79.30052628329555,79.03678058473187,79.0660848342657,29000
2007-02-16,79.2126235961914,79.26146899138723,79.02702749052133,79.02702749052133,5100
2007-02-20,79.09539794921875,79.15400645485553,79.046552559348,79.046552559348,7200
2007-02-21,79.07585906982422,79.79873210619692,78.83164701901839,79.0563253849743,23600
2007-02-22,79.04654693603516,79.08562175459997,78.71442215737365,78.75349697593846,16000
2007-02-23,79.4079818725586,79.63265275898368,79.12469503304742,79.12469503304742,6000
2007-02-26,79.56428527832031,79.65220549437394,79.43729769153234,79.4470682605962,7800
2007-02-27,80.40438079833984,80.48253045062366,79.9941063029914,80.00387687271713,23500
2007-02-28,80.28716278076172,80.78535003920379,79.94525991943436,80.16016773417923,27500
2007-03-01,80.07792663574219,81.59343844777217,79.98992503678117,80.5179122515698,26600
2007-03-02,80.46902465820312,80.72323490857725,80.18547557002393,80.22458656077195,49100
2007-03-05,80.1365737915039,80.34190086955385,80.06813143215392,80.06813143215392,36600
2007-03-06,79.95081329345703,80.22459024125341,79.93126152701541,79.95081329345703,20400
2007-03-07,80.51789855957031,80.52767817104944,80.15613499107916,80.15613499107916,34100
2007-03-08,79.85302734375,80.04858227658913,79.68681124558019,79.73570184370446,22700
2007-03-09,79.41303253173828,79.58902822092578,79.29569958572759,79.33481056773115,46500
2007-03-12,80.05838012695312,80.07793935634446,79.80416982214852,79.80416982214852,13900
2007-03-13,80.3516845703125,80.51790067152811,80.07791511897899,80.08769473071465,59400
2007-03-14,80.49837493896484,80.87969786372695,80.27348855427054,80.3125995542026,34000
2007-03-15,80.41036224365234,80.63524859735729,80.38103086266027,80.47880461918699,20600
2007-03-16,81.06544494628906,81.19255005694701,81.01655434852792,81.13388730735994,28600
2007-03-19,80.73301696777344,80.86012209681239,80.60591183873449,80.84057033067523,18000
2007-03-20,80.80146789550781,80.82102712337523,80.6156925290661,80.76235689943272,25300
2007-03-21,80.98722839355469,81.01655977031113,80.49835222185821,80.58634635212756,20400
2007-03-22,80.59611511230469,80.92854728366153,80.41033980498328,80.7721108088046,13300
2007-03-23,80.3321304321289,80.69389399941639,80.27346022310721,80.69389399941639,13700
2007-03-26,80.54723358154297,80.733008909769,80.19524214893482,80.21480137277874,7600
2007-03-27,80.71347045898438,80.74280183993012,80.48858410563454,80.49836371916962,17300
2007-03-28,80.51789855957031,81.29032375394827,80.39079344897313,80.86011036476108,14400
2007-03-29,80.17568969726562,80.44945915146708,79.68681354057497,80.4005760115929,53600
2007-03-30,80.51789855957031,80.89922135101973,79.92146907352729,80.18546636585866,36100
2007-04-02,80.4219741821289,80.7449876191208,80.26535527013219,80.71562344012162,17100
2007-04-03,80.05003356933594,80.39262821375776,79.9129957115672,80.39262821375776,8400
2007-04-04,80.19684600830078,80.28493855589313,79.91297979716708,80.16748182577,5400
2007-04-05,80.46112060546875,80.65689424342894,80.46112060546875,80.57858478824487,12500
2007-04-09,79.90318298339844,80.03043772172525,79.56058843405907,80.03043772172525,15500
2007-04-10,80.51006317138672,80.69604625418714,80.30450645944961,80.50027262281816,10100
2007-04-11,80.16748046875,80.3240919289304,80.0598068226253,80.23599938282922,8900
2007-04-12,80.4219741821289,80.70583289112163,79.79550600214279,80.4219741821289,15800
2007-04-13,80.74500274658203,81.03865952759169,80.41219869823978,80.98971424142269,12600
2007-04-16,80.73521423339844,80.81351623079911,80.61775003529493,80.75478786574818,11400
2007-04-17,81.05821990966797,81.10716518783528,80.97012737056795,81.04843682843527,15300
2007-04-18,81.34210205078125,81.38125678739611,81.21485475778475,81.30294731416639,18200
2007-04-19,81.24422454833984,81.42041714126118,81.24422454833984,81.34210766262882,14900
2007-04-20,81.15613555908203,81.20507338437973,81.02888078370086,81.0778260770018,8300
2007-04-23,80.9407730102539,81.10717502740842,80.80373517636174,80.83309935962409,8500
2007-04-24,81.48892211914062,81.59659576682827,81.2148464588454,81.24421064130537,6100
2007-04-25,81.32251739501953,81.66511195896553,81.30293629536467,81.40082685763616,10800
2007-04-26,81.12677001953125,81.16592476352376,80.99952270255845,81.16592476352376,8500
2007-04-27,81.24422454833984,81.59660973418252,80.98972247678616,81.59660973418252,8600
2007-04-30,81.16590118408203,81.36167484717053,81.08759171884662,81.17569173423686,13200
2007-05-01,80.76510620117188,81.3334623104014,80.62791782669657,81.3334623104014,18700
2007-05-02,80.7357177734375,80.82391458075702,80.61812452241362,80.74551908007443,8800
2007-05-03,80.6377182006836,80.84350076001897,80.01056921712656,80.68670977602692,15000
2007-05-04,80.89251708984375,81.0199041843924,80.8631131669105,80.87291447455492,3400
2007-05-07,80.90230560302734,81.08849305499596,80.87290915823371,81.08849305499596,10500
2007-05-08,80.54952239990234,80.70631338583463,80.40254019584796,80.64752050421288,14500
2007-05-09,80.52994537353516,80.85332124758376,80.43195472339517,80.7161328421463,14100
2007-05-10,80.31434631347656,80.48093113492413,80.21635568181362,80.38294050326121,10500
2007-05-11,80.50052642822266,80.55931930663404,80.4319322446743,80.52992286742834,3400
2007-05-14,80.35356140136719,80.43195691409737,80.35356140136719,80.43195691409737,6600
2007-05-15,80.6377182006836,80.81410431957187,80.35354014935218,80.35354014935218,10800
2007-05-16,80.17716979980469,80.49074435325741,80.07917915363953,80.48094304577877,28300
2007-05-17,79.86357879638672,79.98117203328779,79.84398366167264,79.96156942236817,10700
2007-05-18,79.96156311035156,80.02036346226328,79.88316762527258,79.97136441503768,24200
2007-05-21,79.6676025390625,79.74599055903876,79.59900834895453,79.68719767500507,34500
2007-05-22,79.68721008300781,79.81459717698478,79.6186158822191,79.66761494401412,14600
2007-05-23,79.85380554199219,80.04979433900763,79.79501264099164,79.94200236970117,8000
2007-05-24,79.93217468261719,79.93217468261719,79.69699568001755,79.91257954748626,5500
2007-05-25,79.84398651123047,80.00077002315514,79.80478876419785,79.97137358193213,10800
2007-05-29,80.06938171386719,80.35355983481814,80.06938171386719,80.35355983481814,18100
2007-05-30,80.03996276855469,80.08896181833501,80.00076502397151,80.05955790274362,7500
2007-05-31,80.04977416992188,80.09876574967585,79.9909738075283,80.08897191944882,8000
2007-06-01,79.7397689819336,79.84768511614914,79.64166544668855,79.84768511614914,30200
2007-06-04,80.20085144042969,80.26952465297369,80.12236563043116,80.26952465297369,28900
2007-06-05,80.58346557617188,80.62270848368789,80.24991208951472,80.24991208951472,28600
2007-06-06,80.70117950439453,80.92681682522313,80.5834508034288,80.6423114115027,26000
2007-06-07,80.10272979736328,80.29893679314961,80.07329949647705,80.29893679314961,5700
2007-06-08,79.38656616210938,79.54353775869427,79.35713585895414,79.52391256671231,24700
2007-06-11,79.20999145507812,79.2786646700346,79.14131824012165,79.26885955705444,20300
2007-06-12,78.95492553710938,79.043216464798,78.90587003184731,78.98435584633891,20500
2007-06-13,78.85680389404297,78.93528969795204,78.75870038156573,78.82737358878163,11600
2007-06-14,78.74889373779297,78.87643504999109,78.70965831769071,78.77833153009786,11300
2007-06-15,78.97455596923828,79.023611482402,78.87645242773127,78.87645242773127,15400
2007-06-18,79.07263946533203,79.33752719355275,79.07263946533203,79.14131267545989,8100
2007-06-19,79.21979522705078,79.21979522705078,79.1020665210333,79.12169171444532,17900
2007-06-20,79.37678527832031,79.43564590259625,79.30810457023843,79.42583330361026,3700
2007-06-21,79.14131164550781,79.1707419516341,79.08245103325524,79.13150653334468,11300
2007-06-22,79.78881072998047,79.90653195804197,79.70051232411568,79.7593804229651,20000
2007-06-25,80.01445007324219,80.20085200208938,79.74956981866568,79.93597174751287,20900
2007-06-26,79.98502349853516,80.04388411678399,79.92616288028633,79.92616288028633,16000
2007-06-27,79.96537780761719,79.99480810644398,79.87707942632021,79.98499551189619,14000
2007-06-28,79.69070434570312,79.99482748701622,79.61221853993897,79.88691137529511,3000
2007-06-29,80.47554779052734,80.55403360393926,80.14199431075542,80.23028523722947,13100
2007-07-02,81.14346313476562,81.23186180892054,80.97648286539297,81.07470611243845,19000
2007-07-03,80.8389663696289,80.89789881727863,80.7702093493865,80.82914179703623,7000
2007-07-05,80.69163513183594,80.7407430113815,80.54429650529158,80.68181055834529,6300
2007-07-06,80.67200469970703,80.77023546949408,80.53449061475185,80.57378142387556,11500
2007-07-09,80.74075317382812,80.82915935846353,80.71128694360125,80.72111151832847,7900
2007-07-10,81.55601501464844,81.58548124288795,81.22205443599493,81.26134523829904,10800
2007-07-11,81.56583404541016,82.0667823732997,81.56583404541016,81.83103757549652,17700
2007-07-12,81.64441680908203,81.73281548905364,81.59530143535079,81.67388303573924,12600
2007-07-13,81.67390441894531,81.94893259835668,81.67390441894531,81.94893259835668,14300
2007-07-16,81.73281860351562,81.83104186076709,81.67388614795559,81.82122478080986,13300
2007-07-17,81.68370819091797,81.80157309838603,81.664059043704,81.742640644652,9500
2007-07-18,81.83104705810547,82.03731815962068,81.69353299042866,81.69353299042866,11900
2007-07-19,81.63457489013672,81.94889373095135,81.5363516574982,81.8899612901587,19000
2007-07-20,81.9194564819336,82.01767974930945,81.64442833569925,81.64442833569925,9500
2007-07-23,81.4577865600586,81.6051251858124,81.40867118682273,81.6051251858124,9000
2007-07-24,81.69355010986328,81.76230715811019,81.4578127292962,81.71319926305166,7800
2007-07-25,80.99615478515625,81.06491183317765,80.86846526567541,81.06491183317765,17800
2007-07-26,81.69355010986328,81.77213173470437,81.33012320939658,81.40869734028145,15100
2007-07-27,81.36939239501953,81.42833235039133,81.13365505539706,81.23187832241018,20200
2007-07-30,81.76229858398438,81.88999558444908,81.72300777568411,81.79176481672071,22200
2007-07-31,81.88998413085938,81.88998413085938,81.58548228261054,81.6640638882202,18500
2007-08-01,81.69622802734375,82.01097361854845,81.69622802734375,81.8437666647487,96400
2007-08-02,81.6863784790039,81.76505923027209,81.40113918129718,81.4404833089938,44700
2007-08-03,82.7289810180664,82.89618795172147,81.9322829778415,81.9322829778415,68000
2007-08-06,82.53228759765625,83.05358434143281,82.4831055446432,82.90604568652132,63300
2007-08-07,82.28638458251953,82.54211022251893,82.07982598264209,82.49293567826997,29800
2007-08-08,82.32571411132812,82.60112305268714,82.24703334649476,82.59128514303559,16800
2007-08-09,82.19784545898438,82.29620203612875,82.12899510457072,82.13883301352291,33200
2007-08-10,82.10933685302734,82.41424453077813,81.95196030700968,82.3355562577693,18800
2007-08-13,81.62735748291016,81.95194090412839,81.57818295201722,81.95194090412839,30700
2007-08-14,81.23394775390625,81.47001258689856,81.19461111920138,81.30280562495773,29600
2007-08-15,80.74214172363281,80.90935615749507,80.6732913699692,80.81099958142217,36500
2007-08-16,80.87002563476562,81.09624504738815,80.77166904214161,80.90936977264063,87400
2007-08-17,81.61754608154297,82.050316573134,81.51918198860587,81.63721439765436,135500
2007-08-20,81.6568603515625,81.66669825898738,81.51915966411275,81.55850378968763,34300
2007-08-21,81.57820129394531,81.87327105802089,81.54869506795042,81.87327105802089,68600
2007-08-22,81.60772705078125,81.74542780779721,81.26347515824136,81.26347515824136,34000
2007-08-23,81.56834411621094,81.70604480774452,81.46014964370242,81.46998755141907,26200
2007-08-24,81.9421157836914,82.04047986907732,81.88310333576077,81.99129782638435,38500
2007-08-27,81.85359954833984,81.88310577318347,81.73556714483895,81.77491127933925,20400
2007-08-28,81.98146057128906,82.13883710586158,81.94211643764594,82.11916128697692,50800
2007-08-29,82.07978820800781,82.17815225949079,81.9912695666214,82.1191323277763,74700
2007-08-30,81.73556518554688,82.01096661632091,81.70605896141053,81.73556518554688,14500
2007-08-31,81.48966217041016,81.98145253656124,81.48966217041016,81.98145253656124,31500
2007-09-04,81.31732940673828,81.34687307425554,81.05142888543404,81.11051622046855,40900
2007-09-05,81.82943725585938,81.94761943969331,81.20899769644132,81.20899769644132,85100
2007-09-06,82.01654815673828,82.13473032758664,81.80973499298972,81.83927865728978,151800
2007-09-07,82.99152374267578,83.11955630169315,82.70592998867048,82.90289275287714,79600
2007-09-10,83.08016967773438,83.21804512774172,82.98168828682178,83.14910740273804,63200
2007-09-11,82.86349487304688,83.28697155883023,82.82410081929407,83.2574278969275,78600
2007-09-12,83.21803283691406,83.2672772819215,83.12940185227757,83.18848917536857,48100
2007-09-13,83.08016967773438,83.11956373682912,82.92259344135542,83.02108234591653,38400
2007-09-14,82.95213317871094,83.07030782604595,82.68622519491223,82.9816768405447,36300
2007-09-17,83.07032012939453,83.20819558080409,82.92259428469897,83.20819558080409,37800
2007-09-18,83.41502380371094,83.52335560845121,82.88322268872227,83.00139737487534,50600
2007-09-19,83.2574462890625,83.44456620731253,82.991538245902,83.31653362592077,161200
2007-09-20,84.13392639160156,84.3505899341812,83.98620056587475,84.05513828272758,247900
2007-09-21,84.12409973144531,84.12409973144531,83.92713691734369,84.0256183243945,68600
2007-09-24,84.0551528930664,84.0551528930664,83.84833970655995,84.03545961924866,58400
2007-09-25,84.53770446777344,84.64603624184028,84.40967942280707,84.47861714142708,53000
2007-09-26,84.20286560058594,84.33089064453914,84.06499016443702,84.25211004791672,38200
2007-09-27,84.03546142578125,84.30136195310598,84.01576063789108,84.153636098526,43700
2007-09-28,84.73467254638672,84.82330353360652,84.27180179895633,84.38998396223035,68400
2007-10-01,84.43099212646484,84.59861747600918,84.30281511569942,84.45071629585429,42300
2007-10-02,83.86898803710938,84.00702715623278,83.77038974095949,83.90842886008289,88500
2007-10-03,83.66191864013672,84.3126808519761,83.51401745357623,84.3126808519761,31800
2007-10-04,84.0365982055664,84.05631485220074,83.61261883854708,83.66191421641614,46900
2007-10-05,83.74080657958984,83.9182865123089,83.55346456100655,83.55346456100655,32400
2007-10-08,83.15904998779297,83.38583278939487,83.09003044340389,83.33652989087433,25300
2007-10-09,83.36611938476562,83.45485557847326,83.03087621143733,83.09989575850986,45900
2007-10-10,83.37596130371094,83.69148025999255,83.24778431360335,83.50414581638381,67200
2007-10-11,83.29708862304688,83.7309224937082,81.5124276789057,81.5124276789057,78600
2007-10-12,83.36611938476562,83.36611938476562,83.07031702727399,83.17877739018316,52800
2007-10-15,83.51403045654297,83.6816558394461,83.44501089507746,83.51403045654297,32400
2007-10-16,83.3365249633789,83.44498531565817,83.2675054230708,83.41540658732123,17700
2007-10-17,83.48444366455078,83.68164776583171,83.41542410974428,83.52388448480697,16100
2007-10-18,84.39152526855469,84.48026895828953,84.2534862156909,84.48026895828953,33500
2007-10-19,84.63804626464844,84.63804626464844,84.0858899121973,84.43098763247926,21500
2007-10-22,83.79010009765625,84.07603285257339,83.74079719642691,84.0365995586698,34100
2007-10-23,84.08588409423828,84.30280479556836,84.03658872193228,84.12532490562245,20200
2007-10-24,84.29296112060547,84.32253985496182,84.12534327754135,84.13520536318255,39700
2007-10-25,84.68737030029297,84.75638986157615,84.49017370307473,84.70709447355559,85300
2007-10-26,84.78594970703125,84.96342961400906,84.76623306072985,84.77609514516371,63100
2007-10-29,84.85498046875,84.8648425544874,84.60848098328646,84.79582299946028,46800
2007-10-30,85.23950958251953,85.77194931460211,84.80567565170765,85.77194931460211,124500
2007-10-31,85.12120056152344,85.72265988267579,84.76624071551329,84.76624071551329,48500
2007-11-01,85.35314178466797,85.76771519460459,84.5042490705013,84.59308300226537,44200
2007-11-02,85.69862365722656,85.9453946315368,85.13598613703331,85.9355216839257,44300
2007-11-05,85.72824096679688,86.8041664061051,85.64927244208833,86.35997410275925,55100
2007-11-06,86.46855163574219,86.76467983007616,86.11320081488255,86.3204875385752,48600
2007-11-07,87.30757904052734,87.60370726050989,87.20887214415099,87.50500036413354,158500
2007-11-08,87.75178527832031,87.88010351086145,87.18914759586356,87.84061923988233,148300
2007-11-09,88.95600891113281,90.37740468815588,87.7616382269298,87.85047216824559,193500
2007-11-12,87.52474975585938,89.82465763231153,87.07069195065132,89.82465763231153,302900
2007-11-13,87.62345886230469,88.03803993907029,87.3174651780639,87.3174651780639,57400
2007-11-14,87.92943572998047,89.52850683024577,87.83072884602684,87.85046721047655,31800
2007-11-15,88.0775146484375,88.8375660667664,87.75177509878779,87.94918889992798,82300
2007-11-16,88.32427978515625,89.32122920465284,88.25518420627179,88.81782178600325,69900
2007-11-19,88.65988159179688,89.0942009470376,88.41311060011064,88.70923880247533,129200
2007-11-20,89.29161834716797,89.43968245435157,88.9658788175347,89.43968245435157,126000
2007-11-21,89.81477355957031,89.81477355957031,89.55813713461772,89.69632829600864,253900
2007-11-23,89.74568939208984,89.88388057105493,89.62724411346515,89.86414220156897,53100
2007-11-26,90.16024780273438,90.17012075124819,89.30148955336213,89.82464286179653,113200
2007-11-27,89.4890365600586,90.10102380325169,89.35083787552625,90.10102380325169,97600
2007-11-28,88.90666198730469,89.06459905349861,88.34402436798297,88.70924818541607,110300
2007-11-29,88.36375427246094,88.58091395225141,87.38654324425691,88.09724491235188,78200
2007-11-30,87.25823974609375,88.09725976146059,87.25823974609375,87.96894153398004,146500
2007-12-03,87.65544891357422,87.73449971379267,87.39853758221383,87.39853758221383,82700
2007-12-04,88.53485870361328,88.56450086579588,88.24830523801755,88.24830523801755,45800
2007-12-05,87.62580108642578,88.07044861620108,87.59615892293392,88.07044861620108,120700
2007-12-06,87.43806457519531,87.70485914611805,87.4084224092482,87.65545051040662,40200
2007-12-07,87.53688049316406,87.62581453598872,87.38866965295612,87.38866965295612,28300
2007-12-10,87.59617614746094,88.04082376466978,87.57640967544707,87.83332104072564,29800
2007-12-11,87.39852905273438,87.53686417026653,87.12185881767006,87.26019393520222,89400
2007-12-12,87.23056030273438,87.3096111029682,86.68710301320007,86.85508030967253,68600
2007-12-13,86.58827209472656,86.88470877952676,86.38076943084565,86.88470877952676,60200
2007-12-14,85.7286376953125,85.94602363904,85.56065285053236,85.9064982366623,94300
2007-12-17,86.02505493164062,86.0448213994281,85.43218905589293,85.44207228978667,118000
2007-12-18,85.3729248046875,85.89662324371977,85.27411505861167,85.85709783754936,41200
2007-12-19,85.53099822998047,85.68909981647143,85.4025463449805,85.54088146381079,49100
2007-12-20,85.3333969116211,85.59030827489133,85.2444628656544,85.42232341888761,30900
2007-12-21,85.47171020507812,85.66932964094005,85.46182697167555,85.54087776149962,44600
2007-12-24,85.50135803222656,85.61005099076249,85.30373858326963,85.34326398080077,30700
2007-12-26,85.96576690673828,86.09421878703536,85.88671611638702,85.90648258332399,26100
2007-12-27,86.825439453125,87.0527010838491,86.42030974984384,86.42030974984384,46200
2007-12-28,87.7542495727539,87.882708994504,87.47757933928978,87.64555661836465,46500
2007-12-31,87.32936096191406,87.9518765257146,87.03293179987908,87.9518765257146,25300
2008-01-02,88.58454132080078,88.72301588595568,87.64489140777866,87.93173373454172,47200
2008-01-03,89.01976013183594,89.10877626974445,88.6241152442125,88.7428109743891,31600
2008-01-04,89.48463439941406,89.64288781269653,89.12855478665615,89.46484800631757,152000
2008-01-07,88.713134765625,89.12855848230181,88.43618562117379,89.02964915161184,90700
2008-01-08,88.97030639648438,88.97030639648438,88.67357837479737,88.81205296084444,52700
2008-01-09,88.7823486328125,88.92082316851142,88.6537597451662,88.8911511317611,46200
2008-01-10,89.70225524902344,89.92974598562611,89.19780778436215,89.19780778436215,44300
2008-01-11,89.88027954101562,90.02863975822679,89.791255864391,89.81104225755111,49100
2008-01-14,90.67155456542969,90.70122660653631,90.47373592718732,90.70122660653631,83200
2008-01-15,90.76058197021484,91.23534974005408,90.51330488908675,91.23534974005408,113200
2008-01-16,90.06820678710938,90.96829903632292,89.80115084452731,90.91884059873827,119900
2008-01-17,90.05831909179688,90.21657250513795,89.83082084889034,89.85059969569626,112100
2008-01-18,90.1275634765625,90.20668641631848,89.81104907864308,89.9594093071221,60800
2008-01-22,90.40450286865234,90.47374014989843,89.811039379929,90.04842326615879,108400
2008-01-23,90.82981872558594,91.1858983240541,90.75068824897131,90.80014668342986,69000
2008-01-24,91.25513458251953,91.45295322554303,91.0474227434556,91.21556934465532,72300
2008-01-25,90.36494445800781,90.6122215591853,90.17701144629747,90.33527241327424,57900
2008-01-28,91.07710266113281,91.1760119911977,90.84960441031521,90.93862808978233,97100
2008-01-29,90.70124053955078,90.82982946582902,90.43418458227022,90.64189644822143,65400
2008-01-30,91.53209686279297,91.54199006025596,90.63200455112631,90.80015872280266,91800
2008-01-31,91.64090728759766,91.79916072914033,91.37384375718922,91.7299234335343,149700
2008-02-01,90.9200210571289,91.93992424830445,90.85070746805721,91.93992424830445,67000
2008-02-04,91.07845306396484,91.20717613758691,90.75168577559997,91.08834960874123,322300
2008-02-05,89.95953369140625,90.20708332047154,89.87041945115801,90.0882643334739,219600
2008-02-06,90.3259048461914,90.51404497131026,90.18727766598217,90.37541023648629,32000
2008-02-07,89.6822738647461,90.18727719263768,89.27629642615399,89.94962412385652,111700
2008-02-08,89.94963073730469,89.99914368559482,89.59316621715367,89.63276751024749,109300
2008-02-11,89.95953369140625,90.02884728535993,89.74168880909036,89.9694377918611,77100
2008-02-12,89.9298324584961,90.27640044180598,89.87042296267596,90.08826785350372,46100
2008-02-13,89.4743423461914,89.52385529596025,89.25649745459324,89.41493285016116,31400
2008-02-14,90.29621124267578,90.36552484133296,89.61297180261529,89.61297180261529,36700
2008-02-15,90.74178314208984,90.99923684810733,90.68237365401446,90.80119263016525,46500
2008-02-19,90.69227600097656,90.74178894728328,90.52394407091761,90.74178894728328,40200
2008-02-20,90.11797332763672,90.30610591745506,89.95953793135233,90.2566005220778,44100
2008-02-21,91.06855773925781,91.3656127580725,90.10806398039867,90.24669116676854,58600
2008-02-22,91.41512298583984,91.48443657696289,91.2071822124707,91.36561004020274,92700
2008-02-25,91.01905822753906,91.34582559562317,90.9794493749274,91.34582559562317,134700
2008-02-26,92.20729064941406,92.28650079100758,91.28640570617844,91.306206352923,100100
2008-02-27,93.51436614990234,93.51436614990234,92.85092729000414,92.89053614392466,215000
2008-02-28,94.51444244384766,94.72239077391816,93.68267934202528,93.89062011748088,189100
2008-02-29,95.30660247802734,95.37591606855405,94.82140734434043,94.86101618958637,152800
2008-03-03,95.26297760009766,96.04626067759249,94.85646043799183,96.02642651311461,312500
2008-03-04,95.60008239746094,95.99668247586095,95.5604216331692,95.8677906653008,150900
2008-03-05,95.778564453125,95.97686830025427,95.3323940349912,95.92729044734237,199200
2008-03-06,97.09725189208984,97.09725189208984,96.21482061820846,96.31396875463552,291700
2008-03-07,96.7105712890625,97.23606323336438,96.4726142427692,97.23606323336438,184600
2008-03-10,97.41452026367188,97.5533291530338,96.67089797158278,97.29553797371145,161600
2008-03-11,96.02643585205078,96.84937977401847,95.88762694527527,96.83946269081505,194000
2008-03-12,97.85079956054688,97.85079956054688,96.82955929702145,97.0675163573287,158600
2008-03-13,98.10858154296875,98.67373427933902,97.64258451416953,98.4556113904306,401000
2008-03-14,99.39752197265625,99.82386576100497,97.98959878862759,97.99950830696007,387600
2008-03-17,100.71621704101562,101.16238744355542,100.3196169251369,101.13264375865518,831300
2008-03-18,99.00091552734375,100.62696904282338,98.90176739874471,100.62696904282338,432700
2008-03-19,99.1992416381836,99.88336917439601,98.95136747873238,99.1992416381836,138300
2008-03-20,98.14823150634766,98.53491451683955,97.47401361749965,98.04908337421186,316000
2008-03-24,97.21622467041016,97.74171655005824,96.74030307186034,97.74171655005824,311900
2008-03-25,98.4754409790039,98.50518466636967,98.07884083025006,98.13833576950026,88700
2008-03-26,100.2601089477539,100.30967922422624,99.29835632289614,99.42724811914398,114600
2008-03-27,99.83377075195312,100.08164484156309,99.66521062198551,99.89325811281411,139700
2008-03-28,99.83377075195312,99.89325811281411,99.34793208986544,99.4966580565348,89700
2008-03-31,100.09156036376953,100.58730857273227,99.72471153042821,100.00232931712456,130800
2008-04-01,98.12490844726562,98.99854666821345,97.8767171479868,98.6212910458233,290000
2008-04-02,98.60142517089844,98.70070016177189,97.80721009551822,97.80721009551822,98200
2008-04-03,98.28375244140625,98.64114851076532,97.66823530546625,98.0355611473623,171000
2008-04-04,98.80990600585938,99.22686551661094,98.48229171561327,98.77019449423594,104200
2008-04-07,97.87670135498047,98.12489261421213,97.67815137727361,98.11497041726409,207000
2008-04-08,97.96604919433594,98.27380391648227,97.85684443985903,97.97597896497814,70200
2008-04-09,99.21693420410156,99.54454089005343,98.33337398069442,98.3830076850165,131900
2008-04-10,98.70072174072266,100.01117159966643,98.54188323543751,99.90196681357128,90500
2008-04-11,99.40557861328125,99.70341120854498,99.08789404629212,99.51478339326478,129300
2008-04-14,99.27650451660156,99.91187353957211,99.07795453724684,99.54454774615006,127100
2008-04-15,98.70072174072266,99.28645719106915,98.55180543475673,99.20703415132759,104900
2008-04-16,99.57434844970703,99.71333496599263,99.37579087344396,99.5644186773446,102700
2008-04-17,98.61136627197266,99.31622863461291,98.55179521124727,99.13753060083107,63900
2008-04-18,97.43989562988281,97.60866387829628,96.65561029560088,97.05271784860645,314500
2008-04-21,98.5120849609375,98.631211926365,98.09511785935118,98.46244367587825,142700
2008-04-22,98.97866821289062,99.25664877730064,98.19439052229909,98.27380596650603,248800
2008-04-23,97.9164047241211,98.26387851751169,97.66821348552524,98.26387851751169,45500
2008-04-24,95.781982421875,96.63575345959173,95.55364311088552,96.37763998097363,338900
2008-04-25,95.781982421875,96.41735149480644,95.71248916621677,95.7919046196856,164600
2008-04-28,96.01029968261719,96.16914571399828,95.80181994707625,95.92095447061207,119700
2008-04-29,96.0202407836914,96.34785508142724,95.60328126340755,95.6429852017423,181400
2008-04-30,95.9011001586914,96.12943944770322,95.19623789794475,95.56356368489557,222200
2008-05-01,94.56158447265625,94.99881235183238,94.42245789585402,94.9491313285756,508300
2008-05-02,93.89578247070312,94.09452928771542,93.5976736173085,93.77654196191162,287300
2008-05-05,94.26347351074219,94.49202291018312,93.6771797833168,94.25353427294391,203400
2008-05-06,94.35291290283203,95.21744471970219,94.32310276801199,94.81002690813197,130800
2008-05-07,94.203857421875,94.203857421875,93.7566826781386,93.85605231627422,84500
2008-05-08,94.34297180175781,94.7404503347944,94.32309332625576,94.43240219726593,227200
2008-05-09,95.36649322509766,95.44599196410181,94.94913621745144,95.06837674454063,77500
2008-05-12,95.02862548828125,95.38636222528015,94.6112684889215,94.63114696398637,153900
2008-05-13,94.3727798461914,94.76032671432199,94.08460260912204,94.09454184665324,92200
2008-05-14,94.09455108642578,94.2336700998559,93.90574346187736,94.2336700998559,111000
2008-05-15,94.03491973876953,94.4025957356819,93.766620960397,94.38272484082434,67100
2008-05-16,94.82988739013672,95.21743426307305,93.96535566820809,93.96535566820809,119300
2008-05-19,94.33302307128906,94.85968889783959,93.97528636242149,94.85968889783959,73400
2008-05-20,95.90310668945312,95.97266619678254,95.4460002725145,95.4460002725145,92300
2008-05-21,96.9862289428711,96.99616817944417,96.30057324765194,96.30057324765194,85400
2008-05-22,96.32044982910156,96.67818655270253,96.10183210007692,96.67818655270253,69200
2008-05-23,97.09555053710938,97.33403917623306,96.88687203019902,96.9961809025926,58000
2008-05-27,96.1217041015625,96.81729902760269,96.1217041015625,96.56887118524318,73700
2008-05-28,95.86333465576172,95.91301567415731,95.65465618310213,95.65465618310213,44800
2008-05-29,94.71063232421875,95.0484981468941,94.43239434167224,94.88950068177243,86000
2008-05-30,95.43604278564453,95.49566304297902,94.80006810268928,94.81993899466202,45200
2008-06-02,95.83490753173828,96.29244744272191,95.06902732149793,95.29779348268599,221300
2008-06-03,95.43704986572266,95.70561069984872,94.79053082576212,95.1088198075578,76100
2008-06-04,95.37736511230469,95.67576432791047,95.31768830462644,95.57629286363702,69700
2008-06-05,95.79511260986328,96.03383500449993,95.42709553152713,95.42709553152713,59700
2008-06-06,97.56561279296875,97.63524586201149,96.50133325569357,96.52123058645098,85800
2008-06-09,96.710205078125,97.25726018716908,96.61073361411039,97.22742178340759,94900
2008-06-10,95.41714477539062,95.92442036711014,95.28784250591991,95.83489757393296,95800
2008-06-11,96.43171691894531,96.48145266194659,95.8249772796526,95.87471302265389,70200
2008-06-12,95.3674087524414,95.45693154534197,95.05906848617575,95.30773194957881,57200
2008-06-13,94.7706298828125,95.01929337750443,94.50207664753256,94.60154052768782,70300
2008-06-16,95.22816467285156,95.75533003902495,95.11875213399212,95.72549163544642,62100
2008-06-17,95.50667572021484,95.53652171526389,95.1585483307221,95.3276376929603,29300
2008-06-18,96.0139389038086,96.07361570892665,95.2679484854051,95.37736102052617,44700
2008-06-19,95.1386489868164,95.37736380285932,95.06902351594526,95.37736380285932,39500
2008-06-20,96.22282409667969,96.57095147266833,95.97416060117243,96.03384500034737,54200
2008-06-23,95.19832611083984,95.20827477488521,94.85019875532427,95.05907516863361,61900
2008-06-24,95.54645538330078,96.13330515603575,95.53651430766318,95.63597818429072,67200
2008-06-25,96.12334442138672,96.23275694852006,95.26794153031136,95.82494524036736,95900
2008-06-26,97.3467788696289,97.38656593583045,96.62067819151297,96.70025232391605,120500
2008-06-27,97.784423828125,97.90378502966834,97.42634781210212,97.56559875293244,58500
2008-06-30,97.4760971069336,97.94358572560334,97.43631003421615,97.78443743473356,182500
2008-07-01,97.59254455566406,98.17991565820718,97.48303481782295,98.17991565820718,144500
2008-07-02,98.26952362060547,98.29938853579182,97.80161969508649,98.15005636451028,196400
2008-07-03,97.04500579833984,97.5825894029684,96.90562355062815,97.3038400982428,114000
2008-07-07,97.05496215820312,97.41335631534963,96.30830893003946,96.40786117472473,113800
2008-07-08,96.27843475341797,96.98526549663491,96.26847725130261,96.9255356746401,83700
2008-07-09,96.88572692871094,96.88572692871094,96.5173752519679,96.53729025900793,60600
2008-07-10,96.92556762695312,97.16449458904523,96.50744354445412,96.63686073322252,101000
2008-07-11,98.05050659179688,98.26952610249472,97.71202741733651,98.03059917961977,219200
2008-07-14,98.12020111083984,98.28944830581058,97.52287996224749,97.72199207534527,494600
2008-07-15,98.63788604736328,99.51395656815963,98.30935675380819,98.98632275476237,541900
2008-07-16,97.9609146118164,98.76729774639708,97.84144734932846,98.7473903336575,445700
2008-07-17,97.4830551147461,98.08037624848014,97.16448333706458,97.8016268924276,110500
2008-07-18,97.45318603515625,97.64234063097756,97.41336361522808,97.42332111904761,78600
2008-07-21,97.73194122314453,97.77176364545386,97.31381718192216,97.44323435791468,132000
2008-07-22,96.69657135009766,97.81157627709887,96.40786451376655,97.74188894387065,219500
2008-07-23,96.01962280273438,96.50744181894574,95.79065335013405,96.36806712727136,230600
2008-07-24,96.24858856201172,96.29836848692165,95.87028695688686,96.02956904496833,114100
2008-07-25,96.16893768310547,96.22867510831728,95.74085617994433,96.01960551310049,138900
2008-07-28,96.37801361083984,96.58707564091912,96.25855393385213,96.48752337831243,472300
2008-07-29,95.4123306274414,96.05943165900709,95.15349629109512,96.05943165900709,256100
2008-07-30,95.04397583007812,95.27294522454487,94.69553918935756,94.88468616840638,153600
2008-07-31,95.16343688964844,95.65125578922732,94.97428990779977,95.65125578922732,74200
2008-08-01,94.84657287597656,95.24517314654949,94.80671208865249,94.96615523794878,94400
2008-08-04,95.16544342041016,95.52418287293084,94.99604079079405,95.1056560458791,85800
2008-08-05,94.547607421875,94.78677211204842,94.41806558336445,94.66718976696171,214300
2008-08-06,94.00950622558594,94.29849121532504,93.9198251611845,94.29849121532504,213900
2008-08-07,93.75041961669922,94.24866801057708,93.67069804903865,94.18887303349808,109700
2008-08-08,92.17594909667969,92.48486065539356,91.94675149969832,92.4350403796441,332900
2008-08-11,91.64781951904297,92.42508587112802,91.59799163384044,92.33540480096491,317600
2008-08-12,91.68767547607422,91.87700470399963,91.42858417147356,91.81721732704082,137800
2008-08-13,91.86705017089844,91.9567312411799,91.42858910907476,91.56809806462451,94800
2008-08-14,91.06983947753906,91.73749049081837,90.76092791075816,91.70759680405467,130500
2008-08-15,90.82072448730469,91.01006132621663,90.67124843567251,90.98016763642376,161700
2008-08-18,90.82072448730469,91.0499221134964,90.62142815357366,90.66128894085342,225500
2008-08-19,91.38872528076172,91.42858606711656,90.72107421532056,90.72107421532056,122000
2008-08-20,90.74099731445312,91.04991649614551,90.29257678988984,90.84065307783816,127400
2008-08-21,91.73747253417969,91.93677641137108,91.43852812239089,91.70757885326736,136700
2008-08-22,90.72106170654297,91.12962140567866,90.68120092568422,91.07980113160515,150500
2008-08-25,90.97018432617188,91.25916928044624,90.91039695724146,90.94029064170667,72700
2008-08-26,90.62141418457031,90.71109524012488,90.43207737484404,90.50183184116425,63300
2008-08-27,90.87055206298828,90.94030653982367,90.48191889166719,90.93033944237067,67900
2008-08-28,90.68121337890625,91.60795575380837,90.5715981171579,91.60795575380837,78100
2008-08-29,90.5616226196289,90.97018993964187,90.37229340544425,90.92036206068086,39100
2008-09-02,90.05589294433594,90.18557511056441,89.77658921777578,89.78656652528315,122200
2008-09-03,90.24541473388672,90.2753390429685,89.72670134161928,89.78655757023783,229200
2008-09-04,89.93618774414062,90.21549144600546,89.63692942902539,90.19553683275505,184300
2008-09-05,89.25788116455078,89.98606477490893,89.14815361606576,89.89629184094241,268600
2008-09-08,88.26036071777344,88.77906652188523,87.67182137552867,88.4099822696146,267100
2008-09-09,88.31023406982422,88.91872042954029,87.76160394268148,87.82145256479927,210800
2008-09-10,87.93118286132812,88.36011575764508,87.76160668638917,88.31023683068385,124900
2008-09-11,87.50225067138672,87.65187984302253,87.36259880731484,87.47232635915071,228900
2008-09-12,88.2104721069336,88.24039641401578,87.90124411981178,88.1605931881603,88800
2008-09-15,90.23545837402344,90.23545837402344,88.85888656352871,89.01848545249806,291800
2008-09-16,88.83892059326172,89.78656693897801,88.4897909334529,89.63693776750115,253600
2008-09-17,90.7940444946289,90.98357526539763,88.90873692478257,89.27782115984404,274700
2008-09-18,90.13568878173828,91.54218460654808,90.0658628558322,91.11325174442351,380200
2008-09-19,90.87384796142578,91.35265973760104,89.67682993667013,89.80650447937458,334200
2008-09-22,93.66690063476562,93.72674925316613,91.40253150618267,91.71176712564704,761300
2008-09-23,92.39008331298828,93.18809283069886,91.92124882097494,92.98859235388505,405200
2008-09-24,91.72174835205078,92.68934172692164,91.57212678724065,92.68934172692164,217100
2008-09-25,91.94119262695312,92.67936110849405,91.52223707394131,92.58958056973147,225100
2008-09-26,92.00104522705078,92.40004615106231,91.83146146284561,92.13071976630904,189500
2008-09-29,91.99107360839844,92.61950695198043,91.13320786991525,91.22298080023185,269900
2008-09-30,88.94863891601562,90.53469579237805,88.87881299129873,90.53469579237805,190100
2008-10-01,88.51128387451172,89.10043108790354,88.39145538577547,88.51128387451172,174800
2008-10-02,87.4927749633789,87.95210611060027,87.48278735065426,87.54269779036946,181000
2008-10-03,88.34153747558594,88.81085622634232,87.3729447548021,87.50275324441542,144400
2008-10-06,86.73385620117188,87.712428707652,86.57408490801578,87.3529585346799,317600
2008-10-07,87.5726547241211,87.67251561668928,87.17324162711432,87.37294817561771,122500
2008-10-08,88.39144897460938,88.67104876138082,87.34297834289853,87.87220746437856,442000
2008-10-09,88.0918960571289,88.4713415126594,87.76237342509896,88.08190844510247,85700
2008-10-10,87.68248748779297,89.34008063640309,87.18321354447413,88.96062756375866,223500
2008-10-13,87.32301330566406,88.67105910387941,86.82373934138167,88.64109626663694,157600
2008-10-14,88.11185455322266,88.2416706411975,87.53270262693532,87.54268261961414,117600
2008-10-15,87.9720687866211,88.33154664139514,87.52272527731151,87.9820563987859,99200
2008-10-16,87.84224700927734,88.27162284759922,87.57263484983712,88.09188394741065,57800
2008-10-17,87.92213439941406,88.16178373164081,87.67249745633602,87.98204482789203,71900
2008-10-20,86.53417205810547,87.4827895967614,86.43431116492776,87.4827895967614,194800
2008-10-21,86.29450225830078,86.52417161290458,85.87511399509253,86.35442030898439,132000
2008-10-22,85.8751220703125,85.99495056463232,85.18612156002675,85.62548508754996,166700
2008-10-23,85.75528717041016,86.0049241345258,85.12620476343234,85.12620476343234,104200
2008-10-24,85.22604370117188,86.61402437890673,85.20607609945749,86.28450943157667,200400
2008-10-27,86.3743896484375,86.62402661273934,85.80521767456192,85.81520528626235,199700
2008-10-28,86.05485534667969,86.43430079294589,85.69537750566302,86.19465143837333,71400
2008-10-29,88.10188293457031,88.3614998985664,86.5441430590151,86.5441430590151,194300
2008-10-30,87.4927749633789,88.37149442523938,86.91361531841079,88.19175548777743,36500
2008-10-31,85.88510131835938,86.79377588559436,85.50564826579311,86.79377588559436,84300
2008-11-03,84.81565856933594,85.88509915539262,84.81565856933594,85.56526667055533,99900
2008-11-04,85.84513092041016,86.14497725220296,85.13550273560344,85.13550273560344,82500
2008-11-05,85.82513427734375,86.39483613808208,85.46532177315028,85.54527417654256,67300
2008-11-06,84.74571228027344,85.40536357512714,84.66575223683377,85.05554791684037,69100
2008-11-07,84.71571350097656,85.3453815694268,84.49582723489323,85.3453815694268,53400
2008-11-10,84.68572998046875,85.06552867657774,84.31592056883589,85.06552867657774,103900
2008-11-11,83.98609924316406,84.63576119072705,83.95611613603802,84.63576119072705,31600
2008-11-12,83.99608612060547,84.71571110730567,83.91612609421482,83.91612609421482,103600
2008-11-13,84.06604766845703,84.06604766845703,82.89666089959688,83.81617830970532,193700
2008-11-14,83.68624877929688,84.09603056141427,83.50634253642865,83.78619499746641,133000
2008-11-17,83.3564224243164,83.59629488171797,83.0565761335085,83.27646239671324,195400
2008-11-18,83.12654876708984,83.46637511060041,82.88667628222926,83.00661633736395,120900
2008-11-19,82.2869873046875,83.7062435746006,82.1470610597895,83.13654168454205,146100
2008-11-20,81.63732147216797,82.12706330585763,81.54736453309383,82.1170740212779,103800
2008-11-21,81.71728515625,81.75726517258137,81.21754639022055,81.68730205035358,123000
2008-11-24,83.46637725830078,83.52634347470674,82.53686277696346,82.53686277696346,114800
2008-11-25,84.3359146118164,84.41587464751484,83.86616655925769,84.05606211228059,202500
2008-11-26,83.15652465820312,83.70624033143851,82.84668907442034,83.65626340645052,125500
2008-11-28,82.41691589355469,82.54684522681076,82.04710646372197,82.31696966601861,43400
2008-12-01,83.02659606933594,83.19650541515756,82.41691418100359,82.41691418100359,64500
2008-12-02,82.76673126220703,83.28646384453829,82.6567881246142,82.90665750543275,65200
2008-12-03,82.49687957763672,82.51686577386532,82.14706395307095,82.20703016716546,48800
2008-12-04,83.66624450683594,83.74620452154412,82.38691477313189,82.38691477313189,53900
2008-12-05,81.6972885131836,82.30697039671101,81.50739297392998,82.28698420193994,85900
2008-12-08,82.88667297363281,83.0565823259014,82.37693729141853,82.37693729141853,35800
2008-12-09,82.86669158935547,83.1265502754159,82.1370695851792,82.30697894731307,40000
2008-12-10,83.45638275146484,83.70625216090038,83.18652714445454,83.23649645109612,41200
2008-12-11,84.2959213256836,84.70571072508017,83.8261733470638,84.04605197251226,121800
2008-12-12,84.8856201171875,85.05552945355694,84.55579072865308,84.72570006502252,49700
2008-12-15,86.22492980957031,86.44481610319835,85.57527546528075,85.63524168157603,148200
2008-12-16,89.45323944091797,89.6831226292978,87.05449183026975,87.13445186322001,189200
2008-12-17,93.24127197265625,93.34121821374181,90.95246721237268,91.02243034367352,333400
2008-12-18,92.28175354003906,94.54056705618403,92.00190107789068,94.54056705618403,337900
2008-12-19,90.49269104003906,90.53267105388413,89.69310601395372,90.21283856853158,159300
2008-12-22,91.29227447509766,91.6720808190268,90.81252952806187,91.00243270002645,104100
2008-12-23,91.65209197998047,92.25178463448516,91.65209197998047,92.01190452251974,44500
2008-12-24,92.70152282714844,93.21125840314481,92.55159970180752,92.89142596094074,123600
2008-12-26,93.77098083496094,93.8009639405639,93.2012789522797,93.33120828502862,122400
2008-12-29,94.37067413330078,96.44958939279812,94.27072789735378,95.93985367643668,251600
2008-12-30,94.61054229736328,95.13026723387323,94.2707159875849,94.50059916408863,86300
2008-12-31,93.9908676147461,94.16077696434766,93.25125637940344,93.82095826514453,59300
2009-01-02,92.30174255371094,93.75098945612677,92.04187627717295,93.57108320704783,129900
2009-01-05,89.84304809570312,90.78255955556264,89.84304809570312,90.39276387017615,192300
2009-01-06,89.55317687988281,89.65312309855682,88.62366255793998,88.96348885192081,89800
2009-01-07,90.71257781982422,91.28227967589521,90.33277149883823,91.24229966182259,57200
2009-01-08,91.53215026855469,91.67207650697567,91.11237155329172,91.59211647776137,56900
2009-01-09,89.67313385009766,90.20285577196172,89.36329822608113,89.97297256273681,94800
2009-01-12,89.67313385009766,89.97297256273681,89.04345806527807,89.19338123430222,56900
2009-01-13,89.17338562011719,89.32330877330924,88.79357928197624,88.93351315025492,38400
2009-01-14,89.41326141357422,89.53320146566783,89.15339511340903,89.16339202410232,80300
2009-01-15,88.87353515625,89.11341524029908,88.30383330109743,88.99347519827454,85400
2009-01-16,89.39326477050781,89.73308344028,89.00346917851844,89.6931034275878,63300
2009-01-20,86.98452758789062,87.43429704838877,86.69467819123405,87.16443384700821,253100
2009-01-21,86.5347671508789,87.4043077294888,85.95506834819999,87.19441836136198,414800
2009-01-22,86.58473205566406,86.72465829397626,86.2648995644636,86.36485341360782,98600
2009-01-23,86.3548583984375,86.52476774505793,85.24543775218464,85.54527642997218,131900
2009-01-26,87.87405395507812,87.99399399201538,86.96453345754544,87.04448585676263,116500
2009-01-27,87.63418579101562,87.9840013840921,87.40430261533223,87.72413510406042,61200
2009-01-28,86.70467376708984,87.67416816933472,86.32487505942419,87.5742219436762,95000
2009-01-29,86.604736328125,87.50426770113224,86.56475630872367,86.88458883852525,44500
2009-01-30,86.14496612548828,86.23491543816263,85.76515980421966,85.99504297895635,72900
2009-02-02,85.93507385253906,86.23491251001374,85.69519377607003,85.77515380155971,97900
2009-02-03,87.38431549072266,87.57421865011757,86.81461363794585,86.86459056159966,93100
2009-02-04,86.18495178222656,86.42482425713759,85.91508857571921,86.14497176550664,90500
2009-02-05,85.35538482666016,85.98505294193454,85.24544168544276,85.67521733963567,85800
2009-02-06,85.8551254272461,86.13497792886412,85.29541279860129,85.56527601473921,59100
2009-02-09,85.80513763427734,86.78462889133414,85.80513763427734,86.78462889133414,123400
2009-02-10,86.26490020751953,86.72465894045942,85.9450677139349,85.97505081873844,74600
2009-02-11,86.16494750976562,86.48477997932234,85.83511813088937,86.37483685303026,51200
2009-02-12,85.8551254272461,85.97505785627737,85.21546038771669,85.55527910385035,86800
2009-02-13,86.04501342773438,86.35485663481764,85.75517166608165,85.85511788996963,41800
2009-02-17,85.43534851074219,85.52529783444858,84.81566965426543,84.9256128001792,113100
2009-02-18,84.83564758300781,84.97557382318654,84.40587195234225,84.95558762833595,148200
2009-02-19,84.92561340332031,85.32540597080886,84.90561958097095,85.15548898247516,108000
2009-02-20,86.604736328125,87.25439829893072,84.1560116113048,84.1560116113048,502000
2009-02-23,85.3653793334961,86.03502744721158,85.3453855127058,85.64523182129311,152800
2009-02-24,85.99504089355469,86.13496712681577,85.35537593424463,85.64522531040197,76400
2009-02-25,85.24543762207031,85.99504575350737,85.00556515512477,85.85511951233843,89600
2009-02-26,85.77516174316406,85.87510797157594,85.37536920410811,85.87510797157594,54300
2009-02-27,85.32540130615234,85.94507250774424,85.20546125484009,85.35538441262827,80800
2009-03-02,84.80565643310547,85.22543511382015,84.74569022883408,85.15547200036771,119000
2009-03-03,84.87561798095703,85.16546733860136,84.65573173547462,85.16546733860136,73600
2009-03-04,85.1954574584961,85.2654205764215,84.58577559139984,84.78567566076383,34300
2009-03-05,85.31539916992188,85.4653223185272,84.62575726158224,84.62575726158224,55300
2009-03-06,86.08499908447266,86.6746948072548,85.9350835515191,86.64471170066408,67300
2009-03-09,86.1249771118164,86.15496021771436,85.51529520719666,85.55527522353007,71400
2009-03-10,85.945068359375,87.02450589285765,85.69519898359151,86.98452587768331,129600
2009-03-11,86.55474853515625,86.6047254594882,86.02502668903301,86.35485608864455,310100
2009-03-12,84.31592559814453,84.31592559814453,83.4563743066304,83.92612996890072,239900
2009-03-13,84.00608825683594,84.1460144990214,83.84616819410495,83.88614820978769,266000
2009-03-16,84.25595092773438,84.4858264678482,84.11602469668918,84.32591404325697,253400
2009-03-17,84.3858871459961,84.4758364624161,84.19598397745389,84.30592711446167,152600
2009-03-18,87.5942153930664,87.69416162700232,85.40535703044827,85.47532015674429,288500
2009-03-19,88.83356475830078,89.40326667512248,88.46376293315878,88.84356166923696,146300
2009-03-20,88.39379119873047,89.23334862579402,88.35381118428819,88.70362677889801,101600
2009-03-23,88.75360870361328,88.98348426784729,88.08395295573739,88.25386993304205,225900
2009-03-24,88.24386596679688,88.84355091845161,88.16390593980081,88.37379529160958,45600
2009-03-25,89.11341857910156,89.31331103122382,88.23387348878377,88.23387348878377,112200
2009-03-26,88.50373840332031,88.87354020945834,88.43377528118,88.87354020945834,50000
2009-03-27,87.25439453125,87.37432695886623,86.92456510448802,87.33434694119127,71700
2009-03-30,86.80461883544922,86.90456505977522,86.40482631273706,86.68468641642126,35000
2009-03-31,87.6741714477539,87.84408080026766,87.29436510047785,87.64418834147601,70500
2009-04-01,87.04448699951172,87.55422263142748,86.74464834134366,87.55422263142748,32300
2009-04-02,87.80409240722656,88.17390180866198,87.77410930380896,87.85406932986112,49600
2009-04-03,88.27385711669922,88.30384022320372,87.83408455354362,87.87406457068582,48500
2009-04-06,87.74413299560547,88.14392553141982,87.52424671963715,88.1239317106545,57300
2009-04-07,87.37431335449219,87.46427028660655,87.03449469527848,87.20440402488533,50400
2009-04-08,86.89456939697266,87.24438496914091,86.79461555457524,87.09446183095235,97700
2009-04-09,86.24491119384766,87.01450548514721,85.95506181454037,86.84459614654195,84900
2009-04-13,88.1439208984375,88.23387021092846,87.30435585481534,87.32434967452977,38500
2009-04-14,87.70414733886719,87.85407048333145,87.36432866179557,87.40430104993868,54300
2009-04-15,87.25439453125,87.32435765582903,86.8645988906799,86.87458817604214,26300
2009-04-16,86.91456604003906,87.16443542525954,86.6546997442954,87.04449537520665,102500
2009-04-17,85.4453353881836,85.63523856675661,85.4053553703046,85.60525545969955,78700
2009-04-20,85.35538482666016,85.46532796787754,85.02555540300798,85.31540480936214,51300
2009-04-21,85.41535186767578,85.74518129452437,85.34538874307837,85.42534877844932,47700
2009-04-22,85.65522003173828,86.01503254736586,85.6352338366071,85.70519695767868,47500
2009-04-23,86.70467376708984,86.72465996205825,85.8451225006918,85.8451225006918,27200
2009-04-24,87.55422973632812,87.86407295460852,87.50426043528239,87.74413290636369,50200
2009-04-27,86.36486053466797,87.08447798014771,86.03503110627598,86.92456553406622,41500
2009-04-28,87.25439453125,87.35434076273309,86.52477255314702,86.52477255314702,28600
2009-04-29,87.69415283203125,88.25386541167394,87.62418971275193,87.65417281738476,28700
2009-04-30,87.43429565429688,87.6441850156861,87.27437559300515,87.46427875943702,16400
2009-05-01,87.80409240722656,87.88405243327873,87.64417998053003,87.7241323811744,9600
2009-05-04,88.5337142944336,88.64365742389585,87.68415998755889,87.68415998755889,37900
2009-05-05,87.99400329589844,88.47374824355711,87.8340832297399,88.45376204799153,44700
2009-05-06,88.11393737792969,88.24386670382758,87.75412487885005,88.20388668999563,42300
2009-05-07,88.20388793945312,88.59368354807643,88.09394480620983,88.30383416274483,25400
2009-05-08,90.15287017822266,90.1928501944816,88.78359084204402,88.98348329793029,99400
2009-05-11,89.85303497314453,90.29279991820196,89.83304115153678,89.992961222764,19100
2009-05-12,90.14287567138672,90.44271433784697,89.95297251150964,90.33277120585582,31900
2009-05-13,90.07291412353516,90.39274661524635,89.92299097498751,90.11289413817506,38100
2009-05-14,90.29279327392578,90.45271333338513,89.85302836122884,90.04292390007664,25000
2009-05-15,88.84355926513672,90.31279249123763,88.70363301745174,89.98296306794792,76100
2009-05-18,89.50321197509766,89.51320125966984,88.9135162927921,89.08342563541598,33000
2009-05-19,89.95297241210938,90.08290173822445,89.39326746834236,89.54318298870284,26000
2009-05-20,90.6026382446289,90.91247383409626,90.31278885027855,90.31278885027855,73000
2009-05-21,91.24229431152344,91.37222363058466,90.20283688281111,90.51267244194575,130400
2009-05-22,91.97191619873047,92.24177939397052,91.68207443407734,91.81200376393592,73900
2009-05-26,92.00190734863281,92.25177672478291,91.5721317166383,91.59211791155069,53200
2009-05-27,91.68206787109375,92.20179277873218,91.55213092512842,92.20179277873218,28100
2009-05-28,91.94192504882812,92.27175442507986,91.8219926395784,92.01188816269296,49000
2009-05-29,93.41116333007812,93.54109265589068,92.94140769962114,92.97139080362342,47100
2009-06-01,93.14131164550781,93.65103968557918,92.99138849384813,93.46114414385795,89700
2009-06-02,93.98086547851562,94.14078553424237,93.58107296460672,93.6610329924701,80200
2009-06-03,93.12130737304688,93.40115982451631,92.83145801247998,93.29121670066655,62900
2009-06-04,93.271240234375,93.50112341514462,92.94141082843049,92.95140773857044,43200
2009-06-05,91.78202056884766,92.23178239326172,91.42220805915312,92.18181309355359,58900
2009-06-08,91.40221405029297,91.58212030476892,90.8724921969494,91.30226782567482,59100
2009-06-09,92.53162384033203,92.67155007282948,91.98190819451513,92.10184823325912,75300
2009-06-10,92.26176452636719,92.68155086686126,91.84198581128119,92.68155086686126,21800
2009-06-11,93.07135009765625,93.63105507287571,92.5116374970284,92.52163440741687,84500
2009-06-12,92.24178314208984,92.70154189574208,91.9819168464052,92.28176315876506,38800
2009-06-15,91.3322525024414,91.57213259614335,91.06239692878707,91.57213259614335,54400
2009-06-16,91.59210968017578,92.08185147830264,91.59210968017578,91.77201591985204,60700
2009-06-17,92.40169525146484,92.63157844016943,91.70206402568296,91.73204713172956,30400
2009-06-18,91.75203704833984,92.34172510991871,91.56213388424787,92.14183266117527,155700
2009-06-19,92.30174255371094,92.62157503813927,91.86197765350192,91.87196693787837,119000
2009-06-22,91.76201629638672,92.01188564269027,91.59210697099805,91.69205318443801,34900
2009-06-23,93.43115997314453,93.66103552771412,92.83146737334454,92.84146428345005,107100
2009-06-24,90.88249206542969,92.27176522144755,90.42273331689363,92.27176522144755,303100
2009-06-25,91.0723876953125,91.25229394074836,90.56265206234292,90.6625982819389,52900
2009-06-26,92.18180847167969,92.34172089829936,91.78201596701881,91.78201596701881,49300
2009-06-29,92.02188873291016,92.21179188898729,91.77201936982249,91.86197630574611,55700
2009-06-30,91.76201629638672,92.03187946062265,91.58211006203186,91.97190563223283,23200
2009-07-01,92.74152374267578,93.06135625698091,92.45167433511665,92.61159440497353,309900
2009-07-02,91.99191284179688,92.11185289062936,91.85198659752984,92.00190975221835,38200
2009-07-06,91.8719711303711,91.88196804061165,91.26228923763732,91.32226307367243,34100
2009-07-07,91.51215362548828,92.05187236792291,91.48217052180989,91.91194613381852,34700
2009-07-08,91.44219207763672,91.55213520994941,91.14235341029953,91.47217518182964,35100
2009-07-09,92.51164245605469,92.71154254749743,91.95193745083262,92.00191438004549,64100
2009-07-10,91.8919677734375,92.03189401947033,91.5321552478078,91.58212454972895,63100
2009-07-13,92.12184143066406,92.1318383410047,91.65208577496286,91.94193517157441,29600
2009-07-14,91.39222717285156,91.96192905612975,91.11237468638626,91.96192905612975,43300
2009-07-15,92.7914810180664,92.95140106719488,92.47164854521709,92.58159167264101,132400
2009-07-16,92.84147644042969,92.9014426580986,92.62159014176478,92.81149333159523,24600
2009-07-17,92.56160736083984,92.80147981400115,92.44166732155529,92.47165042502448,42900
2009-07-20,93.28124237060547,93.46114863616282,93.11133301574814,93.40117479737128,109500
2009-07-21,93.36119842529297,93.85094027299523,93.18129216740523,93.84094336272139,40100
2009-07-22,93.5111083984375,93.73099465895258,93.02136657982255,93.14130661976019,55800
2009-07-23,92.94140625,93.68102505575749,92.83146312010112,92.88144004293073,41300
2009-07-24,93.05135345458984,93.2612428139311,92.94141031987658,93.16129658930309,14000
2009-07-27,93.10132598876953,93.38117845469283,92.85145662627977,93.38117845469283,34700
2009-07-28,92.72151947021484,92.95140263837088,92.35171769481778,92.84145950908857,35700
2009-07-29,91.67207336425781,92.27175831199041,91.43220091024634,92.25177211807605,73900
2009-07-30,91.60210418701172,91.68206420819463,91.17232860491272,91.41220104305414,33800
2009-07-31,93.25125122070312,93.5011205887914,91.99190747042405,92.07186749831021,115500
2009-08-03,94.06082153320312,94.33067708408322,93.44114278154946,93.51110589662264,94400
2009-08-04,93.93090057373047,94.19075923832926,93.83094672152198,93.83094672152198,22100
2009-08-05,93.9408950805664,94.13079825982881,93.50113013311854,93.71101950868862,21100
2009-08-06,93.6210708618164,93.67104779512948,93.3012383146772,93.6210708618164,26100
2009-08-07,92.11185455322266,93.071352084976,91.91195446822704,92.95141203397863,130200
2009-08-10,91.82200622558594,92.13184182920108,91.57213683546827,92.09186181173321,45300
2009-08-11,92.09185791015625,92.27176416843538,91.92194856217272,91.97191786283406,57300
2009-08-12,92.56160736083984,92.83146291747035,92.0618686352659,92.42168112771176,55300
2009-08-13,93.09132385253906,93.31121009924979,92.93141143473595,92.9913776382362,61900
2009-08-14,92.8614501953125,93.20126885587827,92.67154704652133,93.13130574191429,98400
2009-08-17,92.43168640136719,92.48165570320157,92.13184008872697,92.16182319490929,53400
2009-08-18,92.59159851074219,92.74152166652462,92.29175219917732,92.33173221574654,28300
2009-08-19,93.52111053466797,93.78097682301856,92.7015392794776,92.7015392794776,103000
2009-08-20,93.76097869873047,93.8109556222221,93.28123378500567,93.34119999286929,67500
2009-08-21,94.2607192993164,94.39065625280553,93.70101434708043,94.18076689571703,128700
2009-08-24,93.8609390258789,94.16077771130581,93.77098208246493,93.9808714498863,59600
2009-08-25,93.9208984375,94.2707140245404,93.91090152775372,94.21074781687858,77200
2009-08-26,93.31121826171875,93.36119518594563,93.00138268265455,93.36119518594563,59900
2009-08-27,94.16077423095703,94.62053296527822,93.10133052253902,93.14131053753323,125100
2009-08-28,94.01084899902344,94.53058155702949,93.92089968633469,94.48060463304154,59100
2009-08-31,94.1008071899414,94.34067965237962,93.78097469822109,93.82095471286213,28100
2009-09-01,93.53111267089844,94.24074082933697,93.15130631468577,94.0108576334499,57100
2009-09-02,93.93090057373047,94.14078993763333,93.29122794631105,93.3412048724153,64700
2009-09-03,93.7809829711914,94.0608354729581,93.69102602396138,94.010858543896,41000
2009-09-04,93.95088958740234,94.21075588520529,93.20128142580073,93.31122456620164,77500
2009-09-08,95.20022583007812,95.49007520172256,94.93037027739273,95.11027652098555,173600
2009-09-09,95.66999053955078,95.91985992243703,95.53006429516715,95.67998744998059,75600
2009-09-10,95.92984008789062,96.14971870110668,95.31016138135337,95.5400369032542,37900
2009-09-11,96.0597915649414,96.23969783574574,95.85989909756273,96.1397516020564,47700
2009-09-14,96.28965759277344,96.439580741147,96.05978204062099,96.05978204062099,30600
2009-09-15,96.3496322631836,96.41959538297709,95.75993657457425,95.87987661939518,50700
2009-09-16,96.63948059082031,96.71943299441446,96.08976492319013,96.32963738478873,81400
2009-09-17,96.79939270019531,96.92932965324206,96.45957401618266,96.45957401618266,75800
2009-09-18,96.70944213867188,96.88934838830002,96.57950518730225,96.82937455481867,29300
2009-09-21,96.48954772949219,96.55951084147414,95.9498290261711,96.01979213815305,48800
2009-09-22,97.31912994384766,97.40907926144645,97.1792036995328,97.39908235102156,47800
2009-09-23,97.04925537109375,97.64894029439232,96.94930915477858,97.29912472458545,22700
2009-09-24,96.67945861816406,97.3491066901255,96.48955545953909,97.33910978035368,39400
2009-09-25,96.80939483642578,97.09924423718256,96.52954234615261,96.5995054687209,33200
2009-09-28,96.36962127685547,96.87935695049447,96.24968885393456,96.50954752053545,41300
2009-09-29,96.02980041503906,96.11974973020371,95.69997100861896,95.92985418972005,23200
2009-09-30,96.12975311279297,96.29966246981613,95.69997745211698,95.86988680914014,46600
2009-10-01,95.5700454711914,95.74995173406894,95.45010542080354,95.66999170047704,38300
2009-10-02,96.1397476196289,96.5495294484033,95.93984753512191,95.93984753512191,28400
2009-10-05,96.53953552246094,96.58951245148492,96.16973369915506,96.2796768426808,30000
2009-10-06,96.97930908203125,97.2891446939838,96.909345955932,96.909345955932,60100
2009-10-07,96.37962341308594,96.51954966435292,96.22970025089735,96.49956346791855,25500
2009-10-08,96.99929809570312,97.36909990443553,96.58950864500041,96.70944869468599,45400
2009-10-09,96.40959167480469,96.80938417060922,96.23968234234523,96.51953480178612,30600
2009-10-12,97.0292739868164,97.29912954678231,96.91933085579862,96.91933085579862,63200
2009-10-13,97.29913330078125,97.53900576616215,97.05926083540035,97.27914710591959,54200
2009-10-14,98.148681640625,98.24863548503548,97.74889676461396,97.87882608677677,40200
2009-10-15,98.08872985839844,98.36858236292198,97.89882667658225,97.93880669514401,47400
2009-10-16,97.76888275146484,97.88882278925911,97.5689903138821,97.64894271367058,28400
2009-10-19,98.35858154296875,98.4085508412545,98.01875523774906,98.10871217531614,32100
2009-10-20,98.35858154296875,98.59845400080103,97.94879211982266,98.59845400080103,58100
2009-10-21,98.84832763671875,99.23812325705553,98.5884613480248,98.5884613480248,60100
2009-10-22,99.15815734863281,99.15815734863281,98.5884555045684,98.80834176462972,21000
2009-10-23,98.66841888427734,99.03822067475926,98.62843886968858,98.9382744509914,30800
2009-10-26,97.75889587402344,98.95827349882364,97.58898652210117,98.82833653819374,60600
2009-10-27,97.35911560058594,97.77889435785013,97.13922931094979,97.69893432063539,69100
2009-10-28,96.97930908203125,97.62897103890074,96.89934904494388,97.50903098326967,192600
2009-10-29,97.71891784667969,97.87883791673875,97.40908224270105,97.46904845626888,32900
2009-10-30,97.05925750732422,97.43905619993836,96.88934816789747,97.43905619993836,55000
2009-11-02,97.3990707397461,97.88882016187178,97.15919829600357,97.32910762592921,71600
2009-11-03,96.94932556152344,97.08925181312591,96.37962364416795,96.41960366254135,37800
2009-11-04,97.99877166748047,98.328593446303,97.4890360087065,97.50902220347436,44600
2009-11-05,97.93879699707031,98.06873395088168,97.82885386326441,97.97877701167319,28200
2009-11-06,97.82884979248047,98.13869298640778,97.76888358577547,97.91880672794575,22600
2009-11-09,98.7383804321289,98.94826978632368,98.69840041817639,98.9282835920514,24600
2009-11-10,98.75836181640625,98.86830494306895,98.49850317648315,98.57845557508617,24400
2009-11-11,98.70841217041016,99.06822472467847,98.57847519917436,99.01824779337099,36200
2009-11-12,97.76888275146484,98.3985507927174,97.66893653267347,98.37856459912221,52200
2009-11-13,98.36857604980469,98.52849611378839,97.7888772559763,97.85884800302544,37000
2009-11-16,98.7983627319336,99.07821524977368,98.2986239142451,98.72839960247357,40700
2009-11-17,97.96878051757812,98.03874363707816,97.54900180057794,97.96878051757812,40600
2009-11-18,98.5584716796875,98.74837483478842,98.40854853752403,98.59845169262495,31300
2009-11-19,98.23863983154297,98.26862293508637,97.74889801438243,97.96877664883668,19900
2009-11-20,97.81885528564453,97.87882148914787,97.54899211906478,97.59896903892246,23100
2009-11-23,98.59844970703125,98.79834214228524,98.54847278551395,98.69839592465824,58500
2009-11-24,98.6284408569336,98.71839017251463,98.35858528478228,98.66842087232791,31700
2009-11-25,99.93775177001953,99.98772869452276,99.21812675945823,99.31808060846468,48500
2009-11-27,98.91827392578125,99.07818633556118,98.1586690094574,98.22863211849992,39800
2009-11-30,99.1181869506836,99.3380732320757,98.90829757992074,99.05822073772522,53000
2009-12-01,99.617919921875,99.80782308572262,99.4979875029465,99.59793372718963,28100
2009-12-02,99.3880386352539,99.66789109715403,99.2880847913687,99.62791108468149,31700
2009-12-03,99.55795288085938,99.70787602867588,99.44800974748779,99.44800974748779,38200
2009-12-04,97.83885192871094,98.6984031893036,97.65894567357739,98.6884062791828,50300
2009-12-07,97.55900573730469,98.00876759142635,97.30913634603516,97.31913325680037,58500
2009-12-08,96.90933227539062,97.27914167565771,96.72942603004553,97.24915857233482,124500
2009-12-09,96.93932342529297,97.1492127913831,96.60950163595612,96.92933414029467,54000
2009-12-10,96.95931243896484,97.18918798906297,96.81938620184215,97.08924176617649,18300
2009-12-11,96.19971466064453,96.48956406661914,95.96983146783413,96.44958404937348,115200
2009-12-14,96.41959381103516,96.52953694397654,96.33963378245814,96.40959690111102,45800
2009-12-15,95.65999603271484,95.8199161019763,95.42012355423127,95.78992536993333,123100
2009-12-16,95.7899169921875,96.16972331076146,95.64999075652592,95.68997077034464,59500
2009-12-17,95.02032470703125,95.18024476569067,94.74047222978538,95.02032470703125,79000
2009-12-18,95.42012023925781,95.51006955603602,94.97035077914178,95.36015402807234,37500
2009-12-21,95.12027740478516,95.48008993584924,95.03032808472344,95.44010991846338,29900
2009-12-22,94.86041259765625,95.01032812140117,94.7604587479488,94.9803450166522,41100
2009-12-23,95.7099609375,95.99981030756868,95.49007468259221,95.53005469488522,15000
2009-12-24,95.79991912841797,96.0298023140651,95.78992221806591,95.98982229806523,10300
2009-12-28,96.16972351074219,96.30964974669475,96.10975730259337,96.27966664262033,39800
2009-12-29,95.94983673095703,96.51953858153078,95.82989668989649,96.50954167175709,53700
2009-12-30,95.9698257446289,96.02979957962513,95.50007772717535,95.78991949045651,10600
2009-12-31,96.06979370117188,96.48957248074417,95.82991357677977,96.47957556920886,14100
2010-01-04,96.58950805664062,96.85937126043724,96.4995587389807,96.67946499970897,21600
2010-01-05,96.24968719482422,96.54952587236639,96.10976095355623,96.51954276715298,34700
2010-01-06,96.81938934326172,97.04926490081844,96.30965367697121,96.34963369250461,35200
2010-01-07,96.2996597290039,96.36962285198742,96.08977036005336,96.1997134998001,42100
2010-01-08,97.21916961669922,97.38908658097415,96.21969215219958,96.79939091170726,36400
2010-01-11,97.95880126953125,98.16869064953603,97.70893187065762,97.71892115631816,45500
2010-01-12,97.68892669677734,97.998769900654,97.65894359246207,97.78887291963098,26500
2010-01-13,97.69892883300781,97.92881202073578,97.3990825229989,97.83885507756973,16300
2010-01-14,97.64894104003906,97.8088610876905,97.26914236497825,97.37908549138672,8800
2010-01-15,96.88935089111328,97.05926023531558,96.75941393638716,97.05926023531558,67600
2010-01-19,96.38961029052734,96.46956269335115,96.06977780300814,96.20970403970979,54100
2010-01-20,95.24021911621094,95.3201791523757,95.09029595475418,95.22022529446537,49000
2010-01-21,95.4700927734375,95.57004662934291,94.92038469300071,95.20023718855523,63000
2010-01-22,95.51007080078125,95.80991711143305,95.26020141704089,95.42012148283077,39800
2010-01-25,95.64000701904297,95.72995633629603,95.46010075912848,95.52006697063051,10100
2010-01-26,95.0703125,95.27020497076757,94.84042929574923,95.1102925192353,14000
2010-01-27,94.72048950195312,95.01033892315994,94.5106001194397,94.95037270684439,73600
2010-01-28,94.56057739257812,94.67052053982763,94.35068800930426,94.57057430380327,46100
2010-01-29,93.76097869873047,94.47060678494569,93.45114312422454,94.45062059079379,82200
2010-02-01,94.19075775146484,94.19075775146484,93.9308990909681,94.00086221116463,36100
2010-02-02,94.25072479248047,94.3506710104979,94.140781665039,94.22073406420836,27300
2010-02-03,93.93090057373047,94.14078993763333,93.86093745242951,94.1108068321341,20800
2010-02-04,93.3511962890625,93.69101496526665,93.18128695096043,93.69101496526665,58600
2010-02-05,92.70152282714844,92.79147212710885,92.16180415116527,92.64155662717484,93000
2010-02-08,92.72151947021484,93.0313626642867,92.6415670697068,92.76149948317276,18700
2010-02-09,93.38117980957031,93.73099539704994,92.95140419483594,93.11132424934543,65800
2010-02-10,93.08134460449219,93.23126776709618,92.80149210118276,93.19128774870786,23700
2010-02-11,92.83148193359375,92.90144506448942,92.2917630843659,92.6515756505178,21100
2010-02-12,92.3717041015625,92.50164105032722,91.99190541569837,92.16181475210539,38900
2010-02-16,93.25125122070312,93.31121742891376,92.49164620660058,92.51163240086814,25500
2010-02-17,92.26176452636719,92.90142950899578,92.13183519800478,92.86145711981356,23700
2010-02-18,92.26176452636719,92.46166459931867,91.95192894505249,92.17181521259508,24200
2010-02-19,92.291748046875,92.38170498646059,91.53215064246045,91.7120568962235,30100
2010-02-22,92.42169952392578,92.46167954497851,92.20181322084039,92.46167954497851,20800
2010-02-23,91.67207336425781,92.1218351687053,91.67207336425781,91.96192274116693,19100
2010-02-24,91.96192169189453,92.5116297104574,91.88196166633377,92.00190170467492,27300
2010-02-25,92.09185791015625,92.1518241211132,91.53215294013599,91.59211915109293,17100
2010-02-26,92.56160736083984,92.91142294366006,92.12183484220428,92.20179486839397,33800
2010-03-01,92.12184143066406,92.20180146257242,91.47217951587321,91.9219489763015,27500
2010-03-02,92.48165893554688,92.51164204277714,91.9119570219455,92.18182023783542,47300
2010-03-03,93.12130737304688,93.35119052984385,92.6015824810904,92.69153178674527,51200
2010-03-04,92.35171508789062,92.81147378581674,92.13182883553301,92.78149068329662,49500
2010-03-05,92.54161071777344,92.57160144573528,92.19179514562751,92.29174136261098,32200
2010-03-08,92.65156555175781,93.04136118503419,92.53163312638571,93.01137807869117,81800
2010-03-09,92.43168640136719,92.57161264715702,92.2018032116219,92.21180012215216,35000
2010-03-10,92.87144470214844,92.99138474372093,92.58159532073753,92.6315722444114,26600
2010-03-11,93.02136993408203,93.06134994883622,92.70153744145668,92.80148366563807,24100
2010-03-12,93.91090393066406,93.95088394526421,93.62105454386906,93.65103764846715,38600
2010-03-15,93.61107635498047,93.88093195375728,93.43117008065958,93.83095502323133,29100
2010-03-16,94.34068298339844,94.36067680412896,93.95088735864523,93.95088735864523,25900
2010-03-17,94.3207015991211,94.61055101123121,94.16078152675327,94.20076154484524,35400
2010-03-18,93.9908676147461,94.39066015088561,93.451148834769,93.8909213870633,43900
2010-03-19,93.77098083496094,93.84094395650395,93.51111454405472,93.77098083496094,16000
2010-03-22,93.9408950805664,94.1008151526629,93.40117627535386,93.40117627535386,33000
2010-03-23,94.00086212158203,94.21075148197161,93.73099892578956,93.82095586618978,21700
2010-03-24,92.64157104492188,93.14130979022768,92.60159103024843,92.871446597534,48400
2010-03-25,92.59159851074219,93.05135726317543,92.47165846103455,92.83147098474899,22300
2010-03-26,93.29122161865234,93.4511416710124,92.90142602278449,92.97138913934006,36700
2010-03-29,93.56108856201172,93.6210547713536,93.26124226448609,93.35119920390702,15400
2010-03-30,93.1912841796875,93.48113358284562,93.10133486081524,93.48113358284562,42100
2010-03-31,94.3207015991211,94.75047726184867,94.0208552761358,94.0208552761358,48500
2010-04-01,94.31069946289062,95.23021695183279,93.67103445967797,94.69049817560804,403400
2010-04-05,93.56108856201172,93.90090724882654,93.53110545734077,93.81095793481371,22700
2010-04-06,93.01136779785156,93.02136470733042,92.70153223267604,92.84145846374935,25600
2010-04-07,92.58160400390625,92.78150409194222,92.56161780780698,92.66156403912063,26400
2010-04-08,92.58160400390625,92.73152716358106,92.34173152367173,92.39170845203289,14900
2010-04-09,93.271240234375,93.271240234375,92.39170277726451,92.39170277726451,51400
2010-04-12,93.75098419189453,94.02083973765626,93.62104724821769,93.94087971468704,73700
2010-04-13,94.17076873779297,94.28071186986924,93.74099311933341,94.04083178602578,34900
2010-04-14,94.53058624267578,94.61054627485674,94.29070614613288,94.34068307259807,43200
2010-04-15,94.12079620361328,94.1407900242367,93.78097750709841,93.94088994504413,38300
2010-04-16,93.70101928710938,93.88092554915697,93.5111161145568,93.61106996878982,32800
2010-04-19,93.47113037109375,93.49112419087875,93.02136855623532,93.0513516605048,24800
2010-04-20,93.01136779785156,93.36119100094253,92.97138778534381,93.36119100094253,24200
2010-04-21,92.8614501953125,93.12130883266015,92.72151634197702,92.9114194907682,54200
2010-04-22,92.291748046875,92.46166501600152,91.98191246416401,92.46166501600152,39600
2010-04-23,92.56160736083984,92.7115305035936,91.95192550560701,91.95192550560701,25900
2010-04-26,92.51164245605469,92.51164245605469,92.23178995344365,92.25178377529232,18100
2010-04-27,91.322265625,92.29175243398825,91.322265625,92.01189994270021,73100
2010-04-28,91.51215362548828,91.6620767692881,91.00242561213989,91.6620767692881,42700
2010-04-29,91.7920150756836,91.95193514482725,91.56213950805034,91.64209954262216,34700
2010-04-30,92.35171508789062,92.41168129293087,91.9119425831754,92.39169509971997,21300
2010-05-03,91.54214477539062,91.80201107245776,91.3422523163596,91.76203105556985,49700
2010-05-04,90.15287017822266,90.68259967459724,90.11289778737212,90.68259967459724,65900
2010-05-05,88.88353729248047,89.46323609157353,88.87354038203861,88.90352348795577,50100
2010-05-06,89.50321197509766,90.13288004650808,88.85355008372673,89.71310133223446,122900
2010-05-07,89.65312957763672,89.81304963939843,89.11341843271157,89.27333086906503,96200
2010-05-10,89.42325592041016,90.24282719083008,89.3932728145449,90.16286715825048,192400
2010-05-11,89.50321197509766,89.9629707038842,89.49321506511741,89.61315510865619,72200
2010-05-12,89.42325592041016,89.83303774291592,89.40326209956105,89.52320214843046,22800
2010-05-13,88.90351867675781,89.32330501310564,88.90351867675781,89.10341874773488,54700
2010-05-14,87.78410339355469,88.63365767319752,87.71414027935839,88.61367148003038,75900
2010-05-17,87.79409790039062,87.92403485263348,87.1444436408083,87.72413478203217,106800
2010-05-18,86.61473846435547,88.02399801257278,86.31489211346185,87.98401799075967,109200
2010-05-19,86.30487823486328,86.6447045407631,85.76515948460448,86.40482445704276,137100
2010-05-20,86.32485961914062,86.72464445026816,85.87509024601185,86.47477511811002,369000
2010-05-21,86.46481323242188,86.77464886234253,86.25492384195216,86.32488697210873,109300
2010-05-24,85.73517608642578,85.9750485439154,85.59524985077284,85.765159190436,26100
2010-05-25,85.89509582519531,85.90508510955662,85.08551389286299,85.21545084363905,91300
2010-05-26,85.67521667480469,86.06501230867481,85.55527662384137,85.96506607890964,44700
2010-05-27,86.24491119384766,86.5047774693314,85.27541683471141,85.60524622758604,80100
2010-05-28,85.70519256591797,86.19493438832329,85.70519256591797,86.11498198648724,21100
2010-06-01,85.8551254272461,86.56475359218001,85.48531597844584,85.50530980022357,117400
2010-06-02,86.02503204345703,86.08499825606138,85.65522260644363,85.9050919928398,28000
2010-06-03,85.89509582519531,86.21492830913898,85.8850989154261,86.04501134469398,14800
2010-06-04,85.49531555175781,85.86512501207436,85.4153555129744,85.86512501207436,40100
2010-06-07,85.3653793334961,85.6052518051209,85.22544546418919,85.4053517242599,19900
2010-06-08,86.18495178222656,86.38484424041768,85.60525297790045,86.02503171534687,53000
2010-06-09,86.55474853515625,87.01450726245959,86.47478850638835,86.71466859269204,73300
2010-06-10,86.95453643798828,87.10445957761806,86.67468397756342,86.94453952857091,40300
2010-06-11,86.33485412597656,86.5447434626403,86.0649985860967,86.42481105620807,105100
2010-06-14,86.91456604003906,87.4842679333254,86.86459673824007,87.37432479379571,93900
2010-06-15,87.77411651611328,87.93403658135807,87.30436085621724,87.37432397840973,100300
2010-06-16,87.90404510498047,88.27385453366816,87.84407889372616,87.91404201532563,34200
2010-06-17,89.37327575683594,89.4632326965821,89.10342018841372,89.28332644249791,56200
2010-06-18,89.58317565917969,89.61316639289693,89.35330007854414,89.50322324549417,50500
2010-06-21,89.25334167480469,89.69310657905517,89.18337855648703,89.4932141339784,49800
2010-06-22,89.72308349609375,89.95296665494678,89.58315726910753,89.72308349609375,26700
2010-06-23,89.88300323486328,90.07290638172857,89.18337210231867,89.49320765738736,48500
2010-06-24,90.05291748046875,90.39274378155083,89.94297435000759,90.07291129986598,16300
2010-06-25,90.89248657226562,90.93246658743871,90.27280777519518,90.41273401559685,89400
2010-06-28,91.36224365234375,91.82200239593591,91.19232667883996,91.6620823327343,66900
2010-06-29,91.8719711303711,91.92194805616563,91.27228614787788,91.56213554158806,89600
2010-06-30,92.15182495117188,92.31174501570861,91.71206002451261,91.76202932562406,71100
2010-07-01,93.76097869873047,93.87092183008572,92.43167946350339,93.04135370273535,122900
2010-07-02,93.25125122070312,93.42116056090524,93.17129119281698,93.28123432480845,72300
2010-07-06,93.73099517822266,94.00085836322542,93.21127025309599,93.4011657856228,106800
2010-07-07,94.46061706542969,94.48060325948953,93.95088142471332,93.98086452850701,34700
2010-07-08,94.60054016113281,94.68050018553475,94.37065699732914,94.51058322732872,50200
2010-07-09,94.0208511352539,94.1807712005785,93.7210048254745,93.9508880130265,99300
2010-07-12,93.60107421875,93.70102044881368,93.1213216388723,93.15130474535054,68500
2010-07-13,94.13079833984375,94.41065084084177,93.92090896409525,93.92090896409525,94000
2010-07-14,94.27071380615234,94.29070000019068,93.87092129671467,93.87092129671467,58200
2010-07-15,95.3101806640625,95.45010691233061,94.96036504339223,94.99034815010559,54300
2010-07-16,94.4206314086914,95.21021947150165,94.21074206927209,95.14025635836187,89100
2010-07-19,94.08080291748047,94.41063228256883,94.0108398059836,94.38064918127121,63100
2010-07-20,94.30070495605469,94.95036688614687,94.26072493915886,94.42064500674215,101800
2010-07-21,94.54057312011719,94.60054695542983,94.19075751999415,94.5905500453097,60000
2010-07-22,95.21022033691406,95.49007279201687,94.90037715412953,94.90037715412953,77800
2010-07-23,94.2307357788086,94.45062204490435,94.02084642264666,94.4006451206433,96000
2010-07-26,94.70049285888672,94.90038530816175,94.60054663424921,94.75046978390955,50200
2010-07-27,93.65103149414062,93.80095463268688,93.32120973982798,93.75098533677651,87600
2010-07-28,93.96089172363281,94.20076421357143,93.78098544982662,93.78098544982662,34500
2010-07-29,95.34015655517578,95.58002901613712,95.2202165119911,95.31017345073163,78400
2010-07-30,95.33016204833984,95.49008210995075,94.87040330932085,95.25020964294264,69700
2010-08-02,95.48009490966797,95.93985369544247,95.21023931001669,95.22022859582707,134100
2010-08-03,95.53004455566406,95.66997077113454,95.42010143987913,95.55003074698548,99400
2010-08-04,94.30070495605469,95.30018250222466,94.0508355695122,95.2302193790091,144900
2010-08-05,94.92037963867188,95.06030587899832,94.6705102630306,94.94036583354357,57500
2010-08-06,95.65999603271484,96.0397947590979,95.56004980213073,95.56004980213073,74600
2010-08-09,94.63053131103516,95.19023627862917,94.55057127983365,95.19023627862917,44600
2010-08-10,94.71049499511719,94.86041815305032,93.52111426769852,93.80096676228914,79400
2010-08-11,93.79097747802734,94.41065635601457,93.65105121935429,94.34069322667804,94900
2010-08-12,94.54057312011719,94.85041633057602,94.30070065509113,94.36067449040378,75300
2010-08-13,94.30070495605469,94.48061121938163,94.1507817990475,94.36067879410268,60500
2010-08-16,95.4500961303711,95.7499424144516,95.38013301414,95.54004544035058,78500
2010-08-17,95.12027740478516,95.31018058101581,95.0103342633262,95.24021745694272,65100
2010-08-18,95.25020599365234,95.4900784514703,95.24020908383261,95.4900784514703,53300
2010-08-19,96.19971466064453,96.72943654468453,95.94984527191559,96.2996608910544,129100
2010-08-20,95.85989379882812,95.98982313290144,95.49008436666938,95.76993685569398,100600
2010-08-23,95.32018280029297,95.7299646568545,95.32018280029297,95.69998154849745,74000
2010-08-24,96.23968505859375,96.46956060301918,95.39013074691124,95.46009386374608,165300
2010-08-25,96.28965759277344,96.82937635167339,96.28965759277344,96.49955457574127,104700
2010-08-26,96.98930358886719,97.08924982004454,96.70945109140713,96.7194403767388,144600
2010-08-27,96.37962341308594,97.24917165345263,96.35963721665156,96.82938527424287,137700
2010-08-30,96.70944213867188,96.91933149233671,96.65946521500541,96.83937146463356,45600
2010-08-31,97.74890899658203,97.8688414242302,97.50902889046836,97.59898583661315,94900
2010-09-01,97.75889587402344,98.47852092382186,97.48904029305328,98.39856089042016,437900
2010-09-02,97.98876953125,98.14868195708848,97.69892015742202,98.09871266012985,114300
2010-09-03,97.53900909423828,97.7788891932122,96.98930102459208,97.10924107407904,170000
2010-09-07,98.24864196777344,98.43853750878624,97.98877568089334,98.228648147409,82200
2010-09-08,98.06873321533203,98.28861185588657,97.88882696367249,97.9288069779755,123900
2010-09-09,97.74890899658203,98.24864777953918,97.61897203275163,98.22865395799204,55600
2010-09-10,97.339111328125,97.5490006842231,96.86935569168294,96.89933879606724,122100
2010-09-13,98.50849914550781,98.51849605553946,97.87883107086016,97.8888279808918,113400
2010-09-14,99.6978759765625,99.85779602930212,98.858318575903,98.86830786014336,194400
2010-09-15,98.86831665039062,99.07820601921648,98.79835352744868,98.99825361114604,92900
2010-09-16,97.79887390136719,98.11870640305973,97.64895074814073,97.77888770612755,235200
2010-09-17,98.25862884521484,98.45852891692054,98.11870260772487,98.11870260772487,146400
2010-09-20,98.69841003417969,98.82833937312819,98.55848378441709,98.59846380226479,81700
2010-09-21,99.49798583984375,99.58793515253662,98.56847148164407,98.89829325359261,119300
2010-09-22,100.5874252319336,100.82729772124348,100.37753585061131,100.47748208570636,142000
2010-09-23,100.6673812866211,100.94723378397663,100.51745812720672,100.94723378397663,97000
2010-09-24,100.70735931396484,101.42698436460554,100.55743615751328,101.25706738707592,121800
2010-09-27,100.82728576660156,100.98720582411978,100.67737024443828,100.82728576660156,69500
2010-09-28,101.59688568115234,101.88673506059145,100.79730066025769,100.87726068742873,178200
2010-09-29,101.60688781738281,101.81677718044723,101.53691707095305,101.65685711787913,89800
2010-09-30,100.9472427368164,101.80679412658839,100.84729649681232,101.76681410550488,167500
2010-10-01,101.73680877685547,101.7667918797675,101.17710385474393,101.44695940635981,185100
2010-10-04,102.02667236328125,102.09663548829354,101.74681986323212,101.79678916657876,74500
2010-10-05,102.57637786865234,102.82624725531754,102.28652846507168,102.30652228623367,174000
2010-10-06,103.24603271484375,103.34597894355169,102.83624326411024,102.95618331380483,179300
2010-10-07,102.58637237548828,103.15607425871967,102.24655367778213,103.03613421078367,140000
2010-10-08,102.9361801147461,103.34596952814546,102.87621390806629,103.09610016643592,101500
2010-10-11,102.87621307373047,103.0960993303168,102.69630682974235,103.04612240821712,124900
2010-10-12,103.66580963134766,103.77575276861944,103.13608776562452,103.32598330921442,210700
2010-10-13,103.4459228515625,103.67580603530118,102.86622406248958,103.6158321990951,105500
2010-10-14,104.10558319091797,104.26549563051469,103.94566312591284,103.97564623174921,192200
2010-10-15,103.48590087890625,103.97564271696456,103.29599771448423,103.89568268716495,209200
2010-10-18,103.67581176757812,103.93567044567509,103.51589169606426,103.60584864264298,76200
2010-10-19,102.17658996582031,102.3464993136917,101.65685738650888,101.97668988708195,267300
2010-10-20,103.07611083984375,103.54586648039722,102.79625836259694,102.79625836259694,128800
2010-10-21,102.47643280029297,103.07611781000315,102.45644660431303,102.7662822071581,86500
2010-10-22,101.2270736694336,102.16658490099503,101.13712436023697,102.10661869486394,122300
2010-10-25,102.17658996582031,102.41646243489804,102.01666990282962,102.3265054931137,70200
2010-10-26,100.64737701416016,101.09714644570026,100.36752454586384,101.08714953600172,154600
2010-10-27,100.08767700195312,100.4574864249155,99.89777383537674,100.4574864249155,175300
2010-10-28,100.86727142333984,101.15712082474931,100.62739894905246,100.80730521112012,93600
2010-10-29,100.75732421875,100.90724736865884,100.28756857422607,100.50745484403797,100100
2010-11-01,99.85779571533203,100.51744686728934,99.44800630053109,100.46746994461338,121100
2010-11-02,101.2470703125,101.5669027964664,100.98720403633735,100.98720403633735,72100
2010-11-03,102.18658447265625,102.1965813834561,101.02719445835963,101.0871606723414,140700
2010-11-04,103.4459228515625,103.65581221476306,102.63634850415919,102.63634850415919,244100
2010-11-05,103.1160888671875,103.57584758886193,102.97616263126085,103.1260857770131,193600
2010-11-08,102.6263427734375,102.97615834870606,102.57636585179586,102.90619523365235,58200
2010-11-09,102.39646911621094,103.43592665452036,102.24655358818275,103.076114136436,83300
2010-11-10,102.07662963867188,102.21655587220856,101.53691089842698,102.14659275544022,109300
2010-11-11,101.6468505859375,102.29651243416026,101.29703501394296,102.27652624093525,106800
2010-11-12,101.17710876464844,101.83675993694737,101.07715491621427,101.73681371392124,67700
2010-11-15,100.50746154785156,101.09715727671671,100.49747226249067,101.09715727671671,114300
2010-11-16,99.5379638671875,100.66737835991945,99.35806523161082,100.5774214167227,104900
2010-11-17,99.84780883789062,100.28757377491146,99.84780883789062,100.04770129786296,65700
2010-11-18,99.43801879882812,100.38752704165033,99.16816321690702,100.34754702480859,88800
2010-11-19,99.98773193359375,99.99772884389985,99.1681606728843,99.48799317400486,136100
2010-11-22,100.19761657714844,100.26757969517851,99.71786403536514,100.2275996812459,45500
2010-11-23,99.45801544189453,100.24760363975291,99.39804160222602,100.2376067289067,141000
2010-11-24,99.5379638671875,100.12765957696416,99.3980376225778,99.94775331597906,52400
2010-11-26,98.8783187866211,98.98826193211298,98.66842940670263,98.94828191326057,68000
2010-11-29,99.14815521240234,99.18813522352485,98.74837035199214,98.8383196579622,66800
2010-11-30,98.81834411621094,99.71786777449624,98.79835029579095,99.17815662968836,79000
2010-12-01,98.86831665039062,99.2081429799719,98.59846106915981,98.69840729830425,65200
2010-12-02,99.83781433105469,100.26758999321056,99.07820923913549,99.07820923913549,97200
2010-12-03,101.62687683105469,101.7668030769784,101.04717802628019,101.28705050137677,62400
2010-12-06,100.96720886230469,101.03717197893977,100.42749774849565,100.49746086513073,34000
2010-12-07,100.36752319335938,101.35701135416902,100.33754009007565,101.35701135416902,34500
2010-12-08,100.48746490478516,100.62739113937718,100.14763860262747,100.31755556641025,24400
2010-12-09,100.80728912353516,101.03716465063117,100.4374797479107,100.54742286970696,49400
2010-12-10,101.13712310791016,101.18709240393142,100.74732752206931,100.84727373951945,38700
2010-12-13,102.41645812988281,102.71629679727435,101.64685620355442,101.71681932181991,168600
2010-12-14,103.27601623535156,103.64581804559573,102.81625748112334,102.81625748112334,183900
2010-12-15,102.386474609375,103.3859520807655,102.24654837341296,103.25601512922366,124100
2010-12-16,102.80625915527344,102.80625915527344,101.87674474908002,102.22656035884994,163200
2010-12-17,102.19658660888672,102.83625167542796,102.01668033233393,102.83625167542796,116800
2010-12-20,102.73629760742188,102.87622385347376,102.52640823834405,102.81625764099681,49200
2010-12-21,103.3459701538086,103.58584260738778,103.16606390727226,103.51587949070186,70700
2010-12-22,104.15554809570312,104.2854774239791,103.58584623263454,103.69578936633269,97000
2010-12-23,103.40594482421875,103.43592793019417,102.59637046124867,103.19605545698238,192400
2010-12-27,103.20604705810547,103.2760101769184,102.90620076295971,103.11609011939852,179000
2010-12-28,104.1655502319336,104.51536584515696,104.01562707614973,104.47538582858738,150000
2010-12-29,104.6852798461914,104.83520300863421,104.18554105498792,104.2355179842718,95700
2010-12-30,105.91462707519531,105.92462398485468,105.37490833470738,105.53482076221798,157600
2010-12-31,106.19448852539062,106.9440966796875,105.7447266829759,106.1745023297891,202100
2011-01-03,106.10453796386719,106.3044304191742,105.74472544398785,105.91463479353965,271100
2011-01-04,104.45539093017578,104.99510967078527,104.10557534609774,104.99510967078527,153900
2011-01-05,102.59636688232422,102.88621627232303,102.32650368714235,102.75627931708429,185900
2011-01-06,102.71629333496094,102.96616269540208,102.59636092221014,102.96616269540208,48100
2011-01-07,102.49642181396484,102.88621743326307,102.47642799351412,102.61635423503614,68000
2011-01-10,102.44644927978516,102.53639859944447,101.8767473790505,102.12661676753778,84000
2011-01-11,101.79679107666016,102.23656365665124,101.30704919238482,102.22656674563085,100200
2011-01-12,102.52640533447266,102.55638843986192,101.83676340888657,102.166592818985,62400
2011-01-13,102.706298828125,103.07610058251215,102.51639568371601,102.9761543684996,59700
2011-01-14,102.78626251220703,103.07611190246018,102.54639004715236,102.65633318226244,36500
2011-01-18,102.83625030517578,103.71578785359821,102.65634403102017,103.29600908903812,49100
2011-01-19,103.76576232910156,104.04561483218731,103.13609419715863,103.23604043034514,76500
2011-01-20,102.4664306640625,103.02614325326886,102.33650133329743,102.93618631242516,88900
2011-01-21,103.39594268798828,103.49589653673246,103.16606713685599,103.16606713685599,42600
2011-01-24,104.4254150390625,104.59532438800603,103.7657562131758,103.7657562131758,50800
2011-01-25,105.12503814697266,105.21498745697826,104.64528561738614,105.00509810822409,34900
2011-01-26,105.0550765991211,105.5847984337054,104.75523031047705,104.9351365585819,58200
2011-01-27,104.78522491455078,105.09506814693069,104.5153693254805,105.09506814693069,106100
2011-01-28,105.17501831054688,105.21499069928709,104.78521507895377,104.83519200299104,108500
2011-01-31,104.95513153076172,105.74471964914905,104.8751715028574,105.29495021124318,89900
2011-02-01,105.92462158203125,106.10452782477952,104.77522101032885,105.18500279217301,120100
2011-02-02,105.3849105834961,105.89463862083036,104.945138041098,105.89463862083036,75700
2011-02-03,104.78522491455078,105.08507123610327,104.02562745065956,104.41542309343257,57100
2011-02-04,103.7757568359375,103.9156830842388,103.2460349494528,103.79574303194828,83200
2011-02-07,103.70578002929688,103.79572933759077,103.28599371436914,103.37595064807067,68900
2011-02-08,102.8562240600586,103.65580141387726,102.71629020709764,103.60583211855531,101500
2011-02-09,103.4559097290039,103.62581906005923,102.89619718933997,102.9961510315208,45100
2011-02-10,102.13660430908203,102.65632923428083,102.12660739934516,102.65632923428083,43400
2011-02-11,101.8267593383789,102.03664868675303,101.40698064163067,101.796776235098,71800
2011-02-14,102.13660430908203,102.22655362049018,101.92671495705514,101.92671495705514,56200
2011-02-15,102.43645477294922,102.63635486367514,101.93671598424757,101.98669291328125,69000
2011-02-16,103.2959976196289,103.64581321792075,101.89672760105337,102.05664766050573,196600
2011-02-17,104.29547882080078,104.51536509765668,103.94566321007932,104.03561252766123,218600
2011-02-18,104.71525573730469,104.9351420103465,104.06560145383715,104.195530785449,105900
2011-02-22,105.54481506347656,105.74471512468433,105.22498259095178,105.44486884557651,116900
2011-02-23,106.10453796386719,106.35440734570514,105.74472544398785,105.75471472896733,167900
2011-02-24,106.9640884399414,107.26393476742261,106.66424973786906,106.98408226199155,268600
2011-02-25,106.6942138671875,106.7441907880143,106.2944213767957,106.42435832078235,87700
2011-02-28,106.61426544189453,106.80416861120564,106.42436989799175,106.72420857934746,105100
2011-03-01,106.56429290771484,106.80416537060297,106.37438974416568,106.39437593881965,79100
2011-03-02,107.26393127441406,107.61374689481129,107.16398504364466,107.29391438110403,128300
2011-03-03,106.26445007324219,106.52431636466153,106.17450075625571,106.48433634864253,151100
2011-03-04,106.98407745361328,107.32389615910395,106.74420497765465,106.99407436418905,91500
2011-03-07,106.90411376953125,107.17397696800256,106.7941706331775,106.94409378506064,97300
2011-03-08,105.84467315673828,106.24446569837013,105.77471003385834,105.91463627961822,69900
2011-03-09,106.5243148803711,106.79417045297879,106.41437174420285,106.74420115270757,46900
2011-03-10,106.27444458007812,106.44435392525992,105.99459209968265,106.11452451961888,77200
2011-03-11,106.59428405761719,106.87413655634326,106.32442084426798,106.33441775505354,54100
2011-03-14,107.17398071289062,107.31390695942868,106.7242112415253,106.80417127537805,127800
2011-03-15,108.08351135253906,108.32338385096449,107.65373566243017,107.88361887475274,235800
2011-03-16,109.02301025390625,109.1129595709576,108.06351274498334,108.29338830549793,231800
2011-03-17,110.16241455078125,110.21238385202446,109.58271575341944,110.07245760789002,245100
2011-03-18,109.67266082763672,110.02247640011613,109.29285452716688,109.56271770122783,143100
2011-03-21,109.42279815673828,109.62269060310696,109.13294877171806,109.62269060310696,183700
2011-03-22,109.66266632080078,109.73262943682943,109.48276007595462,109.6226863080119,161700
2011-03-23,109.00301361083984,109.67266933054167,108.9830274160376,109.66267242043646,131500
2011-03-24,108.98302459716797,109.65267267414103,108.89306765936419,109.10296463910366,183000
2011-03-25,107.58375549316406,108.37334361855793,107.44382925579382,108.3633467086292,359100
2011-03-28,107.97354888916016,108.19343515064011,107.74367334336411,107.79364264116818,105600
2011-03-29,107.57376098632812,107.71368722682419,107.36387162558403,107.4238454610882,103300
2011-03-30,107.77365112304688,107.81363113455981,106.79415990449847,107.38385554255504,136200
2011-03-31,107.8236312866211,108.3733469685741,107.81364200179159,108.35336077350684,151100
2011-04-01,107.07402038574219,107.27392045829103,105.9945904956107,106.4943292388707,206500
2011-04-04,107.24393463134766,107.70369334842681,107.18396079840142,107.48380708690898,91600
2011-04-05,106.99407958984375,107.21395825538985,106.88413644436625,106.93410574886855,95500
2011-04-06,107.76366424560547,108.09349365223567,107.57376107959266,107.74367805069222,154700
2011-04-07,108.11347961425781,108.1534596294064,107.71368708818012,107.72368399831932,76100
2011-04-08,108.92305755615234,108.92305755615234,108.52326504483118,108.59322816240679,116700
2011-04-11,109.22290802001953,109.43279739542086,108.7531523403747,108.90307550149244,92300
2011-04-12,110.39228057861328,110.7421037841461,110.1424112177514,110.53220681066331,135500
2011-04-13,110.47224426269531,110.89202297274721,110.2123779836788,110.36230113024249,77200
2011-04-14,110.96198272705078,111.151885881968,110.72211027506592,110.81206721044009,128400
2011-04-15,110.97198486328125,110.97198486328125,110.52222304145039,110.73211239999867,191400
2011-04-18,110.41228485107422,111.0719360609905,110.02248922125813,110.9120236201111,202600
2011-04-19,110.04246520996094,110.30233148087085,109.90253897764201,110.21237454557568,84900
2011-04-20,111.40177154541016,111.46173776082954,110.8220727116599,111.21186836270363,157200
2011-04-21,111.84153747558594,112.50118868219958,111.76157744284234,112.44122247034609,179200
2011-04-25,112.43122863769531,112.67110874249282,112.17136996227764,112.63112872502656,235200
2011-04-26,113.03089904785156,113.05089286670626,112.39123410183899,112.82100970232315,165100
2011-04-27,113.28077697753906,113.32075699286607,112.05142391421893,112.66110580349121,204200
2011-04-28,113.38072967529297,113.65058524424504,113.25079272044985,113.36073585512872,190200
2011-04-29,114.49014282226562,114.7599983735766,113.9704102876856,114.12033342748397,243000
2011-05-02,114.46016693115234,114.72003323212816,114.14033441664698,114.25027755839027,228000
2011-05-03,114.919921875,115.12981122685974,114.54011555938035,114.55011246910927,273000
2011-05-04,114.86995697021484,115.7295082870436,114.86995697021484,115.20977568247294,270000
2011-05-05,113.64059448242188,114.33023643264481,113.57063135887813,114.29025641556146,424100
2011-05-06,112.88099670410156,113.37073856747615,112.53117346199689,113.26079542717044,252000
2011-05-09,113.51065826416016,113.54064136880275,112.60113771323297,112.83101326576495,134000
2011-05-10,112.36125946044922,112.81102891365845,112.16136700929505,112.67110267276888,146800
2011-05-11,111.58165740966797,112.25130544407394,111.39175426169322,112.08139611452152,131000
2011-05-12,111.9014892578125,112.10138931389451,111.2318412271045,111.4917074873074,155000
2011-05-13,110.84205627441406,111.76157374431057,110.60218380952979,111.64163369916434,188300
2011-05-16,111.95148468017578,112.43122964324421,111.80156151968865,111.80156151968865,197700
2011-05-17,112.33126831054688,112.40123142598115,111.57166332482645,111.67161716865341,272200
2011-05-18,112.33126831054688,112.65110078473322,111.93147581146204,112.03142202988133,101900
2011-05-19,112.4112319946289,112.43121818880027,111.45173454083655,111.49171455458723,105700
2011-05-20,112.58114624023438,112.96094494930529,112.41123689344542,112.64111245076971,189800
2011-05-23,112.01144409179688,112.23133036376991,111.84153474542069,111.84153474542069,92200
2011-05-24,112.54116821289062,112.65111135108651,112.36126195269814,112.46120818049211,87000
2011-05-25,113.38072967529297,113.6106052293247,112.8110278071425,112.90097712165712,249700
2011-05-26,114.2502670288086,114.36021016041924,113.92044525938456,114.23028083461026,262300
2011-05-27,116.0693130493164,116.23923001043237,115.27972495199221,115.47962501642048,245600
2011-05-31,116.01935577392578,116.10930509318302,115.77947567175603,115.9893726675067,208700
2011-06-01,117.4585952758789,118.00831096429177,117.33866285324946,117.518569112602,377200
2011-06-02,117.42860412597656,117.69846730922303,117.17873476207093,117.52855034645725,174400
2011-06-03,118.48806762695312,118.5780169470346,118.12825509580998,118.5780169470346,285200
2011-06-06,118.28815460205078,118.3980977315087,118.08826216234971,118.2381853048294,236100
2011-06-07,118.36811828613281,118.40809830039012,117.90835956028577,118.22819204893624,169400
2011-06-08,118.36811828613281,118.52803071775404,118.05828270739869,118.3281382718755,152700
2011-06-09,117.62850952148438,117.68847573140799,117.2686970111264,117.32866322105001,157500
2011-06-10,117.37864685058594,117.60852241869503,117.33866683321726,117.48858999199763,153000
2011-06-13,118.18820190429688,118.30814193678827,118.00829566826347,118.14822189346641,410100
2011-06-14,117.03882598876953,117.48859548614328,116.98885668377842,117.19874606572259,195000
2011-06-15,115.87942504882812,116.58905316648722,115.69951879185763,116.36916689403347,293700
2011-06-16,116.4791030883789,116.70897863194723,116.14927369935536,116.36915995870439,289700
2011-06-17,116.62903594970703,117.14876091250642,116.5190928108711,116.76896219451488,155100
2011-06-20,116.8589096069336,117.6684915820162,116.75896338018748,117.15875591258023,250600
2011-06-21,117.72845458984375,117.76843460453608,117.18873582960937,117.26869585899405,107400
2011-06-22,117.9183578491211,118.58800593859377,117.7084608654637,117.72845468553018,202300
2011-06-23,117.9283447265625,118.24817721242452,117.74843847667711,117.80841231024421,242900
2011-06-24,118.15823364257812,118.32814299089179,117.85838733639422,118.24818295918831,186100
2011-06-27,118.3481216430664,118.90782654243786,118.12823539676839,118.35811092669279,276300
2011-06-28,118.83788299560547,119.52751732432813,118.80789988897517,118.93782922617599,208300
2011-06-29,118.44808197021484,118.6679682427122,118.18821568222629,118.60799440677131,191000
2011-06-30,117.65849304199219,117.968328628236,116.87890180859927,117.968328628236,341000
2011-07-01,116.51909637451172,116.86891199723017,116.02934687729723,116.81893506880952,309100
2011-07-05,117.68848419189453,117.94835049592527,116.94887292317033,117.08879917332331,191800
2011-07-06,117.85839080810547,118.2381971571807,117.58853522491756,117.8084215058751,161000
2011-07-07,117.11878204345703,117.41862836484029,116.91888957947401,117.03882200770033,232500
2011-07-08,118.21819305419922,118.28815617156368,117.7584343364602,117.76843124620022,169600
2011-07-11,118.36811828613281,118.56801073201134,118.21819513901991,118.51804143324573,153500
2011-07-12,119.01779174804688,119.39759048231541,118.37812670853735,118.38811599401714,221800
2011-07-13,120.89680480957031,120.996751040544,119.60747784140653,119.62747166284646,387600
2011-07-14,121.16665649414062,121.33656583317267,120.63692703209874,121.0167333492385,403000
2011-07-15,121.68638610839844,121.69638301855244,120.73688552978982,120.81683793479722,363200
2011-07-18,120.95675659179688,121.18663975847689,120.71688414099735,121.04671352672652,359100
2011-07-19,119.9572982788086,121.12669286691865,119.49753949754343,120.46703399027149,297300
2011-07-20,120.67691802978516,120.89680431226795,120.19717307292146,120.55698560327353,210900
2011-07-21,121.106689453125,121.22662950085504,120.39706132789102,120.77686004092364,431600
2011-07-22,120.936767578125,121.24660313757491,120.8568075545871,121.05670761343184,235100
2011-07-25,122.79580688476562,123.13562557629855,122.45598056782448,122.97571314069724,409300
2011-07-26,123.46544647216797,123.53540958768478,123.0456677790671,123.1456139976043,2436800
2011-07-27,123.36550903320312,123.65535842537416,122.88575647451115,123.44546906388649,472000
2011-07-28,123.33554077148438,123.435487009163,122.88577126381684,123.23559453380575,240600
2011-07-29,125.72428131103516,125.92417376988834,124.88471620795303,125.40444880162495,1903200
2011-08-01,126.26399993896484,127.92312869646847,126.19403681591484,126.5338555206124,658200
2011-08-02,129.26243591308594,129.34239594875612,127.20350693432658,127.26348077378357,823600
2011-08-03,128.62274169921875,129.4722882902039,128.31290616304688,128.65272479944093,704900
2011-08-04,128.86264038085938,129.16248671272913,127.72324414581766,127.75322725392284,716300
2011-08-05,129.08250427246094,130.44179419032932,128.49281624763964,129.00255949859985,905100
2011-08-08,131.031494140625,132.14091467228027,129.29239796238258,129.62222733674656,2107800
2011-08-09,136.7085418701172,139.83691156886303,133.22035963333408,133.38027970597676,2157400
2011-08-10,135.9689178466797,136.58860429210557,135.21930969159456,136.20879794660104,1092300
2011-08-11,129.59225463867188,131.571215792918,128.55278951162208,130.51177209671366,2631600
2011-08-12,127.06356048583984,128.64274425035921,126.92363425836487,128.36287654459426,924800
2011-08-15,125.834228515625,126.92365541475915,125.39445594145258,126.3739473224524,2508300
2011-08-16,124.57486724853516,126.36393277740657,124.32499788906273,126.2939696617706,902300
2011-08-17,125.34446716308594,125.69428273573197,123.94519724709424,125.38443954961042,880000
2011-08-18,124.58486938476562,125.81422241471694,124.45493243212776,124.71479871199547,750800
2011-08-19,125.75426483154297,126.51386990342246,125.40444921469337,125.87420488249505,955600
2011-08-22,125.18455505371094,125.87419695880806,125.02463499584165,125.52437373857104,582900
2011-08-23,124.81475067138672,125.44442639287499,124.79476447605126,125.37446327108833,500700
2011-08-24,124.35498809814453,125.50438874247932,124.18507875409202,125.45441181756593,206200
2011-08-25,124.66483306884766,124.73479618947036,123.69533866492714,124.07513737324922,573400
2011-08-26,122.38601684570312,124.66483195143452,121.18664689566191,124.50491189121134,2392000
2011-08-29,121.02672576904297,121.2466120372083,119.91731276900465,120.78685330622994,957900
2011-08-30,120.61693572998047,121.1566544535269,120.197157042358,120.61693572998047,475300
2011-08-31,122.62588500976562,123.3654961528448,122.1461325011637,122.95570675743404,764700
2011-09-01,124.54489135742188,124.67482068672452,123.14562133826799,123.6253738914152,473200
2011-09-02,125.18455505371094,126.67377437193024,125.00464880131203,126.57382814846598,608100
2011-09-06,114.7400131225586,115.87941679373269,114.56010687840438,115.48962120229984,1411300
2011-09-07,115.10981750488281,115.27972684337871,114.74001572408679,114.91992197232005,576300
2011-09-08,112.92096710205078,114.30024325556461,112.69108393042787,113.91044765510618,1726100
2011-09-09,111.84153747558594,112.2613162093772,111.4717280432031,111.98146372018303,813600
2011-09-12,112.13137817382812,112.25131058822834,111.25183313271806,111.7515718604732,476300
2011-09-13,112.3812484741211,112.84100719243781,112.11138528865631,112.11138528865631,562800
2011-09-14,112.84100341796875,113.20081590294768,112.05141533289874,112.62111716321411,134800
2011-09-15,113.7105484008789,114.02039160184039,113.44069283917226,113.7905084285727,317800
2011-09-16,112.80104064941406,113.32076563749557,112.62113437942263,113.09089006358965,324600
2011-09-19,112.10140228271484,112.29129782620215,111.30181721669902,111.59166661249455,202000
2011-09-20,111.15189361572266,111.72159549470543,110.88203804163957,111.38177679953353,2121200
2011-09-21,109.92253112792969,111.1818671996808,109.92253112792969,110.54220225438915,491100
2011-09-22,108.84310150146484,109.37282335750132,108.46329517041366,108.88308151659699,1670200
2011-09-23,109.44278717041016,109.69265654751156,108.90306840082216,109.16293468812192,191800
2011-09-26,109.41280364990234,109.69265613112829,108.78312794173576,109.14294045342861,203600
2011-09-27,110.1823959350586,110.66214848357707,110.11243281604632,110.49223914103413,163200
2011-09-28,109.78260803222656,110.36230682865383,109.7326387310639,110.15241746279051,131700
2011-09-29,110.07246398925781,110.71212903535894,109.84258841431367,110.34232720816823,122800
2011-09-30,108.9930191040039,109.51274402345076,108.74314974120281,109.25287775102343,301300
2011-10-03,107.42384338378906,108.55325019606985,107.40384956387156,108.46329325725723,232400
2011-10-04,107.24393463134766,107.50379328095248,106.75418518509144,107.18396079840142,252700
2011-10-05,106.99407958984375,107.4538383684729,106.83415951445507,107.24394898858192,130500
2011-10-06,107.47381591796875,107.51379593359917,106.41437219269146,106.46434149317328,627600
2011-10-07,106.63426208496094,107.99355216089455,106.52431894459804,107.39385953149377,127800
2011-10-10,109.39280700683594,109.73263331484738,108.95304210143199,109.08297142853188,133800
2011-10-11,109.05299377441406,109.0829768802119,108.36335183943027,108.49328879843208,82500
2011-10-12,110.3823013305664,110.75210313800386,109.81259944101964,109.84258254698393,171400
2011-10-13,110.08244323730469,110.15240635220225,109.34283207618648,109.72263075342931,68000
2011-10-14,110.64215850830078,110.94200481472012,110.41228294873318,110.41228294873318,78700
2011-10-17,109.88256072998047,110.27235635182922,109.83258380393492,110.27235635182922,76100
2011-10-18,109.97251892089844,110.3523252885142,109.21291381107584,109.55274015971051,135800
2011-10-19,109.34283447265625,109.84257319727953,109.28286064042416,109.81259009386739,306700
2011-10-20,110.49224853515625,110.60219167800983,109.64268649939514,110.57220094553354,142500
2011-10-21,112.14137268066406,112.1613665009338,111.56168152478106,111.79155708002565,135200
2011-10-24,112.14137268066406,112.38125277145171,111.36178144912469,111.36178144912469,195600
2011-10-25,112.42123413085938,112.52118035717857,111.84153534263643,112.15137093184843,97300
2011-10-26,112.0813980102539,112.83100608021302,111.49170998874838,112.78102915871936,311900
2011-10-27,114.77999877929688,115.24975445030758,114.0204013276369,114.19031068192332,172200
2011-10-28,114.56010437011719,114.69003368928077,114.22027808286296,114.3702012206102,81200
2011-10-31,112.50118255615234,113.54064004899212,112.44121634756421,113.52065385459873,510600
2011-11-01,111.29181671142578,111.7415861560593,110.27235302932435,110.3623023430062,102700
2011-11-02,111.62165069580078,112.26131570405342,111.43174752524165,112.10140326469445,65100
2011-11-03,112.45122528076172,112.70109467713903,111.12191826193627,111.74159711009919,91400
2011-11-04,111.48172760009766,111.81155702393848,110.91202569774018,111.32180753081414,110200
2011-11-07,109.65266418457031,110.20237980245535,109.3828086428678,110.0124766571119,114300
2011-11-08,110.34231567382812,110.69213126787751,110.03247246874892,110.26235564507168,50800
2011-11-09,108.65320587158203,109.19292467518576,108.44331649663758,109.19292467518576,123300
2011-11-10,108.9630355834961,109.35283883062814,108.64320308296871,109.31285881488618,48100
2011-11-11,109.52275085449219,110.29234520645593,109.29286766471115,109.3528415024936,73300
2011-11-14,108.81312561035156,109.12296121640627,108.62322243223613,109.11296430560843,42200
2011-11-15,107.8436279296875,108.1934435430823,107.44383538920412,108.0635142082238,60200
2011-11-16,107.45381927490234,108.02352109777813,107.44382236561468,107.61373169646714,79200
2011-11-17,107.17398071289062,107.84362883923822,107.1140068747968,107.7736657159692,81800
2011-11-18,107.65372467041016,108.14346652876785,107.54378153123069,108.1234803331936,390400
2011-11-21,107.76366424560547,107.993547426853,107.40385173390129,107.52379177960542,52100
2011-11-22,108.01353454589844,108.20343771353602,107.89359449916813,108.01353454589844,48700
2011-11-23,107.30390930175781,107.57376488237135,107.14398923516572,107.55377868675158,34700
2011-11-25,106.12451934814453,106.3344087043242,105.70474063578517,106.20447937680575,174100
2011-11-28,107.00406646728516,107.48381905724511,106.83415711006529,107.41385593218936,57900
2011-11-29,107.31391143798828,107.52380081655473,107.04404821882511,107.05404512982604,26400
2011-11-30,108.09351348876953,108.65321855395204,108.02355035562172,108.65321855395204,49100
2011-12-01,107.76366424560547,108.52326928424854,107.40385173390129,108.48328926901384,139800
2011-12-02,107.27391815185547,107.92358002920707,106.85413944664042,107.91358311944255,98800
2011-12-05,107.27391815185547,107.6936968570705,107.10400881289813,107.59375063564902,105200
2011-12-06,106.56429290771484,106.65424222176986,106.38438665419672,106.42436666891275,47000
2011-12-07,106.87413024902344,106.98407338495005,106.40437460013848,106.42436842052963,21700
2011-12-08,106.56429290771484,106.6942222364859,106.28443280470256,106.53430217762174,27700
2011-12-09,106.76419067382812,107.04404316537179,106.63426133858528,106.71421374659168,32900
2011-12-12,105.35492706298828,105.95461203863404,105.16502389762732,105.93461821838122,85200
2011-12-13,104.345458984375,105.52484281239869,104.17554962895507,105.35493345697876,58700
2011-12-14,103.56586456298828,104.14555573596922,103.50589072581836,103.95566019025496,80200
2011-12-15,105.01510620117188,105.11505243140203,104.69527368919022,104.98512309464368,63100
2011-12-16,105.4249038696289,105.48487008735603,105.15504063903856,105.29496689734127,93100
2011-12-19,105.31494140625,105.56481076816777,105.27496139329422,105.35492141920578,66400
2011-12-20,105.92462158203125,106.47432959430098,105.92462158203125,106.344400273308,52400
2011-12-21,105.4648666381836,105.74472675465391,105.12504793486806,105.58480668809945,212200
2011-12-22,105.47486114501953,105.56481808675849,105.0850655234367,105.14503173432381,19100
2011-12-23,105.26497650146484,105.43488585686907,105.1350471635808,105.26497650146484,60700
2011-12-27,105.65476989746094,105.70474682465229,105.55482366848672,105.57480986411817,105500
2011-12-28,104.65528106689453,105.38490294797228,104.55533484870232,105.38490294797228,183200
2011-12-29,105.03508758544922,105.03508758544922,104.4853795316609,104.62530577265488,49500
2011-12-30,105.04508209228516,105.63477777333223,105.04508209228516,105.10505592663058,104800
2012-01-03,105.9046401977539,106.10454028283823,105.48486145718965,105.60480150824026,88600
2012-01-04,104.81520080566406,104.9751132292161,104.53534071998462,104.86517010190823,81500
2012-01-05,103.64581298828125,103.80573304737928,103.54586676404904,103.78573922728796,65500
2012-01-06,103.3459701538086,103.4259301801376,103.04612386777876,103.3459701538086,80600
2012-01-09,103.94566345214844,103.9756465580789,103.46591088103574,103.73577408522677,137600
2012-01-10,104.00563049316406,104.08559052655504,103.8257242307386,103.97564738699457,69800
2012-01-11,103.41593933105469,103.51588555711925,103.20604996869662,103.4359255261043,99700
2012-01-12,104.5753173828125,104.8551774595284,104.16553561494146,104.16553561494146,49900
2012-01-13,103.63581848144531,103.67579849420522,103.09609974729801,103.59583846868539,67100
2012-01-17,103.87569427490234,104.0955805394531,103.63582181603243,103.70578493426149,64900
2012-01-18,105.03508758544922,105.14503072128852,104.31547018551223,104.61530886246724,31700
2012-01-19,105.84467315673828,105.84467315673828,105.22499433593846,105.37491749222647,83000
2012-01-20,105.59479522705078,105.82467077273769,105.49484900608222,105.62477833080057,38100
2012-01-23,106.5243148803711,106.62426110632178,106.25445168235514,106.4043748339853,62700
2012-01-24,106.3044204711914,106.3643866770902,105.98458799738512,106.04455420328391,177600
2012-01-25,107.14398956298828,107.19396649030334,105.75471638820491,105.97460266773756,356300
2012-01-26,107.22394561767578,107.75366747576113,107.14398558710224,107.62373814513529,53800
2012-01-27,108.13346862792969,108.1634517316063,107.14398045415399,107.14398045415399,23300
2012-01-30,107.47381591796875,107.64372526534184,107.2239465393348,107.27392346522491,32900
2012-01-31,107.19395446777344,107.85361323238617,106.9340882006162,107.85361323238617,43300
2012-02-01,107.75367736816406,108.25341616701526,107.7136973492069,107.80365429821275,41600
2012-02-02,107.61373138427734,107.96354695425511,107.51378516791334,107.59374519116756,56700
2012-02-03,107.42384338378906,107.51379269719364,107.01405395496899,107.05403396939593,42900
2012-02-06,107.38386535644531,107.45382847663507,106.72420654430627,106.76418655947302,26000
2012-02-07,108.19342803955078,108.21341423227722,107.49379691301455,107.60374003652844,51400
2012-02-08,108.09351348876953,108.27341977763672,107.8736271773308,107.97357342105488,36500
2012-02-09,108.2334213256836,108.51327381062313,108.18344439962654,108.3933337633312,23700
2012-02-10,107.56376647949219,107.6337295963436,107.3938495167892,107.3938495167892,32500
2012-02-13,107.66372680664062,108.09350247372743,107.62374678814315,108.06351936620652,22600
2012-02-14,107.18395233154297,107.65370792124007,106.89410297565736,107.56375861703795,17200
2012-02-15,106.82415008544922,107.09401327469212,106.64424383442329,107.06403017042247,31000
2012-02-16,107.39385986328125,107.51379991461367,106.39438231173686,106.42437304362639,28200
2012-02-17,107.37386322021484,107.67370950666728,107.333883206994,107.65371568735294,24200
2012-02-21,108.16345977783203,108.35336294912125,108.00353971244986,108.15346286739354,82100
2012-02-22,108.36334228515625,108.43330540098543,108.03351289964395,108.19343295034363,87900
2012-02-23,109.4527816772461,109.5027509763242,108.66319354789447,108.84309980047341,426800
2012-02-24,110.27235412597656,110.43226656035954,109.88255851199587,109.88255851199587,118900
2012-02-27,109.65266418457031,109.86255352265168,109.48275485737216,109.52273486825538,160000
2012-02-28,110.22238159179688,110.26236160833732,109.6326935049944,109.97251220747546,55500
2012-02-29,109.06298828125,110.25236132899992,108.98302825061235,110.14241819322523,73600
2012-03-01,108.84310150146484,109.13295089211668,108.82310768119468,108.93305081645602,30000
2012-03-02,107.97354888916016,108.15345513715214,107.83362265465617,108.15345513715214,101900
2012-03-05,108.1734619140625,108.29339434348456,107.99355564452061,108.19344811049658,38100
2012-03-06,107.3438949584961,107.4538381037027,107.24394872432887,107.39386426287525,135200
2012-03-07,107.61373138427734,107.623728293536,107.19395270030402,107.27391272355824,275500
2012-03-08,108.5732421875,108.71316843276118,108.24342039533208,108.24342039533208,18000
2012-03-09,107.32389068603516,107.48381074545802,107.11400132709878,107.4438307306023,61100
2012-03-12,107.57376098632812,107.59375480663225,107.19396228003997,107.38386544588815,16700
2012-03-13,106.77417755126953,107.27391627504174,106.75418373209028,106.87412377094242,29600
2012-03-14,105.94461059570312,106.43435241522944,105.70473814078932,106.3444031041647,162800
2012-03-15,106.944091796875,107.13399496075706,106.40437303537452,106.4743361548982,147400
2012-03-16,107.64372253417969,107.74367638342385,107.23394072882941,107.23394072882941,108100
2012-03-19,108.18344116210938,108.44330744409429,107.4838099706978,107.4838099706978,48800
2012-03-20,108.12347412109375,108.3333634769024,107.85361855659922,107.91358476528511,117200
2012-03-21,108.04351043701172,108.37333982444066,107.7836441658185,108.2034304886407,37500
2012-03-22,107.86360168457031,107.96354790181151,107.52378302086875,107.52378302086875,219400
2012-03-23,108.56324768066406,108.6931770091833,108.21342445892873,108.29338448820585,24400
2012-03-26,109.19292449951172,109.24290142816467,108.91307200003602,108.98303512490494,30500
2012-03-27,108.95304870605469,109.14294425326457,108.93305488503778,109.0429980244054,29000
2012-03-28,108.93304443359375,109.01300445917282,108.58322885344502,108.88307513666264,15000
2012-03-29,108.72315979003906,108.74315361000285,108.45330422379254,108.55325044738726,17900
2012-03-30,109.22290802001953,109.33285116314528,109.09297868060214,109.26288803801151,17400
2012-04-02,109.13294982910156,109.21290223317885,108.74315421712029,108.75314350174989,35300
2012-04-03,108.36334228515625,109.33283662265181,108.18343604082297,109.1629272878392,28300
2012-04-04,107.62373352050781,107.70369354764544,107.44382727215208,107.56376731285853,50800
2012-04-05,107.18395233154297,107.25391544328036,106.98405990526675,106.99405681420275,45600
2012-04-09,107.57376098632812,107.72368413697626,107.10401296489601,107.12399915979194,16200
2012-04-10,107.33389282226562,107.4938128894751,107.12400345310957,107.39385903476492,79700
2012-04-11,107.4438247680664,107.88359728166617,107.37386165230352,107.84361726902912,55400
2012-04-12,108.18344116210938,108.38334123494703,107.8436224763975,107.8436224763975,30600
2012-04-13,107.15398406982422,107.68370593568353,107.12400096427118,107.68370593568353,30300
2012-04-16,107.76366424560547,107.85362118623561,106.85414368159249,106.96407919172769,50400
2012-04-17,107.71369171142578,107.83363176201956,107.4938130567833,107.75367172829037,10400
2012-04-18,107.58375549316406,107.69369862615612,107.13399367667512,107.14398296119583,24500
2012-04-19,107.72368621826172,107.87360937180645,107.46381992714474,107.48381374783516,21200
2012-04-20,108.38333892822266,108.48328514981029,108.13346956154963,108.13346956154963,23700
2012-04-23,107.8536148071289,107.86360409129061,107.50379160086788,107.71368094937985,24800
2012-04-24,108.20342254638672,108.36333496087018,108.13345943528635,108.13345943528635,23000
2012-04-25,108.41333770751953,108.55326396305557,108.07351135449699,108.46330701283439,20900
2012-04-26,108.59322357177734,108.64319286770017,108.39332351186331,108.44330043319371,16100
2012-04-27,108.64320373535156,108.86309001054858,108.64320373535156,108.73316067766322,10200
2012-04-30,108.5832290649414,108.64319527153863,108.48328284547677,108.55324596164279,17000
2012-05-01,108.5732421875,108.99302854869198,108.3433666240317,108.89307469458389,23200
2012-05-02,107.89359283447266,108.0135328793524,107.69370038508124,107.79364660977694,101000
2012-05-03,107.88359832763672,108.0535076639357,107.82362449539583,107.98354454749449,16000
2012-05-04,107.42384338378906,108.11347766278159,107.33388644497644,107.89359139613747,48600
2012-05-07,107.11399841308594,107.20395535041607,106.94408907362761,107.11399841308594,10000
2012-05-08,106.77417755126953,106.99406380979454,106.54429438315489,106.74419444790844,30800
2012-05-09,106.24445343017578,106.42435967186567,105.9546040615972,106.21446270205446,20000
2012-05-10,106.19448852539062,106.44435791015626,106.18449161488563,106.36439787693323,24500
2012-05-11,106.01457977294922,106.25445224157498,105.95461356214484,106.0945398042939,37000
2012-05-14,105.31494140625,105.47485383266533,105.24497828992934,105.31494140625,21900
2012-05-15,104.46537780761719,105.01509344522321,104.39541469241348,104.93513342058822,93000
2012-05-16,104.30547332763672,104.63530273532007,104.14555326618725,104.54534579440268,33500
2012-05-17,104.22550201416016,104.4553851712561,104.08557578824346,104.2954651271185,58000
2012-05-18,104.8251953125,104.85518604222993,104.2455041696576,104.32545657271336,36500
2012-05-21,105.16503143310547,105.20501145106766,104.47538946772285,104.50537257484231,41100
2012-05-22,104.05560302734375,104.82519734636769,103.90567987741728,104.6952680166491,20800
2012-05-23,103.41593933105469,103.9456611920643,102.9761667858807,103.93566428183537,36000
2012-05-24,102.8162612915039,103.23604004456386,102.72630434418605,102.93619372071602,52100
2012-05-25,102.67632293701172,102.95617540606271,102.65632911756072,102.69630913105485,29500
2012-05-29,102.55638885498047,102.91620137192456,102.28652565456824,102.86622444580131,125200
2012-05-30,101.47694396972656,101.97668269320629,101.44696086638302,101.95669649944651,43500
2012-05-31,101.4269790649414,101.71682082675247,101.2570620962901,101.69683463212719,84200
2012-06-01,101.9067153930664,102.20656166500689,101.48693671267569,101.78677535920872,60800
2012-06-04,102.56639099121094,102.6763341339572,102.34650470571839,102.36649090194102,94600
2012-06-05,102.20657348632812,102.31651662372862,101.99668412185675,102.14659964975891,40600
2012-06-06,103.23603057861328,103.24602748860057,102.31651312039213,102.31651312039213,108300
2012-06-07,103.06612396240234,103.52588270367548,103.01614703655184,103.50588888317196,57700
2012-06-08,102.57637786865234,102.68632100881771,102.05665289956846,102.12661602281838,18700
2012-06-11,102.43645477294922,102.96617666890756,102.41646857658101,102.95618738342785,26100
2012-06-12,102.61634826660156,102.62634517624548,102.15658955328308,102.48641894286193,31700
2012-06-13,103.14608001708984,103.43592942137825,102.69631817015768,102.7962643999861,119200
2012-06-14,103.51588439941406,103.59584442953475,103.1061025895098,103.1560718892791,42800
2012-06-15,103.84571838378906,103.85571529434702,103.4259396452571,103.43592893040655,142000
2012-06-18,103.16607666015625,103.43593225061508,103.01615349860856,103.2760198035973,80700
2012-06-19,104.06558990478516,104.39541165233643,103.69578052067318,103.7457574409666,50800
2012-06-20,104.00563049316406,104.50536926374495,103.71578109117813,104.15555364942003,28500
2012-06-21,102.89620971679688,103.79574102808803,102.7962634878553,103.75576101142971,24500
2012-06-22,103.0461196899414,103.19604282687793,102.76626723454389,103.16605972457212,16200
2012-06-25,102.58637237548828,102.58637237548828,102.34649990502463,102.45644304261387,39400
2012-06-26,102.4864273071289,102.53639660861101,102.12661478466062,102.37648416829646,20300
2012-06-27,102.24654388427734,102.32649628316823,102.16658385997883,102.28651627101897,9000
2012-06-28,102.08663177490234,102.14659798508596,101.82676548842636,101.96669172912692,29700
2012-06-29,103.7557601928711,104.02562339683365,103.72577708696602,103.81573403008967,54700
2012-07-02,103.19605255126953,103.32598188197404,103.07611250533658,103.32598188197404,17900
2012-07-03,103.40594482421875,103.47590794663088,103.03613539123556,103.03613539123556,9700
2012-07-05,101.57688903808594,101.62686596003059,101.38699351059317,101.53690902561175,59800
2012-07-06,100.75732421875,101.17711056357642,100.58741487404377,101.14711983326812,77200
2012-07-09,101.01719665527344,101.01719665527344,100.74734106933046,100.80730728278255,21100
2012-07-10,100.45748138427734,100.83728007296479,100.37752135758276,100.83728007296479,29400
2012-07-11,100.39751434326172,100.70735756131154,100.17763569308903,100.47747437536543,24400
2012-07-12,100.08767700195312,100.12765701730648,99.86779073021378,99.9377538507301,28900
2012-07-13,100.37752532958984,100.48746846429344,99.86778967100118,99.86778967100118,17500
2012-07-16,100.67737579345703,100.73734200562748,100.2176094154553,100.38752639228571,12800
2012-07-17,100.71733856201172,100.71733856201172,99.95774119573026,100.69735236833388,29100
2012-07-18,100.6973648071289,100.72734791405323,100.35754609477496,100.35754609477496,7300
2012-07-19,100.68737030029297,100.74734414098221,100.29757465015287,100.40751779510612,44800
2012-07-20,99.71786499023438,99.94774816619616,99.6878818858498,99.92776197174246,14500
2012-07-23,99.51797485351562,99.58793797383923,99.0482192061679,99.14816543157188,45000
2012-07-24,98.99823760986328,99.30807315775422,98.77835136604108,99.28807933991189,23500
2012-07-25,99.66789245605469,99.7178617532709,99.35805688692768,99.65789554644833,23000
2012-07-26,100.78730010986328,101.0671601948528,100.70734771098817,100.9172370556746,9100
2012-07-27,100.82728576660156,101.53691386467057,100.82728576660156,101.0371751230382,21300
2012-07-30,100.49746704101562,100.5374394311997,100.28757005280374,100.28757005280374,19600
2012-07-31,100.88725280761719,101.03716831968588,100.64737273749222,100.69734965845346,27000
2012-08-01,100.15764617919922,100.94723437300743,100.15764617919922,100.91725126603134,26700
2012-08-02,99.83781433105469,100.11766683191736,99.51798181215325,99.88779125995534,50800
2012-08-03,101.4269790649414,101.54691148350926,100.6573771272265,100.72734024652712,36300
2012-08-06,101.62687683105469,101.84676311048008,101.45696747891998,101.49694749567082,24400
2012-08-07,101.60688781738281,101.89672958632299,101.58689399685765,101.86674648094355,25300
2012-08-08,101.28705596923828,101.41699293704515,101.12714351901072,101.13714043009023,14200
2012-08-09,100.80728912353516,100.98719535689203,100.60739669776409,100.77730602221023,9300
2012-08-10,100.80728912353516,100.9072353364207,100.39749973767503,100.44747665682142,16800
2012-08-13,101.13712310791016,101.41697556693357,101.08714618648129,101.23706932536028,13400
2012-08-14,101.05716705322266,101.19709328823053,100.96721011619879,101.17710709411851,11600
2012-08-15,100.7473373413086,100.75732662624188,100.5574341718593,100.70735732535042,30300
2012-08-16,101.28705596923828,101.42698984812465,101.05718039227199,101.05718039227199,36200
2012-08-17,101.1071548461914,101.23708418540745,100.7873147027512,101.23708418540745,58000
2012-08-20,101.21707153320312,101.22706844217798,100.93721908516572,100.93721908516572,19600
2012-08-21,102.16658782958984,102.33649716877015,102.10662162173983,102.10662162173983,44400
2012-08-22,102.6263427734375,102.69630588849121,102.01666093136616,102.02665784077601,15900
2012-08-23,102.98616790771484,103.17607108278936,102.79626473264032,102.8562385710583,25400
2012-08-24,102.55638885498047,102.90620446161824,102.40646570201905,102.40646570201905,17100
2012-08-27,102.42646026611328,102.6763296477266,102.42646026611328,102.64633891658997,35400
2012-08-28,103.01614379882812,103.05612381317033,102.96616687454836,102.99615760436104,14400
2012-08-29,102.71629333496094,102.85622719218308,102.62634402539784,102.85622719218308,9700
2012-08-30,102.53639221191406,102.9161985390161,102.37647977845644,102.8562323296455,21400
2012-08-31,103.10609436035156,103.46589921636141,102.98615432474324,103.41592992058028,56500
2012-09-04,102.95616912841797,103.22602467128931,102.90619220824564,103.08609844529566,33700
2012-09-05,102.98616790771484,103.13609106564691,102.94618789057239,102.96617408643934,22500
2012-09-06,103.22604370117188,103.2860099161076,102.60637247907907,102.73630181990944,43300
2012-09-07,104.15554809570312,104.29547433397204,103.81572941002379,103.98563875286347,53100
2012-09-10,104.01563262939453,104.22552200853424,103.98564952171868,104.08559575577443,14200
2012-09-11,104.81520080566406,104.92514393297193,104.51535452656847,104.52535143598035,27700
2012-09-12,104.94513702392578,105.13504018819492,104.88517081432843,105.13504018819492,66100
2012-09-13,105.26497650146484,105.35493344723739,104.59532836517153,104.73525461378777,56100
2012-09-14,106.19448852539062,106.46434410575777,106.00458535283805,106.00458535283805,164500
2012-09-17,106.07453918457031,106.41436548329884,105.94460986101964,106.18448231427003,91600
2012-09-18,105.94461059570312,106.14450303722998,105.85466128463838,105.94461059570312,87600
2012-09-19,106.07453918457031,106.2744392501188,105.89463293828057,105.96459605487058,197700
2012-09-20,105.47486114501953,105.51484116074704,105.19500866033526,105.2949548869499,20600
2012-09-21,105.49485778808594,105.86465959899485,105.46486705643169,105.78469956540052,28800
2012-09-24,105.14502716064453,105.17501789019182,104.88516850783171,104.94513471611037,36200
2012-09-25,104.93514251708984,105.47486129205113,104.93514251708984,105.34493195981183,62600
2012-09-26,104.71525573730469,104.73524955780391,104.5153632847621,104.66528643687317,21000
2012-09-27,104.9651107788086,105.09504771808102,104.49536281695418,104.80519836369815,46000
2012-09-28,104.63529968261719,105.16502152624966,104.53534583442328,105.16502152624966,24900
2012-10-01,104.87517547607422,105.20500488461924,104.80521235535936,105.10505865865633,34400
2012-10-02,105.08506774902344,105.37491715013034,105.07507083852776,105.25497710040761,20500
2012-10-03,104.8251953125,105.01509847374949,104.76522910385617,104.90515534096379,30800
2012-10-04,105.76470947265625,105.83467259312127,105.34493074986608,105.35492766004916,45100
2012-10-05,105.8246841430664,106.06456425418784,105.74473173143475,105.84467796503094,15100
2012-10-08,105.45487213134766,105.50484143061527,105.37491210202974,105.44487522133089,13100
2012-10-09,104.5253677368164,105.06508654811358,104.50537391487458,104.94514649268905,79500
2012-10-10,104.88516235351562,104.90514854663313,104.66527610218547,104.76522231858803,52000
2012-10-11,105.2549819946289,105.40490515740143,105.19501577968343,105.33494203149543,31200
2012-10-12,105.43487548828125,105.62477864647458,105.38490619035156,105.61478173672548,21100
2012-10-15,105.45487213134766,105.50484143061527,105.30494898272859,105.49485214600661,15000
2012-10-16,106.2344741821289,106.28444348648988,105.97460787306164,106.21448036005741,57800
2012-10-17,106.7142105102539,106.78417363101804,106.5143180581873,106.60427499940306,53100
2012-10-18,106.42436981201172,106.70422229788095,106.30442976432133,106.61426535576108,27000
2012-10-19,105.93461608886719,106.2744423976604,105.92462680434977,106.2744423976604,15700
2012-10-22,106.1445083618164,106.37439154397113,106.0545590462395,106.09453906163198,32600
2012-10-23,105.45487213134766,105.49485214600661,105.31494589274536,105.44487522133089,57600
2012-10-24,105.4249038696289,105.51485319621958,105.29496689734127,105.45488697849247,8600
2012-10-25,105.29495239257812,105.50484175111917,105.25497237779771,105.50484175111917,8000
2012-10-26,105.17501831054688,105.384907665769,105.10505519213949,105.20500141480603,20700
2012-10-31,105.6647720336914,105.89464760915989,105.63478892605715,105.84467830490577,26400
2012-11-01,105.54481506347656,105.81467823975514,105.49484576723036,105.754704408689,61900
2012-11-02,104.56533813476562,104.79521368808527,104.50536429986683,104.79521368808527,24600
2012-11-05,104.21551513671875,104.28547825641166,104.12556582228848,104.28547825641166,243600
2012-11-06,104.31546783447266,104.3954202379471,104.22551089562782,104.34545093895159,28400
2012-11-07,104.08558654785156,104.12556656301881,103.94566030747032,104.03560962254046,33000
2012-11-08,103.95565795898438,104.01562416945879,103.79573789717492,103.85571173305759,49100
2012-11-09,103.68579864501953,103.77575558950912,103.6058462365281,103.65581553865917,52200
2012-11-12,103.7557601928711,103.80573711965185,103.7557601928711,103.7557601928711,27100
2012-11-13,103.80572509765625,103.86569130252158,103.55585574350734,103.58583884594,30100
2012-11-14,104.08558654785156,104.38543284890177,103.98564032263755,104.07558963770771,27600
2012-11-15,104.31546783447266,104.59532031015338,104.25549400010675,104.31546783447266,28500
2012-11-16,103.98563385009766,104.04560005641186,103.64580755503255,104.02561386277637,26300
2012-11-19,104.59532165527344,104.65528786500246,104.30547226590285,104.30547226590285,41800
2012-11-20,104.64529418945312,104.65529109985302,104.38543552232309,104.50536794548822,39700
2012-11-21,104.7452392578125,104.81520237392725,104.65528232257482,104.69526233541292,11000
2012-11-23,106.03456115722656,106.44435058021946,105.57480243596657,105.59479625559976,48800
2012-11-26,105.97460174560547,105.99459556652091,105.83467550083107,105.83467550083107,33100
2012-11-27,105.59479522705078,105.73472146148835,105.46485827692457,105.65476143455035,14600
2012-11-28,105.75471496582031,105.76471187623056,105.30495312766803,105.30495312766803,19200
2012-11-29,105.9845962524414,106.19448561484293,105.78469617486263,106.09453938875767,29800
2012-11-30,106.1145248413086,106.18448796161955,105.94461549561171,105.94461549561171,10500
2012-12-03,106.24445343017578,106.35439655706448,106.0945302911996,106.11451648453955,49600
2012-12-04,106.16449737548828,106.20447738907062,106.04455733474126,106.11452045215837,12800
2012-12-05,106.17449951171875,106.22446881210051,105.96460252372722,106.02457635975692,24400
2012-12-06,105.40489959716797,105.90463836310869,105.29495645862833,105.90463836310869,49200
2012-12-07,105.2349853515625,105.38490849945232,104.97511907024733,105.06507600914445,29100
2012-12-10,105.35492706298828,105.39489945267758,105.33493324273545,105.35492706298828,8100
2012-12-11,105.45487213134766,105.49485214600661,105.36491519201297,105.3849090120465,52200
2012-12-12,106.09453582763672,106.56429146241892,105.82467263831553,105.8946357567677,31300
2012-12-13,106.41436767578125,106.55429391184423,106.30442454381634,106.31442145365169,19700
2012-12-14,107.07402038574219,107.2239435338018,106.47433541891179,106.4943292388707,66500
2012-12-17,107.15398406982422,107.26392720712427,107.05403784284462,107.05403784284462,36400
2012-12-18,107.64372253417969,107.7536656680218,107.32389004265943,107.3438838626715,67000
2012-12-19,107.78363800048828,108.17344119768487,107.7136748882545,108.07348735843033,69400
2012-12-20,107.83363342285156,108.08350281304733,107.62374405013615,108.04352279556697,40500
2012-12-21,107.30390930175781,107.45383245783577,107.13399995006007,107.42384935170188,47600
2012-12-24,107.42384338378906,107.57375890613001,107.30390334050824,107.54377580166182,25400
2012-12-26,107.68370819091797,107.87361136394219,107.5537788556642,107.5537788556642,20900
2012-12-27,107.63373565673828,107.95356815541138,107.3638724583967,107.94357124518177,19500
2012-12-28,107.62373352050781,107.71368283198173,107.56376731285853,107.58375350693899,46700
2012-12-31,107.40384674072266,107.7036930283391,107.26392050661042,107.61373609189103,33300
2013-01-02,107.04403686523438,107.7736587827382,106.8841244332248,107.62373563526118,103800
2013-01-03,106.09453582763672,106.62425767097562,106.05455581346291,106.5043176284542,147700
2013-01-04,106.38438415527344,106.44435036323486,105.98459164291211,106.01457474689282,24100
2013-01-07,106.64424133300781,106.66423515232394,106.1345133215637,106.22446263226284,40100
2013-01-08,106.34440612792969,106.42436615697713,106.22446608435851,106.37438923247046,20000
2013-01-09,106.2144775390625,106.27445137827523,106.00458816533963,106.03457127224165,41500
2013-01-10,107.45381927490234,107.59374550329937,107.054026782879,107.07401297604679,39300
2013-01-11,107.57376098632812,107.81364107752842,107.54377788128015,107.75366724202425,44400
2013-01-14,106.70421600341797,107.19395782479936,106.51431284546263,107.00405466684401,56200
2013-01-15,105.53482055664062,105.95460688202984,105.30494501277796,105.68474369960764,74400
2013-01-16,105.52482604980469,105.74471229855273,105.39488910714043,105.74471229855273,43100
2013-01-17,105.36490631103516,105.43486942443927,105.05507075530375,105.27495700469022,75700
2013-01-18,105.18501281738281,105.64477156480197,105.14503280124963,105.3349359715302,31500
2013-01-22,105.77469635009766,105.95460258928763,105.62477321320476,105.6647532247367,34500
2013-01-23,105.84467315673828,105.89464245856195,105.65476998374623,105.82467933568202,39200
2013-01-24,105.87464904785156,105.91462906183106,105.57480275570923,105.59479657540297,25200
2013-01-25,106.0645523071289,106.4843310161945,105.93461535522195,106.18448472377166,84800
2013-01-28,106.09453582763672,106.13451584181053,105.84466645810645,105.9346157709415,35500
2013-01-29,106.62425994873047,106.87412932359857,106.56429373889274,106.70421997878623,27000
2013-01-30,107.90359497070312,108.06351503828826,107.39385928703618,107.39385928703618,157000
2013-01-31,108.00354766845703,108.20344776491024,107.78366137506298,107.83363830552854,32500
2013-02-01,108.32337188720703,108.9230645051515,108.21342874894444,108.56325198454817,109000
2013-02-04,108.2634048461914,108.31338177244005,108.02353237609627,108.04351857135073,156900
2013-02-05,108.1734619140625,108.29339434348456,107.87361558968975,107.98355873359917,41100
2013-02-06,108.05351257324219,108.12347569286212,107.66371696030147,107.66371696030147,30200
2013-02-07,106.98407745361328,107.56377626047112,106.90411741982423,107.52379624357658,129700
2013-02-08,107.16398620605469,107.26393243790821,106.94409992073172,107.19396931306987,11400
2013-02-11,106.93408966064453,107.03403588002111,106.84414035082793,107.0040527767489,16200
2013-02-12,107.1240005493164,107.31390371762785,106.98407430700533,106.98407430700533,29500
2013-02-13,107.08402252197266,107.20396257135566,106.86413624414138,107.14398873395993,17700
2013-02-14,106.61426544189453,106.66424236815799,106.32441604546484,106.53430541003634,27600
2013-02-15,106.61426544189453,106.67423927849234,106.38438988206265,106.65424545782362,10400
2013-02-19,106.5243148803711,106.58428109085986,106.34440862349655,106.44435484944724,28200
2013-02-20,105.87464904785156,106.47433400672824,105.84466594371892,106.37438778448346,29400
2013-02-21,105.48486328125,105.73473267286977,105.2949601034882,105.55482640588718,68800
2013-02-22,105.68474578857422,105.6947426984117,105.33493019834192,105.41489022622586,92100
2013-02-25,105.32493591308594,106.03456402107118,105.2050034936794,106.03456402107118,71200
2013-02-26,105.3948974609375,105.62478063705163,105.24498193891527,105.54482060836776,22600
2013-02-27,105.644775390625,105.80469546094912,105.36492289296643,105.5648229808716,37200
2013-02-28,104.78522491455078,105.45488068263019,104.78522491455078,105.45488068263019,28700
2013-03-01,104.18553161621094,104.25549473562471,103.86569912383256,104.20552543627666,58800
2013-03-04,104.36544036865234,104.40542038433291,104.17554482592996,104.2455079470189,47800
2013-03-05,104.31546783447266,104.47538026682962,104.12556467222872,104.4254109678341,26000
2013-03-06,103.61583709716797,103.9456665229639,103.59585090109336,103.92568032688929,35800
2013-03-07,104.20552062988281,104.38542687513564,104.02561438463,104.24550064276208,56100
2013-03-08,103.20604705810547,103.34597329573134,102.82624073419977,103.03613009063858,38800
2013-03-11,103.61583709716797,103.6458202039842,103.1760721548487,103.25602456455579,19500
2013-03-12,103.70578002929688,104.02561250113233,103.65580310775074,104.02561250113233,22600
2013-03-13,103.09609985351562,103.44591543376565,103.08610294396341,103.43591852421343,31400
2013-03-14,103.74576568603516,103.80573189482705,102.92619445577773,102.92619445577773,13800
2013-03-15,104.53535461425781,104.63530847084677,104.33546215189722,104.47538840063137,60600
2013-03-18,103.78573608398438,104.2155116980338,103.73576678608572,103.91567303441822,80600
2013-03-19,103.69579315185547,104.17554571872566,103.49590069714776,104.0656025810139,66200
2013-03-20,103.99563598632812,104.31546847842446,103.98563907630408,104.07558839029613,47300
2013-03-21,103.68579864501953,103.89568801495054,103.58585241534884,103.69579555560915,21400
2013-03-22,104.4254150390625,104.45539814471037,104.01562559411924,104.04560869976713,27500
2013-03-25,103.5358657836914,104.06559523957225,103.43591956338838,104.06559523957225,44600
2013-03-26,103.56586456298828,103.63582768517952,103.34597828598484,103.39594758731664,14800
2013-03-27,102.91621398925781,103.04614333753571,102.79627392710259,102.9761802076308,50700
2013-03-28,103.41593933105469,103.69579181419877,103.15607304296022,103.15607304296022,15700
2013-04-01,103.70578002929688,103.83570934974615,103.4059337508353,103.4259275696168,36200
2013-04-02,103.43592071533203,103.57584695039614,103.41593452121197,103.44591762509602,17800
2013-04-03,103.89568328857422,103.97564331883667,103.64581391306018,103.64581391306018,126700
2013-04-04,104.51536560058594,104.65529184554785,103.35597562441458,103.35597562441458,33200
2013-04-05,105.2349853515625,105.41489160394867,104.97511907024733,104.97511907024733,26600
2013-04-08,104.94513702392578,105.09506017332731,104.88517081432843,105.05508015845969,16900
2013-04-09,105.28495025634766,105.46485650122516,104.94513158569445,104.94513158569445,16200
2013-04-10,105.24498748779297,105.4548768550982,105.1750243653579,105.4548768550982,24800
2013-04-11,105.44486999511719,105.6947393552952,105.42488380148235,105.45486690463846,9100
2013-04-12,105.75471496582031,105.75471496582031,105.51484249383299,105.59480252629822,25300
2013-04-15,105.3349380493164,105.74472750370866,105.30495494297716,105.71473677196089,55600
2013-04-16,106.50431823730469,106.5742813561568,105.88464707758827,105.90463327208542,21800
2013-04-17,105.20499420166016,106.17448850841117,105.15501728104944,106.16449159920754,225800
2013-04-18,105.26497650146484,105.57481210548534,105.26497650146484,105.36492273256094,25000
2013-04-19,105.16503143310547,105.74473025544424,105.15503452226274,105.48486395139432,12400
2013-04-22,105.06507873535156,105.10505875085344,104.78521862683837,104.83519555256778,34400
2013-04-23,103.87569427490234,104.52535615869101,103.8457111707196,104.39541920668849,21600
2013-04-24,103.63581848144531,103.76574780385924,103.38594912075162,103.6058353782273,52500
2013-04-25,103.87569427490234,103.95565430299497,103.56585869780336,103.81572806653686,42200
2013-04-26,104.14554595947266,104.30546600970233,104.09557666283165,104.23550289407878,10100
2013-04-29,104.7452392578125,104.82519165808097,104.55533610318342,104.56533301274489,21900
2013-04-30,105.5748062133789,105.77470628982336,104.95513503992166,104.95513503992166,24900
2013-05-01,105.86465454101562,106.0945377202639,105.8246745261286,106.01457769048987,30400
2013-05-02,105.01510620117188,105.17502626986699,104.89516614965054,105.09506623551943,29100
2013-05-03,104.90515899658203,105.3349346327912,104.59532340724807,104.59532340724807,18900
2013-05-06,104.59532165527344,104.7652309997778,104.51536162536263,104.7252509848224,11000
2013-05-07,104.41541290283203,104.45539291683103,104.25549284683605,104.43539909712754,11100
2013-05-08,104.91515350341797,104.98511662280704,104.8451903840289,104.8451903840289,4300
2013-05-09,103.50588989257812,104.5153643264182,103.34597745403194,104.5153643264182,34700
2013-05-10,102.51641082763672,102.79626331837513,101.97669204175185,102.77627712278316,41600
2013-05-13,102.4864273071289,102.73629669076476,102.32650724140592,102.60636735642116,38900
2013-05-14,101.62687683105469,102.60636817792914,101.61687992051486,102.49642503821644,23800
2013-05-15,101.63687896728516,101.70684209384419,101.1571263670169,101.19710638582333,35600
2013-05-16,101.8067855834961,102.44645061633614,101.63687622720612,101.856762512009,25300
2013-05-17,100.86727142333984,100.97721456268167,100.55743582632662,100.71734826738205,37000
2013-05-20,101.51692962646484,101.68683897179616,101.22708023568357,101.28704644570446,21200
2013-05-21,101.16710662841797,101.63686224032202,100.66736791369581,101.17710353782655,36900
2013-05-22,100.36752319335938,101.13712509621132,99.7478520577416,100.70734948985975,66400
2013-05-23,101.31703186035156,101.79677676616443,101.14711489852705,101.78677985654939,59300
2013-05-24,102.07662963867188,102.29651589863177,101.98668032800164,102.04664653511513,13600
2013-05-28,100.56742858886719,101.36700601198223,100.52744857390022,101.20709357752247,20000
2013-05-29,102.02667236328125,102.14660479164019,101.61688289863164,101.61688289863164,15100
2013-05-30,102.90621185302734,102.99616880142884,102.52641311359928,102.52641311359928,15700
2013-05-31,102.56639099121094,102.72630343721815,101.99668908125695,102.6763341339572,23500
2013-06-03,103.59585571289062,104.18554384208944,101.97669924092958,102.03666545734735,35400
2013-06-04,103.60585021972656,103.63583332723964,103.10611142675178,103.34598391226521,8200
2013-06-05,104.13556671142578,104.37543918448024,103.50589098472119,103.50589098472119,40000
2013-06-06,105.49485778808594,106.32441835404953,104.44540331703368,104.44540331703368,40800
2013-06-07,104.79521179199219,105.08506117496628,104.74524249345677,105.06507498063372,9100
2013-06-10,105.10507202148438,105.19502134866447,104.2255268202075,104.29548994981732,9600
2013-06-11,106.07453918457031,106.3543992763382,105.61478047192048,105.63477429117923,55500
2013-06-12,106.5243148803711,106.97407670985335,105.92462989925868,105.92462989925868,28800
2013-06-13,106.38438415527344,106.54429658497322,106.09453477444667,106.25444720414644,42400
2013-06-14,106.49433135986328,106.64424688550062,105.98459569647167,106.05455881690517,15200
2013-06-17,106.38438415527344,106.44435036323486,105.80468539361989,106.27444102373887,86600
2013-06-18,106.65424346923828,106.82415281471269,106.35440479347312,106.40437409339654,21000
2013-06-19,105.54481506347656,106.84413877240029,105.36490882109341,106.58427250553402,27500
2013-06-20,105.71472930908203,105.82467244150352,105.04508123008422,105.30494750902665,23800
2013-06-21,104.9651107788086,105.3349201534503,104.74523216120764,105.16501082945568,59200
2013-06-24,105.12503814697266,105.30494439239163,104.88516569488328,104.91514879821848,38100
2013-06-25,104.69527435302734,104.69527435302734,104.32546491088148,104.60532503287243,99400
2013-06-26,104.04560852050781,104.39542412814426,103.89568536711838,104.31547172169046,13300
2013-06-27,103.84571838378906,103.87570149005441,103.4059458241412,103.6957952270538,29200
2013-06-28,103.86569213867188,104.04559838012369,103.59583658919794,103.92566596942754,37600
2013-07-01,103.81572723388672,103.82571651826218,103.24602538275995,103.57584715153277,281900
2013-07-02,103.2160415649414,103.54587098120811,103.01614910833588,103.10610605159427,118300
2013-07-03,103.67581176757812,103.86570732073996,103.27601921420217,103.31599923208063,31000
2013-07-05,101.85675811767578,102.09663058828997,101.79678428096597,101.99668436098476,62600
2013-07-08,101.83675384521484,101.88673076644238,101.66684451369335,101.74680453749437,18000
2013-07-09,100.84728240966797,101.3470211652903,100.62739613712883,101.33702425506354,40300
2013-07-10,101.54691314697266,102.21656124630654,101.0671682140262,101.117137514112,22700
2013-07-11,103.73577117919922,103.86570050972756,102.976166140137,103.05612617065054,74800
2013-07-12,103.7557601928711,103.94566336414783,103.19605521488715,103.19605521488715,29600
2013-07-15,103.48590087890625,103.49589778898323,103.06612216057056,103.28600080440724,108800
2013-07-16,104.4853744506836,104.55533756777838,103.9256695139253,104.02561573471672,23100
2013-07-17,104.21551513671875,104.66528458509448,103.8457133435168,104.66528458509448,21500
2013-07-18,103.78573608398438,103.8457099170338,103.50588361444669,103.77574679964937,10600
2013-07-19,104.28547668457031,104.34545051869468,104.01562111993877,104.09558114849924,24000
2013-07-22,104.72525787353516,105.05508729955696,104.54535160710587,104.54535160710587,34500
2013-07-23,104.89515686035156,104.96511997785774,104.43539814168125,104.48537506507476,6500
2013-07-24,104.56533813476562,104.94513683722006,104.53534740461217,104.71525365849229,14900
2013-07-25,105.53482055664062,105.57480056979234,104.9151494163084,104.9151494163084,12300
2013-07-26,105.63478088378906,105.7946933208001,105.50484392672129,105.65476707888733,14800
2013-07-29,105.3849105834961,105.44487679367467,105.23498743264145,105.27496744789657,14700
2013-07-30,105.4648666381836,105.56482049248437,105.23499107427214,105.5048466548222,13000
2013-07-31,105.93461608886719,106.19448236907282,105.07506484507076,105.19500488795214,15700
2013-08-01,104.67528533935547,105.41489657832962,104.35545283395516,105.37491656197854,30200
2013-08-02,105.51483917236328,105.70474233713823,105.2549728877357,105.2549728877357,14500
2013-08-05,105.68474578857422,105.6947426984117,105.12504084420254,105.26496708029546,6600
2013-08-06,105.9046401977539,106.14451267444655,105.77471086150551,105.77471086150551,11900
2013-08-07,106.36439514160156,106.49433209859957,106.01457953700745,106.07454574767836,16600
2013-08-08,106.62425994873047,106.87412932359857,106.38438748397138,106.39437676867223,15400
2013-08-09,106.35440063476562,106.43435303659842,106.26444369776786,106.40436993273514,8300
2013-08-12,105.94461059570312,106.02457062247701,105.70473814078932,105.75470743846711,9100
2013-08-13,105.12503814697266,105.17501506946984,104.90515188863749,105.04507812114028,15300
2013-08-14,104.88516235351562,104.92514236515817,104.7252423069455,104.75522540932552,14400
2013-08-15,105.91462707519531,105.97459328233582,104.51535711379043,104.5253540234498,22900
2013-08-16,105.88465118408203,106.32441610874714,105.7047449249982,106.32441610874714,16700
2013-08-19,106.1145248413086,106.20448178194165,105.98459551084771,106.09453864639468,9800
2013-08-20,106.89411163330078,107.0240485837708,106.80416232181342,106.94408855662124,10700
2013-08-21,106.29442596435547,106.70421538168023,106.18448283411749,106.55429223813682,17100
2013-08-22,106.1445083618164,106.19448528740907,105.79469275889247,105.88464969987761,6500
2013-08-23,106.4643325805664,106.5243064116955,105.94460767169593,105.98458768397946,14800
2013-08-26,106.31442260742188,106.31442260742188,106.14450564000886,106.30442569747804,5700
2013-08-27,106.83415222167969,106.86413532741611,106.59427975037985,106.59427975037985,5800
2013-08-28,106.33440399169922,106.54429333857682,106.26444087607334,106.54429333857682,6800
2013-08-29,105.31494140625,105.44487072930045,105.19500136738267,105.43487381970955,4900
2013-08-30,105.3948974609375,105.41489128081248,105.14502809035642,105.28495432784918,21700
2013-09-03,104.78522491455078,104.79522182537818,104.5253662363079,104.67528939708416,37600
2013-09-04,104.8051986694336,104.83518177076633,104.53533550662459,104.58531242578395,12200
2013-09-05,103.81572723388672,104.30546905756216,103.77574722016105,104.21551212032745,7600
2013-09-06,104.53535461425781,104.83520093320736,104.39542836552367,104.5853315425523,9600
2013-09-09,105.155029296875,105.2749693448015,104.93514302171391,104.99511685838135,11000
2013-09-10,104.89515686035156,104.96511997785774,104.83519065260566,104.92514758963242,3300
2013-09-11,105.3948974609375,105.5848006227097,104.97511874845921,104.97511874845921,27500
2013-09-12,105.35492706298828,105.72472885817561,105.24498392782226,105.27496703279333,45100
2013-09-13,105.48486328125,105.5248432989582,104.95514139108148,105.12505074728485,16800
2013-09-16,105.71472930908203,105.97459558802446,105.70474002461316,105.94461248380188,23500
2013-09-17,105.86465454101562,105.89463764582884,105.65476518191493,105.77470522657595,7400
2013-09-18,107.29390716552734,107.33388718022816,105.8046878386108,105.85466476333885,26100
2013-09-19,107.63373565673828,107.7936480933707,107.41384938413648,107.61374183627906,10800
2013-09-20,107.60375213623047,107.78365076721964,107.43383516461587,107.59375522603943,15000
2013-09-23,107.59375762939453,107.6737176618924,107.4438344748131,107.65372384106374,25700
2013-09-24,107.37386322021484,107.54377255734757,107.37386322021484,107.4338294273422,11300
2013-09-25,107.81363677978516,107.94356610494982,107.5337766845408,107.5337766845408,11300
2013-09-26,107.64372253417969,107.85361951726594,107.5337794003376,107.77365948803386,7700
2013-09-27,108.20342254638672,108.59321811186122,108.17343944525902,108.41331187968783,18800
2013-09-30,108.38333892822266,108.48328514981029,108.2434126929184,108.42331894193929,92400
2013-10-01,108.24342346191406,108.53326524573178,108.0435233734431,108.53326524573178,40200
2013-10-02,108.62321472167969,108.9430472158291,108.52326849702202,108.91306411097261,38900
2013-10-03,108.97303009033203,109.26287947901226,108.57323756713834,108.62321449206559,53900
2013-10-04,108.06351470947266,108.58323967672585,107.9235884634657,108.55325657049701,29400
2013-10-07,108.4832992553711,108.52327927428614,108.2034467483747,108.4733023442901,35900
2013-10-08,108.42332458496094,108.58323702274238,108.3633507485606,108.3633507485606,33300
2013-10-09,107.69369506835938,107.71368126214855,107.3938487836672,107.4538226158503,39400
2013-10-10,107.53377532958984,107.74367230473034,107.40384600606232,107.48380603226748,21700
2013-10-11,107.53377532958984,107.87360162825787,107.34387979911234,107.87360162825787,16800
2013-10-14,107.73368835449219,108.10349780111993,107.69370833658037,108.05352087237797,33000
2013-10-15,107.32389068603516,107.4438307306023,106.93409507295213,106.95408889308406,14500
2013-10-16,107.29390716552734,107.52379034370496,106.87412844928103,107.52379034370496,54700
2013-10-17,108.61322021484375,108.74315717264112,108.47329397214529,108.52327089828401,91200
2013-10-18,108.65320587158203,108.78313521071658,108.48329651454253,108.53326581786719,12700
2013-10-21,108.63320922851562,108.7631385551554,108.40332605402128,108.41332296388833,12200
2013-10-22,109.50275421142578,109.60270806335113,108.9630354377437,108.9630354377437,28400
2013-10-23,109.85256958007812,109.94251888988322,109.68265261921115,109.71263572247952,21400
2013-10-24,109.84256744384766,110.10243370215444,109.80258743292296,110.09243679307141,30200
2013-10-25,109.83258056640625,109.86256367098645,109.56272499977638,109.61269429894068,8200
2013-10-28,109.40280151367188,109.59270467060722,109.35283221607321,109.392804603989,11500
2013-10-29,109.04300689697266,109.48277949022643,108.83311751166765,109.21291626239922,17500
2013-10-30,108.95304870605469,109.42280436964212,108.69318241069406,109.15294116377304,35500
2013-10-31,107.97354888916016,108.48328452937207,107.97354888916016,108.44330451588408,14000
2013-11-01,107.37386322021484,107.51378945378389,107.27391699986664,107.50379254412672,34900
2013-11-04,107.74369049072266,107.74369049072266,107.34389791762392,107.34389791762392,24800
2013-11-05,107.24393463134766,107.40384705991924,107.2139439021706,107.3338839426552,24000
2013-11-06,107.4438247680664,107.64371720584391,107.43382785855522,107.46381096168108,11500
2013-11-07,106.95409393310547,107.15398639139548,106.29443509501317,106.34441202228993,32600
2013-11-08,106.2344741821289,106.4243773647637,106.04457099949411,106.4243773647637,15300
2013-11-11,106.57428741455078,106.58428432507166,106.4643442750464,106.51432120224239,11400
2013-11-12,106.77417755126953,106.92410069348274,106.68422061577849,106.77417755126953,7500
2013-11-13,107.04403686523438,107.10401069947,106.52431192944319,106.73420128574779,13000
2013-11-14,106.93408966064453,107.14397900895769,106.73419722189136,106.75418341560358,13000
2013-11-15,107.06403350830078,107.15398282391405,106.99407038768771,107.07402279309676,22800
2013-11-18,107.26393127441406,107.67372073359982,107.22395125702458,107.64373000150125,13900
2013-11-19,107.55377960205078,107.57376579784064,107.28391639373218,107.28391639373218,8700
2013-11-20,106.90411376953125,107.70369882930248,106.65424439152878,107.60375260318315,31600
2013-11-21,107.08402252197266,107.16398255489466,106.96408247258967,107.05403941597902,17400
2013-11-22,107.9135971069336,107.99355714459817,107.64373388616784,107.64373388616784,14500
2013-11-25,107.4438247680664,107.54377098695517,107.26391852390357,107.4538216775776,11400
2013-11-26,108.02352905273438,108.07349835203738,107.59375342660653,107.61373962124611,10400
2013-11-27,107.89359283447266,108.0834959991802,107.76366350490905,108.0834959991802,8200
2013-11-29,108.01353454589844,108.43331327134209,107.98355144056794,108.36335015043481,22700
2013-12-02,107.77365112304688,107.9735435552041,107.72367420230381,107.8036342253297,43300
2013-12-03,108.44330596923828,108.52326599728586,108.16345349647972,108.16345349647972,8200
2013-12-04,108.49330139160156,108.59324763099823,107.90360561596545,107.90360561596545,45300
2013-12-05,109.19292449951172,109.32285383843723,108.73316573245755,108.77314575029818,50700
2013-12-06,109.71263885498047,109.8825558206989,109.2928601464224,109.2928601464224,27100
2013-12-09,110.00247955322266,110.03246265498012,109.75261020470059,109.83257022632542,13100
2013-12-10,110.37229919433594,110.59218546154105,110.332319179807,110.39228538889637,35000
2013-12-11,110.47224426269531,110.79207675017409,110.31233183165992,110.552204290917,28100
2013-12-12,110.08244323730469,110.46224191454752,109.98249701965212,110.28233567260985,15600
2013-12-13,110.00247955322266,110.07244266579254,109.89253642984036,110.0124764622776,10800
2013-12-16,110.3623046875,110.44226471829901,110.23237535650779,110.23237535650779,35900
2013-12-17,110.70213317871094,110.83206251225359,110.1324312925495,110.2423744307042,27900
2013-12-18,109.59271240234375,110.59218992972416,109.44278924815501,110.22238049944639,28100
2013-12-19,108.9930191040039,109.36282088068855,108.97302528475146,109.32284086759144,25400
2013-12-20,109.33283996582031,109.53273240989948,109.05298749394629,109.05298749394629,17400
2013-12-23,109.5327377319336,109.66267468976565,109.40280839950985,109.43279150503777,22800
2013-12-24,109.2428970336914,109.27288013951359,109.14294318040629,109.22290321287103,4900
2013-12-26,109.19292449951172,109.33285074924956,109.19292449951172,109.24290142816467,14900
2013-12-27,109.75262451171875,110.44226644366962,109.73263831641088,110.38230023233767,26900
2013-12-30,110.28234100341797,110.4322641498476,110.102442378192,110.11243166265479,18900
2013-12-31,109.76261138916016,110.2223700933001,109.66266517093976,109.81258831097418,29700
2014-01-02,108.76313781738281,108.86308403915145,108.52326536005653,108.70317160940323,41200
2014-01-03,108.1034927368164,108.41332832935726,108.08349891609278,108.40333141899545,39400
2014-01-06,108.30338287353516,108.51327223419064,108.073499692584,108.073499692584,14400
2014-01-07,107.64372253417969,107.94356883109597,107.62373633957571,107.91358572648596,21600
2014-01-08,107.50379943847656,107.77366263867196,107.3538839110439,107.61374257553271,18000
2014-01-09,107.94356536865234,107.9735484723006,107.5437728607239,107.60374669342828,5700
2014-01-10,108.43331146240234,108.61321771679236,108.1434620733624,108.15345898344188,8800
2014-01-13,108.79312896728516,108.86309209023818,108.39333642523565,108.5332626711417,17900
2014-01-14,108.49330139160156,108.69319387039491,108.41334134992051,108.54327069859526,9600
2014-01-15,107.72368621826172,107.79364933986149,107.57376306471699,107.76366623423421,18400
2014-01-16,108.1734619140625,108.35336818360439,107.88361250061119,108.11348807394268,25800
2014-01-17,107.4138412475586,107.87359995298652,107.36386432560455,107.77365373448613,34500
2014-01-21,107.51380157470703,107.72369094872317,107.25393527217855,107.32389839685061,22400
2014-01-22,107.37386322021484,107.57375566091125,107.34388011665116,107.49380325987738,10600
2014-01-23,109.04300689697266,109.1529500452861,108.51328497804921,108.54326808660578,26600
2014-01-24,109.41280364990234,109.51274987528187,109.20291428898288,109.37282363466889,22700
2014-01-27,109.1529312133789,109.34283436868567,109.05298499363084,109.22289432974334,26500
2014-01-28,109.04300689697266,109.12296693672954,108.8730975315461,109.12296693672954,16300
2014-01-29,109.30286407470703,109.52275035294932,109.21290713114954,109.47277342592753,19900
2014-01-30,108.30338287353516,108.5532522493738,108.19343973813349,108.52326914433847,23500
2014-01-31,107.94356536865234,108.20343164261699,107.80363913468857,108.13346852563511,18800
2014-02-03,108.60322570800781,108.6631919161643,108.07349624279637,108.07349624279637,32900
2014-02-04,108.24342346191406,108.26340965805682,108.0435233734431,108.16346342652568,12400
2014-02-05,108.32337188720703,108.42332574047003,108.13347634190578,108.13347634190578,12900
2014-02-06,108.68318176269531,109.02300807962042,108.61321864235899,109.02300807962042,6100
2014-02-07,109.06298828125,109.06298828125,108.54325570751357,108.63321264833297,8500
2014-02-10,109.16293334960938,109.16293334960938,109.01301020010519,109.06298712507596,16800
2014-02-11,108.94304656982422,109.3928083908208,108.93304965979529,109.09296971862578,8600
2014-02-12,108.70317077636719,108.70317077636719,108.36334447446858,108.40332448795122,3700
2014-02-13,109.50275421142578,109.57271733252855,109.40280798490872,109.55273113738845,11300
2014-02-14,109.72264099121094,109.75262409676354,109.5427347324869,109.65267786978539,32900
2014-02-18,110.16241455078125,110.27235768908808,110.13243144495364,110.22238076243647,17700
2014-02-19,110.20238494873047,110.44225739982407,110.14241111690127,110.26235115515193,25400
2014-02-20,110.0524673461914,110.0524673461914,109.80259797298243,109.9425242119468,9100
2014-02-21,110.22238159179688,110.35231855190543,110.0124922240159,110.0124922240159,19800
2014-02-24,110.0524673461914,110.162410480436,109.85257489778748,110.012487331429,7800
2014-02-25,110.25234985351562,110.48223301131966,110.14240672918423,110.39227607986334,50700
2014-02-26,109.83258056640625,109.95252061013512,109.67266813350916,109.95252061013512,11500
2014-02-27,110.12242889404297,110.22237511681854,109.91253953859189,109.98250265707559,7900
2014-02-28,111.2718276977539,111.48171704976872,110.96198449919196,111.09192144954008,19900
2014-03-03,110.73212432861328,111.16190000205488,110.73212432861328,111.09193687500202,39600
2014-03-04,110.23237609863281,110.61217480937269,110.22237918836358,110.5422116883046,18300
2014-03-05,110.19239807128906,110.32232740550047,110.11243803850893,110.11243803850893,11800
2014-03-06,111.11190795898438,111.20186489605057,110.87203550248772,110.87203550248772,31700
2014-03-07,111.49171447753906,111.55168068541967,111.14189126381441,111.15188817359716,15600
2014-03-10,111.40177154541016,111.46173776082954,111.27184220353188,111.40177154541016,6400
2014-03-11,111.43174743652344,111.55168748500346,111.2518411765076,111.2518411765076,9900
2014-03-12,111.98145294189453,112.00143913545253,111.73158358267717,111.76156668571804,127200
2014-03-13,111.79156494140625,112.29130372757741,111.67163251298676,112.19135749542492,43700
2014-03-14,112.16136169433594,112.39123723972936,112.02143546007702,112.02143546007702,13400
2014-03-17,112.06141662597656,112.21133214607586,111.94147658448918,111.94147658448918,7300
2014-03-18,112.05142211914062,112.05142211914062,111.61164958299713,111.79155583638237,9800
2014-03-19,111.01197052001953,111.94148494106436,111.01197052001953,111.94148494106436,7700
2014-03-20,110.70213317871094,110.84205942265176,110.44226688621725,110.52222691858583,16500
2014-03-21,110.9320068359375,110.94200374616408,110.6921343683574,110.74211129408204,10300
2014-03-24,111.10192108154297,111.11191036611613,110.51222539917897,110.51222539917897,10500
2014-03-25,110.82206726074219,110.90202729430767,110.22238225981799,110.64216099792408,10000
2014-03-26,110.63216400146484,110.71211640404896,110.42227464704158,110.44226084133561,6100
2014-03-27,110.33233642578125,110.5722089250411,110.31235022809679,110.52223961812531,8300
2014-03-28,110.31233978271484,110.49224604647688,110.27235976572233,110.49224604647688,10000
2014-03-31,110.65216064453125,110.75210687625521,110.58219751978362,110.58219751978362,5100
2014-04-01,110.75210571289062,110.91202578229607,110.71212569553927,110.91202578229607,29200
2014-04-02,110.29234313964844,110.56220634109123,110.2423738387427,110.53221561005776,13200
2014-04-03,109.74263000488281,109.86256242183997,109.64267615687453,109.86256242183997,11200
2014-04-04,109.70265197753906,109.72263817225789,109.39280876883632,109.54273191815595,6300
2014-04-07,110.23237609863281,110.24237300890206,109.99250363002912,109.99250363002912,66800
2014-04-08,110.75210571289062,110.81207955162198,110.5921932688938,110.74211642760925,7700
2014-04-09,111.23185729980469,111.32180661898344,110.84206166587965,110.96199409145133,165000
2014-04-10,111.64163970947266,111.69161663732616,111.27183789482757,111.27183789482757,11200
2014-04-11,111.72159576416016,111.8815158272679,111.60166334223766,111.6616295531989,9500
2014-04-14,111.18186950683594,111.39175885648325,111.18186950683594,111.30180954609489,13800
2014-04-15,111.07194519042969,111.34180841811946,111.0419620818884,111.06195590452198,165600
2014-04-16,110.9320068359375,111.10192380815631,110.88203753562111,111.03195306197851,26500
2014-04-17,110.70213317871094,111.04195187816481,110.67215007292482,111.04195187816481,85500
2014-04-21,110.48224639892578,110.7121219591774,110.47224948857317,110.7121219591774,11100
2014-04-22,110.50223541259766,110.58219544664124,110.41228609335504,110.58219544664124,11400
2014-04-23,110.74211883544922,110.96199749754956,110.74211883544922,110.89203437201564,18900
2014-04-24,110.87203216552734,110.96198147447838,110.56219660081909,110.60217661326655,5600
2014-04-25,110.98198699951172,111.07193631795039,110.98198699951172,111.04195321180416,13900
2014-04-28,111.07194519042969,111.29183148694459,111.0419620818884,111.29183148694459,7300
2014-04-29,110.67215728759766,110.76210661081977,110.58220033896666,110.74212041412893,20000
2014-04-30,111.13190460205078,111.14189388666134,111.05194457271772,111.11191078201347,3200
2014-05-01,111.20185852050781,111.26182472484196,111.15188159995772,111.26182472484196,10500
2014-05-02,111.33179473876953,111.4417378704681,110.64215284455268,110.66214666417494,8300
2014-05-05,111.43174743652344,111.50171055845135,111.39176742036342,111.50171055845135,14300
2014-05-06,111.86152648925781,112.01144964807705,111.83154338257567,112.00145273738013,67700
2014-05-07,111.59165954589844,111.84152891002924,111.59165954589844,111.84152891002924,13100
2014-05-08,111.19186401367188,111.4217471775986,111.19186401367188,111.4217471775986,6900
2014-05-09,110.29234313964844,110.66215256831109,110.21238310770921,110.65215565796659,21600
2014-05-12,110.11243438720703,110.24237134251818,110.08245128226082,110.24237134251818,8300
2014-05-13,109.82257843017578,110.08244469985114,109.75261531434869,110.05246159669777,12600
2014-05-14,109.86256408691406,109.93252720633544,109.80259787752665,109.83258098222035,5200
2014-05-15,109.82257843017578,109.95251537771732,109.40279973521325,109.44277974788697,7500
2014-05-16,109.61270141601562,109.79260768058609,109.58271830948864,109.7826107699409,6700
2014-05-19,109.59271240234375,109.70265554038826,109.59271240234375,109.70265554038826,8900
2014-05-20,109.63268280029297,109.65266899390748,109.5527227750195,109.59270278765624,15600
2014-05-21,109.4527816772461,109.4527816772461,109.18291848567362,109.21290159020211,8100
2014-05-22,109.30286407470703,109.34284409124277,109.22290404163557,109.34284409124277,4900
2014-05-23,109.1529312133789,109.1929112263597,109.08296809701449,109.13294501959241,4300
2014-05-27,109.04300689697266,109.07299000552922,108.84311442298954,109.07299000552922,7400
2014-05-28,108.82310485839844,108.86308487249352,108.74315245561627,108.74315245561627,15100
2014-05-29,108.89306640625,109.11295266789773,108.85309401813939,108.88307712192629,12300
2014-05-30,109.18292236328125,109.3828224429173,109.05299303057406,109.14294234735404,7100
2014-06-02,108.78313446044922,108.98303454859527,108.66320203297026,108.89307760257739,152200
2014-06-03,108.9930191040039,109.1329453371399,108.97302528475146,109.11295151788745,6200
2014-06-04,108.93304443359375,109.15293069123231,108.93304443359375,109.03299065286372,8100
2014-06-05,109.57271575927734,109.65267578950623,108.93305076826255,108.93305076826255,10900
2014-06-06,109.44278717041016,109.44278717041016,109.28286710886931,109.28286710886931,16500
2014-06-09,108.93304443359375,109.0030075496235,108.86308131756401,109.0030075496235,7600
2014-06-10,108.73316192626953,108.73316192626953,108.59323568142977,108.67319571431204,8700
2014-06-11,108.5832290649414,108.79311841343946,108.5832290649414,108.79311841343946,5800
2014-06-12,108.85310363769531,108.91306985056843,108.69318356948892,108.75314978236204,5200
2014-06-13,108.5532455444336,108.73315178894158,108.50326862218948,108.73315178894158,8700
2014-06-16,108.89306640625,108.91306022571318,108.82310328894461,108.82310328894461,9800
2014-06-17,108.63320922851562,108.65319542284175,108.57323539472128,108.62321231864857,7900
2014-06-18,108.9930191040039,109.01300529784857,108.79311903851834,108.96302837512522,4100
2014-06-19,109.26287078857422,109.6326801775613,109.23288768616588,109.55272015420071,4900
2014-06-20,109.11296081542969,109.14294392145544,108.98303148084861,109.01301458687436,99200
2014-06-23,109.29286193847656,109.32284504309263,109.09296949076406,109.14293878998815,35500
2014-06-24,109.29286193847656,109.34283886310874,109.16293261000425,109.34283886310874,9100
2014-06-25,109.4527816772461,109.63268792982504,109.4527816772461,109.60270482529656,2500
2014-06-26,109.36283111572266,109.42280495368504,109.14294483581375,109.3228510988839,2700
2014-06-27,109.6426773071289,109.68265732167005,109.53273417349277,109.53273417349277,7500
2014-06-30,110.1823959350586,110.24236976950344,109.81259414545434,109.81259414545434,7900
2014-07-01,110.08244323730469,110.31232640077246,110.08244323730469,110.19238636434481,5600
2014-07-02,109.8925552368164,109.9425321652368,109.82259211227306,109.82259211227306,3000
2014-07-03,109.29286193847656,109.39280816233281,109.29286193847656,109.39280816233281,2700
2014-07-07,109.41280364990234,109.41280364990234,109.20291428898288,109.20291428898288,11400
2014-07-08,109.43279266357422,109.53273889152815,109.28286950893913,109.28286950893913,4500
2014-07-09,109.67266082763672,109.71263321414216,109.34283144841004,109.34283144841004,5200
2014-07-10,109.50275421142578,109.56272804766265,109.41280489518292,109.56272804766265,3400
2014-07-11,109.51274871826172,109.51274871826172,109.49276252356026,109.49276252356026,3700
2014-07-14,109.59271240234375,109.6526786138559,109.55273238619952,109.59271240234375,3400
2014-07-15,109.03300476074219,109.44279422580212,109.02301547530809,109.44279422580212,2800
2014-07-16,108.73316192626953,108.81312195915179,108.6931819098284,108.81312195915179,6100
2014-07-17,108.87310028076172,108.87310028076172,108.7831433274114,108.84311717144804,3100
2014-07-18,108.77313995361328,108.80312305904373,108.55325367991226,108.55325367991226,38500
2014-07-21,108.8031234741211,108.8031234741211,108.75314654794082,108.79312656380337,3700
2014-07-22,108.30338287353516,108.34336288871832,108.23341975331667,108.34336288871832,5200
2014-07-23,108.2634048461914,108.31338177244005,108.20343863501971,108.28339104144585,8400
2014-07-24,108.24342346191406,108.27340656883254,108.22342964036262,108.22342964036262,2900
2014-07-25,107.98355102539062,108.05351414602892,107.9535679201754,108.05351414602892,10100
2014-07-28,108.03350830078125,108.09348212994448,108.00352519890333,108.00352519890333,3200
2014-07-29,107.68370819091797,107.82363443670155,107.67371890579663,107.82363443670155,25500
2014-07-30,107.45381927490234,107.57375168472406,107.28390231864233,107.38385616070383,17100
2014-07-31,107.50379943847656,107.56377327485794,107.44383322750349,107.48381324328831,16100
2014-08-01,107.79363250732422,107.96354182961879,107.7336663054337,107.77364631516309,15700
2014-08-04,107.74369049072266,107.81365361910925,107.73369357940769,107.75367977662853,3000
2014-08-05,107.42384338378906,107.46381577280795,107.28390952059075,107.37386645940337,11400
2014-08-06,107.61373138427734,107.65371139590445,107.28390200740938,107.28390200740938,6800
2014-08-07,107.48381042480469,107.52379043954113,107.30390417119476,107.45382732010438,16600
2014-08-08,107.90359497070312,108.07350432345594,107.82363493691057,107.82363493691057,2600
2014-08-11,107.74369049072266,107.80365670779429,107.72369666809271,107.80365670779429,9800
2014-08-12,107.60375213623047,107.61374142101327,107.41384896964203,107.52379210551868,1800
2014-08-13,107.61373138427734,107.80363453315421,107.54376827028179,107.79363762389555,11000
2014-08-14,107.75367736816406,107.99355748190706,107.69371115243277,107.99355748190706,3200
2014-08-15,108.18344116210938,108.22342117667691,107.93357179011838,107.93357179011838,3200
2014-08-18,107.72368621826172,107.95356940375143,107.72368621826172,107.94357249340622,2600
2014-08-19,107.46381378173828,107.52378761497154,107.41384448368647,107.52378761497154,4700
2014-08-20,106.90411376953125,107.21394935812368,106.89411685929684,107.21394935812368,13200
2014-08-21,107.17398071289062,107.17398071289062,106.98407753884247,106.9940744494262,9900
2014-08-22,106.97408294677734,107.1340030179489,106.67424425144372,107.1340030179489,12500
2014-08-25,106.72419738769531,106.77417430871793,106.62425117105762,106.62425117105762,9200
2014-08-26,106.44435119628906,106.68422365541998,106.44435119628906,106.66423746107907,9000
2014-08-27,106.77417755126953,106.81415756422024,106.6542375124174,106.66423442200701,7700
2014-08-28,106.72419738769531,106.72419738769531,106.58427115932103,106.6042649778931,4700
2014-08-29,106.36439514160156,106.7442014769394,106.3244151260182,106.65424453552475,3000
2014-09-02,106.22447204589844,106.26445206266592,106.09454271046049,106.12452581668397,27200
2014-09-03,106.36439514160156,106.39437824693701,106.25445200509937,106.26444891534727,11500
2014-09-04,104.8051986694336,105.51482669413463,104.71524174002818,105.49484050171523,20600
2014-09-05,104.81520080566406,105.06507016310785,104.81520080566406,104.94513012638808,33800
2014-09-08,104.4054183959961,104.79521400969796,104.39542148591427,104.67528159034856,16900
2014-09-09,104.79521179199219,104.79521179199219,104.31546687393076,104.32545615839305,3800
2014-09-10,104.21551513671875,104.24550586693698,104.00562577763999,104.10557962755114,8800
2014-09-11,104.31546783447266,104.49537408675428,104.31546783447266,104.4453971623507,5600
2014-09-12,104.5253677368164,104.65529707780304,104.32546764444218,104.32546764444218,3200
2014-09-15,104.39542388916016,104.42541462009606,104.30547457257742,104.38543460425652,3800
2014-09-16,104.67528533935547,104.92515472249347,104.52536218439097,104.5853283962134,1900
2014-09-17,103.78573608398438,104.53534418113513,103.68578986277919,104.44539486967282,34400
2014-09-18,104.51536560058594,104.57533181259578,104.19553309418608,104.19553309418608,8700
2014-09-19,103.81572723388672,103.94565655943916,103.78573650453653,103.94565655943916,11300
2014-09-22,103.8357162475586,103.94565938193753,103.6857930983684,103.89568245707143,6100
2014-09-23,103.95565795898438,104.26549354697987,103.8856948382948,104.26549354697987,1600
2014-09-24,103.33597564697266,103.50588498781671,103.27600943853545,103.50588498781671,8200
2014-09-25,103.08611297607422,103.12609299276609,102.77627737847278,102.86622669697314,29300
2014-09-26,102.59636688232422,102.84623625728096,102.59636688232422,102.84623625728096,12900
2014-09-29,102.6263427734375,102.8062490157767,102.60635658002542,102.75627209413507,8200
2014-09-30,102.20657348632812,102.27653660781858,101.90672717970709,101.93671028528753,11600
2014-10-01,102.00666809082031,102.14659432650915,101.87673876494009,101.93670497297589,31600
2014-10-02,102.31651306152344,102.47642549418777,102.1465960934695,102.3065161515419,6900
2014-10-03,100.9072494506836,101.03717878306774,100.85728014995506,101.03717878306774,8500
2014-10-06,101.86675262451172,101.94671266061815,100.8872688711386,100.95723199637953,12800
2014-10-07,102.05664825439453,102.10662517961624,101.65685572884531,101.94670511923329,1700
2014-10-08,102.54638671875,102.59636364232634,101.80677552734926,101.91671865889087,6700
2014-10-09,102.22655487060547,102.68631359382115,102.17658557212583,102.51640425325606,4700
2014-10-10,101.81676483154297,102.10661419073689,101.77678482074995,102.10661419073689,4300
2014-10-13,102.44644927978516,102.59637243795925,102.34650304947196,102.53639859944447,8700
2014-10-14,102.27654266357422,102.45644893311736,102.25654884173122,102.28653194908694,2700
2014-10-15,103.42593383789062,104.18553123865654,103.18605375042006,103.4459200324758,5000
2014-10-16,103.48590087890625,103.6957902380741,103.20604840001579,103.24602841491559,6600
2014-10-17,103.12608337402344,103.28599580046716,103.03612643850504,103.12608337402344,22500
2014-10-20,103.5358657836914,103.62582271974959,103.20604401923224,103.20604401923224,8400
2014-10-21,102.82625579833984,103.07612520576473,102.82625579833984,103.0461420969392,14600
2014-10-22,102.32649993896484,102.5164030971065,102.32649993896484,102.5164030971065,48500
2014-10-23,102.31651306152344,102.4264561950962,102.20656992795068,102.4264561950962,4100
2014-10-24,102.51641082763672,102.60636777132176,102.43645079445189,102.60636777132176,6500
2014-10-27,102.83625030517578,102.9461934519047,102.60637472594911,102.60637472594911,5100
2014-10-28,103.05612182617188,103.09610183974323,102.94617869520262,102.94617869520262,2000
2014-10-29,102.28652954101562,103.32598711552586,102.26654334505193,103.07611772623231,8200
2014-10-30,102.07662963867188,102.23654969151828,102.04664653511513,102.04664653511513,3700
2014-10-31,101.39698791503906,101.47694794402528,101.03717541000916,101.03717541000916,12300
2014-11-03,101.13712310791016,101.17710311997173,100.97720305966386,101.15710930123714,20700
2014-11-04,101.61688232421875,101.75680857345236,101.26706670113475,101.297049808055,7400
2014-11-05,101.19709777832031,101.26706089892849,101.03717771669689,101.18710086811679,9600
2014-11-06,100.2575912475586,100.86727316702694,100.23760505160935,100.63739759927182,13900
2014-11-07,101.04716491699219,101.04716491699219,100.55742311979554,100.55742311979554,8200
2014-11-10,100.78730010986328,101.1671064125024,100.75731700710917,101.1671064125024,6400
2014-11-11,101.2270736694336,101.32701988812131,100.76731496314396,100.83727807876613,4900
2014-11-12,100.92724609375,101.1971016763739,100.86727225562693,101.1971016763739,5200
2014-11-13,101.26705932617188,101.38699937052668,101.1671131019136,101.24707313148348,7900
2014-11-14,101.72681427001953,101.88673432320422,100.84727685372722,100.84727685372722,9000
2014-11-17,101.1071548461914,101.19710416747742,101.1071548461914,101.19710416747742,1400
2014-11-18,101.8067855834961,101.83676869044037,101.55691619174894,101.6768562449347,9000
2014-11-19,101.86675262451172,102.24655898331288,101.74682019576083,101.86675262451172,36400
2014-11-20,101.83675384521484,101.93670006226233,101.6468506950393,101.88673076644238,16900
2014-11-21,100.63738250732422,100.92723187027744,100.51744247338954,100.83727493847455,18300
2014-11-24,100.93724060058594,100.93724060058594,100.69736811191028,100.69736811191028,20900
2014-11-25,101.19709777832031,101.21708397331912,100.82728835487232,100.83728526507585,5300
2014-11-26,101.50692749023438,101.63686443913407,101.3070350501841,101.3070350501841,10700
2014-11-28,100.9472427368164,101.35703223386531,100.9472427368164,101.3170522127818,2400
2014-12-01,101.1471176147461,101.42697771362808,101.13712833027058,101.28704385148309,16600
2014-12-02,100.32755279541016,100.53744216391878,100.26758658309583,100.52745287880539,18300
2014-12-03,99.77783966064453,99.88778279458141,99.71786582596471,99.83780586991625,37600
2014-12-04,100.46746826171875,100.93722387553589,100.29755892811909,100.36752204344882,21200
2014-12-05,99.71786499023438,99.84780194311158,99.59793257269608,99.79782501886525,10900
2014-12-08,99.8777847290039,100.10766790423264,99.58793534519725,99.58793534519725,20300
2014-12-09,100.37752532958984,100.84728097324918,100.36752841950548,100.5774177788283,6100
2014-12-10,100.88725280761719,100.8972420914834,100.58740653266473,100.58740653266473,7400
2014-12-11,100.5874252319336,100.67738218130539,100.44749897771874,100.67738218130539,6900
2014-12-12,101.13712310791016,101.3669986455047,101.01718307172543,101.25705551868727,9100
2014-12-15,101.01719665527344,101.18710601032674,100.8173041934941,100.93723662039825,2500
2014-12-16,101.62687683105469,101.74681688130723,101.38700435595813,101.73681997076739,22800
2014-12-17,100.24759674072266,101.2670604400233,100.17763362043151,101.17711112482392,14800
2014-12-18,99.48799133300781,99.57794064787333,99.39803439273412,99.42802512309747,10500
2014-12-19,99.06820678710938,99.56794550806359,99.03821605850963,99.52796549533832,42000
2014-12-22,99.02823638916016,99.40803510881372,99.0182394786563,99.30808888000051,47100
2014-12-23,98.72838592529297,98.8083459551442,98.628439700683,98.79834904506076,39200
2014-12-24,98.81834411621094,98.88830723686442,98.79835029579095,98.88830723686442,16400
2014-12-26,98.71839141845703,98.75837143435594,98.63843901206755,98.67841902796646,14300
2014-12-29,98.49850463867188,98.89828951384447,98.42854152297589,98.89828951384447,15400
2014-12-30,98.58845520019531,98.76836144647116,98.5484751870887,98.65841831677993,11500
2014-12-31,98.10872650146484,98.37858210275535,98.04875265919324,98.29862206333257,55100
2015-01-02,97.35911560058594,97.56900497921804,97.35911560058594,97.5190280496066,11700
2015-01-05,96.859375,96.9493243211327,96.66947182150824,96.67946873232589,12600
2015-01-06,96.60951232910156,97.01929419623153,96.52955228781452,96.52955228781452,17100
2015-01-07,96.08975982666016,96.20969986380196,95.88986739016482,95.98981360841249,24100
2015-01-08,95.68997192382812,95.87987508540427,95.64999190952746,95.6699857293818,10100
2015-01-09,96.12975311279297,96.14973930903916,95.79992368416539,95.79992368416539,8900
2015-01-12,96.08975982666016,96.16971985142136,95.91985049309837,95.95983050547896,2600
2015-01-13,95.5700454711914,95.73995482351783,95.46010233135466,95.51007163329322,3400
2015-01-14,95.6999740600586,95.90986342754339,95.61002474202587,95.79992028856444,6900
2015-01-15,112.13137817382812,112.20134129069753,106.75418458292184,111.0819237953792,512400
2015-01-16,113.77052307128906,115.35968860000207,112.30128995959107,112.4412161963806,312600
2015-01-20,111.30181884765625,112.16137013732575,110.98198634164494,111.92149766416937,58700
2015-01-21,113.52066040039062,114.63008107569028,112.73107223168311,113.87047601300573,96800
2015-01-22,111.59165954589844,113.23080196456388,111.5116995192787,113.23080196456388,55800
2015-01-23,110.89202880859375,111.63164767045589,110.71212254833112,111.4817245160023,30200
2015-01-26,108.04351043701172,109.19291102551979,108.04351043701172,108.96302785765508,29700
2015-01-27,108.20342254638672,108.65318431411661,107.56375763763845,108.56323501073352,37400
2015-01-28,107.48381042480469,108.44330790225493,107.44383041006824,107.603750469014,33000
2015-01-29,105.56481170654297,106.16449665539473,105.36491163998716,105.98459040819841,27200
2015-01-30,106.134521484375,106.33441394046315,104.90516076574845,105.01510390421946,61900
2015-02-02,105.155029296875,105.42489249835755,104.91515682643035,104.91515682643035,94100
2015-02-03,105.45487213134766,106.12452021971693,105.37491210202974,105.55481835529099,18700
2015-02-04,105.58480834960938,105.68475458007445,105.16502960641087,105.3949051739397,16500
2015-02-05,105.69473266601562,105.814672696457,105.21498016965737,105.43486641276293,7300
2015-02-06,105.32493591308594,105.44487595790062,104.94513720928498,105.08506344886472,31600
2015-02-09,105.49485778808594,105.8946427052406,105.42489466504303,105.5948040173746,11500
2015-02-10,105.24498748779297,105.41489683864839,105.15503054442877,105.28495987883436,13600
2015-02-11,104.95513153076172,105.254970197291,104.90515460696953,105.23498400301891,9000
2015-02-12,105.06507873535156,105.17502187162968,104.4354030229572,104.4354030229572,2500
2015-02-13,104.50536346435547,104.82519595476221,104.435400345373,104.81520667019905,14000
2015-02-17,104.09558868408203,104.72525679740993,103.9856455432045,104.69527369088125,9300
2015-02-18,103.47589874267578,103.54586185886484,103.13608007130256,103.49589256181994,17200
2015-02-19,102.60636138916016,103.066120113263,102.58636756940334,102.9561769808245,33900
2015-02-20,103.63581848144531,103.85570473892099,103.00614281223626,103.02613663132009,18200
2015-02-23,102.56639099121094,102.86622968700273,102.39647400897934,102.8462434907801,6100
2015-02-24,102.53639221191406,102.90620162898496,102.39646597311061,102.6063629567239,3800
2015-02-25,102.74629974365234,102.87622908576344,102.58637966836893,102.69632281377406,8500
2015-02-26,102.20657348632812,102.23655659190857,102.13661036483767,102.23655659190857,2600
2015-02-27,102.24654388427734,102.72628877925312,102.09662074506954,102.62634256158381,30500
2015-03-02,101.70684814453125,102.07664999602521,101.54692805979167,101.96670684411907,7100
2015-03-03,101.38699340820312,101.68683206334516,101.33701648630894,101.46694580766307,6700
2015-03-04,101.20709991455078,101.56691244637487,100.64738729537518,101.42698619793313,50900
2015-03-05,100.03768920898438,100.66736485063569,99.99771682338158,100.6073986468241,19800
2015-03-06,98.8982925415039,99.29808505432341,98.86830943748883,99.24811575610093,29000
2015-03-09,98.85832977294922,98.98825911146055,98.68841279131603,98.96826528989962,6800
2015-03-10,97.5190200805664,97.97877881886751,97.46904315503897,97.91881260856117,23300
2015-03-11,96.4495849609375,97.05926688523104,96.42959876483006,96.71944054813544,10900
2015-03-12,97.05925750732422,97.28913305468797,96.7794050364077,97.28913305468797,11400
2015-03-13,96.86935424804688,96.99929119898644,96.42958934795092,96.67945871464032,26200
2015-03-16,96.60951232910156,97.14922354426605,96.60951232910156,96.98931108710119,8500
2015-03-17,96.74942016601562,97.19918196814729,96.72942634679639,97.10923265788406,5600
2015-03-18,99.48799133300781,99.60793137823669,97.14921001619798,97.14921001619798,61700
2015-03-19,98.20865631103516,98.55847189323603,98.12869628498702,98.1986594014272,8400
2015-03-20,99.6978759765625,99.96773153380083,99.6179159501927,99.66789287302578,18100
2015-03-23,101.0271987915039,101.03718807732352,100.47748305506435,100.66738624136329,14100
2015-03-24,101.67684936523438,101.9467049348824,101.38699997537053,101.70683247014992,15400
2015-03-25,101.41698455810547,101.73681705754535,101.32702761663985,101.73681705754535,7200
2015-03-26,101.12713623046875,101.92672130020476,100.92724377573893,101.92672130020476,8100
2015-03-27,101.50692749023438,101.72681374953437,101.03717186816763,101.03717186816763,3200
2015-03-30,100.50746154785156,100.99721104524716,100.50746154785156,100.97721722370804,3700
2015-03-31,100.1776351928711,100.3075645253346,100.02771203977733,100.09767516116663,4000
2015-04-01,100.78730010986328,100.85727085016637,100.45747835416039,100.64737388007232,8000
2015-04-02,101.49694061279297,101.63686684922777,101.42697749457557,101.5868899253262,3800
2015-04-06,101.65685272216797,102.47642394386995,101.60688342383236,102.37647772179078,6300
2015-04-07,100.72733306884766,101.1870917665483,100.72733306884766,101.17710248265153,7700
2015-04-08,100.75732421875,100.9772104885619,100.72734111384986,100.93723047355898,2900
2015-04-09,99.49798583984375,100.14764009926915,99.41802581162253,100.14764009926915,36100
2015-04-10,99.45801544189453,99.49799545987064,99.26811226286023,99.37805540594233,5700
2015-04-13,99.64790344238281,99.70787727750542,99.35806167849084,99.35806167849084,5700
2015-04-14,100.03768920898438,100.48745861379352,100.01770301618298,100.06767993629757,19600
2015-04-15,100.86727142333984,100.9572283670779,99.92776772179407,100.2875726205209,13600
2015-04-16,101.73680877685547,101.79677498267951,100.94722069007231,101.07715001116031,5400
2015-04-17,102.32649993896484,102.32649993896484,101.79677810352533,101.88673504042691,4000
2015-04-20,101.8267593383789,102.07662869959682,101.69683001569238,101.87673626078559,11500
2015-04-21,101.87674713134766,102.1965796428174,101.41698837269794,101.41698837269794,5100
2015-04-22,100.26758575439453,101.03718009923223,100.24759955892443,100.8972538547163,7800
2015-04-23,102.00666809082031,102.11661122249124,100.84727819148313,100.84727819148313,10800
2015-04-24,102.03666687011719,102.16660384136678,101.80679128706025,102.09664071277435,5200
2015-04-27,101.73680877685547,102.33649371131892,101.70682567394344,101.82675808559154,3300
2015-04-28,101.72681427001953,102.08662676427726,101.39698487938198,101.44696180235415,7300
2015-04-29,103.50588989257812,103.88569623176598,102.8062586762979,102.8062586762979,17500
2015-04-30,104.31546783447266,104.31546783447266,103.0961040829426,103.0961040829426,22500
2015-05-01,104.26549530029297,104.67528474651446,104.04560902431153,104.54534778775722,26400
2015-05-04,104.11556243896484,104.14554554191078,103.93565619588162,104.0655931425242,3600
2015-05-05,104.97511291503906,105.17501297564039,104.28547105042779,104.41540799617056,12100
2015-05-06,106.26445007324219,106.65424569766702,105.64477126306019,105.64477126306019,16400
2015-05-07,105.52482604980469,106.10452477370272,105.40488601628554,106.10452477370272,13900
2015-05-08,104.4054183959961,105.33493277299473,104.36543838107691,105.33493277299473,21700
2015-05-11,104.06558990478516,104.24549614227105,104.01561298449174,104.01561298449174,7000
2015-05-12,104.69527435302734,105.32494247033759,104.64529742489108,105.03509306304628,29100
2015-05-13,105.9845962524414,106.09453938875767,105.41489437580634,105.41489437580634,3200
2015-05-14,106.5542984008789,106.77418467407233,106.33441212768548,106.77418467407233,4600
2015-05-15,106.2344741821289,106.32442350522399,105.08507342610216,105.14503964149887,4900
2015-05-18,105.03508758544922,105.73472641582738,104.97512137513986,105.73472641582738,6300
2015-05-19,103.67581176757812,104.02562739225382,103.61583792805607,103.82572730286148,13000
2015-05-20,103.855712890625,103.8856959961964,103.36596341493103,103.61583279523714,8400
2015-05-21,103.84571838378906,104.04561084249708,103.80573836696576,103.93566770258512,4800
2015-05-22,102.9361801147461,103.14606946353317,102.89620010182364,102.94617702432865,8200
2015-05-26,101.92671203613281,102.43644003698742,101.92671203613281,102.34649072815697,9500
2015-05-27,102.24654388427734,102.24654388427734,102.07662692629111,102.1465900412004,1900
2015-05-28,102.95616912841797,103.09609535441162,102.34648730427106,102.34648730427106,11300
2015-05-29,103.43592071533203,103.80573012252027,102.96616508672768,103.26601137638387,10900
2015-06-01,102.67632293701172,103.24602478483921,102.53638907707834,103.24602478483921,10900
2015-06-02,104.13556671142578,104.30547606211401,103.83572040105136,103.83572040105136,15700
2015-06-03,103.95565795898438,104.20552733650545,103.59584544532136,103.59584544532136,17100
2015-06-04,104.14554595947266,104.25548908765363,103.99563044414194,103.99563044414194,5800
2015-06-05,103.36595916748047,103.4059391817356,102.29651856873147,102.29651856873147,5800
2015-06-08,104.665283203125,104.67528011306575,103.56585949729212,103.56585949729212,7200
2015-06-09,104.33545684814453,104.55534312080874,104.2055275167558,104.45539689470908,4700
2015-06-10,104.31546783447266,104.80520966691392,104.25549400010675,104.775226562435,4000
2015-06-11,104.09558868408203,104.18553800366806,103.59584990751458,103.7757561720952,4700
2015-06-12,104.53535461425781,104.90516405757442,104.43540838307752,104.43540838307752,4600
2015-06-15,104.51536560058594,104.5853287230669,103.56586499185745,103.61583429339618,4500
2015-06-16,104.175537109375,104.2654864189373,104.13555709665584,104.2654864189373,4400
2015-06-17,105.3948974609375,105.48485439955887,104.42541070842564,104.86517561537089,7400
2015-06-18,105.3948974609375,106.13451628815129,105.14502809035642,106.08453936387185,21000
2015-06-19,105.93461608886719,105.94461299879265,105.22498799232046,105.22498799232046,8200
2015-06-22,105.32493591308594,105.94461470651626,105.32493591308594,105.58480219748036,7200
2015-06-23,103.88568878173828,104.0256150149597,103.51587937942007,103.59583940566311,9600
2015-06-24,103.9256820678711,104.00563447891757,103.67581267300504,103.83572512050675,8600
2015-06-25,103.66580963134766,103.71577893212044,103.41594025125876,103.70578964721088,2200
2015-06-26,103.89568328857422,104.11556955909188,103.74576776359234,103.87569709371269,6100
2015-06-29,104.90515899658203,104.90515899658203,104.08558773978875,104.08558773978875,11300
2015-06-30,103.8357162475586,104.39542120409997,103.55586376928791,104.29547497977589,5200
2015-07-01,102.44644927978516,102.89621112889883,102.29652612161108,102.89621112889883,13700
2015-07-02,102.89620971679688,102.99616357114694,102.73629727557204,102.91620353783028,36500
2015-07-06,103.02613830566406,103.096101422779,102.51640266645072,102.56637958956476,29200
2015-07-07,102.61634826660156,102.70630520258116,102.08662643659132,102.40645891652625,5800
2015-07-08,102.69630432128906,102.69630432128906,102.18656870487222,102.23654562575118,3800
2015-07-09,102.35649871826172,102.54639426593026,102.196578651374,102.3265079866639,7600
2015-07-10,103.24603271484375,103.64581762967548,103.08611264858429,103.61583452360395,7500
2015-07-13,102.16658782958984,102.35649098832543,102.16658782958984,102.27653096092014,7600
2015-07-14,102.68630981445312,102.84622986468123,102.68630981445312,102.84622986468123,2000
2015-07-15,101.95671081542969,103.21604708513138,101.7568107227247,103.21604708513138,7800
2015-07-16,101.29704284667969,101.66685226590212,101.24707354704951,101.43696908629722,16400
2015-07-17,100.9872055053711,101.12713174255387,100.92723929669506,101.12713174255387,5000
2015-07-20,100.65737915039062,100.85727922770178,100.5974129399014,100.647382240173,12100
2015-07-21,101.2270736694336,101.40697991323455,101.10714125717142,101.10714125717142,9600
2015-07-22,101.00719451904297,101.04717453441224,100.72734203686636,101.04717453441224,13700
2015-07-23,101.1471176147461,101.42697771362808,101.10714522602808,101.1970945387556,27200
2015-07-24,100.78730010986328,101.267052630152,100.73733081374229,101.03716946669107,31400
2015-07-27,100.70735931396484,101.52693059377043,100.70735931396484,101.52693059377043,4900
2015-07-28,100.7473373413086,100.87726667411644,100.457487944668,100.52745106624275,5900
2015-07-29,100.1876220703125,100.87726398272706,100.10766966593759,100.77731775820232,4700
2015-07-30,100.03768920898438,100.10765994730777,99.8577905975496,99.86777988124659,3700
2015-07-31,100.40750885009766,101.43696945621294,100.2575856998441,101.43696945621294,4200
2015-08-03,100.01771545410156,100.33754795654919,99.97773543811957,100.18762480296878,11400
2015-08-04,99.07820129394531,99.9177663546164,99.01823508440029,99.9177663546164,42500
2015-08-05,99.00823211669922,99.09818905092105,98.74837347429765,98.94826591082311,4600
2015-08-06,98.86831665039062,98.94827668386957,98.7583735107092,98.7683704212462,2100
2015-08-07,98.51849365234375,98.76836301918296,98.17867497363824,98.3385874032032,8400
2015-08-10,98.54847717285156,98.67841412441824,98.04873843706083,98.0687322567209,5100
2015-08-11,98.03874969482422,98.53848847224812,97.9088203578411,98.39856222460212,4100
2015-08-12,99.48799133300781,100.16763633848839,99.36805128777894,99.53796063279705,7900
2015-08-13,99.32806396484375,99.34805778361499,99.14815772294077,99.168151541712,2300
2015-08-14,99.24811553955078,99.3680479553494,99.03821856108736,99.3680479553494,5600
2015-08-17,99.23811340332031,99.26809650569088,99.06820407294872,99.26809650569088,5100
2015-08-18,99.24811553955078,99.26810173371457,99.08819548460873,99.08819548460873,2900
2015-08-19,100.46746826171875,100.46746826171875,99.50797084059356,99.50797084059356,13500
2015-08-20,100.96720886230469,100.96720886230469,100.50745014935875,100.50745014935875,21000
2015-08-21,102.216552734375,102.35648658902385,101.45695538289608,101.67684163610593,42600
2015-08-24,103.95565795898438,104.48537981926374,103.23603293165834,104.1955304262903,93700
2015-08-25,102.97616577148438,102.99615959174528,101.94670516488468,102.99615959174528,26500
2015-08-26,101.56689453125,102.46641807673693,101.56689453125,102.28651184255808,16500
2015-08-27,100.22760009765625,101.1271313513572,100.20761390331089,100.94722510061702,13800
2015-08-28,100.68737030029297,100.93723969783964,100.55744095871589,100.87727348255927,24300
2015-08-31,100.16764068603516,100.43749626775237,100.04770063560056,100.43749626775237,82300
2015-09-01,100.91724395751953,100.92724086759048,100.44748831449094,100.49746523943752,24000
2015-09-02,99.8777847290039,100.14764029301259,99.8777847290039,100.0576909801457,40400
2015-09-03,99.50798034667969,99.50798034667969,99.15816473661287,99.4180310292661,6000
2015-09-04,99.57794189453125,99.67789574617743,99.17815698957963,99.17815698957963,9400
2015-09-08,98.83832550048828,99.06820867167968,98.67841307195295,99.01823174847046,10900
2015-09-09,99.35806274414062,99.46799825466017,99.07820263651922,99.12817956208939,5800
2015-09-10,99.5279769897461,99.75785255770485,99.14817063769641,99.14817063769641,26100
2015-09-11,99.99773406982422,100.00772335524405,99.15816894462652,99.15816894462652,15000
2015-09-14,100.02770233154297,100.0876685367971,99.68787604248519,99.88777610234493,9500
2015-09-15,99.36805725097656,99.85780674599545,99.21813409179545,99.85780674599545,7300
2015-09-16,99.73786163330078,100.11766034193612,99.72786472308694,100.02771102623626,4100
2015-09-17,100.96720886230469,100.9872026815763,99.88777900927882,99.99772213904934,5600
2015-09-18,99.92777252197266,101.2071026135045,99.82781866292704,101.2071026135045,70400
2015-09-21,99.73786163330078,99.90777097989488,99.6179215869594,99.69788161785365,6200
2015-09-22,99.32806396484375,99.59792714040204,99.29808086209452,99.59792714040204,5000
2015-09-23,98.8783187866211,99.12818818539195,98.848335678834,99.06822196981778,4200
2015-09-24,99.28809356689453,99.94775239288357,99.28809356689453,99.66789990624883,9500
2015-09-25,98.76836395263672,99.34806271928026,98.76836395263672,99.34806271928026,14000
2015-09-28,99.24811553955078,99.55795111424109,98.74837680596877,98.74837680596877,1200
2015-09-29,99.71786499023438,99.74785572002698,99.64790187153436,99.74785572002698,1700
2015-09-30,99.28809356689453,99.32807358290069,99.15816423393079,99.21813044523584,1600
2015-10-01,99.04823303222656,99.35807628726033,98.98826681369519,99.33808246414368,46300
2015-10-02,99.56795501708984,100.19762312048049,99.54796119611387,100.1876262099925,7200
2015-10-05,99.24811553955078,99.42802178865662,99.1381724081301,99.19813861602941,8400
2015-10-06,100.09767150878906,100.11765770328175,99.66789588581972,99.66789588581972,2500
2015-10-07,99.45801544189453,99.9677435139202,99.42803233476464,99.94775731763652,30000
2015-10-08,100.09767150878906,100.41750399852846,100.02770838995256,100.04769458444525,17100
2015-10-09,100.60741424560547,100.82729290214176,100.60741424560547,100.60741424560547,3600
2015-10-12,100.54743957519531,100.70735964270794,100.54743957519531,100.70735964270794,3000
2015-10-13,101.11714172363281,101.12713863422944,100.77732301743306,100.77732301743306,3700
2015-10-14,101.94670867919922,102.01667180170782,101.46695610670562,101.46695610670562,11900
2015-10-15,101.77680206298828,101.77680206298828,101.4369757263805,101.44697263712419,2500
2015-10-16,101.51692962646484,101.74681280722524,101.51692962646484,101.65685586678572,4400
2015-10-19,101.16710662841797,101.24706665287135,101.09714351337317,101.23706974346277,10300
2015-10-20,101.15711212158203,101.52692152440648,101.15711212158203,101.52692152440648,2600
2015-10-21,100.84728240966797,101.24707493924748,100.84728240966797,101.07715796702561,1300
2015-10-22,99.35806274414062,99.74785836228158,99.33806892374926,99.64790451114123,15400
2015-10-23,98.7383804321289,99.07819911261339,98.68840350833626,99.05821291834111,16000
2015-10-26,98.36857604980469,98.67841926742102,98.3485898545109,98.35858676486197,6900
2015-10-27,98.03874969482422,98.23864978103893,97.93880346442116,98.23864978103893,19100
2015-10-28,97.17919921875,98.50849847844913,97.11922538437436,98.21864909275904,15300
2015-10-29,97.62896728515625,97.68893349796171,97.4090810043248,97.4090810043248,8600
2015-10-30,97.86883544921875,98.06873552544268,97.70892301364782,97.84884925430046,86600
2015-11-02,97.97876739501953,98.28860294602124,97.94878429336224,98.04873050735563,12300
2015-11-03,97.60897064208984,97.63895374528343,97.43905368164663,97.55899371982872,33000
2015-11-04,97.339111328125,97.48903447545452,97.19918509072626,97.48903447545452,15100
2015-11-05,97.08924102783203,97.18918724995845,96.93931788193841,97.08924102783203,4700
2015-11-06,96.08975982666016,96.33962918498317,95.9498335960319,96.12973983904077,12600
2015-11-09,96.35962677001953,96.58950231843292,96.10975740193058,96.10975740193058,15000
2015-11-10,96.04978942871094,96.07977253464573,95.86988316769374,95.88987698858922,15700
2015-11-11,96.209716796875,96.28966921030029,96.14974295504477,96.21970608267253,16800
2015-11-12,96.5995101928711,96.6794702298334,96.24969456292206,96.24969456292206,9900
2015-11-13,95.94983673095703,96.0397860426965,95.73994737815701,96.0397860426965,5900
2015-11-16,95.71995544433594,95.99981554565726,95.65998923532827,95.99981554565726,5500
2015-11-17,95.27018737792969,95.31016738978218,95.05030112544475,95.31016738978218,37300
2015-11-18,94.7304916381836,94.99035796556606,94.64054230874895,94.98036105382575,27800
2015-11-19,95.42012023925781,95.4301171495915,95.05031081099463,95.15025703810653,12000
2015-11-20,94.85041046142578,95.23020914299987,94.80043353932574,95.23020914299987,4100
2015-11-23,94.85041046142578,94.85041046142578,94.66050730793488,94.71048423003491,3300
2015-11-24,95.10028839111328,95.19023770850993,94.89039902511271,94.89039902511271,3600
2015-11-25,94.55057525634766,94.68051221886694,94.220745832826,94.50060595380137,6800
2015-11-27,93.8609390258789,93.8609390258789,93.70101895999115,93.77098208246493,4200
2015-11-30,93.9408950805664,94.11081206352111,93.77098572302044,93.77098572302044,9600
2015-12-01,94.07081604003906,94.15076843707526,93.75098357567197,94.02083911965993,28400
2015-12-02,94.79043579101562,94.84041271267341,93.7409890648708,94.0608215374208,36400
2015-12-03,97.4190673828125,97.4990274081809,95.94983432465105,95.94983432465105,19900
2015-12-04,96.90933227539062,96.93931537871352,96.33963043603245,96.68944601714576,8000
2015-12-07,96.53953552246094,96.56952625512058,96.2796768426808,96.2796768426808,7500
2015-12-08,97.339111328125,97.339111328125,97.11922506209612,97.17919889627274,16100
2015-12-09,98.148681640625,98.30860169135559,97.628956726566,97.84884298361672,8200
2015-12-10,97.75889587402344,97.86883901359867,97.58898652210117,97.86883901359867,7800
2015-12-11,98.15867614746094,98.38855930840725,97.9587837143483,98.08871303333076,12900
2015-12-14,97.89881134033203,98.54847319572312,97.89881134033203,98.2686207350396,26300
2015-12-15,97.31912994384766,97.87883492110704,97.29913612299787,97.87883492110704,39200
2015-12-16,97.52901458740234,98.3086058038066,97.36909452998196,97.63895772052685,18300
2015-12-17,96.82937622070312,97.26914875522857,96.67946069794043,96.84937004067686,9200
2015-12-18,97.3291244506836,97.3890982910422,96.85937639122888,96.85937639122888,27100
2015-12-21,97.35911560058594,97.44906492339591,97.10924620334647,97.19919552615643,5400
2015-12-22,97.74890899658203,97.8588521388653,97.64895513966367,97.64895513966367,17700
2015-12-23,97.4890365600586,97.4890365600586,97.05926092874174,97.39907961957412,9900
2015-12-24,97.70893096923828,97.72891716578387,97.67894786171549,97.67894786171549,1800
2015-12-28,97.70893096923828,97.71892025480666,97.59898782471546,97.61897402126105,7300
2015-12-29,97.339111328125,97.38908825237085,97.23916510504134,97.29913131380992,3000
2015-12-30,97.81885528564453,97.88881839820088,97.40906589395208,97.42905971205809,15100
2015-12-31,96.31963348388672,96.74940904279589,96.31963348388672,96.65945211746718,4300
2016-01-04,96.19971466064453,96.28966398039083,95.94984527191559,96.2696777844723,19700
2016-01-05,95.6300048828125,95.64000179265267,95.40012170893637,95.64000179265267,4600
2016-01-06,95.80992126464844,95.80992126464844,95.5800380664625,95.63001499554038,3600
2016-01-07,97.1991958618164,97.1991958618164,96.16973516170013,96.4096076487639,7400
2016-01-08,96.98930358886719,96.99930049960751,96.58951103874911,96.62949105630179,10200
2016-01-11,96.2796630859375,96.67945558477939,96.2796630859375,96.65946176586309,2700
2016-01-12,96.17972564697266,96.37961810193617,96.10976252519458,96.37961810193617,2000
2016-01-13,95.8798828125,95.90986591928987,95.55005338699414,95.55005338699414,3700
2016-01-14,95.80992126464844,96.21970310653364,95.6400119064377,96.00981373014238,2800
2016-01-15,96.23968505859375,96.71942996677332,96.2296881489294,96.65946375960283,10800
2016-01-19,96.12975311279297,96.39960870186454,95.94984684494236,95.98982686284346,53800
2016-01-20,95.99980926513672,96.45956796340262,95.86987232024343,96.36961103036823,10000
2016-01-21,95.82990264892578,95.91985959166699,95.23021765714843,95.42012082761781,16500
2016-01-22,94.88040161132812,95.17025100819353,94.87040470097874,95.05031096022594,4500
2016-01-25,94.99034881591797,94.99034881591797,94.95036879821704,94.95036879821704,400
2016-01-26,94.77045440673828,94.82043133093215,94.55056814093807,94.82043133093215,25900
2016-01-27,94.97035217285156,95.15025843445646,94.67051348711568,94.82043664268785,11700
2016-01-28,95.11028289794922,95.25020913841347,95.01032904726773,95.17024910803156,7500
2016-01-29,94.12079620361328,94.31069937249413,94.00086378150607,94.1907593249786,24500
2016-02-01,94.57057189941406,94.90039370736807,94.48061495149291,94.5805611849762,11100
2016-02-02,94.5805435180664,94.74046356209493,94.37065417933452,94.60053733627367,57400
2016-02-03,95.99980926513672,96.49954797526152,94.96035183302823,94.9903349355705,33400
2016-02-04,97.06925201416016,97.12921822061267,96.5095394607749,96.5095394607749,29400
2016-02-05,97.16920471191406,97.16920471191406,96.52953971574652,96.69944906229547,10700
2016-02-08,97.68892669677734,97.75888981531568,97.0592586299323,97.06925553984006,21100
2016-02-09,99.2281265258789,99.37804967829629,98.82833399456862,99.0282340729279,24200
2016-02-10,99.1181869506836,99.1181869506836,98.23864945052375,98.80835134985394,11800
2016-02-11,99.14815521240234,99.32806144974991,98.84831656709468,99.31807216602485,47500
2016-02-12,98.64842987060547,98.75837300972918,98.43854050284435,98.51850053591767,20100
2016-02-16,97.45905303955078,97.838851743934,97.38908991965366,97.79887172893449,9400
2016-02-17,97.16920471191406,97.17920162212525,96.96930463473154,97.05926157581574,5800
2016-02-18,96.96930694580078,97.05926388902893,96.6594713505439,96.6594713505439,5500
2016-02-19,97.3291244506836,97.36910446911972,96.99930264305094,96.99930264305094,4900
2016-02-22,96.42959594726562,96.56952219215513,96.37961902034432,96.42959594726562,14100
2016-02-23,97.17919921875,97.29913163668517,96.93931913206356,96.9493160420275,13000
2016-02-24,97.38909149169922,97.72891018656824,97.04926517142191,97.04926517142191,23800
2016-02-25,97.30913543701172,97.42907548884779,96.82938285507609,96.84937667641972,6600
2016-02-26,96.72943115234375,96.72943115234375,96.44957867263354,96.559521807578,10000
2016-02-29,96.38961029052734,96.72942897240051,96.11974710159701,96.13974092135896,120800
2016-03-01,96.6294937133789,96.66947373203092,96.26968117091953,96.54953367607484,7000
2016-03-02,96.689453125,96.689453125,96.28966059202041,96.28966059202041,11400
2016-03-03,97.17919921875,97.32911474116896,96.9493160420275,96.9493160420275,8700
2016-03-04,96.96930694580078,97.30913327240602,96.80939450565184,97.12922701135817,13000
2016-03-07,96.71942901611328,96.82937214511709,96.26966721593969,96.28965340966413,19100
2016-03-08,96.69944763183594,97.13922016972373,96.58950449736399,97.12922325966042,4300
2016-03-09,96.54953002929688,96.8093963280152,96.10976509155269,96.14973748328606,4300
2016-03-10,97.84884643554688,98.14868510313292,96.66946270872924,96.6794596186045,16000
2016-03-11,97.96878051757812,98.16868059144115,97.73890496439579,97.818864993941,5800
2016-03-14,97.53900909423828,97.67894296467729,97.48903979267506,97.60897984216201,6900
2016-03-15,97.54900360107422,97.73890676839717,97.44905737500203,97.64894982714641,10000
2016-03-16,98.59844970703125,98.7183821180206,97.13921357853584,97.26914289891018,11200
2016-03-17,99.49798583984375,99.70787519486845,99.32806887352166,99.36804888763227,28300
2016-03-18,99.2281265258789,99.56795284638554,99.2281265258789,99.56795284638554,18000
2016-03-21,99.31806945800781,99.44799877155772,99.2481063468029,99.42801257924512,15000
2016-03-22,98.94827270507812,99.26810520072468,98.90829268994628,99.17815588573417,7000
2016-03-23,98.7383804321289,98.95826669616379,98.6384342099516,98.70839732801652,9900
2016-03-24,98.65841674804688,98.72837986351904,98.60844745151401,98.66841365751652,3500
2016-03-28,98.82832336425781,98.9882434097437,98.82832336425781,98.86830337562928,2100
2016-03-29,99.62791442871094,99.64790062291421,98.66841697338722,98.78834938942273,13000
2016-03-30,99.7678451538086,100.28757010596804,99.75784824355314,99.75784824355314,16500
2016-03-31,100.1176528930664,100.45747918637939,100.07767288059384,100.23759293048411,7000
2016-04-01,100.38751983642578,100.49746296849737,100.04769353036598,100.23759669038198,16800
2016-04-04,100.29756927490234,100.50745864254388,100.21760924187458,100.50745864254388,4700
2016-04-05,100.56742858886719,100.66737481358055,100.40750852899929,100.43749163387248,13800
2016-04-06,100.63738250732422,100.91723496109768,100.46746555289822,100.49745628043749,6200
2016-04-07,100.65737915039062,100.81729921223955,100.53743910400392,100.56742983465679,8700
2016-04-08,100.88725280761719,100.9772021148584,100.77730968182846,100.86725898906967,5200
2016-04-11,100.8372802734375,101.19709276887056,100.79730026001073,100.8372802734375,12700
2016-04-12,100.72733306884766,100.74732688745631,100.27757128045134,100.73732997815198,16800
2016-04-13,99.51797485351562,99.9777335907005,99.49798865859812,99.9777335907005,9400
2016-04-14,99.5379638671875,99.6179238999383,99.34806832116487,99.41803144346972,4900
2016-04-15,99.40802764892578,99.55795079359912,99.40802764892578,99.40802764892578,2400
2016-04-18,99.6978759765625,99.83780221000576,99.55794974311925,99.63790976948906,4200
2016-04-19,100.08767700195312,100.29756636350207,100.06769080698056,100.06769080698056,1700
2016-04-20,98.90827941894531,99.87777368593825,98.86829940917778,99.87777368593825,29100
2016-04-21,98.67841339111328,99.34806146199864,98.67841339111328,99.30808144838352,3600
2016-04-22,98.26863098144531,98.52849727577936,98.19866785897942,98.34859101438016,3000
2016-04-25,98.50849914550781,98.69840230906851,98.50849914550781,98.53848225019463,7400
2016-04-26,98.70841217041016,99.04823090199184,98.68841834772353,99.04823090199184,5600
2016-04-27,99.01823425292969,99.11818047646818,98.67841556781718,98.76836488137941,19800
2016-04-28,99.48799133300781,99.50797752784187,99.17815574792678,99.29808816774748,5300
2016-04-29,100.27757263183594,100.32754192821585,100.0077094548353,100.04768946718383,10700
2016-05-02,100.6973648071289,100.78731412790188,100.36753538014395,100.36753538014395,9200
2016-05-03,100.71733856201172,101.25705729620606,100.71733856201172,101.2070879993076,10700
2016-05-04,100.45748138427734,100.62739072194742,100.27757513691849,100.62739072194742,4500
2016-05-05,99.25810241699219,99.7478518543202,99.14815928823755,99.7478518543202,13700
2016-05-06,98.88831329345703,99.16816579321103,98.86831947181248,99.06821956121442,3700
2016-05-09,98.98824310302734,99.10818313677012,98.94826309177975,99.06820312552253,15400
2016-05-10,98.47852325439453,98.75837575251497,98.46852634363061,98.75837575251497,4400
2016-05-11,98.94827270507812,99.04821893020363,98.79834955468576,98.8383295698176,17500
2016-05-12,98.9782485961914,99.38803800236975,98.9782485961914,99.23811486290433,6500
2016-05-13,98.63844299316406,98.70840611745882,98.41855670954952,98.70840611745882,8000
2016-05-16,98.26863098144531,98.50850345484143,98.23864787544684,98.40855722637708,7300
2016-05-17,98.05874633789062,98.43854507451479,98.05874633789062,98.19867258956315,6100
2016-05-18,97.34911346435547,97.89882153353135,97.34911346435547,97.85884914247835,19100
2016-05-19,96.95931243896484,97.25915110762432,96.95931243896484,97.08924176617649,3600
2016-05-20,97.04925537109375,97.04925537109375,96.83936602920963,97.01927226873995,3800
2016-05-23,97.10923767089844,97.1592069707105,96.87935449045678,96.91933450555133,4400
2016-05-24,96.70944213867188,96.83937146463356,96.70944213867188,96.83937146463356,4800
2016-05-25,96.94932556152344,97.02928559827022,96.84937932829435,96.89934863220448,9700
2016-05-26,97.10923767089844,97.14921006058482,97.01928073058365,97.14921006058482,1900
2016-05-27,96.54953002929688,96.78940250673993,96.54953002929688,96.75941940023563,4200
2016-05-31,96.5995101928711,97.08925207479973,96.5995101928711,96.93932891184762,12400
2016-06-01,97.18919372558594,97.3391168814688,97.02928128461043,97.24916756318416,5500
2016-06-02,96.89934539794922,97.139225500183,96.89934539794922,97.139225500183,2300
2016-06-03,98.33858489990234,98.35857871896896,97.92880311392956,97.92880311392956,5900
2016-06-06,98.99823760986328,99.14815311664454,98.70838825440741,98.788340649555,9400
2016-06-07,99.50798034667969,99.517977257084,99.27810478523938,99.2980909806396,21600
2016-06-08,100.04769134521484,100.19761448798415,99.91776202169892,99.91776202169892,20600
2016-06-09,99.617919921875,99.687883041386,99.52797060767863,99.687883041386,4300
2016-06-10,99.617919921875,99.71786614611813,99.45800748816764,99.687883041386,14800
2016-06-13,99.54795837402344,99.5979352996381,99.24811969656024,99.24811969656024,7100
2016-06-14,99.64790344238281,99.75784657713142,99.34806476840238,99.48799100800822,8000
2016-06-15,99.83781433105469,99.93776056344726,99.37805556172192,99.53796800846827,2600
2016-06-16,99.59793853759766,99.59793853759766,99.09819976683742,99.21813219155844,4800
2016-06-17,99.96774291992188,100.09767988392431,99.77784736742464,99.77784736742464,6900
2016-06-20,99.74785614013672,100.117657929648,99.68788230570695,100.117657929648,6900
2016-06-21,99.81782531738281,100.00772086594625,99.77784530047248,99.9177715469544,4000
2016-06-22,100.08767700195312,100.36752948401839,100.0177138814368,100.17763394285024,36200
2016-06-23,100.07768249511719,100.38752571519449,100.03770247880372,100.33754878845055,14100
2016-06-24,98.75836181640625,99.39802675767598,98.17867070584829,98.2586231044513,27200
2016-06-27,97.96878051757812,98.24864062098636,97.72890805435061,98.20866060621375,12400
2016-06-28,97.79887390136719,97.98877707048125,97.6189676425771,97.98877707048125,8000
2016-06-29,97.82884979248047,98.02874985717676,97.78886977954122,97.87882671500648,31200
2016-06-30,98.23863983154297,98.54847540203525,98.00875666203049,98.25862602543596,6800
2016-07-01,98.52848815917969,98.74837441670077,98.40854812087515,98.74837441670077,21900
2016-07-05,98.18866729736328,98.79834918135575,98.15868419247974,98.68840604651066,18800
2016-07-06,98.3086166381836,98.3086166381836,98.02876413226404,98.28862281609855,5800
2016-07-07,98.00875854492188,98.3186017467745,97.97877544080245,98.3186017467745,7900
2016-07-08,97.47904205322266,97.75889454090385,97.45905585784902,97.75889454090385,5800
2016-07-11,97.60897064208984,97.7289030548642,97.43905368164663,97.68892304213684,5500
2016-07-12,96.98930358886719,97.48904237016262,96.98930358886719,97.44906235260996,6400
2016-07-13,97.43905639648438,97.6089733616618,97.33911017458514,97.35910399420976,46100
2016-07-14,97.85884094238281,97.88882404586434,97.7189070837893,97.8188609292715,11700
2016-07-15,97.58898162841797,97.63895855314003,97.44905538968594,97.55899852374797,7400
2016-07-18,97.5989761352539,97.63895614896549,97.42906679603558,97.57898231569415,5400
2016-07-19,97.29913330078125,97.42907025631072,97.27914710591959,97.30913021091618,12900
2016-07-20,97.16920471191406,97.25915402759,97.00928465016806,97.00928465016806,2500
2016-07-21,97.2491683959961,97.2491683959961,96.97930518801424,97.11923143459425,27000
2016-07-22,96.97930908203125,97.34911853450375,96.95932288546382,97.34911853450375,2400
2016-07-25,97.1991958618164,97.26915898826871,97.0592696089118,97.08925271661866,22800
2016-07-26,96.689453125,96.74942696146235,96.58950689810717,96.74942696146235,6400
2016-07-27,97.14920806884766,97.14920806884766,96.39959995836146,96.45957379247781,9000
2016-07-28,97.75889587402344,97.89882211977219,97.64895273444822,97.89882211977219,7000
2016-07-29,98.8783187866211,99.3380775653104,98.63844629891555,98.63844629891555,32800
2016-08-01,98.98824310302734,99.14815552261027,98.96824928469982,99.1281693296902,10400
2016-08-02,99.36805725097656,99.50798349943663,99.32807723350103,99.41803417917315,99900
2016-08-03,98.48851776123047,98.77836716304012,98.44853774455929,98.74838405688885,14200
2016-08-04,98.40855407714844,98.55847722775141,98.40855407714844,98.55847722775141,5400
2016-08-05,97.73890686035156,97.89881929713587,97.54900369284994,97.63896063418534,5400
2016-08-08,97.50901794433594,97.53900104788215,97.36909171084842,97.49902866009242,36200
2016-08-09,97.5989761352539,97.5989761352539,97.4590498999673,97.4590498999673,2000
2016-08-10,98.29861450195312,98.29861450195312,98.07872822315927,98.14869134592018,4400
2016-08-11,98.27862548828125,98.59845798678998,98.2486423830161,98.42854864001528,11100
2016-08-12,98.28861236572266,98.57846175186698,98.28861236572266,98.57846175186698,6000
2016-08-15,98.48851776123047,98.56847779457281,98.35858842610551,98.35858842610551,9700
2016-08-16,99.54795837402344,99.62791840484358,99.49798907381702,99.54795837402344,8800
2016-08-17,99.50798034667969,99.7478604439327,99.35806481765705,99.46800033047086,7200
2016-08-18,100.43748474121094,100.43748474121094,99.90776292371568,99.90776292371568,17000
2016-08-19,99.7678451538086,100.03770072743964,99.70787894309242,99.95774832162084,12700
2016-08-22,99.59793853759766,99.65790474995818,99.5079815936484,99.58794162706808,26800
2016-08-23,99.45801544189453,99.65790790636632,99.45801544189453,99.65790790636632,3800
2016-08-24,99.01823425292969,99.10819119189999,98.94827113391193,99.10819119189999,42700
2016-08-25,98.92827606201172,99.1381654002305,98.90828224385334,99.1381654002305,2300
2016-08-26,97.88883209228516,99.31808527051551,97.80887205948984,98.8683158050982,9600
2016-08-29,97.89881134033203,98.01875137722824,97.71890509769153,97.73889891654473,4300
2016-08-30,97.31912994384766,97.5490055057613,97.28913921257298,97.51902239989504,4900
2016-08-31,97.34911346435547,97.49903661973377,97.21917650450365,97.21917650450365,22700
2016-09-01,97.76888275146484,97.80886276406292,97.13921471021227,97.19918091640555,12500
2016-09-02,97.64894104003906,97.9987642379247,97.64894104003906,97.85883800893347,7700
2016-09-06,98.66841888427734,98.72838509345645,97.74890142496001,97.7988707241399,14100
2016-09-07,98.72838592529297,98.97825529952196,98.65842280552518,98.95826910476323,11100
2016-09-08,98.3885726928711,99.0782070187106,98.3485926757283,99.0782070187106,3300
2016-09-09,98.12870025634766,98.12870025634766,97.91881089853271,97.91881089853271,2900
2016-09-12,98.52848815917969,98.52848815917969,98.21864496657827,98.26862188889042,2900
2016-09-13,97.89881134033203,98.57845629859526,97.83884513458774,98.41854387480797,7400
2016-09-14,98.29861450195312,98.61844700963277,98.16868516694242,98.16868516694242,11300
2016-09-15,98.48851776123047,98.57846707968424,98.2886176778746,98.40855772788812,29600
2016-09-16,97.57898712158203,97.93879963729965,97.53900710590138,97.73890718430465,19600
2016-09-19,97.69892883300781,97.72891193892703,97.61896880028432,97.62896571072686,7500
2016-09-20,97.78887176513672,97.81886249450595,97.73890246700385,97.73890246700385,3300
2016-09-21,98.27862548828125,98.34858860903603,97.84884985352814,97.98877609503768,12000
2016-09-22,98.72838592529297,98.94827219467979,98.67841662569207,98.92828599992106,21300
2016-09-23,98.72838592529297,98.72838592529297,98.42854725146307,98.42854725146307,1600
2016-09-26,98.77836608886719,98.99825236546323,98.76836917845598,98.8683154063428,15500
2016-09-27,98.57845306396484,98.6584130859386,98.43852683821444,98.6584130859386,4200
2016-09-28,98.52848815917969,98.52848815917969,98.31859881120258,98.52848815917969,7500
2016-09-29,99.0382308959961,99.17816477420268,98.56848283326597,98.56848283326597,7700
2016-09-30,98.47852325439453,98.73838955639579,98.3985632191005,98.44854014751144,17300
2016-10-03,98.27862548828125,98.39855790934186,98.22864856256716,98.29861168332194,8900
2016-10-04,97.6689453125,98.07872713400374,97.36909900376388,97.51902215813195,20900
2016-10-05,98.17867279052734,98.21864517797381,97.8088633906816,97.91880651967877,9900
2016-10-06,97.52901458740234,97.79887015253918,97.45905146863294,97.79887015253918,5600
2016-10-07,97.82884979248047,97.82884979248047,97.46903730143492,97.78886977954122,2500
2016-10-10,97.339111328125,97.339111328125,97.29913131380992,97.3091282237407,1300
2016-10-11,96.7794189453125,96.98930832866468,96.69945890629955,96.98930832866468,7200
2016-10-12,96.67945861816406,96.69944481229979,96.58950168103352,96.65946479862042,2000
2016-10-13,96.93932342529297,96.98930035191803,96.74942788001621,96.74942788001621,5000
2016-10-14,96.53953552246094,96.82938493490072,96.53953552246094,96.82938493490072,6400
2016-10-17,96.72943115234375,96.7993942722713,96.63948183761183,96.69944804743311,5300
2016-10-18,96.6294937133789,96.70945375068295,96.45958435316443,96.5995106057421,10700
2016-10-19,96.63948059082031,96.66946369534412,96.60949748629649,96.60949748629649,8200
2016-10-20,96.2996597290039,96.49955981282002,96.2996597290039,96.49955981282002,6800
2016-10-21,96.19971466064453,96.19971466064453,96.01980839574335,96.04979150232545,3300
2016-10-24,96.22970581054688,96.29966894022247,96.1397564832822,96.21970889904772,5400
2016-10-25,96.16972351074219,96.22968971889101,95.67998168490826,95.74994480288454,9400
2016-10-26,96.18971252441406,96.46956500452195,96.17972323970177,96.39960188449498,11800
2016-10-27,96.18971252441406,96.4295926148564,96.1097601196748,96.24968635972874,5100
2016-10-28,96.89934539794922,96.91933921917298,96.19971416328872,96.3696235166479,11700
2016-10-31,96.5995101928711,96.63949021135224,96.5095532449363,96.5795163709261,9700
2016-11-01,97.96878051757812,98.21864989085081,97.37909245685046,97.37909245685046,39600
2016-11-02,98.12870025634766,98.518495867348,98.12870025634766,98.1986633756193,58200
2016-11-03,98.12870025634766,98.15868336097721,97.97877710779181,98.00876021242136,14300
2016-11-04,98.63844299316406,98.69840920672853,98.28861974628165,98.41855670954952,11300
2016-11-07,98.08872985839844,98.09872676939109,97.75890042432047,97.96878980271313,9800
2016-11-08,97.65894317626953,98.01875567733558,97.61896316221686,97.92880636477307,9900
2016-11-09,97.09923553466797,97.37908799985938,97.07924171549271,97.33910798691664,39000
2016-11-10,96.76941680908203,96.86936303974716,96.54953052637359,96.69945368507558,33900
2016-11-11,96.6294937133789,97.0292862744903,96.60950751675732,97.0292862744903,33300
2016-11-14,95.67998504638672,95.79991746689788,95.570041910646,95.6499943158507,9900
2016-11-15,95.41012573242188,95.58003508533315,95.27019948585864,95.43011955359292,29200
2016-11-16,95.3101806640625,95.41012689490992,95.00034506081292,95.21023443321509,6400
2016-11-17,94.85041046142578,95.42011229649077,94.85041046142578,95.42011229649077,4900
2016-11-18,94.57057189941406,94.66052122192639,94.39066562898059,94.61055191788914,8500
2016-11-21,94.62052917480469,94.70048920158993,94.46061674664205,94.70048920158993,9200
2016-11-22,94.43062591552734,94.51057831036209,94.27070587504339,94.48059520912315,10200
2016-11-23,93.9408950805664,94.070832045497,93.8909257770928,94.02085511661465,13400
2016-11-25,94.20075225830078,94.44062471779654,94.18076606392947,94.41064161353556,17200
2016-11-28,94.22074127197266,94.22074127197266,93.94088878995244,93.98086880529937,24500
2016-11-29,94.33068084716797,94.4106408748436,94.03084218149628,94.06082528552267,10500
2016-11-30,93.91090393066406,93.97087013986024,93.67103146847127,93.900907020662,8600
2016-12-01,94.50059509277344,94.50059509277344,93.910899437396,93.99085946277052,30600
2016-12-02,94.45062255859375,94.6705088258854,94.39065634948079,94.63052881134074,4800
2016-12-05,94.8004379272461,94.98034417956256,94.39065612360795,94.74047171827662,14900
2016-12-06,94.45062255859375,94.62053190135255,94.41064254404908,94.62053190135255,2900
2016-12-07,94.8004379272461,94.81043483721035,94.57056237592441,94.57056237592441,19400
2016-12-08,93.9208984375,94.15077398380888,93.820952216261,94.12079087997797,35100
2016-12-09,93.76097869873047,93.78097251829028,93.53110315164798,93.68102629671495,17100
2016-12-12,94.16077423095703,94.20075424595125,93.8509386465121,94.00086179638835,12500
2016-12-13,94.29071044921875,94.45063052087886,94.22074732421963,94.32070118171156,4300
2016-12-14,93.55109405517578,94.60054849806635,93.41116781284481,94.42064224001106,20200
2016-12-15,92.6015853881836,92.79148091455227,92.34171912134354,92.78149163054862,15200
2016-12-16,92.8514633178711,93.04135886177136,92.6015939373738,92.6015939373738,7000
2016-12-19,92.90143585205078,93.35120532784458,92.90143585205078,93.06135592133087,8200
2016-12-20,92.75152587890625,92.80149518449527,92.53163958316921,92.53163958316921,6700
2016-12-21,92.98139190673828,93.25125510574513,92.96140571163805,93.22126437498237,28200
2016-12-22,93.02136993408203,93.24125620252599,93.02136993408203,93.24125620252599,21200
2016-12-23,92.83148193359375,93.08135134756537,92.82149264732962,92.9214388878364,4300
2016-12-27,92.82148742675781,92.82148742675781,92.68156117283634,92.69155045853864,5000
2016-12-28,92.72151947021484,92.7814933023556,92.4616608241001,92.56160704379097,11800
2016-12-29,93.14131164550781,93.42116412838816,93.07134852478774,93.07134852478774,5800
2016-12-30,93.68102264404297,93.95087819431538,93.61105952912735,93.78096886172136,12700
2017-01-03,92.84147644042969,93.0213827188456,92.32175142801105,92.71154709367732,14000
2017-01-04,93.3511962890625,93.40116558681777,92.97138997400154,92.97138997400154,44200
2017-01-05,94.4206314086914,94.4506145106931,93.91089579844025,93.91089579844025,21400
2017-01-06,93.75098419189453,93.97086281694862,93.7010072711869,93.75098419189453,8300
2017-01-09,93.9408950805664,93.97087818773231,93.6910256869722,93.6910256869722,6000
2017-01-10,93.8609390258789,94.09081458883203,93.70101895999115,93.92090523788261,9000
2017-01-11,93.93090057373047,94.18076995343506,93.13131550851244,93.29122794631105,39700
2017-01-12,94.43062591552734,94.75045837108802,94.32068279404643,94.54056141160102,10800
2017-01-13,94.54057312011719,94.54057312011719,94.32069447533141,94.49060382033285,4200
2017-01-17,95.11028289794922,95.37014155857814,95.06030597260848,95.33016154338719,20900
2017-01-18,94.68050384521484,95.24020878684742,94.68050384521484,95.13026565539704,17200
2017-01-19,94.71049499511719,94.7604642974892,94.20075930830797,94.37066866210819,22400
2017-01-20,95.11028289794922,95.19023530292294,94.63053034106595,94.71049037144786,34100
2017-01-23,95.4500961303711,95.52005924660217,95.19022985919517,95.32016680748701,21900
2017-01-24,95.26020050048828,95.4700898657617,95.16025427303546,95.34016053261388,14700
2017-01-25,95.40013122558594,95.42012504726077,95.17025565418652,95.22022495755613,27700
2017-01-26,95.40013122558594,95.46010506520169,95.26020497549706,95.39014194015725,19300
2017-01-27,95.38013458251953,95.5000746232055,95.34015456895753,95.41011768633905,17000
2017-01-30,95.7799301147461,95.8898732491585,95.19023442786067,95.19023442786067,55600
2017-01-31,96.30965423583984,96.54952670502391,96.18971418854365,96.18971418854365,26100
2017-02-01,96.0597915649414,96.0597915649414,95.73995904189022,95.99982534980957,14000
2017-02-02,95.95983123779297,96.5195361645774,95.95983123779297,96.44957304872935,15600
2017-02-03,96.00980377197266,96.15972691824742,95.82989752152454,95.82989752152454,8300
2017-02-06,96.17972564697266,96.17972564697266,95.73995309556287,95.73995309556287,5100
2017-02-07,95.6300048828125,95.68997109103759,95.39013242450416,95.39013242450416,23200
2017-02-08,95.7099609375,95.90985337355747,95.69996402807483,95.73994404036786,8400
2017-02-09,95.15026092529297,95.55005347548166,95.13027472921743,95.53006727940613,25600
2017-02-10,94.94036865234375,95.04031488048604,94.770459301961,94.82043622873636,26300
2017-02-13,94.70049285888672,94.84041909846087,94.6105435443354,94.84041909846087,10700
2017-02-14,94.63053131103516,94.86041449438743,94.52058817448516,94.82043447878668,14100
2017-02-15,94.77045440673828,94.77045440673828,94.31069568070512,94.31069568070512,10100
2017-02-16,95.5400390625,95.5400390625,95.24020042384323,95.24020042384323,12800
2017-02-17,94.9803466796875,95.45010233006835,94.94036666418613,95.45010233006835,5100
2017-02-21,94.39066314697266,94.46062627111216,94.26072618399311,94.34068621884074,13000
2017-02-22,94.34068298339844,94.3506798937637,93.95088735864523,94.05083358607277,18400
2017-02-23,94.63053131103516,94.70049443198441,94.47061124863214,94.47061124863214,7900
2017-02-24,94.52058410644531,94.79043966837584,94.52058410644531,94.65051343249957,14000
2017-02-27,94.37067413330078,94.75048050547201,94.35068793627498,94.6705204665508,14500
2017-02-28,94.83041381835938,95.11027389821453,94.76045070474746,94.76045070474746,30800
2017-03-01,94.39066314697266,94.57056941267548,94.030850615567,94.0708306329908,46600
2017-03-02,93.96089172363281,94.21076112472983,93.87093477402523,93.94089790131603,13300
2017-03-03,94.34068298339844,94.34068298339844,93.9608842690105,94.19075982955297,27100
2017-03-06,94.09080505371094,94.32068821877624,94.02084193832718,94.32068821877624,14700
2017-03-07,93.9408950805664,94.02085511661465,93.62106256178217,93.63105947264037,9400
2017-03-08,93.8209457397461,93.87091503421223,93.76097191081642,93.85092884150725,4900
2017-03-09,94.14078521728516,94.23073452927264,93.90090513450268,93.90090513450268,11300
2017-03-10,94.24073028564453,94.41063962314662,94.16077025902902,94.20075027233678,19800
2017-03-13,94.55057525634766,94.55057525634766,94.40065209789158,94.40065209789158,6400
2017-03-14,94.25072479248047,94.49059724080382,94.22073406420836,94.30069408878536,3500
2017-03-15,95.21022033691406,95.21022033691406,94.27070913014822,94.27070913014822,29600
2017-03-16,95.53004455566406,95.62999076308485,95.37012452346532,95.48006763925025,17300
2017-03-17,95.34015655517578,95.51006589729806,95.30017654078088,95.50007661275536,6800
2017-03-20,95.27018737792969,95.53005364226712,95.27018737792969,95.43010742533966,5800
2017-03-21,95.71995544433594,95.85988930770063,95.65998923532827,95.65998923532827,14300
2017-03-22,95.93983459472656,96.24967777756851,95.93983459472656,95.94983150395565,37900
2017-03-23,95.84989166259766,95.95983479520723,95.8398947527037,95.88987167676551,9200
2017-03-24,96.039794921875,96.09976876065399,95.84989937106592,95.88987938844905,50600
2017-03-27,96.54953002929688,96.87935945166144,96.54953002929688,96.87935945166144,18800
2017-03-28,95.90985870361328,96.73942684762837,95.87987559907916,96.72942993764764,7300
2017-03-29,95.51007080078125,95.51007080078125,95.38014146638331,95.49008460526173,17400
2017-03-30,95.08029174804688,95.55004739270801,95.08029174804688,95.55004739270801,14700
2017-03-31,95.01033020019531,95.12027333695252,94.9503639893853,95.06030712614252,4600
2017-04-03,94.96035766601562,94.98034386046895,94.79044069882622,94.91038074177027,9300
2017-04-04,94.9103775024414,94.95035751539156,94.88039439908074,94.95035751539156,2600
2017-04-05,94.7304916381836,94.7304916381836,94.4506391127299,94.59056537545675,3700
2017-04-06,94.60054016113281,94.73046948173025,94.60054016113281,94.71048328833358,27900
2017-04-07,94.2607192993164,94.52058558088657,94.25073001474652,94.52058558088657,1100
2017-04-10,94.38066864013672,94.38066864013672,94.26072858481042,94.26072858481042,1000
2017-04-11,94.39066314697266,94.52059248454357,94.26072618399311,94.44063244969595,5500
2017-04-12,94.71049499511719,94.73048119098428,94.2607255213178,94.55057492654623,2900
2017-04-13,94.5805435180664,94.63052043817717,94.53057422336305,94.53057422336305,1800
2017-04-17,94.65052032470703,94.9503666379376,94.64053103956559,94.78045728563092,4900
2017-04-18,95.4500961303711,95.4500961303711,95.06030053631109,95.13026365254218,6400
2017-04-19,95.28018951416016,95.3201695282059,95.17024638188639,95.2901787986156,12500
2017-04-20,95.59001922607422,95.59001922607422,95.58002231682418,95.58002231682418,900
2017-04-21,95.24021911621094,95.31018224150291,95.11028977649974,95.11028977649974,8400
2017-04-24,95.46009826660156,95.54005067138054,95.37014132628896,95.54005067138054,12300
2017-04-25,95.65999603271484,95.8199161019763,95.56004980213073,95.56004980213073,6900
2017-04-26,95.62000274658203,95.71994896329699,95.4400965063321,95.45009341562586,12600
2017-04-27,95.60002136230469,95.64000137608326,95.41011820320841,95.5100644249509,4500
2017-04-28,95.52006530761719,95.64000535394148,95.52006530761719,95.62001153351663,1200
2017-05-01,95.42012023925781,95.64000651414898,95.42012023925781,95.64000651414898,7900
2017-05-02,95.80992126464844,95.80992126464844,95.61002879915449,95.65000119192626,2600
2017-05-03,95.6300048828125,96.05978050104424,95.6300048828125,96.0397866813639,4200
2017-05-04,96.32962799072266,96.32962799072266,95.75992618410328,95.75992618410328,4600
2017-05-05,96.209716796875,96.26968301329622,96.08977673862354,96.10977056103663,10700
2017-05-08,95.19022369384766,95.52005305989204,95.1302574910786,95.52005305989204,26300
2017-05-09,94.27071380615234,94.63052630210547,94.17076758514489,94.55056627513635,14100
2017-05-10,94.18077087402344,94.41064643536997,94.14079085783091,94.41064643536997,10600
2017-05-11,94.3207015991211,94.40065400989626,94.07083220510295,94.07083220510295,6400
2017-05-12,94.8204345703125,95.01033011283904,94.53058517598346,94.53058517598346,5800
2017-05-15,95.33016204833984,95.38013897394531,95.23021582253715,95.35015586874533,4100
2017-05-16,96.36962127685547,96.449581309075,96.08976878949552,96.21969812279596,10500
2017-05-17,97.0292739868164,97.16920022167398,96.72942769760282,96.72942769760282,15600
2017-05-18,96.98930358886719,97.24916989025523,96.77941421577214,97.10924364152521,10500
2017-05-19,97.62896728515625,97.63896419576001,97.37909789792207,97.37909789792207,4400
2017-05-22,97.55900573730469,97.9787844845394,97.48904261276556,97.84885514622637,12100
2017-05-23,97.44905090332031,97.83884649690098,97.44905090332031,97.71890645833471,6500
2017-05-24,97.50901794433594,97.50901794433594,97.1991823738147,97.1991823738147,5300
2017-05-25,97.57898712158203,97.77888719998532,97.57898712158203,97.77888719998532,2800
2017-05-26,97.43905639648438,97.51901642416694,97.29913016074387,97.38908709823873,43200
2017-05-30,97.46903991699219,97.4790368268472,97.2691474723396,97.2691474723396,7100
2017-05-31,98.03874969482422,98.1886728531331,97.86884034059815,97.89882344717822,9400
2017-06-01,97.75889587402344,97.89882211977219,97.72891276784992,97.78887898019696,37000
2017-06-02,98.59844970703125,98.59844970703125,98.31859724751263,98.31859724751263,4400
2017-06-05,98.37857055664062,98.40855366155296,98.35858436183513,98.35858436183513,3800
2017-06-06,98.70841217041016,98.70841217041016,98.528505893276,98.528505893276,4700
2017-06-07,98.49850463867188,98.55847084486622,98.35857840727992,98.39855079447102,10600
2017-06-08,98.12870025634766,98.21864957023631,97.91881089853271,98.15868336097721,45100
2017-06-09,97.93879699707031,97.98877392167593,97.67893834026373,97.67893834026373,3600
2017-06-12,97.98876953125,98.14868195708848,97.89881259607206,98.14868195708848,7500
2017-06-13,97.96878051757812,98.13869748671372,97.9387974128507,98.03874363707816,34200
2017-06-14,97.72891235351562,98.3985604732468,97.62896612489148,98.23864803252984,34900
2017-06-15,97.29913330078125,97.36909642090936,97.249164000923,97.32911640577784,8300
2017-06-16,97.45905303955078,97.51901924934599,97.40907611444933,97.40907611444933,3900
2017-06-19,97.2791519165039,97.53901058959683,97.25915809524533,97.44906127015895,26200
2017-06-20,97.26914978027344,97.46904222966893,97.1991866604442,97.45905294498486,5000
2017-06-21,97.5689926147461,97.5689926147461,97.33910944323792,97.33910944323792,31000
2017-06-22,97.6689453125,97.6689453125,97.4690452315398,97.4690452315398,11200
2017-06-23,97.88883209228516,98.01876142652121,97.68893201029688,97.68893201029688,26500
2017-06-26,97.54900360107422,97.77888678390771,97.54900360107422,97.768889873678,7100
2017-06-27,98.8783187866211,98.88831569768641,98.32860305916164,98.32860305916164,41600
2017-06-28,98.88831329345703,99.01824263251176,98.69841011487736,98.77837015063814,158500
2017-06-29,99.2281265258789,99.25810963128072,98.93827713131415,98.93827713131415,76300
2017-06-30,98.91827392578125,99.19812636195137,98.84831081673872,99.10817706121396,82600
2017-07-03,98.41854858398438,98.56847173092632,98.3985547641745,98.54847791111645,134900
2017-07-05,98.27862548828125,98.40855481956633,98.05873921579246,98.05873921579246,13100
2017-07-06,98.7383804321289,98.7383804321289,98.42854485575683,98.43853414018899,24200
2017-07-07,98.40855407714844,98.4185509872975,98.28861403158443,98.4185509872975,13100
2017-07-10,98.24864196777344,98.24864196777344,98.0487418911702,98.06873571153463,9000
2017-07-11,98.41854858398438,98.50849789690473,97.89881602464004,97.90881293454497,7800
2017-07-12,98.28861236572266,98.37856930472307,98.24863997662034,98.32859238023306,45000
2017-07-13,98.08872985839844,98.11871296596756,97.92881740956021,98.11871296596756,40200
2017-07-14,98.40855407714844,98.40855407714844,98.23864473165557,98.35858477721959,40200
2017-07-17,98.43853759765625,98.66842077960547,98.43853759765625,98.63843767443997,10400
2017-07-18,99.26810455322266,99.50797701704089,99.25810764315285,99.4180277026371,45500
2017-07-19,99.2081527709961,99.47800837885943,99.2081527709961,99.47800837885943,58300
2017-07-20,99.57794189453125,99.79782816749962,99.08820004817973,99.098196958426,62800
2017-07-21,100.27757263183594,100.4075019529129,99.96772944248677,99.98772326136486,13700
2017-07-24,100.14764404296875,100.20761787920036,100.11766093755709,100.15764095324207,16000
2017-07-25,99.5279769897461,100.097678892412,99.5179800790583,100.07768507103644,22400
2017-07-26,99.57794189453125,99.70787885150799,98.798350654304,98.83833066988082,38500
2017-07-27,98.25862884521484,98.68840446762205,98.12869951766217,98.64842445328091,70600
2017-07-28,97.83885192871094,97.9088150487402,97.61896565850236,97.678939493819,58300
2017-07-31,97.97876739501953,98.24863056074976,97.6989149456751,97.74889186537546,33500
2017-08-01,98.08872985839844,98.3186130587764,98.05874675082933,98.22865611066021,156600
2017-08-02,97.5689926147461,98.00875751288015,97.5589957050089,97.66893883589438,30500
2017-08-03,97.84884643554688,97.94879265807556,97.53900323267757,97.69892328904986,78800
2017-08-04,97.35911560058594,97.5190280496066,97.05926927373503,97.3091386709745,64200
2017-08-07,97.30913543701172,97.44906168478283,97.30913543701172,97.34911545429041,18200
2017-08-08,97.25914764404297,97.39907387618263,96.93931516695122,97.39907387618263,31200
2017-08-09,98.28861236572266,98.37856930472307,97.94879368049641,98.31860309566152,77900
2017-08-10,98.41854858398438,98.41854858398438,98.05873608148691,98.21864851292578,74000
2017-08-11,98.54847717285156,98.60845100642386,98.28861089512615,98.48851096468722,56500
2017-08-14,97.40907287597656,97.64894533259071,97.39907596620701,97.60897294432827,50200
2017-08-15,97.3990707397461,97.41906455821234,97.21916450058733,97.30912143287046,12400
2017-08-16,98.12870025634766,98.15868336097721,97.10923657190247,97.10923657190247,91900
2017-08-17,98.41854858398438,98.60845174513804,97.94879294875669,97.97877605306347,45700
2017-08-18,98.07872772216797,98.75837275069163,97.96878458333263,98.66842343277642,33800
2017-08-21,98.44853973388672,98.5284997688448,98.12870721946302,98.16868723694206,37000
2017-08-22,97.77887725830078,98.01874970258736,97.7488941559409,97.78886654214907,14700
2017-08-23,98.11871337890625,98.15869339763628,97.94880401836029,98.06874407455038,45800
2017-08-24,98.12870025634766,98.3585834341877,98.0987171517181,98.2586295848784,16700
2017-08-25,99.04823303222656,99.06822685534321,98.01877227858844,98.28862788738891,60600
2017-08-28,99.13818359375,99.20814671932901,99.008246628097,99.18815289750141,8600
2017-08-29,99.1181869506836,100.13765832342723,99.1181869506836,100.12766141279799,69200
2017-08-30,98.18866729736328,98.80834609145298,98.18866729736328,98.75836916637498,30600
2017-08-31,98.70841217041016,98.70841217041016,97.98878706187352,98.01877017049436,36100
2017-09-01,98.13870239257812,98.81834742687101,98.09872237580696,98.77836741009985,4600
2017-09-05,99.2281265258789,99.25810963128072,98.64842773674941,98.67841846755952,41400
2017-09-06,98.91827392578125,99.30806947979062,98.79833389939107,98.9982339433747,31900
2017-09-07,99.47798919677734,99.63790924868105,99.24811365392549,99.29808295108955,23700
2017-09-08,100.07768249511719,100.14764561731366,99.78783309590084,100.02771319378166,30600
2017-09-11,98.9582748413086,99.44801670807314,98.90829791340241,99.30809046042613,30500
2017-09-12,98.51849365234375,98.7883492133506,98.44853053464509,98.48851054838832,28100
2017-09-13,98.01876068115234,98.5085025338347,97.98877757543421,98.5085025338347,20400
2017-09-14,98.148681640625,98.16867545967018,97.78886915188889,97.81885988045666,8800
2017-09-15,98.58845520019531,98.82832765342718,98.5484751870887,98.82832765342718,14700
2017-09-18,98.35858154296875,98.62843710485407,98.17867529324255,98.54847707710732,5800
2017-09-19,98.28861236572266,98.3585831101719,98.0687337240276,98.33858929021267,10700
2017-09-20,97.5190200805664,98.60845452871693,97.38909074976661,98.45853137754287,24300
2017-09-21,97.35911560058594,97.61897428342063,97.23917554476381,97.23917554476381,10700
2017-09-22,97.46903991699219,97.65894307719772,97.46903991699219,97.58897995902852,20800
2017-09-25,97.81885528564453,97.94878460170422,97.19917655628302,97.19917655628302,17100
2017-09-26,97.60897064208984,97.63895374528343,97.31912126887228,97.31912126887228,8200
2017-09-27,97.30913543701172,97.37909856089728,96.84937667641972,96.88935669369842,6500
2017-09-28,97.3990707397461,97.5190107743211,97.26914142134545,97.26914142134545,2600
2017-09-29,97.65894317626953,97.77888321842754,97.37909070330882,97.54900004397669,24800
2017-10-02,97.00928497314453,97.46904371408262,96.96930495757492,97.44905751900195,29900
2017-10-03,97.12921905517578,97.15920215865967,97.019275925463,97.019275925463,4500
2017-10-04,96.95931243896484,97.17919870455994,96.86935550058139,97.17919870455994,5900
2017-10-05,96.58950805664062,96.78940051282386,96.53953112989062,96.73943121148226,40700
2017-10-06,96.63948059082031,96.67946060532142,96.27966808571838,96.28965737028761,10100
2017-10-09,96.53953552246094,96.53953552246094,96.43958928982175,96.43958928982175,4100
2017-10-10,96.96930694580078,97.04926697857948,96.77941139971193,96.77941139971193,3000
2017-10-11,97.14920806884766,97.2591512017516,97.0692556657059,97.14920806884766,13800
2017-10-12,96.9193344116211,96.99929444173272,96.84937129162547,96.9293313217371,14600
2017-10-13,97.00928497314453,97.27914817188731,96.88935255184397,97.27914817188731,50400
2017-10-16,96.80939483642578,97.10924114766617,96.79939792594219,96.84937485295173,7900
2017-10-17,96.58950805664062,96.609501877504,96.3896156004574,96.50954802400398,20300
2017-10-18,96.32962799072266,96.39959110292477,96.13973247212108,96.23967868592307,13200
2017-10-19,96.86935424804688,97.05925740686135,96.75941111667092,96.88934806761047,9400
2017-10-20,95.94983673095703,96.18970918767022,95.94983673095703,96.18970918767022,18300
2017-10-23,95.94983673095703,95.94983673095703,95.71995355860963,95.7499442879307,14600
2017-10-24,95.42012023925781,95.67998653007541,95.3701433129977,95.58003267755517,34900
2017-10-25,95.4700927734375,95.74995289440062,95.29018650837979,95.42012347089339,38500
2017-10-26,94.72048950195312,94.98035581500216,94.72048950195312,94.98035581500216,58600
2017-10-27,94.67050170898438,94.6904879020502,94.34067233284198,94.44061854898611,34600
2017-10-30,95.06031036376953,95.09029347019573,94.57056849952181,94.74047785287593,26000
2017-10-31,94.7304916381836,94.7804685714758,94.64054230874895,94.64054230874895,17800
2017-11-01,94.15077209472656,94.45061837783517,94.15077209472656,94.31069214582655,30600
2017-11-02,94.5805435180664,94.89038669701982,94.48059730325228,94.48059730325228,6800
2017-11-03,94.39066314697266,94.58055869797496,94.28072000540934,94.58055869797496,17400
2017-11-06,94.70049285888672,94.71048976897292,94.41064346965223,94.43063728982462,6000
2017-11-07,94.49060821533203,94.63053446188958,94.43064200263838,94.63053446188958,14300
2017-11-08,94.46061706542969,94.5405694670769,94.430633961636,94.45062015569583,15400
2017-11-09,95.00033569335938,95.20022813534393,94.58054936453921,94.58054936453921,16300
2017-11-10,94.85041046142578,95.0003336023182,94.84041355192423,94.93037048662276,4500
2017-11-13,94.84040832519531,94.93036525493623,94.69048519256528,94.91037143703501,4800
2017-11-14,95.4500961303711,95.49007614327567,95.27018988500434,95.33015609165733,8100
2017-11-15,95.55004119873047,95.69996433896443,95.340151852566,95.69996433896443,12100
2017-11-16,95.00033569335938,95.32016817577939,95.00033569335938,95.32016817577939,2200
2017-11-17,95.55004119873047,95.62000431411863,95.21022253124733,95.3801318649889,24500
2017-11-20,95.02032470703125,95.28019098964876,95.02032470703125,95.2402109749839,13900
2017-11-21,95.27018737792969,95.38013050417216,95.13026114914975,95.38013050417216,5200
2017-11-22,96.1397476196289,96.19971383227674,95.72995816544596,95.72995816544596,28600
2017-11-24,96.38961029052734,96.4495764989972,96.38961029052734,96.39959957500032,26900
2017-11-27,96.19971466064453,96.36962401488216,96.19971466064453,96.36962401488216,9300
2017-11-28,95.89986419677734,96.11975046941512,95.86988109149188,96.11975046941512,9800
2017-11-29,95.91984558105469,95.96981487491577,95.72994243832368,95.72994243832368,29800
2017-11-30,95.93983459472656,96.12973774304187,95.80990527637832,95.80990527637832,28900
2017-12-01,96.65945434570312,96.92931750250335,95.69995699738395,95.76992010740491,62000
2017-12-04,95.76992797851562,95.88986801644077,95.6699817596152,95.86987419741607,5700
2017-12-05,95.56004333496094,95.6499926487766,95.49008021574606,95.64000336418026,7800
2017-12-06,95.36014556884766,95.38013176233376,95.24020553170804,95.38013176233376,33000
2017-12-07,94.900390625,95.16025692394318,94.900390625,95.12027690676665,7400
2017-12-08,95.08029174804688,95.08029174804688,94.89039620848781,94.89039620848781,11000
2017-12-11,95.14026641845703,95.32017267489786,95.13026950826358,95.13026950826358,12400
2017-12-12,95.17024230957031,95.17024230957031,94.99033606676666,94.99033606676666,20900
2017-12-13,95.71995544433594,95.78991856331426,95.25020743142903,95.28019053593287,19500
2017-12-14,95.56004333496094,95.64000336418026,95.29018014269778,95.4700863957372,18700
2017-12-15,95.25020599365234,95.27019218788386,95.0902859381684,95.22021526419314,16300
2017-12-18,95.66999053955078,95.8299029793856,95.57004431147796,95.57004431147796,10800
2017-12-19,95.6999740600586,95.73995407654262,95.54005399412249,95.61002474202587,5600
2017-12-20,95.62000274658203,95.94983212460818,95.52005652986708,95.52005652986708,6800
2017-12-21,95.4700927734375,95.5200697013902,95.25021411650795,95.35016034700476,11300
2017-12-22,95.38013458251953,95.38013458251953,95.1602483206325,95.2002283341945,22900
2017-12-26,95.33016204833984,95.37014206374256,95.26019892773714,95.26019892773714,23500
2017-12-27,95.56004333496094,95.61002025957504,95.3701401719171,95.3701401719171,9600
2017-12-28,96.32962799072266,96.42958182993196,96.30964179812518,96.30964179812518,56300
2017-12-29,96.7794189453125,96.81939896481896,96.5095557199961,96.53953882827369,11300
2018-01-02,97.0292739868164,97.0292739868164,96.93931704988917,96.97929706347817,52000
2018-01-03,96.54953002929688,96.58951004643882,96.26967753471187,96.53953311865925,5400
2018-01-04,96.69944763183594,96.81938767637119,96.62948451220907,96.62948451220907,8200
2018-01-05,96.65945434570312,96.66945125439386,96.41958191497511,96.41958191497511,9900
2018-01-08,96.41959381103516,96.54952313841677,96.41959381103516,96.4795600197639,14200
2018-01-09,95.86988830566406,95.92986214615627,95.8099220905807,95.90986832418926,57000
2018-01-10,96.41959381103516,96.54952313841677,96.2896568582455,96.51954003405241,6800
2018-01-11,96.53953552246094,96.81939564942294,96.53953552246094,96.7094525058972,14900
2018-01-12,97.36910247802734,97.36910247802734,96.95932064190201,97.1292299977245,12900
2018-01-16,98.26863098144531,98.33859410391119,97.5989828627849,97.61896905831439,38900
2018-01-17,97.89881134033203,98.36856695308263,97.87882514688648,97.93879135263076,7600
2018-01-18,98.20865631103516,98.40854875074771,98.16867629801108,98.20865631103516,5800
2018-01-19,97.9088134765625,98.1386966532005,97.88882728205,98.1386966532005,12500
2018-01-22,97.91881561279297,98.08872496414604,97.83885557965914,98.02875875199989,10100
2018-01-23,98.35858154296875,98.46851704936059,98.12869836954884,98.12869836954884,4300
2018-01-24,99.617919921875,99.89777239991899,99.38804436865664,99.38804436865664,37100
2018-01-25,100.16764068603516,101.4069907055586,99.8278143558414,100.29757002161625,59700
2018-01-26,100.89724731445312,101.00719044593309,100.46747169832453,100.5074517120816,29000
2018-01-29,100.44747924804688,100.78729790570539,100.36751922551284,100.76731171277561,17400
2018-01-30,100.67737579345703,101.1371345460503,100.67737579345703,101.10715143996507,6300
2018-01-31,101.17710876464844,101.30703809204162,100.83728245586994,100.83728245586994,35600
2018-02-01,101.72681427001953,101.74680808937153,101.16710933468877,101.16710933468877,14400
2018-02-02,101.18709564208984,101.36700188942044,100.92723699348511,101.13712634446948,19700
2018-02-05,100.71733856201172,100.88725552260811,100.46746920129625,100.79729858753852,27100
2018-02-06,100.5174560546875,100.7473392444375,100.25758975875455,100.37752980889479,55900
2018-02-07,99.73786163330078,100.1476434471694,99.73786163330078,100.1376541623638,38800
2018-02-08,100.61739349365234,100.63738731296661,100.11765476650548,100.24759171582467,25700
2018-02-09,100.35753631591797,100.48746564173261,100.09767003888075,100.3675256003136,25800
2018-02-12,100.27757263183594,100.4075019529129,100.26757572239688,100.32754192821585,15000
2018-02-13,100.67737579345703,100.93723446313466,100.65738197246124,100.71734818463169,23300
2018-02-14,101.28705596923828,101.35702672138592,100.52745848619176,100.57742779077148,26300
2018-02-15,102.14659881591797,102.21656193683731,101.7368170006499,101.85675704740089,23100
2018-02-16,101.4869384765625,101.89672025490206,101.37699534996729,101.71681401369241,18400
2018-02-20,100.597412109375,100.85727839502994,100.54743518410775,100.85727839502994,15500
2018-02-21,100.28756713867188,100.68735965756998,100.19761782525903,100.52744722525557,36000
2018-02-22,100.87725830078125,100.91723831342088,100.72733515973454,100.72733515973454,14700
2018-02-23,100.50746154785156,100.6673816185298,100.41751222715156,100.49747226249067,12000
2018-02-26,100.30756378173828,100.44749002347962,100.23760066086761,100.32754997681208,35100
2018-02-27,100.21760559082031,100.27757942611044,99.94775002094336,100.27757942611044,23300
2018-02-28,99.66789245605469,99.83780179232383,99.50797240398411,99.8178155985189,10500
2018-03-01,99.84780883789062,99.99773199557414,99.2281300113227,99.35806697317243,47900
2018-03-02,100.4175033569336,100.65737581635352,100.31755713429261,100.65737581635352,27700
2018-03-05,100.09767150878906,100.35753778964234,100.04769458444525,100.35753778964234,17400
2018-03-06,100.0077133178711,100.40750583139163,99.97773021380344,100.27757650529583,17200
2018-03-07,99.7678451538086,99.967737606468,99.69788203283697,99.967737606468,17800
2018-03-08,98.8783187866211,99.40804069194989,98.85833258989933,99.40804069194989,28200
2018-03-09,98.93827056884766,99.11817681473389,98.93827056884766,98.98824749147464,8700
2018-03-12,99.31806945800781,99.42801257924512,99.01822319546837,99.01822319546837,120100
2018-03-13,99.67789459228516,99.74785771238261,99.5279714419597,99.55795454694315,3300
2018-03-14,99.58794403076172,99.60793785230346,99.2681115147719,99.41803467470028,10400
2018-03-15,98.8783187866211,99.298097546458,98.8783187866211,99.24812824194916,71200
2018-03-16,98.76836395263672,98.80834396675779,98.5584745975571,98.80834396675779,10200
2018-03-19,99.00823211669922,99.03821521963728,98.80833968017376,98.80833968017376,7000
2018-03-20,98.45853424072266,98.58846357530082,98.44853733024482,98.53848664832005,10200
2018-03-21,99.1181869506836,99.13818077194209,98.54848505135341,98.75837442211626,46600
2018-03-22,99.10819244384766,99.29808798334717,98.91828927893998,99.22812486344563,8300
2018-03-23,99.40802764892578,99.46799385663195,99.1381720888401,99.15815828293951,28300
2018-03-26,99.617919921875,99.65789993665388,99.58793681714288,99.58793681714288,9900
2018-03-27,99.31806945800781,99.34805255918032,99.07818939781338,99.07818939781338,9300
2018-03-28,98.2186508178711,98.68840646412276,98.2186508178711,98.68840646412276,28300
2018-03-29,98.34858703613281,98.44853326055429,98.19866388679654,98.40855324570407,12700
2018-04-02,98.48851776123047,98.63844091739526,98.31860840943435,98.63844091739526,169700
2018-04-03,98.00875854492188,98.10871239253058,97.99876926048738,98.06873237856868,5400
2018-04-04,97.88883209228516,98.06873835337039,97.85884898633903,98.04874453246735,17600
2018-04-05,97.52901458740234,97.70892083929625,97.51901767746156,97.61896390064528,5100
2018-04-06,98.04874420166016,98.09872112834071,97.82885792491913,97.86883794118191,59600
2018-04-09,98.29861450195312,98.29861450195312,98.0887251336704,98.2586344853171,26100
2018-04-10,98.17867279052734,98.48850835838788,98.17867279052734,98.48850835838788,5800
2018-04-11,98.01876068115234,98.1986669408695,98.01876068115234,98.0787268925886,3300
2018-04-12,97.63896179199219,97.69892800332134,97.4190755165741,97.49903554861856,8200
2018-04-13,97.64894104003906,97.66893485869927,97.57897792554346,97.64894104003906,36000
2018-04-16,97.88883209228516,98.088724548865,97.86883827138212,98.05874144291887,16400
2018-04-17,97.2791519165039,97.43906435952965,97.09924565221958,97.43906435952965,13500
2018-04-18,97.09923553466797,97.32911107732902,97.09923553466797,97.32911107732902,18300
2018-04-19,96.71942901611328,97.03926149355861,96.6594628095322,97.03926149355861,12400
2018-04-20,96.32962799072266,96.44956802252943,96.31963870712758,96.43957111352704,20700
2018-04-23,95.95983123779297,96.23968370118519,95.95983123779297,96.23968370118519,37200
2018-04-24,95.97982788085938,96.04979100432439,95.76993851046433,95.98982479147111,12600
2018-04-25,95.5700454711914,95.63001168368109,95.40012849345648,95.50008234815061,17800
2018-04-26,94.96035766601562,95.40012257266109,94.95036075608495,95.40012257266109,9200
2018-04-27,95.10028839111328,95.10028839111328,94.84042209850898,94.90038831010675,62100
2018-04-30,94.78044891357422,94.9103782376128,94.66050887379471,94.69049197738764,25300
2018-05-01,94.2307357788086,94.43063585044474,94.20075267441518,94.4006451206433,84500
2018-05-02,93.91090393066406,94.4006457650517,93.91090393066406,94.22073951205509,41200
2018-05-03,94.1008071899414,94.18076721922351,93.93089784677301,94.03084407067159,30000
2018-05-04,93.8209457397461,93.87091503421223,93.7010057072941,93.7010057072941,34300
2018-05-07,93.61107635498047,93.69102876824942,93.48113938577656,93.5710963356415,15700
2018-05-08,93.70101928710938,93.86093935355544,93.5610930416733,93.59107614777983,21900
2018-05-09,93.3711929321289,93.6510454321815,93.3711929321289,93.6510454321815,34600
2018-05-10,93.71102142333984,93.8509476765788,93.53111515125991,93.81096765773782,23900
2018-05-11,93.81095886230469,94.09081134254447,93.8009619521795,94.02084822248453,52000
2018-05-14,93.85093688964844,94.28071251103073,93.85093688964844,94.28071251103073,33200
2018-05-15,93.6910171508789,93.95088343165519,93.53110471876062,93.60106783757638,28000
2018-05-16,93.72099304199219,93.92089309851463,93.72099304199219,93.92089309851463,23500
2018-05-17,93.73099517822266,93.8309413993538,93.57108274949441,93.67102897062556,58400
2018-05-18,94.07081604003906,94.3006915728052,93.82094668895829,93.82094668895829,25000
2018-05-21,94.11080169677734,94.12079098112646,93.98086474615992,93.99086165591693,83900
2018-05-22,94.5805435180664,94.65050663097703,94.35066798653466,94.38065108843816,163000
2018-05-23,94.29071044921875,94.59055677087709,94.11081180671421,94.59055677087709,23400
2018-05-24,94.69049835205078,94.94036773269033,94.64052905116787,94.77045838395344,15800
2018-05-25,94.69049835205078,94.72048145766219,94.58055521453672,94.59055212487662,12300
2018-05-29,94.71049499511719,95.28019689493624,94.33068864496545,94.33068864496545,46800
2018-05-30,94.86041259765625,94.9803450166522,94.79044185269778,94.9803450166522,57300
2018-05-31,95.23021697998047,95.45010325466387,95.1802476791759,95.1802476791759,43300
2018-06-01,94.95035552978516,95.11027557824151,94.74046618524191,94.74046618524191,29200
2018-06-04,94.97035217285156,95.27019848399588,94.89039976523374,95.25021228844354,34500
2018-06-05,95.33016204833984,95.42011898934804,94.93037714512906,95.03032337093175,31100
2018-06-06,95.14026641845703,95.3601526902634,95.06030638772593,95.06030638772593,14800
2018-06-07,95.71995544433594,95.79991547328488,95.48008298289717,95.64000304079507,39400
2018-06-08,95.22021484375,95.28018867699564,95.03031931046124,95.12026862221782,30900
2018-06-11,95.22021484375,95.3101717809145,95.16024863591228,95.27019176722004,26000
2018-06-12,95.15026092529297,95.36015792383374,95.04031778335587,95.36015792383374,9400
2018-06-13,95.19022369384766,95.31016372479304,94.89038505459507,95.1402544000092,17200
2018-06-14,94.18077087402344,94.63053271172467,94.0408370046454,94.61054651633259,52700
2018-06-15,94.08080291748047,94.31068606977433,94.03083362378685,94.06081672508446,8600
2018-06-18,94.57057189941406,94.57057189941406,94.2507393770222,94.32070250300139,34400
2018-06-19,94.27071380615234,94.37066002715979,94.24073070239089,94.35067383312145,7000
2018-06-20,94.17076873779297,94.31069497399767,94.15077491810203,94.31069497399767,2800
2018-06-21,94.68050384521484,94.70049003938404,94.44062376273695,94.49060068627182,146900
2018-06-22,94.900390625,94.95036755282281,94.67051505799566,94.74047818170244,5600
2018-06-25,94.99034881591797,95.13027506516686,94.91038878051613,94.97035499436316,24800
2018-06-26,94.63053131103516,94.72048062708065,94.52058817448516,94.67051132663592,158600
2018-06-27,94.06082153320312,94.31069089066558,94.01084461154757,94.31069089066558,22900
2018-06-28,93.91090393066406,94.14078710826288,93.91090393066406,93.92090084066612,4300
2018-06-29,94.70049285888672,94.70049285888672,94.32069415510091,94.42064037973843,4600
2018-07-02,94.2607192993164,94.2607192993164,94.09080995673163,94.09080995673163,14700
2018-07-03,94.46061706542969,94.50059707895724,94.42063705190215,94.430633961636,1100
2018-07-05,94.38066864013672,94.50060869546301,94.28072240673588,94.4506317660582,4900
2018-07-06,94.65052032470703,94.83042658756368,94.65052032470703,94.80044348132232,16300
2018-07-09,94.51058197021484,94.77044823336078,94.40063884447648,94.7604513240916,20500
2018-07-10,94.48060607910156,94.51058918379005,94.33068293025103,94.33068293025103,2600
2018-07-11,94.08080291748047,94.57055232336582,94.08080291748047,94.56055541446419,4200
2018-07-12,93.50111389160156,93.72099251442734,93.50111389160156,93.65102940139018,10900
2018-07-13,93.53111267089844,93.53111267089844,93.27124636802799,93.27124636802799,19100
2018-07-16,94.04084014892578,94.04084014892578,93.87093079348287,93.90091390027766,25100
2018-07-17,93.76097869873047,94.11080191235604,93.74099250457857,94.11080191235604,4500
2018-07-18,93.77098083496094,93.78097774529803,93.74099772935799,93.76098392462384,5900
2018-07-19,93.85093688964844,93.87092308406733,93.42116126826616,93.42116126826616,5700
2018-07-20,94.46061706542969,94.46061706542969,94.16077077667703,94.24073080373212,22500
2018-07-23,94.37067413330078,94.5305942111432,94.31070791681438,94.5305942111432,21700
2018-07-24,94.3207015991211,94.38066781355465,94.20076154484524,94.24074156293719,4300
2018-07-25,94.53058624267578,94.53058624267578,94.32069687725702,94.46062312086953,1200
2018-07-26,94.19075775146484,94.37066400702854,94.17077155658363,94.28071469195079,13200
2018-07-27,94.2307357788086,94.28071270306964,94.0608264369739,94.0608264369739,6900
2018-07-30,94.76045989990234,94.8204337355375,94.55057053869982,94.55057053869982,97500
2018-07-31,94.62052917480469,94.75046612468267,94.62052917480469,94.69049229188981,25900
2018-08-01,94.46061706542969,94.53058018275092,94.35067393458091,94.44062324596197,8300
2018-08-02,94.12079620361328,94.25073316144052,94.12079620361328,94.23073934081711,12800
2018-08-03,94.21075439453125,94.28071751682405,94.21075439453125,94.27072060637981,12600
2018-08-06,93.98086547851562,94.02084549244731,93.80095922852702,93.91090236048716,13300
2018-08-07,94.11080169677734,94.19075409860973,94.05082786364319,94.19075409860973,6600
2018-08-08,94.30070495605469,94.33068806237442,94.01085555261638,94.01085555261638,2000
2018-08-09,94.28071594238281,94.56056842688062,94.28071594238281,94.49060530575616,4500
2018-08-10,94.1008071899414,94.2707165331098,94.07082408531264,94.23073651846876,4800
2018-08-13,94.24073028564453,94.26071647959449,94.18076407838682,94.26071647959449,64500
2018-08-14,94.16077423095703,94.54057293528979,94.1108049312704,94.45062362060894,19100
2018-08-15,94.25072479248047,94.30069408878536,93.88091539786757,93.88091539786757,7700
2018-08-16,93.93090057373047,94.2407361644335,93.87092673732371,94.14078993763333,7200
2018-08-17,94.05083465576172,94.22074400686182,94.04083774528276,94.08081776179016,7000
2018-08-20,94.40065002441406,94.40065002441406,94.11080824994947,94.21075447825538,16700
2018-08-21,94.97035217285156,95.10028913287138,94.72048278870078,94.860416659201,11100
2018-08-22,95.25020599365234,95.36014912544556,95.16024905609063,95.36014912544556,7800
2018-08-23,94.9103775024414,95.08028683842372,94.9103775024414,95.04030682547356,3500
2018-08-24,95.23021697998047,95.37014322288657,95.11028455772285,95.31017701175777,12200
2018-08-27,95.5700454711914,95.59003166688512,95.28019606847711,95.3401622809668,25700
2018-08-28,95.79991912841797,96.01980540371304,95.79991912841797,95.93984537171332,16100
2018-08-29,96.36962127685547,96.38961509761454,96.07977187911598,96.07977187911598,13800
2018-08-30,96.56951141357422,96.58949760686693,96.33962825096641,96.35962206966671,12300
2018-08-31,96.51954650878906,96.76941589579798,96.46956958122387,96.55952652575951,11200
2018-09-04,96.00980377197266,96.03978687614601,95.82989752152454,96.02979759169355,68300
2018-09-05,96.25968170166016,96.3696248436791,96.11975545280124,96.11975545280124,8400
2018-09-06,96.82937622070312,96.85936695066374,96.56951756430907,96.56951756430907,7900
2018-09-07,96.5095443725586,96.85936759575627,96.43958125300068,96.759413746038,31900
2018-09-10,95.94983673095703,96.17971990330443,95.90985671727019,96.07976605638336,11100
2018-09-11,96.04978942871094,96.10976326598896,95.99982012728908,96.05978633915868,42900
2018-09-12,96.45957946777344,96.45957946777344,96.15973315577399,96.15973315577399,8600
2018-09-13,96.86935424804688,96.88934806761047,96.61948488135748,96.87935115782868,3200
2018-09-14,96.67945861816406,96.84936795724539,96.67945861816406,96.74942173575096,2900
2018-09-17,97.21916961669922,97.23916343621764,97.04926027783218,97.04926027783218,39800
2018-09-18,96.87934875488281,97.37908747586634,96.84936565168904,97.28913054087728,7800
2018-09-19,96.64945983886719,96.76939986991539,96.35961810829674,96.47955051393768,4400
2018-09-20,97.46903991699219,97.4790368268472,97.10923504169912,97.23916436818251,18400
2018-09-21,97.54900360107422,97.72890985816748,97.4190742697212,97.63896054232498,14500
2018-09-24,96.89934539794922,97.53901041975554,96.89934539794922,97.53901041975554,27100
2018-09-25,96.88935089111328,96.99929402569316,96.74942465172218,96.74942465172218,20400
2018-09-26,96.78939819335938,96.99929518035272,96.36961947018914,96.36961947018914,20200
2018-09-27,95.67998504638672,96.00980682820065,95.53006189533953,95.95983752812374,22400
2018-09-28,95.26020050048828,95.8398992952863,95.26020050048828,95.70996996213849,6900
2018-10-01,94.99034881591797,95.0303288336189,94.84042565589168,94.94037188743965,18700
2018-10-02,94.94036865234375,94.9503655627805,94.770459301961,94.92038245687866,4200
2018-10-03,94.38066864013672,94.57057182138449,94.38066864013672,94.49061178450029,11800
2018-10-04,94.2307357788086,94.39065583611752,94.11080336123494,94.28071270306964,10400
2018-10-05,94.17076873779297,94.28071186986924,94.15077491810203,94.1607718279475,10100
2018-10-08,94.15077209472656,94.16076900427224,93.95087965625932,94.03083968180931,8300
2018-10-09,94.20075225830078,94.30069848097334,93.91090287476474,93.95088288891537,4000
2018-10-10,94.29071044921875,94.39066430671068,94.17077802088238,94.20076112796647,7300
2018-10-11,94.36067962646484,94.55057517663442,94.19076264680662,94.55057517663442,11200
2018-10-12,94.17076873779297,94.32069188384314,94.13078872381907,94.17076873779297,2300
2018-10-15,94.55057525634766,94.83042775191441,94.54057834567496,94.79044773463222,9600
2018-10-16,94.33068084716797,94.55056711057198,94.29070083333016,94.55056711057198,7300
2018-10-17,93.91090393066406,94.12079328825877,93.91090393066406,94.08081327365862,7200
2018-10-18,93.83094024658203,94.0308403117963,93.7010109232486,93.7010109232486,9100
2018-10-19,93.64104461669922,93.75098774609808,93.62105079749519,93.73099392689404,5700
2018-10-22,93.70101928710938,93.75099621422589,93.65104235999287,93.69102237660438,1100
2018-10-23,93.80096435546875,93.98087061529061,93.80096435546875,93.83094746120433,17900
2018-10-24,93.63106536865234,93.65105156621858,93.51112530702727,93.64106228014008,6800
2018-10-25,93.3511962890625,93.4611394196951,93.22125933900149,93.4611394196951,18600
2018-10-26,93.63106536865234,93.68104230068177,93.17130657053671,93.17130657053671,10500
2018-10-29,93.1912841796875,93.45115047655487,93.1912841796875,93.42116737026411,5200
2018-10-30,92.92143249511719,93.33121434062602,92.92143249511719,93.33121434062602,10000
2018-10-31,92.61157989501953,92.9414016429593,92.53161987261886,92.78148922356539,156500
2018-11-01,93.14131164550781,93.24125787147818,92.91142846290855,92.91142846290855,12000
2018-11-02,92.96139526367188,93.28122772718734,92.91141834342582,93.28122772718734,9700
2018-11-05,92.88143920898438,92.94140541551523,92.82147300245352,92.86145301527668,3500
2018-11-06,93.04135131835938,93.09132824057025,92.91142199618193,92.92141890570565,11900
2018-11-07,93.20127868652344,93.61106812968431,93.19128177621485,93.61106812968431,12800
2018-11-08,92.80148315429688,93.13131255514543,92.70153693066618,93.05135252607765,99200
2018-11-09,92.78148651123047,92.82146652126204,92.69152958230761,92.69152958230761,2800
2018-11-12,92.3917007446289,92.561610086229,92.37170692478888,92.55161317630899,3200
2018-11-13,92.6015853881836,92.6015853881836,92.38169913358107,92.4616591580561,5200
2018-11-14,92.93141174316406,93.27123039800308,92.48164233919739,92.48164233919739,41800
2018-11-15,92.91143798828125,92.99139802741843,92.63158547671016,92.97140420492963,5000
2018-11-16,93.31121826171875,93.39117829031855,93.13131201007322,93.17129202437312,7800
2018-11-19,93.9009017944336,94.02084183155854,93.74098937034131,93.74098937034131,12600
2018-11-20,93.80096435546875,93.96088441993635,93.76098433935185,93.89092129808387,13500
2018-11-21,93.84093475341797,93.88091476543715,93.75098544543053,93.83093784406128,24800
2018-11-23,93.5111083984375,93.70101155532012,93.5111083984375,93.70101155532012,10300
2018-11-26,93.41116333007812,93.50112026749292,93.37118331627244,93.50112026749292,8000
2018-11-27,93.3511962890625,93.4511425099809,93.31121627561356,93.4511425099809,3400
2018-11-28,93.87093353271484,93.96089048113288,93.26125159206762,93.34121162945945,8200
2018-11-29,93.54110717773438,93.65105032641624,93.54110717773438,93.63106412911459,3800
2018-11-30,93.3511962890625,93.41116249653197,93.30121936589936,93.41116249653197,6300
2018-12-03,93.39118194580078,93.55109438385159,93.39118194580078,93.44115124657552,10400
2018-12-04,93.49111938476562,93.68102253592072,93.49111938476562,93.68102253592072,7000
2018-12-06,93.9208984375,94.24073092070948,93.9208984375,93.94088463158464,39400
2018-12-07,94.27071380615234,94.30069690991378,93.97086751772211,93.97086751772211,14800
2018-12-10,94.2307357788086,94.47060823936394,94.14078646562835,94.27071579313582,11100
2018-12-11,93.93090057373047,94.16077613283004,93.86093745242951,94.15077922252752,6000
2018-12-12,93.89092254638672,94.0408380770578,93.89092254638672,93.89092254638672,9900
2018-12-13,93.9009017944336,93.92089561332492,93.71100626741199,93.71100626741199,9900
2018-12-14,93.44115447998047,93.60107454897341,93.42116828406066,93.59107763830922,24100
2018-12-17,93.9408950805664,93.98087509859053,93.87093195537638,93.98087509859053,16200
2018-12-18,93.93090057373047,93.95088676892718,93.80096361602276,93.90090984282293,2900
2018-12-19,93.6710205078125,94.09079917388266,93.6710205078125,93.96086986069157,63000
2018-12-20,94.48060607910156,94.80043857145891,93.83094418435466,94.14078739208792,46100
2018-12-21,93.70101928710938,94.19076114613563,93.66103927049787,93.98087177798152,29700
2018-12-24,94.27071380615234,94.49060006761346,94.16077067542179,94.16077067542179,16400
2018-12-26,93.5810775756836,94.25073331027575,93.57108829076444,94.09081324666916,65300
2018-12-27,94.39066314697266,94.6605187328226,94.11081065041462,94.31070311212504,30600
2018-12-28,94.7304916381836,95.15027042636413,94.55058535390488,95.0703180086698,38500
2018-12-31,94.83041381835938,94.83041381835938,94.41063513668786,94.51058135250382,24300
2019-01-02,94.11080169677734,94.34067724333326,93.93089544819068,94.26071721609298,55000
2019-01-03,94.38066864013672,94.56057491042175,94.16078235140958,94.20076236985169,15900
2019-01-04,94.48060607910156,94.56056610854293,94.09081046733505,94.11080428739943,48800
2019-01-07,95.0703125,95.16026182422272,94.90039551189771,95.01033865844256,45600
2019-01-08,94.92037963867188,95.05030896885839,94.81043650335705,94.88039962352029,11400
2019-01-09,95.68997192382812,95.70996574368246,95.19023318318187,95.19023318318187,43400
2019-01-10,94.65052032470703,95.17025291758556,94.62053721846567,95.17025291758556,50600
2019-01-11,94.70049285888672,94.8803991133975,94.56056661931257,94.65051593386389,29900
2019-01-14,94.93037414550781,95.04030965263127,94.7904402833158,94.7904402833158,13300
2019-01-15,94.38066864013672,94.64053494730595,94.17077926237232,94.64053494730595,12800
2019-01-16,94.05083465576172,94.14079159925548,94.02085154973328,94.13079468877652,14000
2019-01-17,93.76097869873047,93.85093563593382,93.61106317907142,93.85093563593382,20300
2019-01-18,93.55109405517578,93.67103410234874,93.47113402372713,93.65104028178243,65400
2019-01-22,93.34119415283203,93.45113727730852,93.29121723246729,93.3711772548879,27000
2019-01-23,93.61107635498047,93.68103948247142,93.40117934709862,93.40117934709862,7700
2019-01-24,93.46114349365234,93.75099288473572,93.37118655311906,93.75099288473572,6800
2019-01-25,93.79097747802734,93.81097130092874,93.53111878358263,93.53111878358263,10400
2019-01-28,93.9208984375,93.94088463158464,93.85093532009192,93.89091533366908,23400
2019-01-29,93.60107421875,93.70102044881368,93.55109729101387,93.70102044881368,7700
2019-01-30,93.65103149414062,93.71100532480368,93.19127279456436,93.26123590916492,9400
2019-01-31,93.64104461669922,93.95088018569176,93.62105079749519,93.66103081049548,11700
2019-02-01,93.55109405517578,93.74099722351423,93.41116781284481,93.73100031323106,219900
2019-02-04,93.26123809814453,93.40116433062995,93.16129187857034,93.3112150206355,14900
2019-02-05,93.06135559082031,93.17129873170775,93.00138937775755,93.13131871452973,12100
2019-02-06,92.91143798828125,93.0513642440668,92.86146868287729,93.00139493866284,12100
2019-02-07,92.89144134521484,93.06135069021764,92.88144443509464,92.96140446524001,16200
2019-02-08,93.08134460449219,93.11133533734004,92.95141526378676,92.95141526378676,4400
2019-02-11,92.6915283203125,92.771488339287,92.60157901802152,92.7015252290361,16300
2019-02-12,92.5516128540039,92.5516128540039,92.27176038048232,92.40168970735792,10700
2019-02-13,92.25178527832031,92.45167774761104,92.2417883672331,92.3917115319056,1600
2019-02-14,92.59159851074219,92.64157543780581,92.40169533839054,92.4916522820234,12600
2019-02-15,92.6015853881836,92.65155468442477,92.4616591580561,92.58159156936102,13100
2019-02-19,92.96139526367188,93.0313583767719,92.70152900412575,92.70152900412575,12500
2019-02-20,92.99139404296875,93.2112803284699,92.9813971321527,93.0813433640872,11300
2019-02-21,92.93141174316406,93.05134415056258,92.85145172129344,92.96139484501369,4300
2019-02-22,93.01136779785156,93.1113216418248,92.99138160430152,93.08133091338821,2200
2019-02-25,93.00139617919922,93.03137928792334,92.92143613899546,92.98140235644371,2500
2019-02-26,93.05135345458984,93.09133346952267,92.89144102026665,92.90143030494376,2400
2019-02-27,92.93141174316406,93.32120731802407,92.89143173222875,93.32120731802407,4300
2019-02-28,93.18128967285156,93.4411483297485,93.11132655362422,93.36119592592303,20600
2019-03-01,93.08134460449219,93.16130464126883,93.02137838961411,93.14131844477907,11900
2019-03-04,93.08134460449219,93.08134460449219,92.92143215634772,93.07135531895172,10400
2019-03-05,92.62156677246094,93.28122550201748,92.54160675213762,93.00137305629309,17600
2019-03-06,92.57160949707031,92.68155263293662,92.57160949707031,92.68155263293662,3300
2019-03-07,91.94192504882812,92.31173443663226,91.66207259336876,92.24177132276743,52200
2019-03-08,92.291748046875,92.39170189650524,92.291748046875,92.39170189650524,3500
2019-03-11,92.01188659667969,92.16180973109769,91.96191730214527,92.10184352749344,7100
2019-03-12,92.35171508789062,92.39169509971997,92.26175815492272,92.28175197354116,9900
2019-03-13,92.72151947021484,92.72151947021484,92.4316777207336,92.48164701787516,1500
2019-03-14,92.6015853881836,92.63156849100983,92.57160228535737,92.63156849100983,2500
2019-03-15,92.75152587890625,92.86146902677477,92.69155203662675,92.74152896762482,8500
2019-03-18,92.91143798828125,92.96141491909425,92.79149792957548,92.79149792957548,17900
2019-03-19,93.06135559082031,93.10133560799835,92.81148620251405,92.97139864581759,9400
2019-03-20,93.84093475341797,93.89091167479384,93.13130669724471,93.13130669724471,25100
2019-03-21,93.65103149414062,93.7209946087412,93.4411421503389,93.66102840348573,7200
2019-03-22,93.52111053466797,93.54109672973728,93.39118120319681,93.46114432405179,25000
2019-03-25,93.6710205078125,93.78096362874619,93.57107429571111,93.57107429571111,14600
2019-03-26,93.4511489868164,93.52111210884902,93.42116588100363,93.46114589722346,1700
2019-03-27,93.3511962890625,93.48112561371563,93.3511962890625,93.4511425099809,20900
2019-03-28,93.31121826171875,93.36119518594563,93.20127512874603,93.20127512874603,5700
2019-03-29,93.3511962890625,93.40116558681777,93.21127005469515,93.39117630251144,6900
2019-04-01,93.02136993408203,93.15129926297705,92.99138682936842,93.13131306830401,7400
2019-04-02,93.07135009765625,93.10133320341323,93.0313700815108,93.0313700815108,6300
2019-04-03,93.12130737304688,93.34119362074641,93.12130737304688,93.34119362074641,2400
2019-04-04,92.91143798828125,92.97140420492963,92.90144107703685,92.95141800784984,6700
2019-04-05,92.92143249511719,92.92143249511719,92.8614662800205,92.89144938756884,2700
2019-04-08,93.02136993408203,93.09133305354983,92.95140681461424,93.05135303879564,2700
2019-04-09,92.92143249511719,93.07135565826778,92.82148626148641,93.07135565826778,13900
2019-04-10,92.65156555175781,92.74152249619542,92.61159316023947,92.63157935599864,16200
2019-04-11,92.6015853881836,92.71152851548487,92.55160846653479,92.55160846653479,21800
2019-04-12,92.62156677246094,92.88143302580811,92.60158058008373,92.85144992453867,18200
2019-04-15,92.51164245605469,92.621585599996,92.47166243776614,92.621585599996,8200
2019-04-16,92.20178985595703,92.311732979639,92.16180984503565,92.311732979639,27200
2019-04-17,91.93193817138672,92.08185368687303,91.88196124928615,92.08185368687303,6800
2019-04-18,91.46218872070312,91.70206118705906,91.37223177993951,91.70206118705906,5500
2019-04-22,91.42221069335938,91.49217381529319,91.38223067719599,91.41221378296643,7100
2019-04-23,91.05239868164062,91.05239868164062,90.78254311194848,90.87249242670981,29800
2019-04-24,91.02241516113281,91.24230143008965,90.88248892187084,91.0823813706999,4400
2019-04-25,90.94245910644531,91.00243294404194,90.90247908985039,90.90247908985039,6200
2019-04-26,91.11237335205078,91.21231957783777,91.06239642645316,91.06239642645316,1400
2019-04-29,91.04240417480469,91.05240108517812,90.92247175195703,90.96245176804237,2200
2019-04-30,91.12236022949219,91.14235404936632,90.97243708206838,91.1023740350261,1400
2019-05-01,91.2322998046875,91.65207850077715,91.18233050776696,91.54213537198115,19500
2019-05-02,91.05239868164062,91.16234181662102,91.05239868164062,91.06239559175016,1800
2019-05-03,91.29227447509766,91.29227447509766,91.04240509110572,91.04240509110572,2400
2019-05-06,91.2322998046875,91.25229362378191,91.00242426295601,91.00242426295601,700
2019-05-07,91.10237121582031,91.10237121582031,90.79252802062388,90.90247115030522,6200
2019-05-08,90.9824447631836,91.21232796650312,90.9824447631836,91.11238173152421,2000
2019-05-09,91.49217224121094,91.65208467770485,91.29227216383323,91.29227216383323,45000
2019-05-10,91.75203704833984,91.84198636265197,91.6620801086196,91.75203704833984,2400
2019-05-13,92.2117919921875,92.34172131599169,92.1718119789998,92.24177509572633,17100
2019-05-14,91.93193817138672,92.16181371207087,91.90194744288175,92.16181371207087,29800
2019-05-15,92.00190734863281,92.1218397689236,91.9519304232395,92.0218935435452,2700
2019-05-16,91.86197662353516,91.90194901140859,91.83198589451833,91.89195972714415,7000
2019-05-17,91.84197235107422,91.84197235107422,91.78200615068135,91.83197544253974,2100
2019-05-20,92.01188659667969,92.0918466184236,91.9419234840056,91.9419234840056,2300
2019-05-21,91.77201843261719,91.95192467721937,91.75203223895372,91.77201843261719,4000
2019-05-22,91.91194915771484,92.01189538173367,91.91194915771484,91.951929172404,1100
2019-05-23,92.49166107177734,92.5516272896257,91.94194532347016,91.94194532347016,3100
2019-05-24,92.68156433105469,92.70155052854926,92.47166731761108,92.47166731761108,27600
2019-05-28,92.0718765258789,92.23178897192254,91.90195954360863,92.23178897192254,4000
2019-05-29,91.97191619873047,92.1418331690479,91.95193000390921,92.05187622883183,1800
2019-05-30,92.09185791015625,92.09185791015625,91.90195474158153,91.95193166765118,1900
2019-05-31,92.64157104492188,92.74151726890142,92.2417785235956,92.32173855294248,16100
2019-06-03,93.47113037109375,93.57108421920273,92.79148538115585,92.79148538115585,34400
2019-06-04,93.55109405517578,93.60107098118326,93.23126155478953,93.33120778139617,10600
2019-06-05,93.271240234375,93.84094210582089,93.21127402435171,93.77097898565764,39900
2019-06-06,93.50111389160156,93.85092945678736,93.49111698247985,93.59106319747472,6600
2019-06-07,93.88092803955078,94.0408404848304,93.8509449326489,93.95089116412474,8000
2019-06-10,93.75098419189453,93.76097347571006,93.48112102072531,93.76097347571006,6500
2019-06-11,93.4511489868164,93.51111519844197,93.34120584856396,93.5011259134433,3800
2019-06-12,93.12130737304688,93.3212074279589,93.10132118025938,93.20126739501168,14200
2019-06-13,93.30121612548828,93.3711792402421,93.20126990804107,93.27123302279489,59900
2019-06-14,92.84147644042969,93.1013427593436,92.8014964201807,93.05136582768006,20600
2019-06-17,92.8514633178711,92.9913895609169,92.77150328601395,92.90143261872554,24600
2019-06-18,92.74152374267578,92.79149304544958,92.62158369028312,92.74152374267578,14200
2019-06-19,93.22126770019531,93.45115089179339,92.92142901054699,92.92142901054699,58400
2019-06-20,94.44062042236328,94.61053738112713,94.17076487088036,94.17076487088036,85800
2019-06-21,94.9103775024414,94.98034061875222,94.40064186908671,94.40064186908671,43000
2019-06-24,95.32018280029297,95.43012594787488,94.9503733379348,95.0203364659043,70400
2019-06-25,94.9803466796875,95.34015919379162,94.86041425859163,95.18024675719438,4800
2019-06-26,94.79043579101562,95.02031895507076,94.71048339193386,94.87039581550503,20600
2019-06-27,94.900390625,94.93038135693884,94.73048127105616,94.8404244119395,6200
2019-06-28,94.86041259765625,95.04031122615017,94.86041259765625,94.97034810659983,6300
2019-07-01,93.91090393066406,94.28071334665935,93.70101457306936,94.28071334665935,77000
2019-07-02,93.96089172363281,94.12080417512223,93.71102232253581,93.81096855789282,19200
2019-07-03,93.95088958740234,94.17077586820419,93.94089267679993,94.15078204699935,4400
2019-07-05,93.44115447998047,93.57109144238939,93.2612482150677,93.45115139064468,23600
2019-07-08,93.1912841796875,93.38118735340694,93.17129798396317,93.29123040912617,63400
2019-07-09,93.28124237060547,93.38118860137986,93.25125926391401,93.25125926391401,6500
2019-07-10,93.63106536865234,93.72101469581423,93.50113602094876,93.50113602094876,17000
2019-07-11,93.5810775756836,93.77098074486433,93.56109138043693,93.75099454961767,8400
2019-07-12,94.13079833984375,94.19076455422655,93.88092894603714,93.90091514236182,73200
2019-07-15,94.06082153320312,94.2407277755924,93.9808615087173,94.2407277755924,6500
2019-07-16,93.77098083496094,93.90091016770987,93.56109147033189,93.90091016770987,4500
2019-07-17,93.87093353271484,93.87093353271484,93.61107484930469,93.63106104594821,2400
2019-07-18,94.35067749023438,94.43063752030281,93.7309986953163,93.7309986953163,10600
2019-07-19,94.25072479248047,94.37065720393832,94.20074787076793,94.37065720393832,3300
2019-07-22,94.30070495605469,94.48061121938163,94.30070495605469,94.48061121938163,1700
2019-07-23,93.9408950805664,94.21075829587706,93.8909257770928,94.21075829587706,18800
2019-07-24,93.95088958740234,94.07082963840567,93.86094026820625,94.00086651500587,47400
2019-07-25,93.38117980957031,93.8109554243047,93.38117980957031,93.8109554243047,13100
2019-07-26,93.1712875366211,93.38117688252987,93.12131061480143,93.38117688252987,86000
2019-07-29,93.41116333007812,93.43115714968494,93.23125708065646,93.32121401807126,8500
2019-07-30,93.49111938476562,93.51110557811519,93.3212100523677,93.41115936055215,51300
2019-07-31,93.09132385253906,93.56107944771063,93.05134384173645,93.49111633515788,15900
2019-08-01,93.5810775756836,93.59107448601108,92.99138949830306,93.00138640863057,62100
2019-08-02,94.22074127197266,94.31069821285529,93.88092257963618,93.89091948982497,31800
2019-08-05,94.99034881591797,95.24021820749222,94.70049940664279,94.8804056735926,30700
2019-08-06,94.7304916381836,94.81045168128735,94.5605822656452,94.70050852837204,6600
2019-08-07,94.95035552978516,95.49007425521391,94.95035552978516,95.13026177159475,33300
2019-08-08,95.00033569335938,95.00033569335938,94.66050939149619,94.68050321093936,4300
2019-08-09,95.16024780273438,95.28018784276759,95.00033537476459,95.24020782942318,9600
2019-08-12,95.4700927734375,95.49008659478201,95.28019722311613,95.30018341905205,26900
2019-08-13,94.8004379272461,95.76993230776218,94.79044101728182,95.76993230776218,43900
2019-08-14,95.00033569335938,95.20022813534393,94.9503587701593,95.16024812186545,13300
2019-08-15,94.85041046142578,94.97034287381354,94.63052420483794,94.97034287381354,36300
2019-08-16,94.56057739257812,94.67052053982763,94.41065422583708,94.51060046186143,137100
2019-08-19,94.31069946289062,94.44062879543408,94.24073634145824,94.31069946289062,28400
2019-08-20,94.65052032470703,94.65052032470703,94.38066474312632,94.38066474312632,9700
2019-08-21,94.14078521728516,94.45062079245261,94.12079139768265,94.35067457066387,8700
2019-08-22,94.13079833984375,94.15078453616843,93.98087517847803,93.98087517847803,11400
2019-08-23,94.85041046142578,94.98033978331509,93.91089922888052,93.98086234457595,143500
2019-08-26,94.44062042236328,94.61053738112713,94.40064041003106,94.56056045935993,14900
2019-08-27,94.20075225830078,94.32069230075265,94.03084291721662,94.19075534841112,30400
2019-08-28,94.21075439453125,94.39066065548536,94.18077128860696,94.36067754956109,12300
2019-08-29,93.7409896850586,94.11079908171303,93.68102347899863,94.09080526275457,53800
2019-08-30,93.41116333007812,93.64104650310888,93.28123400426557,93.5211064616918,32300
2019-09-03,93.65103149414062,93.75098533677651,93.40116213836606,93.52110217428458,36100
2019-09-04,94.24073028564453,94.3506734158889,93.8509346876537,93.8509346876537,23900
2019-09-05,93.75098419189453,94.11079666984848,93.7010072711869,94.11079666984848,73000
2019-09-06,93.6210708618164,93.7909802344258,93.59108775199233,93.6510539716405,23100
2019-09-09,93.23126983642578,93.42117302163312,93.23126983642578,93.37119609118625,12500
2019-09-10,93.23126983642578,93.48113923784219,93.22127292525461,93.37119609118625,6400
2019-09-11,93.10132598876953,93.15129528602282,93.01136905306116,93.1113228983833,54200
2019-09-12,93.32122039794922,93.54109905080057,93.16130033179356,93.19128343784563,10300
2019-09-13,93.30121612548828,93.69101171131773,93.21126681740807,93.69101171131773,94700
2019-09-16,93.06135559082031,93.1613018210611,92.0218980204172,92.73152616815797,33500
2019-09-17,93.01136779785156,93.07134162931705,92.7415122451838,92.83146155427049,9700
2019-09-18,92.68156433105469,92.93143373948743,92.601604290258,92.84147678723886,23300
2019-09-19,93.10132598876953,93.22125840250364,92.90142592353304,93.22125840250364,10100
2019-09-20,93.26123809814453,93.26123809814453,92.93141633609048,93.10132567190738,11200
2019-09-23,93.20127868652344,93.34120492921049,93.0613524438364,93.20127868652344,9200
2019-09-24,93.6610336303711,93.79096295747802,93.07134557803042,93.34120114214727,19700
2019-09-25,93.15130615234375,93.38118934783019,93.12132304541262,93.38118934783019,11100
2019-09-26,92.97138977050781,93.19127603129175,92.90142665347727,93.18128674700728,11700
2019-09-27,93.23126983642578,93.30123296380602,92.99139734618053,92.99139734618053,5500
2019-09-30,92.57160949707031,92.71153573809865,92.52163257152809,92.67155572274652,15500
2019-10-01,93.05135345458984,93.08133655943743,92.35172225678565,92.40169155639558,48800
2019-10-02,92.72151947021484,92.72151947021484,92.44166700491725,92.51163012124165,52200
2019-10-03,92.53162384033203,92.7515100986588,92.2017944528419,92.2017944528419,26400
2019-10-04,92.8514633178711,92.921426439394,92.45167078399378,92.76150637567973,32300
2019-10-07,92.81148529052734,93.0413608552815,92.75151907805383,92.92142843033446,4800
2019-10-08,92.90143585205078,93.10133593865089,92.90143585205078,93.09133902796874,8800
2019-10-09,92.77149963378906,92.90142896138559,92.72152270949377,92.90142896138559,11600
2019-10-10,92.66156768798828,92.92143399996387,92.65157077684066,92.91143708881624,13000
2019-10-11,92.66156768798828,92.71154461831746,92.47166450322817,92.57161836388653,34300
2019-10-14,92.46166229248047,92.66155473503673,92.46166229248047,92.66155473503673,3700
2019-10-15,92.46166229248047,92.46166229248047,92.31173914785933,92.31173914785933,2100
2019-10-16,92.65156555175781,92.83147181522449,92.56161623272874,92.74152249619542,4100
2019-10-17,93.48112487792969,93.55108799456269,93.36119246393473,93.36119246393473,32300
2019-10-18,93.75098419189453,93.78096729415611,93.47112411150229,93.47112411150229,27500
2019-10-21,93.63106536865234,93.70102849824801,93.58108843662292,93.70102849824801,4000
2019-10-22,93.3311996459961,93.45113968271424,93.30121654316847,93.38117656764723,7100
2019-10-23,93.22126770019531,93.30122773426496,93.12132147031254,93.30122773426496,8400
2019-10-24,93.02136993408203,93.26124239719903,92.97139300928727,93.26124239719903,18400
2019-10-25,92.84147644042969,93.00139652142568,92.74153020251178,92.95141958976214,20500
2019-10-28,92.80148315429688,92.80148315429688,92.6515600061468,92.6515600061468,5900
2019-10-29,92.88143920898438,92.93141613136525,92.75150988636494,92.75150988636494,7000
2019-10-30,93.30121612548828,93.34119613754869,92.95140055171925,92.95140055171925,16000
2019-10-31,93.59107208251953,93.63105209739446,93.4211627383572,93.4211627383572,16200
2019-11-01,93.6610336303711,93.68102745017708,93.47113046925419,93.47113046925419,14100
2019-11-04,93.41116333007812,93.5710833853009,93.37118331627244,93.37118331627244,3000
2019-11-05,92.96139526367188,93.11131839900263,92.90142143429513,93.09132458074123,15200
2019-11-06,92.94140625,93.07134319919385,92.86145384904358,92.86145384904358,10400
2019-11-07,92.70152282714844,92.86144286095393,92.53161351028528,92.86144286095393,21100
2019-11-08,92.52162170410156,92.68154174672615,92.50163551147715,92.65155101967854,5000
2019-11-11,92.91143798828125,92.93143181077006,92.8214886633087,92.93143181077006,3900
2019-11-12,92.96139526367188,92.99137836565654,92.71152591325645,92.81147212834114,6000
2019-11-13,93.28124237060547,93.34120858398838,93.15130540773102,93.15130540773102,21800
2019-11-14,93.31121826171875,93.4411475891374,93.25125205297292,93.26124133749187,7900
2019-11-15,93.21127319335938,93.26124249279724,93.1013300590247,93.25125320815455,11300
2019-11-18,93.32122039794922,93.4411528221575,93.2812403814103,93.29122966648869,1700
2019-11-19,93.10132598876953,93.17128910525035,93.10132598876953,93.12131218258929,2100
2019-11-20,93.10132598876953,93.10132598876953,92.88143972971329,92.88143972971329,4500
2019-11-21,92.8514633178711,93.03136957684546,92.8014863916083,92.9913895609169,10800
2019-11-22,92.46166229248047,92.75151167197258,92.43167918863783,92.75151167197258,19900
2019-11-25,92.51164245605469,92.58160558170745,92.3817131156735,92.45167624132627,19700
2019-11-26,92.52162170410156,92.52162170410156,92.37169857049284,92.5116247950857,2800
2019-11-27,92.3117446899414,92.41169091721997,92.25177847865594,92.4016940068696,11300
2019-11-29,92.23178100585938,92.24177791581388,92.05187475371837,92.11184858803739,12500
2019-12-02,93.02136993408203,93.02136993408203,92.50164499309388,92.50164499309388,33000
2019-12-03,93.43115997314453,93.53110619797515,93.27123991308903,93.27123991308903,28800
2019-12-04,93.26123809814453,93.45114125312092,93.16129187857034,93.26123809814453,3700
2019-12-05,93.38117980957031,93.38117980957031,93.12131353369634,93.12131353369634,2400
2019-12-06,93.13130950927734,93.13130950927734,93.01136946959832,93.0613463924832,3600
2019-12-09,93.32122039794922,93.36120041448814,93.12132031525464,93.12132031525464,3800
2019-12-10,93.68102264404297,93.71100574680572,93.39117327499032,93.45113948051582,13200
2019-12-11,93.83094024658203,93.8909140788502,93.43115536696907,93.43115536696907,27500
2019-12-12,93.5810775756836,93.5810775756836,93.39118203191119,93.5111144542078,5100
2019-12-13,93.59107208251953,93.83094454636095,93.54109515757384,93.74099523194847,6300
2019-12-16,93.81095886230469,93.91090508733201,93.69101881702699,93.77097884721212,2700
2019-12-17,93.97087860107422,94.02085553017639,93.94089549377642,93.95089240467861,10900
2019-12-18,94.0208511352539,94.05083424115017,93.8709279803642,93.96088492346139,4100
2019-12-19,94.27071380615234,94.3106938196369,94.17076758514489,94.19075377918323,5600
2019-12-20,93.8209457397461,93.91089504502956,93.72099189999909,93.91089504502956,101200
2019-12-23,93.8209457397461,93.91089504502956,93.79095501257757,93.87091503421223,26800
2019-12-24,93.97087860107422,93.97087860107422,93.81096615368307,93.81096615368307,3900
2019-12-26,93.96089172363281,94.36068429046982,93.92091170440823,93.92091170440823,23700
2019-12-27,94.57057189941406,94.6905043294305,94.3506856105055,94.3506856105055,23300
2019-12-30,95.0503158569336,95.21023592912898,94.910389606467,94.910389606467,16200
2019-12-31,95.1302719116211,95.40012749039582,95.01033186249431,95.36015509942865,10400
2020-01-02,94.900390625,95.03032758717588,94.6505212367031,94.83042750129322,95800
2020-01-03,94.76045989990234,95.03032309674005,94.67051058456192,94.77045681007624,8700
2020-01-06,95.08029174804688,95.19023488298494,94.92037931339671,94.93037622350239,20300
2020-01-07,94.87039947509766,94.94036259287279,94.72047632974869,94.81043326712124,5200
2020-01-08,94.64053344726562,95.00034598213271,94.58055960784864,94.90039212490731,4900
2020-01-09,94.63053131103516,94.75047135783743,94.60054820568666,94.70049443198441,8000
2020-01-10,94.69049835205078,94.7004952623907,94.52058900331389,94.52058900331389,4000
2020-01-13,94.88040161132812,94.96036164330651,94.84042159533894,94.93037853766671,2800
2020-01-14,95.19022369384766,95.26018680554732,95.06029437937893,95.1302574910786,10300
2020-01-15,95.50009155273438,95.58004396862384,95.43012842295033,95.48009772970508,15400
2020-01-16,95.41012573242188,95.52006887263705,95.39013953665935,95.52006887263705,3100
2020-01-17,95.1302719116211,95.20023503392628,94.99034566701073,95.03032568338632,2600
2020-01-21,95.0703125,95.23022495153225,95.06031558883893,95.1102925192353,4000
2020-01-22,95.14026641845703,95.14026641845703,94.9103832364572,95.07030329791938,3900
2020-01-23,94.9803466796875,95.15025602651215,94.91038355891216,95.09028981596423,1700
2020-01-24,94.72048950195312,94.94037579565546,94.72048950195312,94.82044336302437,8700
2020-01-27,94.95035552978516,95.09028175948066,94.85040931220375,94.98033863251882,18600
2020-01-28,94.62052917480469,94.71048611129005,94.54056914801944,94.61053989051241,7600
2020-01-29,94.54057312011719,94.5705638504776,94.20075443011429,94.30070065509113,5700
2020-01-30,94.93037414550781,95.05030656251812,94.75046789458438,94.92037723562096,5200
2020-01-31,95.5400390625,95.56003288032147,95.1902235046968,95.1902235046968,28200
2020-02-03,95.18024444580078,95.3701399830605,95.18024444580078,95.30017686398416,26200
2020-02-04,94.96035766601562,94.97034695053827,94.87040072745557,94.89039454731693,4400
2020-02-05,94.5805435180664,94.63052043817717,94.43062800854892,94.49059421235592,9000
2020-02-06,94.39066314697266,94.45062936040406,94.34068621884074,94.45062936040406,10500
2020-02-07,94.14078521728516,94.42063768845678,94.09080829368682,94.21074833507807,21300
2020-02-10,94.14078521728516,94.2007514252768,94.10080520348808,94.18076523108223,4900
2020-02-11,94.3207015991211,94.3406877954627,94.13079841953649,94.1507846158781,3900
2020-02-12,94.09080505371094,94.25072510339248,94.07081886020458,94.25072510339248,2900
2020-02-13,93.95088958740234,94.05083581720085,93.95088958740234,93.95088958740234,2700
2020-02-14,93.70101928710938,93.83094862204045,93.68103309150786,93.77098240982741,23500
2020-02-18,93.5810775756836,93.78097765519182,93.5111144542078,93.52111136453529,7000
2020-02-19,93.50111389160156,93.57107700463872,93.45113697140042,93.57107700463872,5700
2020-02-20,93.46114349365234,93.62105592901078,93.42116347846068,93.62105592901078,12200
2020-02-21,94.05083465576172,94.10081158274808,93.75099597006893,93.75099597006893,5200
2020-02-24,93.98086547851562,94.18076554817405,93.88091925639038,94.12079171457255,24400
2020-02-25,94.19075775146484,94.33068399185791,94.06082842121647,94.09081152624239,21100
2020-02-26,94.18077087402344,94.31070020759284,94.08081702083793,94.08081702083793,5200
2020-02-27,94.83041381835938,95.04030315919513,93.93089025060826,94.87039382976725,42700
2020-02-28,95.32018280029297,95.4401152337212,94.87041329870996,95.12028270223084,55600
2020-03-02,95.7099609375,96.29964896165487,95.7099609375,95.99981030756868,62500
2020-03-03,96.2197036743164,96.51954999973546,95.9298618852625,95.9298618852625,76700
2020-03-04,96.1197509765625,96.23969102374545,96.00980783966352,96.01980474994751,23100
2020-03-05,97.18919372558594,97.18919372558594,96.58950872746298,96.62948874405897,34500
2020-03-06,97.9288101196289,98.65842443419358,97.90881629913196,98.53848438743674,53300
2020-03-09,99.5379638671875,99.60793461490077,98.68840948908337,99.60793461490077,108300
2020-03-10,97.86883544921875,98.8583236693587,97.67893990856629,98.73838362362434,51600
2020-03-11,97.98876953125,98.47851134372802,97.82884948000377,98.40854822765974,26700
2020-03-12,97.12921905517578,98.0387395709541,94.45061917977023,97.93879335087189,286300
2020-03-13,96.2996597290039,96.73943228799085,96.11975346627365,96.2696766227836,45600
2020-03-16,97.09923553466797,97.20917866390856,95.8598856350741,96.95930930207226,23800
2020-03-17,95.66999053955078,95.8099167839344,95.2502118063999,95.64999671869117,73000
2020-03-18,94.92037963867188,95.26019832934807,93.12131708389143,95.26019832934807,135800
2020-03-19,93.21127319335938,94.35067692609319,93.05135313417871,94.22073997165685,157500
2020-03-20,93.03135681152344,93.69100792030973,92.84145366827245,93.23124923832964,43500
2020-03-23,93.3711929321289,93.88092862888685,93.32122362878164,93.3412098250388,48400
2020-03-24,93.4511489868164,94.16077711754964,93.34120584856396,94.13079401173687,200600
2020-03-25,94.07081604003906,94.19074844829707,93.64104045116382,93.75098357567197,117900
2020-03-26,95.51007080078125,95.5300646217092,94.6805102420737,94.6805102420737,106100
2020-03-27,96.47955322265625,96.5395194271603,95.19022644796672,95.19022644796672,16200
2020-03-30,95.92984008789062,96.09974940849683,95.65997693125057,96.07975559112724,22100
2020-03-31,95.41012573242188,95.51007196205153,95.07030702659932,95.22022255833954,35300
2020-04-01,95.0503158569336,95.10029278584685,94.79044955232047,94.98035273170031,33400
2020-04-02,94.36067962646484,94.69050142429984,94.26072577063933,94.60055210454718,16600
2020-04-03,94.12079620361328,94.12079620361328,93.93090066014075,93.98086996088266,7300
2020-04-06,93.89092254638672,94.07082880860048,93.85094252973828,93.87092872535827,161100
2020-04-07,94.85041046142578,94.85041046142578,94.60054110174099,94.69049041103182,9800
2020-04-08,94.51058197021484,94.81042824502997,94.49059577708402,94.67050201689159,26700
2020-04-09,95.11028289794922,95.18024601818135,94.85041661191211,94.92037973214423,11700
2020-04-13,94.9803466796875,95.08029290573681,94.85041734836422,94.96036048464094,19200
2020-04-14,95.65999603271484,95.66999294339584,95.490086678181,95.52006978481538,20700
2020-04-15,95.21022033691406,95.44009587128815,94.74046473353114,94.86040476803556,26400
2020-04-16,94.78044891357422,95.0503044713183,94.60054266660889,95.03031827739231,18300
2020-04-17,94.8904037475586,95.06031310581379,94.85042372936759,94.9303837657496,8300
2020-04-20,94.81044006347656,95.04031562746974,94.81044006347656,94.9103862924044,52500
2020-04-21,94.70049285888672,94.89039602348369,94.52058660437594,94.58055281407681,10300
2020-04-22,94.45062255859375,94.77045504954305,94.33068251495975,94.77045504954305,13300
2020-04-23,94.0208511352539,94.54057609674202,93.93090181756514,94.4806098849495,88000
2020-04-24,94.21075439453125,94.36067754956109,94.07082814994565,94.36067754956109,6300
2020-04-27,94.05083465576172,94.29070712939765,94.02085154973328,94.29070712939765,8700
2020-04-28,94.25072479248047,94.4406203190913,94.140781665039,94.4406203190913,4900
2020-04-29,94.18077087402344,94.44062954116227,94.06083082544586,94.44062954116227,12000
2020-04-30,95.06031036376953,95.08029655958414,94.24073907801662,94.24073907801662,44100
2020-05-01,95.4700927734375,95.68997905577565,95.44010966682931,95.49008659478201,33600
2020-05-04,95.00033569335938,95.18024194130862,94.9803418739162,95.10028191435165,21600
2020-05-05,94.40065002441406,94.73047944069113,94.30070379610815,94.59055319598117,20200
2020-05-06,94.11080169677734,94.25072793174388,94.0708216831572,94.25072793174388,62300
2020-05-07,94.28071594238281,94.3106990478064,93.90090960592869,93.95088653190686,13800
2020-05-08,94.48060607910156,94.78045237680261,94.35067675031542,94.4106429596924,25600
2020-05-11,94.37067413330078,94.5205972999258,94.27072789735378,94.47062036924778,26700
2020-05-12,94.69049835205078,94.900387716739,94.66051524643937,94.86041532619602,965700
2020-05-13,94.36067962646484,94.73048144154832,94.32069960921635,94.73048144154832,21300
2020-05-14,94.24073028564453,94.46061654613328,94.15077334935012,94.20075027233678,18300
2020-05-15,94.36067962646484,94.57056899796297,94.31070269855208,94.57056899796297,7000
2020-05-18,94.33068084716797,94.70049025611179,94.11080220917192,94.59054712440978,9200
2020-05-19,94.43062591552734,94.580541421722,94.32068279404643,94.580541421722,16000
2020-05-20,95.10028839111328,95.1402684073146,94.9603621471129,95.03032526911309,13000
2020-05-21,94.49060821533203,94.80044381479394,94.4706143941618,94.74047760210028,7300
2020-05-22,94.39066314697266,94.41064934298025,94.27072309470122,94.41064934298025,15400
2020-05-26,95.00033569335938,95.07029881059476,94.77045252221005,94.87039874320233,26800
2020-05-27,94.70049285888672,94.7704559786738,94.45062348458886,94.53058351446214,7100
2020-05-28,95.11028289794922,95.23021531811389,94.65051653595732,94.70049346129807,14600
2020-05-29,95.37013244628906,95.51005867338384,95.13026000347051,95.21022002621253,21500
2020-06-01,95.39013671875,95.47008912484675,95.32017359753516,95.35015670299748,19900
2020-06-02,95.25020599365234,95.54004774975307,95.22021526419314,95.29017838211537,39600
2020-06-03,95.36014556884766,95.39012867178064,95.10027930108232,95.20022551932817,19500
2020-06-04,95.86988830566406,96.06978839829002,95.57004960483839,95.72996205353031,37900
2020-06-05,95.3101806640625,95.34016377077586,95.02033125681895,95.16025750508706,28300
2020-06-08,95.7899169921875,95.91985394345035,95.64999075652592,95.64999075652592,33500
2020-06-09,96.42959594726562,96.65947151012334,96.25967897097827,96.25967897097827,49700
2020-06-10,97.22917175292969,97.28913796389257,96.92933307270697,96.97930237337326,33200
2020-06-11,97.11923217773438,97.75889720282582,97.11923217773438,97.38909538778118,39600
2020-06-12,96.209716796875,96.87936496494201,95.97983359157863,96.86936805373547,34600
2020-06-15,96.57950592041016,96.69944596287533,96.40959657930716,96.49955351750803,21100
2020-06-16,96.42959594726562,96.67946533105524,96.29965898743363,96.67946533105524,800000
2020-06-17,96.57950592041016,96.64946903882951,96.27966725235922,96.64946903882951,20000
2020-06-18,96.37962341308594,96.49956346791855,96.22970025089735,96.38962032400751,38000
2020-06-19,96.24968719482422,96.50954585694578,96.21969646420258,96.4895596619396,137400
2020-06-22,96.69944763183594,96.80939076630789,96.50954446767382,96.50954446767382,52300
2020-06-23,96.97930908203125,97.2791554084045,96.9493259744757,97.11923533422974,46700
2020-06-24,96.6694564819336,96.80938270954223,96.60949027736059,96.68944267498875,18400
2020-06-25,96.63948059082031,96.66946369534412,96.51954054731698,96.55952056181809,19600
2020-06-26,96.70944213867188,96.77940525656015,96.47955896537727,96.67945903463517,15400
2020-06-29,96.2996597290039,96.80939541097437,96.1997134998001,96.80939541097437,15800
2020-06-30,96.70944213867188,96.81938527041173,96.44957586134056,96.5695159028953,14700
2020-07-01,96.92933654785156,96.98930276096436,96.70945026589314,96.70945026589314,63800
2020-07-02,96.95931243896484,97.07924485626543,96.87935241049244,97.0692555717624,11700
2020-07-06,97.31912994384766,97.6289655383436,97.23916991126534,97.60897934290224,23500
2020-07-07,97.21916961669922,97.36909276145573,97.20918033234791,97.3291127478268,14600
2020-07-08,97.69892883300781,97.79887506120798,97.40907943344145,97.40907943344145,33900
2020-07-09,97.42906188964844,97.75888364169586,97.37908496867374,97.75888364169586,12600
2020-07-10,97.28913879394531,97.6289651182537,97.28913879394531,97.39908193192082,25700
2020-07-13,97.3291244506836,97.43906759503075,97.24917203922014,97.30913825416994,21300
2020-07-14,97.42906188964844,97.64894051587754,97.42906188964844,97.4790311852156,26600
2020-07-15,96.9193344116211,97.34911004171083,96.84937129162547,97.34911004171083,67300
2020-07-16,96.90933227539062,97.1292185336355,96.86935226249085,96.86935226249085,28300
2020-07-17,97.67894744873047,97.67894744873047,97.43906733874461,97.44906424967955,23300
2020-07-20,97.55900573730469,97.57899193342644,97.41907948822644,97.57899193342644,78300
2020-07-21,98.15867614746094,98.2486330801469,97.52900812028935,97.56898813199338,59800
2020-07-22,98.50849914550781,98.56847298028957,98.30860669732357,98.40855292141569,61800
2020-07-23,98.88831329345703,99.02823954333404,98.6484331861747,98.6884132040551,72500
2020-07-24,99.25810241699219,99.35805626161113,99.00823305626034,99.04821306902636,94900
2020-07-27,99.4679946899414,99.65789784981243,99.24811605137405,99.26810224564092,167300
2020-07-28,99.73786163330078,100.03770031104186,99.67789542283421,99.96773719036145,124200
2020-07-29,100.24759674072266,100.39751226605495,99.84780421388405,99.86779040879229,75000
2020-07-30,100.6973648071289,100.71735100327557,100.25759223781563,100.41751230862361,59700
2020-07-31,100.09767150878906,100.66737336943137,100.04769458444525,100.4574840129219,85900
2020-08-03,99.75785064697266,99.75785064697266,99.06821633089683,99.23812568229171,143800
2020-08-04,100.23760223388672,100.24759914428464,99.75784966509609,99.83780969746259,59000
2020-08-05,100.72733306884766,101.1371224708418,100.70734687564656,100.9072393092877,66400
2020-08-06,100.57742309570312,100.74734007448718,100.31756442303771,100.73734316387434,67200
2020-08-07,100.21760559082031,100.25758560587767,99.92776382611876,100.02771005105808,52900
2020-08-10,99.97772979736328,100.1076667483258,99.86778666596788,99.86778666596788,50000
2020-08-11,99.74785614013672,100.18762104864268,99.69787921567992,100.09767173511013,35900
2020-08-12,100.27757263183594,100.5474281834289,100.27757263183594,100.36752194056437,18800
2020-08-13,100.49746704101562,100.69735949356908,100.41750700983094,100.52745014635782,24000
2020-08-14,100.60741424560547,100.66738045871459,100.48747419397866,100.60741424560547,29100
2020-08-17,100.96720886230469,101.0671627078472,100.79729952553488,100.81729334480652,51000
2020-08-18,101.27706146240234,101.50693702751781,101.17711523298657,101.42698461923028,46500
2020-08-19,100.08767700195312,100.90724825317635,100.00771697124641,100.79730511730668,86500
2020-08-20,100.76732635498047,100.76732635498047,100.26758757963829,100.30756759671469,31400
2020-08-21,100.33755493164062,100.33755493164062,100.08768553343943,100.26759180516065,43200
2020-08-24,100.30756378173828,100.6473824758506,100.28756996125622,100.6473824758506,16700
2020-08-25,100.75732421875,100.77731803895553,100.5674286792464,100.69735800894972,31400
2020-08-26,100.64737701416016,100.79730015800686,100.39750764955161,100.39750764955161,32400
2020-08-27,100.62739562988281,100.99720505232617,100.28756931256034,100.99720505232617,39300
2020-08-28,101.11714172363281,101.26706488094798,100.89725544295837,100.9972092981075,58900
2020-08-31,101.16710662841797,101.57688840927817,101.15710971900938,101.34701287073425,52600
2020-09-01,100.52745056152344,100.96721548403886,100.47747363547454,100.96721548403886,203800
2020-09-02,100.32755279541016,100.37752972261109,100.11766342690153,100.22760656641678,89100
2020-09-03,100.56742858886719,100.61739788851979,100.30756230428592,100.43749163387248,48100
2020-09-04,100.1776351928711,100.217607583315,99.74785955422006,100.07768134053636,37700
2020-09-08,99.58794403076172,99.79783340449798,99.43802087083334,99.65790715534047,61000
2020-09-09,100.19761657714844,100.20761348698358,99.8877810009307,99.89777028535788,28400
2020-09-10,100.37752532958984,100.967213392629,100.35753913482925,100.87726407809414,18000
2020-09-11,100.54743957519531,100.59741650264515,100.44749334570417,100.59741650264515,16400
2020-09-14,100.64737701416016,100.85727399079025,100.64737701416016,100.79730015800686,23200
2020-09-15,100.64737701416016,100.85727399079025,100.56742461279539,100.83728017139318,40200
2020-09-16,100.37752532958984,100.81729786840424,100.34754222474488,100.7973040482355,33100
2020-09-17,100.63738250732422,100.63738250732422,100.31755004223919,100.41749625781436,10300
2020-09-18,100.35753631591797,100.52744565553894,100.2775762883053,100.45748253772985,32500
2020-09-21,99.8777847290039,99.98772786166879,99.64790155377518,99.92776165309085,36200
2020-09-22,99.43801879882812,99.83781134183702,99.2481232505905,99.81782514612041,44600
2020-09-23,98.90827941894531,99.21811496288473,98.8483132169976,99.07818874140195,32600
2020-09-24,98.57845306396484,98.74837001701094,98.44852374731302,98.7283761988138,56800
2020-09-25,98.32859802246094,98.4185549666232,98.26863180995844,98.4185549666232,43100
2020-09-28,98.85832977294922,98.85832977294922,98.35859098964747,98.53848963124376,22700
2020-09-29,99.27810668945312,99.36805600859199,99.05822040879119,99.05822040879119,32800
2020-09-30,99.12818908691406,99.57795095862842,98.82834275549853,99.04822904848206,27100
2020-10-01,99.4679946899414,99.5179716137205,99.32806845384947,99.45800540551195,30000
2020-10-02,99.19815063476562,99.27811067192452,99.14817370518911,99.17816443818033,10000
2020-10-05,99.78782653808594,99.85779728109252,99.6978772263482,99.70787413612169,48200
2020-10-06,99.62791442871094,99.97773001782771,99.49798510286982,99.97773001782771,29500
2020-10-07,99.56795501708984,99.6878874413118,99.54796119611387,99.62792122920082,29000
2020-10-08,99.58794403076172,99.60793785230346,99.32807772857979,99.3580684608924,27700
2020-10-09,100.37752532958984,100.39751152435043,100.05769283556342,100.1276559553377,26700
2020-10-12,100.42750549316406,100.477474794381,100.37752856653873,100.4374947781624,17100
2020-10-13,99.86778259277344,100.17762578016321,99.78782256858204,100.17762578016321,38200
2020-10-14,100.06768798828125,100.17763112105405,99.92776175119005,99.99772486973565,28900
2020-10-15,99.80782318115234,99.92776322560364,99.74785697163077,99.79782627109604,16300
2020-10-16,99.77783966064453,100.00771521312485,99.72786273597936,100.00771521312485,21000
2020-10-19,100.30756378173828,100.4175069181648,100.28756996125622,100.35754070753516,29500
2020-10-20,100.63738250732422,100.797294927163,100.57740867765314,100.57740867765314,17100
2020-10-21,100.86727142333984,101.07716079151737,100.86727142333984,100.88726524435206,25900
2020-10-22,100.62739562988281,100.73733876559818,100.58741561458557,100.73733876559818,17400
2020-10-23,100.93724060058594,100.95723442279746,100.63740189609359,100.95723442279746,22000
2020-10-26,100.54743957519531,100.65738271525812,100.51745646888882,100.64738580468645,12000
2020-10-27,100.53743743896484,100.70735440821734,100.53743743896484,100.61739746856506,14600
2020-10-28,100.26758575439453,100.37752889300113,100.15764261578795,100.21760882760665,30700
2020-10-29,99.6978759765625,100.01770845663391,99.49798353604581,100.01770845663391,139700
2020-10-30,99.51797485351562,99.74785803481217,99.48799174843526,99.68788419924321,63000
2020-11-02,99.25810241699219,99.30807933930166,99.11817618501497,99.25810241699219,78900
2020-11-03,99.97772979736328,100.08767292875868,99.75784353457249,99.79782354829881,25400
2020-11-04,100.04769134521484,100.23759450108317,99.85779581475431,99.99772204789693,154400
2020-11-05,100.91724395751953,100.91724395751953,100.50745452410032,100.67737149367383,60200
2020-11-06,101.406982421875,101.55690556631927,101.14711614653213,101.42697624135177,54800
2020-11-09,99.81782531738281,100.7473397406747,99.81782531738281,100.7473397406747,67000
2020-11-10,99.68788146972656,99.90776773483961,99.63791217109687,99.8278077065425,52300
2020-11-11,99.5379638671875,99.5379638671875,99.27810519886002,99.37805142709432,77700
2020-11-12,99.6978759765625,99.87778222319066,99.64789905372942,99.68787906691432,23800
2020-11-13,99.89777374267578,99.94775066817316,99.81782133745149,99.86779063754064,24800
2020-11-16,99.97772979736328,100.02770672087316,99.81781736786593,99.81781736786593,27100
2020-11-17,100.12765502929688,100.27757817754322,100.06768882016156,100.22760125299175,65500
2020-11-18,100.03768920898438,100.30755237695134,100.03768920898438,100.10765994730777,24600
2020-11-19,100.1776351928711,100.1776351928711,99.79782885497909,99.86779197636841,22400
2020-11-20,100.09767150878906,100.22760083651168,100.00771457005183,100.17763153757592,18900
2020-11-23,99.93775177001953,100.4474874234018,99.74785623280502,100.4474874234018,34100
2020-11-24,100.09767150878906,100.11765770328175,99.87778524232921,99.8977714368219,35500
2020-11-25,100.4175033569336,100.43748955129858,100.0576908550997,100.0576908550997,25700
2020-11-27,100.71733856201172,100.81729240662409,100.52744303314522,100.52744303314522,37500
2020-11-30,100.26758575439453,100.85728146377609,100.26758575439453,100.84728455333683,31700
2020-12-01,101.37701416015625,101.37701416015625,100.73734910059132,100.75733529758628,162000
2020-12-02,101.77680206298828,101.90673140102173,101.6668589210336,101.68684511711233,46200
2020-12-03,102.30651092529297,102.48641716873001,102.14659087538996,102.16658469433168,76300
2020-12-04,102.27654266357422,102.55639516610603,102.2465595562185,102.47643512955158,41600
2020-12-07,102.31651306152344,102.68631485135174,102.31651306152344,102.3864761805781,49700
2020-12-08,102.52640533447266,102.62635156090629,102.4364483928966,102.60636536578288,30800
2020-12-09,102.4664306640625,102.66633074071056,102.24655201786197,102.66633074071056,58900
2020-12-10,102.78626251220703,102.9461825725156,102.56638386739502,102.6763270025051,26600
2020-12-11,102.4864273071289,102.54639351907082,102.32650724140592,102.49642421758871,40600
2020-12-14,102.7762680053711,102.89620041910051,102.54638483671006,102.78625728957668,17700
2020-12-15,102.9361801147461,102.9561739339112,102.67632146886177,102.78625697263881,24300
2020-12-16,102.91621398925781,103.06613716059954,102.48643829829648,102.92621090078973,30300
2020-12-17,102.98616790771484,103.1960572786563,102.91620478406769,103.06612794199975,31500
2020-12-18,103.09609985351562,103.10609676306784,102.76627046696228,102.99615363421672,35400
2020-12-21,102.94617462158203,103.00614082686224,102.59635904843488,102.74628218704297,60200
2020-12-22,102.41645812988281,102.78625991553984,102.31651190741897,102.78625991553984,50400
2020-12-23,102.6463394165039,102.73629635953517,102.33650382192509,102.3864807486545,66200
2020-12-24,102.20657348632812,102.34649972930906,102.19657657599853,102.29652280306944,25600
2020-12-28,102.45643615722656,102.61634858498627,102.31650992340887,102.48641926084352,35600
2020-12-29,103.00614929199219,103.09610623271281,102.83623994612994,102.83623994612994,45200
2020-12-30,103.28599548339844,103.30598930252238,103.06611685088929,103.10609686372943,52500
2020-12-31,102.91621398925781,103.54588215840194,102.82625703628908,103.47591902849703,33100
2021-01-04,103.31598663330078,103.63581911191811,103.2660097106949,103.63581911191811,163100
2021-01-05,103.65581512451172,103.75576135378309,103.40594573862906,103.53587507414099,99300
2021-01-06,103.60585021972656,103.68580263129182,103.23604076777805,103.50589636080454,91900
2021-01-07,102.86621856689453,103.11608793241385,102.7462861517063,103.09610173835176,58700
2021-01-08,102.90621185302734,103.13609505413437,102.59637623995205,103.0961150354458,231800
2021-01-11,102.2965087890625,102.47641502330737,102.09661636230476,102.26652568758956,213300
2021-01-12,102.73629760742188,102.75628380311136,102.25654503138078,102.28652813761926,107000
2021-01-13,102.57637786865234,102.78626723840209,102.50641474540242,102.50641474540242,46600
2021-01-14,102.61634826660156,102.746285215749,102.23654957961877,102.25653577349878,88100
2021-01-15,102.16658782958984,102.51640341772811,102.1565909198122,102.48642031380311,47700
2021-01-19,102.4664306640625,102.55638760490619,102.35649515366636,102.54639069472172,43500
2021-01-20,102.31651306152344,102.39646546515156,102.06664368984136,102.24654994246877,93700
2021-01-21,102.83625030517578,102.8562441275314,102.5863809035935,102.65634403102017,212400
2021-01-22,102.75628662109375,102.88622358556853,102.65634038908841,102.65634038908841,47700
2021-01-25,102.45643615722656,102.57636857169439,102.32649920767597,102.53638855840249,39300
2021-01-26,102.66633605957031,102.67633297027268,102.43645286586748,102.5264098113716,49400
2021-01-27,102.33649444580078,102.47642067733294,102.02665887960926,102.38647136795129,58600
2021-01-28,102.42646026611328,102.5563895994052,102.32650641314125,102.35649714427788,28000
2021-01-29,102.1266098022461,102.46642848721619,102.09662669773792,102.46642848721619,61100
2021-02-01,101.39698791503906,101.73681422552646,101.39698791503906,101.65685419654024,90400
2021-02-02,101.3270263671875,101.35701709757842,101.14712011188296,101.33702327731781,168500
2021-02-03,101.17710876464844,101.2270780634575,101.04717181184724,101.16711185472342,131000
2021-02-04,100.62739562988281,100.8073018860163,100.6074094349383,100.8073018860163,90700
2021-02-05,101.15711212158203,101.17710594087406,100.92723657757836,100.92723657757836,123800
2021-02-08,101.19709777832031,101.25706398872498,101.12713465771212,101.12713465771212,106700
2021-02-09,101.9067153930664,101.96668159729153,101.69682605287105,101.74680297333028,56600
2021-02-10,102.14659881591797,102.28652505775665,102.0966295154946,102.22655884708529,38300
2021-02-11,102.20657348632812,102.23655659190857,102.08663343859804,102.18657966566894,23300
2021-02-12,101.95671081542969,102.06665396006522,101.68684759663016,101.7967907412657,24700
2021-02-16,101.89672088623047,102.03664711632631,101.82675777118254,101.89672088623047,115000
2021-02-17,101.19709777832031,101.35701783994374,101.14712085271093,101.31703782453788,33700
2021-02-18,101.4869384765625,101.4969353859096,101.26705222337209,101.41697536194806,22500
2021-02-19,101.41698455810547,101.64686011607974,101.33702452689343,101.53691697951525,30200
2021-02-22,101.406982421875,101.56690247605765,101.36700240832934,101.42697624135177,31800
2021-02-23,100.45748138427734,101.06716324335972,100.41750137093005,101.03717251429336,66800
2021-02-24,100.22760009765625,100.27757702163163,99.96773381871864,100.07767695113809,35500
2021-02-25,100.29756927490234,100.6373956025661,100.29756927490234,100.38752621841068,25300
2021-02-26,99.93775177001953,100.47747052794051,99.87778556094212,100.34754119980342,38900
2021-03-01,99.32806396484375,99.56794403765281,99.23811465659607,99.4779871039975,73100
2021-03-02,99.3880386352539,99.46799103479131,99.06820616088123,99.07819544494362,84800
2021-03-03,98.7983627319336,99.11819527023786,98.7983627319336,99.03823522930949,40500
2021-03-04,97.76888275146484,98.34858149602557,97.74889655786964,98.29860457392603,71000
2021-03-05,97.62896728515625,98.0187629192089,97.52902105534429,98.0187629192089,34500
2021-03-08,97.0292739868164,97.3690926642111,97.0292739868164,97.35910337986977,62200
2021-03-09,97.89881134033203,97.94878826205736,97.60896959562957,97.61895887964852,91900
2021-03-10,97.75889587402344,97.88883283465334,97.48904029305328,97.86883901359867,22200
2021-03-11,98.35858154296875,98.39855393143417,97.93879521000233,98.10871217531614,24800
2021-03-12,97.81885528564453,97.90880459089954,97.44904590475676,97.60896594797548,36700
2021-03-15,97.94879913330078,97.94879913330078,97.72891285395659,97.74890667502888,18100
2021-03-16,98.26863098144531,98.2886171769748,98.01876159758022,98.06873852451662,17400
2021-03-17,98.48851776123047,98.58846399020416,97.79887581811757,97.93880206376244,30200
2021-03-18,97.84884643554688,98.0287526862617,97.64894636508151,97.75888949748547,56700
2021-03-19,97.76888275146484,97.77887966096628,97.5489964948792,97.5489964948792,21000
2021-03-22,98.32859802246094,98.47852117912569,98.13870247440019,98.15868867009819,21400
2021-03-23,97.21916961669922,97.5589959198412,97.21916961669922,97.49902971210174,24500
2021-03-24,97.07923889160156,97.1492020058643,96.94930957237294,96.95930648166977,26000
2021-03-25,96.58950805664062,97.10924064337048,96.58950805664062,97.0992437329388,39100
2021-03-26,96.76941680908203,96.77941371977113,96.45958120639756,96.45958120639756,57000
2021-03-29,96.70944213867188,96.83937146463356,96.66946212482028,96.67945903463517,25400
2021-03-30,96.35962677001953,96.41959297823034,96.19970671424679,96.36961605444937,79700
2021-03-31,96.06979370117188,96.52955250147619,95.98983365970784,96.28967237708409,58000
2021-04-01,96.39959716796875,96.50954029769026,96.06977540421198,96.14972780503942,41100
2021-04-05,96.98930358886719,97.02928360641987,96.58951103874911,96.58951103874911,68700
2021-04-06,97.55900573730469,97.55900573730469,97.15921318619172,97.17920700772213,53300
2021-04-07,97.63896179199219,97.92881118909708,97.57898795525466,97.7888773203151,57900
2021-04-08,98.2186508178711,98.31860466845006,98.01875836752954,98.01875836752954,19000
2021-04-09,98.15867614746094,98.18865924988708,97.94878680507041,97.97876990749656,16800
2021-04-12,98.35858154296875,98.4585277649482,98.23864150134864,98.28861079963438,13500
2021-04-13,98.68840789794922,98.68840789794922,98.38856921808058,98.44853542897265,22500
2021-04-14,98.3885726928711,98.47852201238594,98.30861265858552,98.41855579937604,23800
2021-04-15,98.4685287475586,98.5285025881976,98.33859940609031,98.34859631709828,14100
2021-04-16,98.65841674804688,98.80833988846085,98.5684674390431,98.68839985104813,36200
2021-04-19,99.15815734863281,99.2381173750929,99.07819732217273,99.17815116795174,12600
2021-04-20,99.08819580078125,99.2780989602789,99.0382188771004,99.16815582850741,20000
2021-04-21,98.96826934814453,98.99826008171571,98.72839685743803,98.73839376862841,23400
2021-04-22,98.91827392578125,98.95825393457798,98.69838769010273,98.8982801086794,37900
2021-04-23,99.33805847167969,99.39802467572783,98.9382659854081,99.15815223412784,32800
2021-04-26,99.2281265258789,99.25810963128072,99.05821717832973,99.12818029940341,40700
2021-04-27,99.26810455322266,99.4080307925673,99.19814143355033,99.19814143355033,37200
2021-04-28,99.78782653808594,99.81781726740644,98.50849660176299,99.16815538947145,79200
2021-04-29,99.8777847290039,99.8777847290039,99.55795224090829,99.70787538776112,28000
2021-04-30,99.26810455322266,99.7078770913962,99.25810764315285,99.6978801813264,9300
2021-05-03,99.54795837402344,99.69788152545915,99.32807210197214,99.32807210197214,34600
2021-05-04,99.28809356689453,99.47799673657168,99.24812117629673,99.34806740360794,12200
2021-05-05,99.33805847167969,99.36804157370376,99.25809844934388,99.28808155136795,9900
2021-05-06,99.8777847290039,99.95774475737981,99.74785540194907,99.76784159633904,20500
2021-05-07,100.6973648071289,100.6973648071289,100.13765981011832,100.13765981011832,47500
2021-05-10,100.6673812866211,100.9072537664389,100.65738437588449,100.9072537664389,33200
2021-05-11,100.35753631591797,100.63738878715438,100.34753940611441,100.47746873192904,18700
2021-05-12,99.7978286743164,100.07768115936706,99.72786555305375,99.99772875321567,17600
2021-05-13,100.1176528930664,100.15763290553897,99.9377466496437,99.9377466496437,13500
2021-05-14,100.49746704101562,100.5874163570422,100.36753008398844,100.36753008398844,14700
2021-05-17,100.46746826171875,100.63738522072607,100.44748206822783,100.58740829888727,25900
2021-05-18,100.99720001220703,101.13712624606046,100.89724616624787,101.04716930977878,23700
2021-05-19,100.27757263183594,100.75731752920292,100.22759571004836,100.637385117565,32800
2021-05-20,100.97720336914062,100.97720336914062,100.74732783084156,100.74732783084156,23700
2021-05-21,100.99720001220703,101.00718929647668,100.8172937650515,100.86726306262325,5200
2021-05-24,101.09715270996094,101.1771127416881,101.00719576791579,101.05717269409735,11800
2021-05-25,101.20709991455078,101.25706921733219,101.03718293394984,101.13713679032992,31100
2021-05-26,100.9872055053711,101.24707178531396,100.88725928244169,101.10714554813119,9700
2021-05-27,101.06716918945312,101.06716918945312,100.64738283731322,100.64738283731322,13100
2021-05-28,100.75732421875,100.82728733865304,100.45748554434046,100.45748554434046,189400
2021-06-01,101.06716918945312,101.27705855281893,100.91724603693233,100.96721533750039,47000
2021-06-02,100.95722198486328,100.9872050890777,100.66737260177722,100.70735261586577,86200
2021-06-03,100.31756591796875,100.52745529151484,100.1576458474144,100.52745529151484,105200
2021-06-04,100.8372802734375,100.87726028686427,100.357535363132,100.85727409285482,112800
2021-06-07,101.00719451904297,101.04717453441224,100.85727899316853,100.93723139849882,53500
2021-06-08,101.06716918945312,101.12713540029813,100.9972060683312,101.05717227917619,32500
2021-06-09,101.15711212158203,101.51692461476046,101.06716281099132,101.44696149805398,35400
2021-06-10,101.25706481933594,101.31703865564081,100.75732606077575,100.75732606077575,17900
2021-06-11,100.85728454589844,100.98721388394567,100.69736447561694,100.93723695563054,83800
2021-06-14,100.7473373413086,100.87726667411644,100.64738348870895,100.87726667411644,39000
2021-06-15,100.85728454589844,100.91725075954967,100.73734449318731,100.75733068926817,15100
2021-06-16,99.81782531738281,100.80730595333594,99.76784838989276,100.71734900893556,51600
2021-06-17,98.68840789794922,99.20814047704148,98.6484278822184,99.08820042984904,164200
2021-06-18,98.24864196777344,98.37857129850939,98.1486881167677,98.29861126786808,51800
2021-06-21,98.72838592529297,98.72838592529297,98.37857032645401,98.37857032645401,70500
2021-06-22,98.66841888427734,98.73838200345565,98.3485863929753,98.50849882592229,36800
2021-06-23,98.59844970703125,98.93826837204455,98.54847278551395,98.8183359610552,20500
2021-06-24,98.61844635009766,98.7084032932792,98.51850012188027,98.60845706506181,63700
2021-06-25,98.808349609375,99.02823588689388,98.61844643780718,98.99825278094283,42700
2021-06-28,98.45853424072266,98.57846666482297,98.4085573137419,98.48851734674774,11800
2021-06-29,98.32859802246094,98.3985611455167,98.17868249120468,98.17868249120468,53100
2021-06-30,97.84884643554688,97.99876958204389,97.74890021301819,97.90881264398249,71700
2021-07-01,97.78887176513672,97.96877801431248,97.71890864742437,97.93879491035118,38600
2021-07-02,98.3086166381836,98.388576675706,97.84885786054306,97.84885786054306,18200
2021-07-06,97.93879699707031,98.01875702627606,97.8488476832699,98.01875702627606,15900
2021-07-07,97.79887390136719,97.928810859354,97.6789414791127,97.84885082757879,16600
2021-07-08,98.93827056884766,99.09819062092777,98.79834433598145,98.87830436202151,44000
2021-07-09,99.05821228027344,99.05821228027344,98.79834600395992,98.88830294112564,8900
2021-07-12,98.88831329345703,98.9682657038091,98.82833945393209,98.90829948969287,7600
2021-07-13,98.50849914550781,98.82833163784746,98.49850986088427,98.51849605553946,19800
2021-07-14,98.98824310302734,98.9982400121911,98.68839683137413,98.68839683137413,17700
2021-07-15,98.6284408569336,98.70840088772222,98.47851770555698,98.6284408569336,13900
2021-07-16,98.40855407714844,98.4985110176735,98.37857097210949,98.46852028722635,19300
2021-07-19,98.53848266601562,98.72838583037769,98.52849338134993,98.64842580060333,33500
2021-07-20,98.20865631103516,98.24863632405922,98.08871627196294,98.17867320761904,28600
2021-07-21,98.6284408569336,98.65842396212727,98.12870210261704,98.12870210261704,11100
2021-07-22,98.42855072021484,98.76836942094602,98.32859686667423,98.72838940461146,8700
2021-07-23,98.36857604980469,98.38856987050683,98.19866670087828,98.28861601781284,9300
2021-07-26,98.76836395263672,98.84832398087887,98.42854527071961,98.42854527071961,15500
2021-07-27,98.96826934814453,99.0482293868497,98.7983599849528,98.95828006236313,20200
2021-07-28,99.3880386352539,99.39802791931628,98.73837677703851,98.75836297057094,13500
2021-07-29,99.8777847290039,99.90776783329288,99.6379122692842,99.66789537357316,52600
2021-07-30,99.88777923583984,99.89776852009051,99.7478530022523,99.8577961322722,16400
2021-08-02,99.92777252197266,100.09768188169605,99.88779250343617,99.9077787,13000
2021-08-03,100.06768798828125,100.09767109259964,99.98772795982684,100.06768798828125,18900
2021-08-04,99.80782318115234,100.26758191343679,99.69788004675736,100.26758191343679,19600
2021-08-05,99.78782653808594,99.83780346154552,99.6578972126621,99.79782344785944,25700
2021-08-06,98.83832550048828,99.2581042039774,98.7683623832401,99.22812110021502,11900
2021-08-09,98.24864196777344,98.67841760071013,98.24864196777344,98.6384375853895,31800
2021-08-10,97.98876953125,98.0587326473183,97.93879260888362,97.98876953125,17100
2021-08-11,98.11871337890625,98.18867650533159,98.05874716351565,98.18867650533159,26900
2021-08-12,97.9288101196289,97.99877324055166,97.84885008845768,97.94879631471757,12400
2021-08-13,98.808349609375,98.808349609375,98.30861084243517,98.30861084243517,11000
2021-08-16,99.12818908691406,99.24812914456209,99.06822287079454,99.12818908691406,12900
2021-08-17,98.83832550048828,99.15815798296683,98.79834548700248,99.11817796948102,12100
2021-08-18,98.64842987060547,98.73838681416508,98.27862806210615,98.6784206020643,33400
2021-08-19,98.36857604980469,98.54848230908217,98.35858676486197,98.50850229308625,10000
2021-08-20,98.58845520019531,98.61843830367332,98.43853205739747,98.5784582905667,22700
2021-08-23,99.0382308959961,99.078210914711,98.75837839040067,98.82834151679953,15300
2021-08-24,99.00823211669922,99.14815834734858,98.91828280788506,98.9982428326583,13000
2021-08-25,98.8982925415039,98.96825565934172,98.76836321563594,98.92828327092691,14900
2021-08-26,98.48851776123047,98.548483973533,98.30861149891443,98.43854083403939,30000
2021-08-27,99.13818359375,99.21813600483402,98.29861846139316,98.29861846139316,10700
2021-08-30,98.60845184326172,98.69840115627159,98.41854868191908,98.62843803768345,9100
2021-08-31,98.69841003417969,99.06821948021438,98.548486873603,99.03822874777208,8600
2021-09-01,98.64842987060547,98.86831614885288,98.62844367504137,98.68840988714213,15600
2021-09-02,98.83832550048828,98.83832550048828,98.56846994121896,98.56846994121896,5700
2021-09-03,98.83832550048828,99.10818868516549,98.83832550048828,99.03821794250942,21000
2021-09-07,98.18866729736328,98.63843674684082,98.18866729736328,98.53848289668481,12100
2021-09-08,98.00875854492188,98.06873237856868,97.84884611448228,98.06873237856868,7200
2021-09-09,98.53848266601562,98.58845959097663,98.23864399247398,98.41855024676222,11700
2021-09-10,98.34858703613281,98.54847948497576,98.34858703613281,98.40855324570407,5800
2021-09-13,97.88883209228516,98.10871836976804,97.84885207588749,97.9288121086828,14800
2021-09-14,98.18866729736328,98.33859044718913,98.11870417749897,98.18866729736328,8400
2021-09-15,98.18866729736328,98.3985566569562,98.15868419247974,98.3985566569562,7100
2021-09-16,97.47904205322266,97.63896211784528,97.439062037067,97.52901897976932,11200
2021-09-17,96.90933227539062,97.19918164985816,96.86935226249085,97.1492047273815,14700
2021-09-20,97.37909698486328,97.39908318047486,97.10924140436039,97.10924140436039,10700
2021-09-21,97.81885528564453,97.87882148914787,97.67892906053183,97.75888145673383,9600
2021-09-22,97.5989761352539,97.94879172347042,97.43905608040754,97.89881479997896,14500
2021-09-23,97.68892669677734,97.87882985798484,97.67893741227759,97.73890362090816,8200
2021-09-24,97.5989761352539,97.6689392528972,97.58897922547402,97.62895923918562,4300
2021-09-27,97.52901458740234,97.61896390064528,97.25915139685746,97.25915139685746,14300
2021-09-28,97.14920806884766,97.41907125885118,97.04926184586444,97.2991312160265,178700
2021-09-29,96.57950592041016,97.05925846486285,96.49955351750803,96.99929225633427,129900
2021-09-30,96.84937286376953,96.84937286376953,96.52954036353943,96.70944662150688,17400
2021-10-01,97.0292739868164,97.24916024885198,97.01927707706717,97.24916024885198,28000
2021-10-04,97.70893096923828,97.76889718428389,97.54901089523824,97.54901089523824,17000
2021-10-05,97.28913879394531,97.42907266306645,97.22917258247081,97.31912952509094,29900
2021-10-06,97.35911560058594,97.35911560058594,97.17920932955717,97.20919243716048,8200
2021-10-07,97.15921020507812,97.4890396215319,97.14921329461966,97.31913027078,13500
2021-10-08,97.36910247802734,97.41907940640273,97.1792069260999,97.3091362643038,4800
2021-10-11,97.28913879394531,97.49903578492282,97.28913879394531,97.39908193192082,9700
2021-10-12,97.03926086425781,97.14920399254865,96.94931155496953,97.14920399254865,15000
2021-10-13,97.74890899658203,97.7688951927205,97.30913642744896,97.32912262358744,9000
2021-10-14,97.76888275146484,98.01875211114712,97.69891963577011,98.01875211114712,9200
2021-10-15,97.82884979248047,97.82884979248047,97.55899423690019,97.65894045654446,8000
2021-10-18,97.76888275146484,97.83884586715956,97.64894271367058,97.7388996483682,119900
2021-10-19,97.83885192871094,98.18866752885721,97.77888571880248,98.11870440882795,20800
2021-10-20,98.20865631103516,98.24863632405922,97.89881311645055,97.89881311645055,26300
2021-10-21,98.3086166381836,98.39856596133964,98.25863970837987,98.33859974590229,6500
2021-10-22,98.50849914550781,98.58845917494475,98.38856672676052,98.46851913078935,25100
2021-10-25,98.10872650146484,98.32860517176385,98.06874648175346,98.29862206333257,141600
2021-10-26,98.10872650146484,98.128712698616,98.00877263948186,98.05874957047335,4700
2021-10-27,98.29861450195312,98.41855455186118,98.22865137919221,98.29861450195312,48300
2021-10-28,98.93827056884766,98.97825058186768,98.47851185722902,98.47851185722902,47700
2021-10-29,98.47852325439453,98.94827892998612,98.31861080921514,98.94827892998612,17500
2021-11-01,99.21814727783203,99.21814727783203,98.80836538871307,98.80836538871307,25600
2021-11-02,98.61844635009766,98.80834952149658,98.59846015461754,98.80834952149658,16700
2021-11-03,98.94827270507812,99.04821893020363,98.7383833446921,98.78835264455076,9800
2021-11-04,98.84832763671875,98.87831074206646,98.6784182894762,98.83833072646675,10700
2021-11-05,98.85832977294922,98.90829907603418,98.42855411429336,98.46852650659785,30600
2021-11-08,98.71839141845703,98.77836525500956,98.508502054044,98.60845590649545,27100
2021-11-09,98.9582748413086,99.04822416104942,98.65842852468866,98.79835477233567,21000
2021-11-10,98.12870025634766,98.85832217910179,98.12870025634766,98.8383283590767,93300
2021-11-11,97.81885528564453,97.9887646125089,97.80885837659152,97.88881839820088,16000
2021-11-12,97.9088134765625,97.95879040095582,97.59897789646647,97.61896409097895,49700
2021-11-15,97.35911560058594,97.94880371787485,97.35911560058594,97.89882678826342,13500
2021-11-16,96.84937286376953,97.15920845372138,96.80939284806473,97.01928221145872,29700
2021-11-17,97.10923767089844,97.18919007567938,96.81938828051904,96.84937138548791,26700
2021-11-18,97.37909698486328,97.42907391200494,97.15921070609356,97.2291738288468,23100
2021-11-19,97.05925750732422,97.35910379782503,97.02927440335573,97.30912687427225,8000
2021-11-22,96.58950805664062,96.99929750484718,96.57951114620894,96.90934056177883,32900
2021-11-23,96.56951141357422,96.7294238361386,96.50953758288094,96.53952068552378,13600
2021-11-24,96.47955322265625,96.55951324559999,96.16971766550867,96.25966697226474,34200
2021-11-26,97.61896514892578,97.73890519352477,97.26914955060556,97.26914955060556,27000
2021-11-29,97.53900909423828,97.5490060047143,97.34911354764449,97.39908284920773,19900
2021-11-30,98.12870025634766,98.3785696288047,97.43905834823562,98.24864030027395,14700
2021-12-01,97.84884643554688,98.20865893697652,97.84884643554688,98.17867583275871,35500
2021-12-02,97.86883544921875,98.15868484068729,97.83885234413722,98.15868484068729,19600
2021-12-03,98.148681640625,98.298604781833,97.84884298361672,98.04873542162224,29700
2021-12-06,97.35911560058594,97.70893123163944,97.26915865236712,97.70893123163944,19400
2021-12-07,97.42906188964844,97.45904499207025,97.22916183115716,97.34910186625193,8800
2021-12-08,97.94879913330078,97.95879604383693,97.50902657461239,97.64895282048442,13900
2021-12-09,97.49903106689453,97.57898346985547,97.2691478916858,97.55899727546723,15300
2021-12-10,97.83885192871094,97.89881813861939,97.53900562835231,97.53900562835231,13700
2021-12-13,97.64894104003906,97.79886417836039,97.5589917322908,97.74889488252501,20500
2021-12-14,97.40907287597656,97.8288515814033,97.40907287597656,97.79886847750252,13400
2021-12-15,97.45905303955078,97.45905303955078,96.94931738006707,97.34910990465414,18900
2021-12-16,97.97876739501953,98.00875049667681,97.60896564070325,97.83884117034731,14300
2021-12-17,97.44905090332031,97.85884031603257,97.38908469674107,97.84884340646677,31600
2021-12-20,97.70893096923828,97.93880654385231,97.61897402126105,97.63896784321547,12300
2021-12-21,97.45905303955078,97.54900235424358,97.32911608445029,97.45905303955078,26000
2021-12-22,97.99877166748047,97.99877166748047,97.61896533821792,97.7888746826732,9300
2021-12-23,98.09872436523438,98.09872436523438,97.82886115290832,97.88883499198559,10500
2021-12-27,98.10872650146484,98.13870960989611,97.88884020575678,97.88884020575678,24400
2021-12-28,98.148681640625,98.21864475646771,98.01875231846218,98.06872924066742,15800
2021-12-29,98.41854858398438,98.56847173092632,98.24863924264058,98.24863924264058,20000
2021-12-30,98.44853973388672,98.50850594740096,98.36857969892864,98.50850594740096,16000
2021-12-31,98.71839141845703,98.84832837648057,98.52849587469763,98.58846208584183,19500
2022-01-03,97.99877166748047,98.17867792202374,97.83885160770505,98.17867792202374,56700
2022-01-04,98.2186508178711,98.39855707334178,98.07872457755036,98.07872457755036,25000
2022-01-05,98.09872436523438,98.39856305898608,98.01876433007045,98.39856305898608,35000
2022-01-06,97.61896514892578,98.12870080671132,97.57898513405945,98.09871770191361,17300
2022-01-07,97.97876739501953,97.97876739501953,97.57897491363862,97.57897491363862,16600
2022-01-10,97.01927947998047,97.27914576204127,97.01927947998047,97.19918573288285,18700
2022-01-11,97.42906188964844,97.42906188964844,96.98928938637516,97.04925559121878,6100
2022-01-12,98.47852325439453,98.55848328968855,97.86884132974274,97.86884132974274,60100
2022-01-13,98.74836730957031,98.94825973361675,98.74836730957031,98.8083335117028,60700
2022-01-14,98.48851776123047,98.69840712969777,98.43854083403939,98.65842711302659,13600
2022-01-18,98.10872650146484,98.24865275775015,98.02876646204209,98.24865275775015,16700
2022-01-19,98.19865417480469,98.33858040023748,98.15867416390856,98.15867416390856,15300
2022-01-20,97.98876953125,98.39855131810491,97.98876953125,98.19865887945487,11300
2022-01-21,98.64842987060547,98.76836992021546,98.57846674801843,98.66842369157803,38700
2022-01-24,98.3885726928711,98.56847895730935,98.20866642843284,98.3485926757283,23100
2022-01-25,97.95880126953125,97.95880126953125,97.78888428298642,97.87884123179356,40500
2022-01-26,97.35911560058594,97.8588543950649,97.28914484896639,97.8588543950649,15700
2022-01-27,96.53953552246094,96.6894586841241,96.33964305718257,96.61949555873579,102200
2022-01-28,96.54953002929688,96.72943629373131,96.48956381628825,96.53953311865925,25500
2022-01-31,96.97930908203125,97.16921226376157,96.54953341444764,96.55953032543576,16500
2022-02-01,97.58898162841797,97.63895855314003,97.35910607567597,97.55899852374797,42500
2022-02-02,97.77887725830078,97.95878349786759,97.76888034904498,97.90880657699611,11000
2022-02-03,97.54900360107422,97.95879304100096,97.54900360107422,97.78887606872914,12300
2022-02-04,97.17919921875,97.30912854664912,97.12922229433832,97.30912854664912,17000
2022-02-07,97.36910247802734,97.44906251326451,97.23917313982344,97.23917313982344,14500
2022-02-08,97.13922119140625,97.33911364232594,97.1292242812378,97.33911364232594,7600
2022-02-09,97.29913330078125,97.40907643604088,97.29913330078125,97.3890902411792,5800
2022-02-10,97.04925537109375,97.4090678501544,96.6594597896793,96.78938910834829,14900
2022-02-11,97.16920471191406,97.27914784801237,96.90933842428092,97.09924159125224,12300
2022-02-14,97.10923767089844,97.20918389593074,96.97930071548909,97.20918389593074,8500
2022-02-15,97.15921020507812,97.24916714838754,96.94932083790076,97.24916714838754,145500
2022-02-16,97.54900360107422,97.64894982714641,97.2991342231896,97.2991342231896,13500
2022-02-17,97.76888275146484,97.82884895765812,97.57897959797585,97.61895961057394,24200
2022-02-18,97.55900573730469,97.83885823546116,97.53901191577427,97.67894579026118,15200
2022-02-22,97.5190200805664,97.77888636757424,97.48903697541324,97.77888636757424,13300
2022-02-23,97.95880126953125,98.03875368186004,97.84885812399415,97.86884432072412,16900
2022-02-24,97.14920806884766,97.5190174818344,96.79939247570236,97.5190174818344,22300
2022-02-25,97.09923553466797,97.12921863802308,96.82937235365641,97.00927859919486,14700
2022-02-28,97.99877166748047,98.04874096710417,97.73890538304948,97.8688347125609,26900
2022-03-01,97.85884094238281,97.85884094238281,97.64894396719646,97.84884403275304,29800
2022-03-02,97.61896514892578,97.67893898392936,97.26914955060556,97.54900202926174,30300
2022-03-03,97.79887390136719,97.84885082757879,97.5789876266895,97.6689445687887,8200
2022-03-04,97.95880126953125,97.95880126953125,97.67894876285821,97.7289180673876,13500
2022-03-07,97.07923889160156,97.20917583623775,96.92932337918683,97.20917583623775,28900
2022-03-08,96.72943115234375,96.9393205121264,96.59950182259492,96.9393205121264,26800
2022-03-09,96.98930358886719,97.08924982004454,96.78940350110382,96.80939732258449,12500
2022-03-10,96.529541015625,96.86935971329893,96.5195441052792,96.62948724285802,41300
2022-03-11,96.08975982666016,96.40959230029729,96.0697736331737,96.38960610681083,19600
2022-03-14,95.75992584228516,96.15971832147335,95.74993655872574,96.01979209756857,19600
2022-03-15,95.44010925292969,95.78992487085578,95.25021370343185,95.66999244494316,129200
2022-03-16,95.59001922607422,95.62999923766687,95.11027433777743,95.46008990745374,193900
2022-03-17,95.8199234008789,96.21970835366821,95.67999714232081,95.67999714232081,28000
2022-03-18,96.36962127685547,96.3996043825857,95.80991630213556,95.80991630213556,7200
2022-03-21,96.209716796875,96.60950936563749,96.16973677745784,96.52954932680319,17300
2022-03-22,96.31963348388672,96.37959968383458,96.19969345858408,96.37959968383458,10500
2022-03-23,96.42959594726562,96.54952837122323,95.96982957073332,95.96982957073332,6000
2022-03-24,96.51954650878906,96.54952961516477,96.32964333453155,96.39960645787771,12100
2022-03-25,96.5095443725586,96.709444446587,96.44957816305413,96.63948132702909,9900
2022-03-28,96.04978942871094,96.16972947785854,95.87988007814148,96.09976635554122,15800
2022-03-29,96.529541015625,96.529541015625,96.29965783012155,96.32964093575062,16100
2022-03-30,97.2491683959961,97.36910082140267,96.90934206472421,96.90934206472421,8700
2022-03-31,97.16920471191406,97.48903720999783,97.08924468104105,97.08924468104105,19700
2022-04-01,97.01927947998047,97.05925949455968,96.78939630250207,96.89933943624285,11200
2022-04-04,96.92933654785156,97.09924590194358,96.85937342408376,97.06926279538717,43700
2022-04-05,96.58950805664062,97.1492130342804,96.5495280403223,97.12922683882543,14700
2022-04-06,96.24968719482422,96.31965031545822,96.13974405876962,96.17972407419023,11700
2022-04-07,96.1197509765625,96.2896603243488,96.06978167595916,96.1997110080178,9000
2022-04-08,96.08975982666016,96.1597229419743,95.79991045595656,95.86987357127069,9600
2022-04-11,96.36962127685547,96.449581309075,96.09976569987505,96.09976569987505,17000
2022-04-12,96.22970581054688,96.60951219342233,96.22970581054688,96.47957522016105,9900
2022-04-13,96.00980377197266,96.17972073796831,95.92985136931303,95.92985136931303,7500
2022-04-14,95.16024780273438,95.5600403107706,95.12026778938996,95.5600403107706,18900
2022-04-18,94.99034881591797,95.18025199364519,94.83042874511428,95.04031811898761,26500
2022-04-19,94.27071380615234,94.85041256356658,94.24073070239089,94.84041565384346,16500
2022-04-20,94.60054016113281,94.8104295061322,94.53057704613302,94.570557058334,13500
2022-04-21,94.17076873779297,94.55056743243316,93.97086866792343,94.4806043143308,10600
2022-04-22,93.71102142333984,93.83095385445387,93.55110134797594,93.83095385445387,14100
2022-04-25,93.47113037109375,93.8509366929287,93.47113037109375,93.8109566787667,146200
2022-04-26,93.23126983642578,93.76099174736314,93.18130053138788,93.72101172808743,33300
2022-04-27,92.56160736083984,92.70153359396792,92.47165042502448,92.54161354158852,14700
2022-04-28,92.291748046875,92.4116880911864,92.06187249370495,92.09185559843077,11300
2022-04-29,92.15182495117188,92.71153755164205,92.14183566619461,92.36172194222843,10700
2022-05-02,91.70206451416016,91.9019569724745,91.62210448067103,91.86198458113843,49100
2022-05-03,91.6321029663086,92.06187862193964,91.5121629140132,92.06187862193964,10600
2022-05-04,92.10185241699219,92.12183861165352,91.1123718349823,91.39222431268949,45800
2022-05-05,91.04240417480469,91.2423042552314,90.67260237047992,91.2423042552314,18600
2022-05-06,90.70259094238281,91.17234662793494,90.64262472734512,90.91248032042357,13000
2022-05-09,90.24283599853516,90.50270231707763,89.96298348260133,90.45272538548554,224000
2022-05-10,90.05291748046875,90.36276067786287,89.97295745369557,90.31278375477766,51300
2022-05-11,90.13287353515625,90.73255845871174,90.13287353515625,90.4627029120044,16100
2022-05-12,89.27333068847656,89.75308324738296,89.2033675679494,89.73308942699907,16000
2022-05-13,89.38327026367188,89.58316270709845,89.25334093798539,89.25334093798539,9600
2022-05-16,89.42325592041016,89.49321904256522,89.07344030963489,89.213366553945,20700
2022-05-17,90.15287017822266,90.33277643868367,90.11289778737212,90.17286399905632,11400
2022-05-18,90.73255920410156,90.8624961493012,89.912988022581,89.912988022581,21000
2022-05-19,92.25178527832031,92.38171462081839,92.04188827253346,92.08186829147338,17100
2022-05-20,91.93193817138672,92.04187367427411,91.7820150304927,92.04187367427411,13500
2022-05-23,92.76151275634766,92.91143592004026,92.69154963001229,92.74152655971278,20500
2022-05-24,93.271240234375,93.54109580488802,93.05135396374533,93.05135396374533,21400
2022-05-25,93.15130615234375,93.24126309854582,92.97139988534832,93.24126309854582,18400
2022-05-26,93.42115783691406,93.45114094014512,93.23125468257366,93.4111609273678,135600
2022-05-27,93.57108306884766,93.80095861569305,93.46113993760581,93.65103547078071,12600
2022-05-31,93.32122039794922,93.61106979880002,93.32122039794922,93.4611466431312,15800
2022-06-01,93.02136993408203,93.28123621728017,92.82147748571923,93.28123621728017,12200
2022-06-02,93.52111053466797,93.53110744490675,93.25125496148686,93.46114432405179,10100
2022-06-03,93.05135345458984,93.14131039454075,92.94141031987658,93.14131039454075,4900
2022-06-06,92.25178527832031,92.95141654624678,92.22179454505867,92.95141654624678,14100
2022-06-07,92.09185791015625,92.1518241211132,91.81200542514613,91.81200542514613,15500
2022-06-08,91.52214813232422,91.9619206424823,91.52214813232422,91.86197442437573,7800
2022-06-09,91.35224914550781,91.93194795175297,91.35224914550781,91.93194795175297,4300
2022-06-10,90.65260314941406,90.80252629445084,90.56265383763674,90.80252629445084,24000
2022-06-13,89.73308563232422,90.28280128851115,89.73308563232422,90.17285815727377,21400
2022-06-14,89.43325805664062,90.0929093004464,89.25335178552835,90.02294617420323,27400
2022-06-15,90.05291748046875,90.11289131325256,89.17338006218735,89.40325560740041,25300
2022-06-16,92.68156433105469,92.98140304592846,92.05188854154228,92.07188236444604,152600
2022-06-17,92.2217788696289,92.8914345412866,92.0418726276833,92.80147760761,26400
2022-06-21,92.5516128540039,92.88144225154349,92.5516128540039,92.56160976388911,56100
2022-06-22,93.07135009765625,93.36119949565443,92.87145001692903,93.00138697575382,21700
2022-06-23,93.21127319335938,93.5510918810061,93.08133623892306,93.18129008861503,12900
2022-06-24,93.42115783691406,93.84093653296445,93.2912208890358,93.7609765074098,11400
2022-06-27,93.5810775756836,93.71101453371602,93.36119892633704,93.3711882112562,5900
2022-06-28,93.48112487792969,93.6410449304667,93.42115867093221,93.4911217875652,13700
2022-06-29,93.71102142333984,93.94089699991432,93.71102142333984,93.87093387329483,23600
2022-06-30,93.75098419189453,93.86092731712533,93.31121169097136,93.60106105517913,8100
2022-07-01,93.24127197265625,93.3012381922257,92.83148247117322,92.98140564550626,25200
2022-07-05,92.46166229248047,92.58159470785107,92.24177603042385,92.48164848657294,85400
2022-07-06,92.20178985595703,92.2717529687176,91.9019435867503,92.19179294687484,47200
2022-07-07,91.85197448730469,92.05186691692894,91.81199447629837,91.96191761122024,10700
2022-07-08,91.64209747314453,91.69206677456707,91.38223117935874,91.5821236358657,236000
2022-07-11,91.12236022949219,91.43220343427687,90.9324646931362,91.03241091628273,50000
2022-07-12,91.13236236572266,91.23230859460094,91.062399242967,91.14235927623302,10100
2022-07-13,91.43220520019531,91.65208384520119,91.10237579457423,91.2023220196511,10000
2022-07-14,90.97244262695312,91.07239648160001,90.52268078267619,90.6826008497844,22600
2022-07-15,91.5521469116211,91.58213001964629,91.13236814845051,91.29228059972118,169200
2022-07-18,91.52214813232422,91.88196061783398,91.52214813232422,91.58211433810663,13500
2022-07-19,92.291748046875,92.54161742013434,92.291748046875,92.501645030772,123500
2022-07-20,92.01188659667969,92.31173286551571,91.90194347313363,92.29173904737604,8400
2022-07-21,92.44166564941406,92.44166564941406,92.09185007292153,92.1318300852932,6500
2022-07-22,92.97138977050781,93.14130673364585,92.59159108168602,92.59159108168602,248800
2022-07-25,92.73152160644531,92.77150162165663,92.60159227606472,92.71153541154376,8200
2022-07-26,92.87144470214844,93.02136784776206,92.78149539002503,92.82147540388252,8900
2022-07-27,93.26123809814453,93.32121193021526,92.64156696153988,93.06134565899615,93900
2022-07-28,93.64104461669922,93.6710277200975,93.41116144829948,93.49112147430007,8600
2022-07-29,93.89092254638672,94.0208518814378,93.25125753082855,93.40117306149963,63300
2022-08-01,94.1008071899414,94.18076721922351,93.96088095140178,94.14078720458245,43100
2022-08-02,93.43115997314453,93.8009617675586,93.43115997314453,93.8009617675586,16800
2022-08-03,93.09132385253906,93.09132385253906,92.68154208627512,92.83145759502573,15300
2022-08-04,93.64104461669922,93.68102462969951,93.1213120731032,93.1213120731032,6800
2022-08-05,92.99139404296875,93.02137715000823,92.721530828796,92.83147397154657,26700
2022-08-08,93.50111389160156,93.85092945678736,93.4411400622787,93.4411400622787,13100
2022-08-09,93.73099517822266,93.96087834969138,93.69101516468862,93.96087834969138,16100
2022-08-10,94.84040832519531,95.10027458006022,94.81042522375076,94.87039142663986,29600
2022-08-11,94.9103775024414,95.39013003243544,94.89039130867022,95.29017618735618,14800
2022-08-12,94.93037414550781,94.95036033987354,94.65051404653178,94.9103803257341,11200
2022-08-15,94.44062042236328,94.86040673914776,94.40064041003106,94.86040673914776,10100
2022-08-16,94.16077423095703,94.22074044074427,94.01085108108077,94.15077732085643,19600
2022-08-17,93.95088958740234,94.07082963840567,93.75099712780533,93.86094026820625,14400
2022-08-18,93.52111053466797,93.9508861700366,93.4211643085049,93.9508861700366,92900
2022-08-19,93.271240234375,93.35120026467818,93.16129709906016,93.35120026467818,48700
2022-08-22,92.70152282714844,93.25123841159618,92.61157352718803,93.25123841159618,39500
2022-08-23,92.7115249633789,92.93141120955683,92.28174938005134,92.35171249243456,683300
2022-08-24,92.45166778564453,92.59159402415233,92.31174154713675,92.41168777101258,117300
2022-08-25,92.7115249633789,92.76149425770558,92.57159873861248,92.65155113461662,15300
2022-08-26,92.45166778564453,93.13131278357154,92.40169086100258,93.13131278357154,26800
2022-08-29,92.27175903320312,92.38170216411102,92.151818992556,92.37170525437178,13700
2022-08-30,91.7920150756836,92.03189517939907,91.58212570398899,91.94193823415361,460000
2022-08-31,91.36224365234375,91.72204854373075,91.20232358914214,91.26228980013859,6000
2022-09-01,91.03241729736328,91.15234972338277,90.66260785784984,91.10238042101084,131200
2022-09-02,91.05239868164062,91.26228804149189,90.87249242670981,90.92246935184933,28600
2022-09-06,90.73255920410156,90.89247925191415,90.64260989626267,90.89247925191415,24500
2022-09-07,91.49217224121094,91.49217224121094,90.83251342397688,90.91247345492796,6400
2022-09-08,92.03189086914062,92.03189086914062,91.66208144562218,91.74204147644913,9100
2022-09-09,93.00139617919922,93.05136548526973,92.89145303027134,92.89145303027134,557800
2022-09-12,93.61107635498047,93.88093195375728,93.50113320815055,93.63106255194546,13900
2022-09-13,92.88143920898438,93.17128858289644,92.88143920898438,92.92141922180754,7300
2022-09-14,92.76151275634766,93.04136526168914,92.71154345205603,92.94141902769701,12700
2022-09-15,92.91143798828125,93.23127051942093,92.89145179120148,93.17130430277257,8800
2022-09-16,92.59159851074219,92.85146480573783,92.45167226545418,92.72152784553577,13400
2022-09-19,92.58160400390625,92.58160400390625,92.24178529235806,92.25178220311203,3600
2022-09-20,92.6015853881836,92.7415116183111,92.30173910910602,92.30173910910602,60800
2022-09-21,92.45166778564453,92.74151717267013,92.00190596549923,92.74151717267013,81800
2022-09-22,91.4122085571289,91.44219166118528,90.88248671771184,91.16233918944856,468900
2022-09-23,90.95246124267578,91.46219695178769,90.75256877362467,91.45220004071247,37100
2022-09-26,89.90299987792969,90.5226786855049,89.63314430269706,90.28280621580831,37000
2022-09-27,89.98295593261719,90.43272537200401,89.98295593261719,90.42272846213106,5300
2022-09-28,91.47217559814453,91.54213871671575,90.55265814680607,90.55265814680607,9700
2022-09-29,91.36224365234375,91.38222984753979,90.82252487715078,91.02241733074449,4900
2022-09-30,90.41273498535156,91.21232004657303,90.40273807509902,90.95245375786482,18900
2022-10-03,89.88300323486328,90.39273884595003,89.7930463033033,90.17285259703388,54000
2022-10-04,91.1723403930664,91.18233730335865,90.43272916501454,90.43272916501454,13500
2022-10-05,90.79253387451172,90.92247083182622,90.52267830042705,90.6126352420608,6900
2022-10-06,90.11288452148438,90.37274315079999,90.05291069322077,90.2827938465155,229600
2022-10-07,89.72308349609375,90.052912870593,89.72308349609375,90.0229297684399,117900
2022-10-10,89.23334503173828,89.35328507023426,89.19336501890628,89.30330814784233,19600
2022-10-11,89.55317687988281,89.99294939253765,89.37327063610654,89.51319686733167,134400
2022-10-12,89.45323944091797,89.58316877540578,89.2433500734799,89.58316877540578,9200
2022-10-13,89.32330322265625,89.44323563743049,88.67364134946703,88.7635906605477,473600
2022-10-14,88.76359558105469,89.0134649595627,88.7036293703434,88.96349565910606,8300
2022-10-17,89.60315704345703,89.64313705745451,89.35328767502877,89.35328767502877,5300
2022-10-18,89.74308776855469,89.74308776855469,89.47322456692555,89.56318150927139,17000
2022-10-19,88.80358123779297,88.9734905958737,88.71363191601216,88.9535043995031,11700
2022-10-20,88.87353515625,89.19336764290745,88.78358584378759,88.95349518426636,2900
2022-10-21,89.45323944091797,89.48322254692219,88.33382185583989,88.46375881573614,11500
2022-10-24,89.08342742919922,89.25334440065262,88.96349500865355,88.96349500865355,4600
2022-10-25,89.68312072753906,89.72309311775811,89.44324063377506,89.44324063377506,9200
2022-10-26,90.4227294921875,90.57265264035763,90.05292007675558,90.05292007675558,236800
2022-10-27,89.98295593261719,90.28280222554173,89.96296973827927,90.15286527341736,230000
2022-10-28,89.56317901611328,89.62314522573566,89.4132558666492,89.45323588153349,5200
2022-10-31,89.08342742919922,89.16338745983515,88.95349809847201,88.99347811378998,7000
2022-11-01,89.22335052490234,89.68311687214762,89.17338122657253,89.68311687214762,7200
2022-11-02,89.00347137451172,89.80304877186079,89.00347137451172,89.58316250933221,4000
2022-11-03,88.06396484375,88.29384040298173,88.03398173823355,88.16391107060764,9600
2022-11-04,89.74308776855469,89.83303708549217,89.18338279541035,89.18338279541035,6400
2022-11-07,90.20284271240234,90.35276585972063,90.04292265515403,90.15286578816024,13300
2022-11-08,90.47270202636719,90.67260210621129,90.41273581511813,90.43272963580671,227600
2022-11-09,90.56266021728516,90.91247583007498,90.45271707820714,90.69258955191896,7000
2022-11-10,92.3717041015625,92.41168411461258,91.64208983326985,91.64208983326985,34200
2022-11-11,94.78044891357422,94.92037514727971,93.66103141852237,93.6810252378562,22400
2022-11-14,94.60054016113281,94.77044949393122,94.09080453732997,94.09080453732997,67100
2022-11-15,94.47061157226562,94.6305316352165,94.19075908750992,94.52058849828985,73100
2022-11-16,94.43062591552734,94.73046455332391,94.43062591552734,94.73046455332391,43200
2022-11-17,93.7409896850586,93.78096969756781,93.40116339143415,93.73099277557937,53800
2022-11-18,93.55109405517578,93.85094036040402,93.49112784429344,93.65104028178243,11900
2022-11-21,93.04135131835938,93.28123139448228,92.9613989183928,93.16129135642083,257600
2022-11-22,93.70101928710938,93.71101619761437,93.61106996878982,93.69102237660438,222700
2022-11-23,94.7304916381836,94.77047165973546,94.06084343436092,94.06084343436092,13500
2022-11-25,94.30070495605469,94.34068497295051,93.93090314423326,93.93090314423326,3100
2022-11-28,93.88092803955078,94.53058998225679,93.88092803955078,94.41064992924056,10100
2022-11-29,93.50111389160156,93.80095253658621,92.35171335564189,93.42115386944269,11900
2022-11-30,94.2307357788086,94.5305820735588,93.74099394776408,93.93089710946641,4200
2022-12-01,95.21022033691406,95.23020652996105,94.91037406335677,94.91037406335677,22900
2022-12-02,95.15026092529297,95.18025165751926,94.6005528410161,94.96036537364505,12200
2022-12-05,94.53058624267578,95.05031120103533,94.53058624267578,95.03032500569427,8100
2022-12-06,94.77045440673828,94.9903406725385,94.59054815521156,94.92037755391188,39300
2022-12-07,94.8204345703125,95.14026707001898,94.78045455467316,95.04031321821648,16600
2022-12-08,95.26020050048828,95.30018051655108,94.96036181812984,94.96036181812984,13200
2022-12-09,95.40013122558594,95.66999444033502,95.3301681005415,95.44011124352687,19300
2022-12-12,95.25020599365234,95.56004156939254,95.0902859381684,95.56004156939254,11300
2022-12-13,95.94983673095703,96.54952168544393,95.92985053681757,96.46956165807023,20200
2022-12-14,96.56951141357422,96.61948070950977,96.13973581640904,96.13973581640904,7700
2022-12-15,96.00980377197266,96.4895563149703,95.81990823707207,96.33963316869554,32400
2022-12-16,95.44010925292969,95.82990488796284,95.44010925292969,95.82990488796284,9500
2022-12-19,95.90985870361328,95.9398418081474,95.46009688478529,95.61002003286397,42100
2022-12-20,96.19971466064453,96.46957024529202,95.92985907599706,95.92985907599706,17200
2022-12-21,96.24968719482422,96.28965958483658,96.0797702229346,96.1497333435686,8900
2022-12-22,95.74994659423828,95.90985902742955,95.72995277420932,95.83989590814434,8800
2022-12-23,95.4700927734375,95.71996216238384,95.41012656022113,95.65999594916747,18300
2022-12-27,95.91984558105469,96.11973800731356,95.7099562458607,95.7099562458607,15400
2022-12-28,96.039794921875,96.33964123954412,95.97982870850461,96.27967502617375,213000
2022-12-29,96.61949920654297,96.79940548224926,96.37962671407092,96.58951609816009,27000
2022-12-30,96.45957946777344,96.89934439985522,96.31965322228262,96.64947501499185,24400
2023-01-03,95.24021911621094,95.65000095709007,94.97035590050703,95.39014227766769,94800
2023-01-04,95.86988830566406,96.1297546133734,95.77993898303902,96.06978839829002,139300
2023-01-05,95.25020599365234,95.33015839598636,95.1802428757301,95.22021526419314,2700
2023-01-06,96.06979370117188,96.15974302876198,94.95037599690316,94.95037599690316,32400
2023-01-09,96.79939270019531,97.21917141294318,96.78939579025139,96.85936653445076,13800
2023-01-10,96.61949920654297,96.8393855018961,96.53953916724927,96.76942237386638,3400
2023-01-11,95.7099609375,96.04977960387922,95.6000178100461,96.04977960387922,15400
2023-01-12,96.0597915649414,96.15973779863074,95.90986840170298,95.90986840170298,6900
2023-01-13,96.2796630859375,96.2796630859375,95.76992745927889,95.76992745927889,6300
2023-01-17,96.64945983886719,96.99928302307264,96.62947364639612,96.929319911313,5400
2023-01-18,97.26914978027344,98.03874409839506,97.23916667540493,98.03874409839506,20400
2023-01-19,97.38909149169922,97.42907150734409,97.17920212861983,97.26915144476459,7300
2023-01-20,96.87934875488281,96.89933494854276,96.62947939439105,96.63947630392488,5500
2023-01-23,96.64945983886719,96.74941367744434,96.48954742287685,96.48954742287685,8600
2023-01-24,96.56951141357422,96.63947452821006,96.12973890705891,96.34962516031656,26600
2023-01-25,97.06925201416016,97.10923202693108,96.68944570554021,96.68944570554021,7200
2023-01-26,96.83937072753906,96.96930005251178,96.59949827166332,96.9193307546336,6200
2023-01-27,96.74942016601562,96.78939255363854,96.46956007480078,96.5595170104718,11800
2023-01-30,96.30965423583984,96.59950363108274,96.30965423583984,96.44958047831457,13100
2023-01-31,97.36910247802734,97.36910247802734,96.51954807350626,96.51954807350626,21300
2023-02-01,98.10872650146484,98.128712698616,97.1092488849075,97.24917514119281,27500
2023-02-02,97.5989761352539,98.01875484111373,97.49902991367888,98.01875484111373,29400
2023-02-03,96.2197036743164,96.59951003656838,96.2197036743164,96.30966062210565,77500
2023-02-06,96.00980377197266,96.12974381407406,95.9798206677993,96.12974381407406,119800
2023-02-07,96.689453125,96.69945003531178,96.17972508022413,96.17972508022413,3200
2023-02-08,96.74942016601562,96.94931260576129,96.72942634679639,96.78939255363854,8500
2023-02-09,96.54953002929688,97.18919505275075,96.54953002929688,97.18919505275075,9500
2023-02-10,96.45957946777344,96.58950880275535,96.33963941789197,96.48956257389169,27200
2023-02-13,96.89934539794922,96.91933921917298,96.52954358480376,96.52954358480376,5900
2023-02-14,96.70944213867188,97.11922393618669,96.52953588904373,96.97929770041011,12400
2023-02-15,96.42959594726562,96.44958214278908,96.23969277545483,96.37961902034432,9900
2023-02-16,96.2796630859375,96.44957241968781,96.10975375218719,96.28965236998799,21300
2023-02-17,96.31963348388672,96.38959659229486,95.68995788280647,95.68995788280647,7100
2023-02-21,96.039794921875,96.18971808070957,95.84989937106592,96.13974877803712,10100
2023-02-22,95.59001922607422,96.14972413755632,95.59001922607422,96.06977173977853,3800
2023-02-23,95.40013122558594,95.4900881723052,95.32017881511281,95.44011124352687,9200
2023-02-24,94.70049285888672,94.95036223318458,94.66051284395009,94.95036223318458,7000
2023-02-27,95.21022033691406,95.26018963223528,94.98033717713248,95.02031718863395,4000
2023-02-28,94.60054016113281,95.28018511773406,94.60054016113281,95.11027578493567,4700
2023-03-01,94.76045989990234,95.00033999162657,94.75047061513666,95.00033999162657,28200
2023-03-02,94.60054016113281,94.69048946952928,94.43063082833442,94.56056014893184,7300
2023-03-03,95.15026092529297,95.15026092529297,94.76046528584638,95.00034539120479,6600
2023-03-06,95.5400390625,95.6100097994679,95.35014354563955,95.35014354563955,11900
2023-03-07,94.52058410644531,94.95035972389611,94.52058410644531,94.95035972389611,5700
2023-03-08,94.62052917480469,94.76045540897493,94.52058295402706,94.68050300759755,21100
2023-03-09,95.37013244628906,95.37013244628906,94.91037375363372,94.91037375363372,4800
2023-03-10,96.63948059082031,97.05925930496986,96.63948059082031,96.72942990439175,27100
2023-03-13,97.71891784667969,98.1087211110965,97.648954722381,97.70892856135747,31800
2023-03-14,97.60897064208984,97.62895683574966,97.1991812306902,97.62895683574966,8700
2023-03-15,95.62000274658203,96.6594601763142,95.61001346269582,96.25966768404682,18200
2023-03-16,95.7799301147461,95.93984254863167,95.57004075597918,95.8898732491585,5600
2023-03-17,96.209716796875,96.24969681629214,95.84990424752965,95.9698366803721,10400
2023-03-20,95.84989166259766,96.32963658179574,95.82989784280974,96.09976103209067,10200
2023-03-21,96.56951141357422,96.63947452821006,96.26966513633057,96.26966513633057,7600
2023-03-22,97.04925537109375,97.04925537109375,96.40959043618761,96.40959043618761,1400
2023-03-23,97.2491683959961,97.55900399550778,97.21917766423591,97.22917457482264,3700
2023-03-24,96.84937286376953,97.02927912173699,96.84937286376953,97.00928530118044,2300
2023-03-27,97.20917510986328,97.27913822360323,97.11921817767907,97.17919200760437,5700
2023-03-28,96.93932342529297,96.98930035191803,96.66946784757948,96.98930035191803,2700
2023-03-29,96.9193344116211,96.93932060644491,96.72943124645803,96.72943124645803,4900
2023-03-30,97.4190673828125,97.52901051134211,97.3790873701283,97.46903667961196,19700
2023-03-31,97.339111328125,97.61896380292248,97.32911441819422,97.44905446113944,11100
2023-04-03,97.58898162841797,97.60897544847003,97.3391122556239,97.3391122556239,36200
2023-04-04,98.3086166381836,98.3485966569448,97.71892089321692,97.71892089321692,32100
2023-04-05,98.26863098144531,98.90829599410726,95.92985720866415,98.44853724284451,27300
2023-04-06,98.44853973388672,98.54848596488,98.3086134854144,98.3086134854144,10700
2023-04-10,97.91881561279297,97.91881561279297,97.64895240731838,97.79887556309221,5000
2023-04-11,98.58845520019531,98.67841213603714,98.33858583733483,98.33858583733483,26600
2023-04-12,99.31806945800781,99.55794189279504,99.18813251905068,99.37803566035281,10300
2023-04-13,100.1876220703125,100.45748526447825,100.11765895060437,100.31755902506198,27600
2023-04-14,99.65789794921875,99.95774424137652,99.43801168502411,99.92776113724234,7100
2023-04-17,99.12818908691406,99.33807846874136,98.98826283236254,99.33807846874136,7300
2023-04-18,99.27810668945312,99.30808979583276,99.14816972793005,99.21813285128535,24700
2023-04-19,99.17815399169922,99.27810021491602,99.06821085853832,99.26810330497193,7900
2023-04-20,99.66789245605469,99.7678386758949,99.54795241700175,99.54795241700175,9000
2023-04-21,99.83781433105469,99.95775438517101,99.5679587410539,99.95775438517101,17500
2023-04-24,100.27757263183594,100.33753883765489,100.11765258244183,100.15763259479036,56100
2023-04-25,99.82781982421875,100.03770920492025,99.79783671631981,100.02771991922656,12500
2023-04-26,99.92777252197266,100.51746063821578,99.87779559244986,100.49747444165196,19900
2023-04-27,99.58794403076172,99.65790715534047,99.23812840786796,99.33807463935065,13600
2023-04-28,99.617919921875,100.04769554898773,99.58793681714288,99.72786305616486,13600
2023-05-01,99.31806945800781,99.83779433761467,99.31806945800781,99.72785121637736,30700
2023-05-02,99.80782318115234,99.80782318115234,99.08819816526083,99.19814129965582,15200
2023-05-03,100.57742309570312,100.74734007448718,100.15764435486649,100.25759058476923,22300
2023-05-04,100.53743743896484,100.73733751296538,100.27757878087634,100.4275019300247,52200
2023-05-05,99.99773406982422,100.03770646232098,99.45801526621328,99.57794769452101,32300
2023-05-08,100.06768798828125,100.23759732969084,100.06768798828125,100.18762040555484,16800
2023-05-09,100.05768585205078,100.05768585205078,99.57793333179133,99.57793333179133,20200
2023-05-10,100.13764953613281,100.26757886127722,99.9477463778843,100.26757886127722,22000
2023-05-11,99.56795501708984,99.62792122920082,99.39803804042798,99.61792431871284,10900
2023-05-12,99.08819580078125,99.57793762614008,99.08819580078125,99.57793762614008,15800
2023-05-15,99.48799133300781,99.53796063279705,99.33806818282378,99.33806818282378,11800
2023-05-16,99.31806945800781,99.51796188276263,99.2580956302556,99.49797569045003,22400
2023-05-17,99.08819580078125,99.10818962041677,98.6484232736953,98.86830953723828,16100
2023-05-18,98.36857604980469,98.6984054627148,98.2986129281639,98.6984054627148,21900
2023-05-19,98.92827606201172,99.11817158207212,98.63842670197414,98.63842670197414,29400
2023-05-22,99.14815521240234,99.24810905291233,99.02822280444225,99.24810905291233,10800
2023-05-23,98.69841003417969,99.03822874777208,98.66842692714609,98.66842692714609,5300
2023-05-24,98.3885726928711,98.51850202952872,98.28861883730984,98.51850202952872,9300
2023-05-25,98.22864532470703,98.38856538139416,98.12869910198158,98.23864223460198,22500
2023-05-26,98.36857604980469,98.49851300814353,98.09872047359264,98.46852227709033,10100
2023-05-30,98.25862884521484,98.55847514006938,98.1786764419406,98.49850893126168,36400
2023-05-31,97.69892883300781,97.78887815076544,97.32911940071794,97.68893192256527,25200
2023-06-01,98.22864532470703,98.29860844315564,97.8488466281871,97.9587897608075,21900
2023-06-02,97.9288101196289,98.32859502466847,97.8888301040433,98.32859502466847,37100
2023-06-05,98.22864532470703,98.3086053530506,97.67893728701304,97.67893728701304,24100
2023-06-06,98.00875854492188,98.05873546872623,97.85884302432474,97.95878924652548,24400
2023-06-07,97.74890899658203,98.31861090413683,97.74890899658203,98.24864777953918,3900
2023-06-08,98.9582748413086,98.99825485855183,98.6484316140257,98.6484316140257,16400
2023-06-09,98.48851776123047,98.71839332532912,98.44853774455929,98.65842711302659,24400
2023-06-12,97.9288101196289,98.13869948239716,97.74890386219778,98.13869948239716,9400
2023-06-13,98.28861236572266,98.45852933374385,98.14868612764032,98.24863997662034,17800
2023-06-14,98.68840789794922,99.21812976191795,98.61844477677236,98.94827418749534,106600
2023-06-15,99.84780883789062,99.8877888549668,99.34807006255124,99.34807006255124,9700
2023-06-16,99.48799133300781,99.71786688793627,99.48799133300781,99.70787760322332,4400
2023-06-20,99.09819030761719,99.12817341093547,98.90828715272441,99.06820720429891,9900
2023-06-21,99.64790344238281,99.71786656218572,98.98825225929936,98.98825225929936,14300
2023-06-22,99.43801879882812,99.43801879882812,99.2481232505905,99.37805258626977,3000
2023-06-23,99.2081527709961,99.43802835817426,99.06822651130263,99.43802835817426,60200
2023-06-26,99.36805725097656,99.55796042763322,99.33807414422208,99.55796042763322,8300
2023-06-27,99.58794403076172,99.6479102445696,99.41803467470028,99.55796092385778,19500
2023-06-28,99.21814727783203,99.28811041136012,99.0982148348751,99.21814727783203,8900
2023-06-29,98.88831329345703,99.17816270403331,98.87831638263475,99.01824263251176,10700
2023-06-30,99.40802764892578,99.52796768974603,99.14816137318586,99.14816137318586,7000
2023-07-03,99.30807495117188,99.40802116596674,99.14815490717416,99.23811183827472,34600
2023-07-05,99.01823425292969,99.36804984801847,98.98825114840895,99.20813741543849,10900
2023-07-06,99.3780517578125,99.3780517578125,98.98825612861566,99.2181316917787,4000
2023-07-07,100.06768798828125,100.20761422537244,99.64790165159964,99.64790165159964,9500
2023-07-10,100.46746826171875,100.47746517116805,99.93774644202118,99.98772336385998,29200
2023-07-11,101.12713623046875,101.14712242577839,100.75732680126939,100.75732680126939,13400
2023-07-12,102.55638885498047,102.6163550660017,101.96669315344108,101.96669315344108,28400
2023-07-13,103.57585906982422,103.62583599908403,103.17607413738094,103.17607413738094,21900
2023-07-14,103.19605255126953,103.45591883808679,103.13608634100717,103.36596189728502,23000
2023-07-17,103.4559097290039,103.49588974079472,103.2660065793494,103.2660065793494,11700
2023-07-18,103.72576904296875,103.7857352501285,103.52587660216439,103.64580901648388,14300
2023-07-19,103.59585571289062,103.64582501810243,103.37596941881343,103.64582501810243,8200
2023-07-20,102.60636138916016,103.21603563439915,102.5463875552977,103.21603563439915,10300
2023-07-21,102.71629333496094,102.87621338583897,102.69630714130506,102.83623337311947,5600
2023-07-24,102.41645812988281,102.8762168535429,102.38647502568446,102.84623374934455,9000
2023-07-25,102.91621398925781,102.9461970984443,102.41647516839159,102.41647516839159,2700
2023-07-26,103.43592071533203,103.44591762509602,102.96616508672768,103.06611893355168,64500
2023-07-27,102.28652954101562,103.0361377088963,102.28652954101562,103.0361377088963,3700
2023-07-28,102.33649444580078,102.61634690886508,102.24654513641913,102.31650825218522,11100
2023-07-31,101.9866714477539,102.60635016046494,101.9766745389695,101.9766745389695,17600
2023-08-01,101.61688232421875,101.66685925269161,101.3770098434481,101.41698986114466,12400
2023-08-02,101.3270263671875,101.36700638230053,101.02718769195204,101.07715699178719,14000
2023-08-03,101.62687683105469,101.84676311048008,101.49694749567082,101.49694749567082,5100
2023-08-04,101.86675262451172,102.18658514352869,101.86675262451172,102.06665271477779,3100
2023-08-07,101.87674713134766,101.90673023782786,101.6668577605777,101.84676402486745,6700
2023-08-08,101.58688354492188,101.58688354492188,101.34701110115769,101.35700801039171,7900
2023-08-09,101.37701416015625,101.59690045414588,101.37701416015625,101.4669634847471,6800
2023-08-10,101.45697784423828,101.9367228434444,101.45697784423828,101.88675353645712,4400
2023-08-11,101.4869384765625,101.56689850052403,101.42697227129514,101.44695846458174,11200
2023-08-14,101.26705932617188,101.44696558000003,100.81729750430557,100.94722683330052,13400
2023-08-15,101.2470703125,101.49693967889274,101.21707958319023,101.49693967889274,5800
2023-08-16,101.0271987915039,101.24708508607974,101.0271987915039,101.16712504706871,11100
2023-08-17,101.2470703125,101.44696275545103,101.057167153911,101.36700272810745,28600
2023-08-18,100.81729125976562,101.017183695901,100.80729435033656,100.97720368359239,6100
2023-08-21,101.2470703125,101.25705959686202,100.90724400899377,101.00719023046928,6100
2023-08-22,100.99720001220703,101.1171324267055,100.97720619285207,101.01718620615416,5000
2023-08-23,101.30703735351562,101.32702354781195,101.12713110321688,101.12713110321688,452400
2023-08-24,100.5174560546875,100.89725477535218,100.49746985903504,100.81730236733385,20100
2023-08-25,100.5874252319336,100.6374021621856,100.39752204746674,100.41751586973112,15800
2023-08-28,100.60741424560547,100.68736665461476,100.49747110463304,100.49747110463304,16500
2023-08-29,101.29704284667969,101.30703975676899,100.43749158879588,100.43749158879588,7900
2023-08-30,101.15711212158203,101.66684775781944,101.15711212158203,101.65685084817342,10600
2023-08-31,100.6673812866211,100.74734132169658,100.6074150730188,100.70736130415884,3300
2023-09-01,100.40750885009766,101.01719073582949,100.3475426401595,101.01719073582949,3400
2023-09-05,99.93775177001953,100.09767182810342,99.93775177001953,100.0676887235647,9200
2023-09-06,99.75785064697266,99.76784755746897,99.49799197733641,99.49799197733641,12400
2023-09-07,99.59793853759766,99.64790783942858,99.5079815936484,99.52797541470757,6200
2023-09-08,99.55795288085938,99.74785604312083,99.54795597089613,99.6578991042677,6600
2023-09-11,99.82781982421875,99.86779984322031,99.68789357041776,99.71787667831669,31200
2023-09-12,99.75785064697266,99.75785064697266,99.58794129557778,99.58794129557778,3600
2023-09-13,99.5379638671875,99.70788084313507,99.51797767170402,99.69788393268911,12600
2023-09-14,99.25810241699219,99.4879855840449,99.13817000410185,99.4879855840449,12100
2023-09-15,99.10819244384766,99.23812177354819,99.09819553374511,99.1281786386446,6500
2023-09-18,99.09819030761719,99.22811963046566,99.03821647557287,99.03821647557287,27000
2023-09-19,99.04823303222656,99.12819307387458,98.98826681369519,99.12819307387458,5700
2023-09-20,98.91827392578125,99.47797879812147,98.91827392578125,99.20812327050228,3700
2023-09-21,98.37857055664062,98.55847681152277,98.26862742168997,98.31860434681596,16800
2023-09-22,98.03874969482422,98.31860981552482,98.00876658824416,98.16868665721593,28300
2023-09-25,97.50901794433594,97.63895489357994,97.32911169765087,97.63895489357994,8800
2023-09-26,97.13922119140625,97.36909674742307,97.13922119140625,97.36909674742307,14400
2023-09-27,96.57950592041016,96.83937219971403,96.41959348919792,96.8193860053405,8400
2023-09-28,97.15921020507812,97.15921020507812,96.94932083790076,96.94932083790076,7600
2023-09-29,97.14920806884766,97.52901439175513,97.08924186013932,97.52901439175513,7300
2023-10-02,96.94131469726562,97.08124381561035,96.77140185721346,97.08124381561035,7900
2023-10-03,96.57149505615234,96.62146537851146,96.22166467181738,96.4015746085515,13300
2023-10-04,97.08123779296875,97.16119946293801,96.75140924908352,97.11122913838064,18900
2023-10-05,97.4710464477539,97.4710464477539,97.21118244524865,97.2211719353385,6700
2023-10-06,97.79088592529297,97.93082266834729,97.10123745354267,97.13122117506681,5200
2023-10-09,98.17069244384766,98.26064360143602,97.91082083487393,98.0007796180267,15000
2023-10-10,98.31063842773438,98.31063842773438,98.18070641372393,98.22067962913813,3900
2023-10-11,98.58048248291016,98.74040581910621,98.36059933398714,98.66044415100818,7900
2023-10-12,97.870849609375,98.24066664208476,97.870849609375,98.23066952618312,23800
2023-10-13,98.56050109863281,98.81037560549973,98.16070036253278,98.16070036253278,10000
2023-10-16,98.8403549194336,98.85035203442068,98.51051875493947,98.59048042370733,5800
2023-10-17,98.8003921508789,98.86036722620358,98.71044097624065,98.78040554281456,8000
2023-10-18,98.93031311035156,99.02026426800305,98.93031311035156,98.99028054878589,4900
2023-10-19,99.62996673583984,99.64995334175312,99.04025891627053,99.04025891627053,9000
2023-10-20,99.6999282836914,99.79987656136912,99.56999628526685,99.67994167838178,25500
2023-10-23,99.77989196777344,99.8498565261149,99.45005578177869,99.47004238749128,11200
2023-10-24,99.57998657226562,99.57998657226562,99.40007662077967,99.55000285127878,9200
2023-10-25,99.190185546875,99.43007057218398,99.17019894088178,99.30013094375035,13200
2023-10-26,98.88035583496094,98.93033379448175,98.79039703293667,98.92033667746439,5500
2023-10-27,98.64047241210938,98.79039103043078,98.45056532814822,98.6804532521836,7800
2023-10-30,98.67044830322266,98.67044830322266,98.51052495562065,98.6204703507058,26600
2023-10-31,97.79088592529297,98.22067039345735,97.73091848224468,98.22067039345735,8900
2023-11-01,97.94982147216797,97.97980795181456,97.549983948925,97.77989300332631,13200
2023-11-02,98.17972564697266,98.48959608960864,98.09975662104529,98.41962509848871,10200
2023-11-03,99.00938415527344,99.18931064506772,98.85944414273389,98.85944414273389,11300
2023-11-06,98.94940948486328,99.12933598540478,98.94940948486328,99.04936695710494,13200
2023-11-07,98.76947784423828,98.8394488337927,98.65952234261479,98.65952234261479,6400
2023-11-08,98.8994369506836,99.04936934953439,98.73949889022077,98.73949889022077,25200
2023-11-09,98.43962097167969,98.86944495234906,98.39963645879578,98.78947592658126,15600
2023-11-10,98.5595703125,98.59955482677478,98.47960128395044,98.59955482677478,4400
2023-11-13,98.59954833984375,98.6595212941771,98.33965282728954,98.33965282728954,2300
2023-11-14,100.08894348144531,100.1289279964083,99.58914848380773,99.58914848380773,17100
2023-11-15,100.12892150878906,100.23887701124634,100.0389620756509,100.13891954344862,10200
2023-11-16,100.03895568847656,100.24886864532927,100.03895568847656,100.21888216953108,4600
2023-11-17,100.4088134765625,100.44879799212347,100.14892556481601,100.25888107604204,4500
2023-11-20,100.498779296875,100.63872128646973,100.498779296875,100.63872128646973,309800
2023-11-21,100.63871002197266,100.7986404380657,100.56873903500714,100.74866551952783,31400
2023-11-22,100.64871215820312,100.66870060117981,100.40880508488755,100.51876058692405,20100
2023-11-24,100.89861297607422,100.89861297607422,100.75867099181258,100.75867099181258,2300
2023-11-27,101.03855895996094,101.05854740438977,100.90860737924086,100.90860737924086,7700
2023-11-28,101.28845977783203,101.48837473373514,101.13851974777133,101.23847722572289,38900
2023-11-29,101.74825286865234,101.95816582431526,101.50835343736121,101.50835343736121,8000
2023-11-30,101.58831787109375,102.51793677472148,101.41838941993718,101.63830041614717,54000
2023-12-01,102.30709075927734,102.43705384136634,101.45736558682336,101.51735148122653,41500
2023-12-04,101.88723754882812,101.90723539122251,101.59732984964691,101.59732984964691,10400
2023-12-05,101.6473159790039,101.80726058211111,101.56733986397924,101.6473159790039,15100
2023-12-06,101.62732696533203,101.86724768630067,101.59733020163652,101.82725962831553,5000
2023-12-07,101.6073226928711,101.8772401604541,101.31741501103166,101.31741501103166,10800
2023-12-08,101.10749053955078,101.37740802608654,100.8775687382197,100.99752528606469,6100
2023-12-11,101.28742980957031,101.30742002460305,100.9375438444324,100.94754276541977,11700
2023-12-12,101.62732696533203,101.62732696533203,101.31742142268276,101.51736171260845,8400
2023-12-13,102.06717681884766,102.29710623757354,101.27742986157793,101.52734949513385,14700
2023-12-14,102.61699676513672,103.00687075939935,102.21712385060182,102.21712385060182,26100
2023-12-15,102.15715026855469,102.61700147193258,102.14715134782378,102.4570492480054,16000
2023-12-18,102.5470199584961,102.5470199584961,102.33708839364634,102.50703190419974,18700
2023-12-19,103.3167724609375,103.43673662781079,102.86692018231075,102.86692018231075,24800
2023-12-20,102.97689056396484,103.33677545559028,102.96689164282466,103.16682430397562,13300
2023-12-21,103.82660675048828,103.82660675048828,103.57668713239582,103.71664150837228,7100
2023-12-22,103.97657012939453,104.30645826079049,103.84660703414131,104.28646804525887,18700
2023-12-26,104.21649169921875,104.23648191491316,103.92658399652503,103.92658399652503,47500
2023-12-27,105.5560531616211,105.66601841095138,104.42641915943229,104.4863974310881,31800
2023-12-28,105.37611389160156,106.715679414894,105.31612799553984,106.30580757072916,14900
2023-12-29,105.74600219726562,106.31581870016691,105.386117287334,105.86596637622367,53800
2024-01-02,104.61624908447266,105.0761437622299,104.56625738198612,104.77621643029929,17200
2024-01-03,104.6662368774414,104.6662368774414,104.13635841259287,104.13635841259287,12400
2024-01-04,104.64624786376953,104.69623956950882,104.43629642945862,104.43629642945862,9700
2024-01-05,104.62625122070312,105.08614590843926,104.60625148820941,104.60625148820941,43500
2024-01-08,104.94617462158203,105.09614209938832,104.67623163599816,104.67623163599816,8800
2024-01-09,104.3663101196289,104.59626128179615,104.3063261763084,104.53626971081246,9200
2024-01-10,104.48628234863281,104.52627418547677,104.27633092594924,104.30632289666647,15600
2024-01-11,104.3663101196289,104.3663101196289,103.96639936627813,104.26633433820702,12000
2024-01-12,104.35630798339844,104.72622675704311,104.22634023314313,104.5462673033326,4800
2024-01-16,103.236572265625,103.50650764599258,103.17658069291622,103.34654791665047,33500
2024-01-17,102.84666442871094,102.84666442871094,102.5567293062561,102.686697066944,10900
2024-01-18,102.41675567626953,102.5467234293405,102.30678002841594,102.5467234293405,15200
2024-01-19,102.4367446899414,102.4367446899414,102.11681762247635,102.24678537162488,21800
2024-01-22,102.38675689697266,102.39674913508537,102.28677349454401,102.39674913508537,5400
2024-01-23,102.14680480957031,102.23678834527676,101.99683733516795,102.23678834527676,11600
2024-01-24,103.03660583496094,103.3065488240387,102.96662202810057,103.3065488240387,11300
2024-01-25,102.56671142578125,102.82665454917317,102.39675184142084,102.76667060826077,40100
2024-01-26,102.95662689208984,103.20657014207994,102.9466270263447,103.15657844101686,5100
2024-01-29,103.236572265625,103.30655607739908,102.87665334002595,102.87665334002595,3800
2024-01-30,103.236572265625,103.28655634394168,102.78666979479448,103.2465645046903,22800
2024-01-31,103.09659576416016,103.89640959732358,103.02661195841257,103.28654744966774,28100
2024-02-01,103.72650909423828,103.72650909423828,103.03660399864442,103.15658351349421,13900
2024-02-02,102.6866455078125,102.80663265352237,102.49667539594186,102.76663693828576,6800
2024-02-05,102.21671295166016,102.24670783096758,102.07672413422105,102.13672152123857,27900
2024-02-06,102.26670837402344,102.26670837402344,101.77677418125772,101.83676394368528,19000
2024-02-07,101.81676483154297,102.14672376527861,101.68677684821529,101.98674090223003,9400
2024-02-08,101.79676055908203,101.8367562738225,101.58678877799652,101.62678449273699,12700
2024-02-09,101.69677734375,101.7967628186192,101.62678674850127,101.62678674850127,13500
2024-02-12,101.5867919921875,101.6467893803978,101.51680139627784,101.54679627618158,4100
2024-02-13,100.2569580078125,100.5969177625928,100.21696992221712,100.5969177625928,9600
2024-02-14,100.44693756103516,100.47693243997605,100.24696661582752,100.3569529242125,11900
2024-02-15,101.09685516357422,101.21684230843823,100.9668748112735,101.13685087852889,6400
2024-02-16,100.98686981201172,101.08685528614505,100.73690231247704,100.73690231247704,11000
2024-02-20,100.9468765258789,101.22683891155037,100.89688760181065,101.12685343501097,8800
2024-02-21,101.15685272216797,101.18684760359626,100.96688259698767,101.06686807788307,11700
2024-02-22,101.07685852050781,101.10686102951841,100.8568935199177,100.93687732540366,9200
2024-02-23,100.96688079833984,101.05686544102173,100.96688079833984,101.05686544102173,5600
2024-02-26,101.08685302734375,101.08685302734375,100.97686671973393,101.03686410559544,5200
2024-02-27,101.16685485839844,101.16685485839844,101.06686937621859,101.09686425803221,13000
2024-02-28,101.2368392944336,101.2368392944336,101.03686834225017,101.07685642996458,7800
2024-02-29,100.596923828125,101.18684348125687,100.58692299192192,101.18684348125687,4900
2024-03-01,100.73591613769531,100.84591229110455,100.09594267917902,100.25593985835079,33600
2024-03-04,100.54592895507812,100.64592337744945,100.50592966031252,100.55592305695548,6800
2024-03-05,100.77591705322266,100.79592051548354,100.52592717856034,100.52592717856034,30900
2024-03-06,100.88591003417969,100.96590862253512,100.71591875573836,100.71591875573836,16100
2024-03-07,101.37588500976562,101.3958884707998,101.07590175601848,101.1758961739342,46400
2024-03-08,101.40589141845703,101.72587813707904,101.3558903943565,101.64587955015224,14500
2024-03-11,101.49588775634766,101.50588948734442,101.19589685912823,101.31589474383308,11300
2024-03-12,101.40589141845703,101.40589141845703,101.19589322050292,101.26589007679257,15300
2024-03-13,101.24589538574219,101.43589012456344,101.24589538574219,101.43589012456344,14900
2024-03-14,100.7159194946289,101.03590622131291,100.63592090568656,100.98590519595261,14900
2024-03-15,100.7159194946289,100.81591391626415,100.60592334210453,100.76591289090386,14100
2024-03-18,100.14594268798828,100.62591896245877,100.14594268798828,100.62591896245877,41000
2024-03-19,100.17594146728516,100.26593415893358,100.15594563439177,100.20593903116796,4500
2024-03-20,100.3559341430664,100.41592927063078,99.79595927490448,99.86595613342472,27800
2024-03-21,99.08598327636719,99.21598289409125,98.9459895565763,99.17598359856736,25300
2024-03-22,99.09598541259766,99.16598227277923,98.975995154621,98.98598925672867,249900
2024-03-25,98.99598693847656,99.20597751043158,98.99598693847656,99.11598482063026,152600
2024-03-26,98.44600677490234,98.69599664241512,98.41600921145445,98.48600606919463,44900
2024-03-27,98.32601928710938,98.3360133891496,98.08602351460438,98.08602351460438,13000
2024-03-28,98.66600036621094,98.86599684028161,98.40601639354719,98.40601639354719,42100
2024-04-01,98.4000015258789,98.68000030517578,98.30999755859375,98.68000030517578,50400
2024-04-02,98.0,98.26000213623047,97.94000244140625,98.18000030517578,30900
2024-04-03,98.52999877929688,98.54000091552734,97.88999938964844,97.88999938964844,29600
2024-04-04,98.76000213623047,98.7699966430664,98.2699966430664,98.38999938964844,68800
2024-04-05,98.63999938964844,98.88999938964844,98.31999969482422,98.31999969482422,39300
2024-04-08,98.29000091552734,98.41999816894531,98.23999786376953,98.36000061035156,22400
2024-04-09,98.5199966430664,98.69000244140625,98.41000366210938,98.61000061035156,26700
2024-04-10,97.44999694824219,97.73999786376953,97.27999877929688,97.73999786376953,41100
2024-04-11,97.83999633789062,97.87999725341797,97.58999633789062,97.8499984741211,18100
2024-04-12,97.36000061035156,97.70999908447266,97.36000061035156,97.55000305175781,25800
2024-04-15,97.54000091552734,97.5999984741211,97.23999786376953,97.36000061035156,23000
2024-04-16,97.4800033569336,97.55999755859375,97.36000061035156,97.55999755859375,11700
2024-04-17,97.76000213623047,97.77999877929688,97.44999694824219,97.69000244140625,44300
2024-04-18,97.54000091552734,97.7699966430664,97.54000091552734,97.69999694824219,16600
2024-04-19,97.77999877929688,98.02999877929688,97.75,97.91000366210938,22000
2024-04-22,97.61000061035156,97.69000244140625,97.55999755859375,97.56999969482422,11300
2024-04-23,97.62000274658203,97.80000305175781,97.54000091552734,97.55999755859375,10300
2024-04-24,97.25,97.51000213623047,97.23999786376953,97.41000366210938,54200
2024-04-25,97.5199966430664,97.52999877929688,97.19999694824219,97.25,8300
2024-04-26,97.3499984741211,97.38999938964844,97.22000122070312,97.22000122070312,9000
2024-04-29,97.70999908447266,97.81999969482422,97.41999816894531,97.5199966430664,12200
2024-04-30,96.77999877929688,97.31999969482422,96.7699966430664,97.22000122070312,13600
2024-05-01,96.79000091552734,97.0199966430664,96.66999816894531,96.66999816894531,8500
2024-05-02,97.72000122070312,97.75,97.38999938964844,97.38999938964844,4300
2024-05-03,98.29000091552734,98.55000305175781,98.22000122070312,98.4000015258789,11900
2024-05-06,98.1500015258789,98.43000030517578,98.1500015258789,98.43000030517578,3800
2024-05-07,97.88999938964844,98.13999938964844,97.81999969482422,98.13999938964844,11200
2024-05-08,97.94999694824219,98.0199966430664,97.83000183105469,97.83000183105469,15300
2024-05-09,98.22000122070312,98.22000122070312,97.94999694824219,97.94999694824219,3200
2024-05-10,98.1500015258789,98.20999908447266,98.12999725341797,98.12999725341797,1900
2024-05-13,97.93000030517578,98.33999633789062,97.9000015258789,98.26000213623047,6500
2024-05-14,98.12999725341797,98.18000030517578,98.06999969482422,98.12000274658203,4700
2024-05-15,98.5199966430664,98.52999877929688,98.19999694824219,98.37999725341797,21500
2024-05-16,98.22000122070312,98.3499984741211,98.20999908447266,98.20999908447266,8000
2024-05-17,97.91999816894531,98.05999755859375,97.86000061035156,97.93000030517578,29100
2024-05-20,97.69999694824219,97.91999816894531,97.69999694824219,97.91000366210938,7700
2024-05-21,97.6500015258789,97.76000213623047,97.61000061035156,97.69999694824219,6800
2024-05-22,97.16000366210938,97.3499984741211,97.16000366210938,97.3499984741211,4500
2024-05-23,97.23999786376953,97.41000366210938,97.20999908447266,97.36000061035156,13400
2024-05-24,97.25,97.30000305175781,97.23999786376953,97.2699966430664,1600
2024-05-28,97.51000213623047,97.75,97.5,97.75,5500
2024-05-29,97.36000061035156,97.51000213623047,97.30999755859375,97.44999694824219,28100
2024-05-30,98.43000030517578,98.43000030517578,98.19000244140625,98.19000244140625,10000
2024-05-31,98.52999877929688,98.72000122070312,98.4000015258789,98.52999877929688,22400
2024-06-03,99.23999786376953,99.36000061035156,98.86000061035156,98.86000061035156,17800
2024-06-04,99.93000030517578,100.08000183105469,99.62999725341797,99.62999725341797,8200
2024-06-05,99.55999755859375,99.66000366210938,99.41000366210938,99.66000366210938,3900
2024-06-06,99.91999816894531,99.95999908447266,99.66999816894531,99.66999816894531,8000
2024-06-07,99.19000244140625,99.2300033569336,99.18000030517578,99.22000122070312,8000
2024-06-10,99.18000030517578,99.19999694824219,99.11000061035156,99.12999725341797,8600
2024-06-11,99.08000183105469,99.08999633789062,98.94000244140625,99.08000183105469,8000
2024-06-12,99.43000030517578,99.83999633789062,99.43000030517578,99.80000305175781,50300
2024-06-13,99.5,99.52999877929688,99.4000015258789,99.4000015258789,4000
2024-06-14,99.88999938964844,99.97000122070312,99.7300033569336,99.83000183105469,10000
2024-06-17,99.94999694824219,99.94999694824219,99.5999984741211,99.61000061035156,2700
2024-06-18,100.61000061035156,100.76000213623047,100.44999694824219,100.44999694824219,13400
2024-06-20,99.76000213623047,99.86000061035156,99.62999725341797,99.75,14800
2024-06-21,99.43000030517578,99.63999938964844,99.43000030517578,99.5999984741211,14400
2024-06-24,99.5999984741211,99.63999938964844,99.48999786376953,99.58999633789062,12600
2024-06-25,99.43000030517578,99.51000213623047,99.36000061035156,99.51000213623047,6800
2024-06-26,99.0999984741211,99.12999725341797,99.05999755859375,99.05999755859375,2500
2024-06-27,98.91999816894531,99.2300033569336,98.91999816894531,99.2300033569336,15800
2024-06-28,98.98999786376953,98.98999786376953,98.86000061035156,98.93000030517578,23700
2024-07-01,98.45999908447266,98.62999725341797,98.3499984741211,98.62999725341797,16400
2024-07-02,98.37999725341797,98.41999816894531,98.29000091552734,98.36000061035156,2700
2024-07-03,98.76000213623047,98.93000030517578,98.61000061035156,98.68000030517578,7500
2024-07-05,99.29000091552734,99.29000091552734,99.01000213623047,99.12999725341797,3300
2024-07-08,99.11000061035156,99.16999816894531,99.0999984741211,99.16999816894531,11800
2024-07-09,99.05000305175781,99.08000183105469,99.01000213623047,99.01000213623047,2700
2024-07-10,98.86000061035156,98.9800033569336,98.79000091552734,98.9800033569336,6400
2024-07-11,99.20999908447266,99.66000366210938,99.20999908447266,99.54000091552734,3900
2024-07-12,99.41999816894531,99.44999694824219,99.37999725341797,99.4000015258789,4700
2024-07-15,99.27999877929688,99.5,99.25,99.41999816894531,10300
2024-07-16,99.51000213623047,99.51000213623047,99.08999633789062,99.08999633789062,6500
2024-07-17,100.6500015258789,100.69999694824219,100.37000274658203,100.37000274658203,8700
2024-07-18,100.16999816894531,100.56999969482422,100.16999816894531,100.5199966430664,12200
2024-07-19,100.01000213623047,100.08000183105469,99.9800033569336,99.9800033569336,3100
2024-07-22,99.97000122070312,100.02999877929688,99.93000030517578,99.98999786376953,8700
2024-07-23,99.73999786376953,99.83999633789062,99.66000366210938,99.83999633789062,8500
2024-07-24,100.41999816894531,100.66999816894531,100.3499984741211,100.44999694824219,9800
2024-07-25,100.94000244140625,101.16999816894531,100.80999755859375,100.80999755859375,22100
2024-07-26,100.68000030517578,100.80999755859375,100.6500015258789,100.72000122070312,6600
2024-07-29,100.36000061035156,100.47000122070312,100.25,100.47000122070312,16900
2024-07-30,100.61000061035156,100.61000061035156,100.36000061035156,100.4000015258789,2000
2024-07-31,101.26000213623047,101.31999969482422,100.94000244140625,101.30999755859375,17900
2024-08-01,101.7699966430664,101.83000183105469,101.41000366210938,101.41000366210938,8300
2024-08-02,103.48999786376953,103.6500015258789,102.83000183105469,102.83000183105469,24800
2024-08-05,104.61000061035156,105.33000183105469,104.04000091552734,105.33000183105469,25500
2024-08-06,104.33999633789062,104.55999755859375,104.16999816894531,104.41000366210938,11400
2024-08-07,103.18000030517578,103.18000030517578,102.70999908447266,103.05999755859375,9600
2024-08-08,102.68000030517578,102.87000274658203,102.55000305175781,102.87000274658203,3600
2024-08-09,102.87000274658203,102.9800033569336,102.80999755859375,102.91999816894531,2300
2024-08-12,102.80000305175781,102.86000061035156,102.11000061035156,102.1500015258789,12600
2024-08-13,102.86000061035156,102.91999816894531,102.72000122070312,102.73999786376953,2600
2024-08-14,102.72000122070312,102.98999786376953,102.72000122070312,102.98999786376953,4300
2024-08-15,101.9000015258789,102.08999633789062,101.83999633789062,101.83999633789062,11400
2024-08-16,102.58000183105469,102.61000061035156,102.26000213623047,102.54000091552734,60800
2024-08-19,103.0999984741211,103.11000061035156,102.69999694824219,102.76000213623047,11700
2024-08-20,104.04000091552734,104.05000305175781,103.4800033569336,103.4800033569336,36300
2024-08-21,104.45999908447266,104.6500015258789,103.95999908447266,104.1500015258789,51400
2024-08-22,104.33999633789062,104.55000305175781,104.23999786376953,104.55000305175781,19000
2024-08-23,104.9000015258789,104.94000244140625,104.19000244140625,104.27999877929688,18400
2024-08-26,104.91000366210938,105.0,104.83999633789062,104.93000030517578,8100
2024-08-27,105.66999816894531,105.70999908447266,105.19000244140625,105.19000244140625,20000
2024-08-28,105.54000091552734,105.68000030517578,105.23999786376953,105.30999755859375,2900
2024-08-29,104.94000244140625,105.05000305175781,104.75,104.98999786376953,8800
2024-08-30,104.5999984741211,104.69000244140625,104.48999786376953,104.48999786376953,3300
2024-09-03,104.55999755859375,104.80999755859375,104.48999786376953,104.80999755859375,12700
2024-09-04,105.0199966430664,105.0199966430664,104.51000213623047,104.51000213623047,5900
2024-09-05,105.26000213623047,105.33000183105469,104.7699966430664,105.08000183105469,11200
2024-09-06,105.51000213623047,105.66999816894531,105.16999816894531,105.16999816894531,10700
2024-09-09,104.69999694824219,104.94999694824219,104.69999694824219,104.87999725341797,4000
2024-09-10,105.01000213623047,105.08999633789062,104.87999725341797,104.95999908447266,3100
2024-09-11,104.29000091552734,104.79000091552734,104.2699966430664,104.55000305175781,8800
2024-09-12,104.45999908447266,104.47000122070312,104.0199966430664,104.2300033569336,5100
2024-09-13,104.79000091552734,105.18000030517578,104.7699966430664,105.18000030517578,17000
2024-09-16,105.19999694824219,105.31999969482422,105.16000366210938,105.30000305175781,14000
2024-09-17,104.97000122070312,105.06999969482422,104.91000366210938,105.0,4800
2024-09-18,104.94999694824219,105.88999938964844,104.87000274658203,105.41999816894531,22200
2024-09-19,104.8499984741211,104.98999786376953,104.58999633789062,104.68000030517578,11600
2024-09-20,104.5199966430664,104.7699966430664,104.44999694824219,104.73999786376953,21200
2024-09-23,104.95999908447266,105.08000183105469,104.5,104.58000183105469,9900
2024-09-24,105.41999816894531,105.43000030517578,104.77999877929688,104.94000244140625,10800
2024-09-25,104.55999755859375,104.97000122070312,104.55999755859375,104.97000122070312,13400
2024-09-26,105.12999725341797,105.1500015258789,104.55000305175781,104.87000274658203,22900
2024-09-27,105.75,105.79000091552734,105.5,105.62000274658203,11900
2024-09-30,105.04000091552734,105.44000244140625,104.95999908447266,105.44000244140625,11200
2024-10-01,105.0,105.41999816894531,104.88999938964844,104.91000366210938,4800
2024-10-02,104.69000244140625,104.7300033569336,104.55000305175781,104.68000030517578,9100
2024-10-03,104.23999786376953,104.51000213623047,104.13999938964844,104.5,12400
2024-10-04,103.54000091552734,103.55000305175781,103.25,103.3499984741211,8000
2024-10-07,104.08000183105469,104.12999725341797,103.83999633789062,104.0199966430664,7500
2024-10-08,103.66000366210938,103.83000183105469,103.56999969482422,103.83000183105469,15200
2024-10-09,103.29000091552734,103.51000213623047,103.26000213623047,103.47000122070312,5800
2024-10-10,103.76000213623047,103.79000091552734,103.54000091552734,103.58000183105469,17100
2024-10-11,103.7300033569336,103.80000305175781,103.58999633789062,103.58999633789062,11400
2024-10-14,103.08999633789062,103.11000061035156,102.91000366210938,103.01000213623047,7400
2024-10-15,103.08000183105469,103.2699966430664,102.9800033569336,103.12999725341797,3400
2024-10-16,102.72000122070312,103.05000305175781,102.66000366210938,102.91999816894531,12300
2024-10-17,102.5999984741211,102.79000091552734,102.5999984741211,102.5999984741211,1900
2024-10-18,102.73999786376953,102.76000213623047,102.66000366210938,102.68000030517578,14000
2024-10-21,102.6500015258789,102.91000366210938,102.62999725341797,102.87000274658203,5800
2024-10-22,102.69000244140625,102.76000213623047,102.62999725341797,102.76000213623047,3400
2024-10-23,102.62999725341797,102.62999725341797,102.47000122070312,102.51000213623047,4700
2024-10-24,102.66000366210938,102.7300033569336,102.55000305175781,102.69999694824219,3700
2024-10-25,102.61000061035156,102.66999816894531,102.55999755859375,102.66000366210938,6400
2024-10-28,102.83000183105469,102.83000183105469,102.66000366210938,102.66000366210938,21900
2024-10-29,102.47000122070312,102.4800033569336,102.20999908447266,102.29000091552734,20800
2024-10-30,102.58999633789062,102.69999694824219,102.36000061035156,102.41000366210938,12500
2024-10-31,102.91000366210938,102.91000366210938,102.62999725341797,102.75,17400
2024-11-01,102.08000183105469,102.55999755859375,102.04000091552734,102.55999755859375,29200
2024-11-04,102.83999633789062,103.08999633789062,102.83999633789062,102.93000030517578,18600
2024-11-05,102.95999908447266,103.04000091552734,102.81999969482422,102.94999694824219,7100
2024-11-06,101.43000030517578,101.62999725341797,101.38999938964844,101.4800033569336,10900
2024-11-07,101.87000274658203,101.94999694824219,101.55999755859375,101.61000061035156,19900
2024-11-08,101.52999877929688,101.80999755859375,101.38999938964844,101.80999755859375,6400
2024-11-11,100.91000366210938,101.05000305175781,100.87000274658203,101.01000213623047,20400
2024-11-12,100.7300033569336,100.81999969482422,100.61000061035156,100.73999786376953,23300
2024-11-13,100.25,100.73999786376953,100.23999786376953,100.73999786376953,21700
2024-11-14,99.69000244140625,100.13999938964844,99.69000244140625,99.98999786376953,21800
2024-11-15,100.05000305175781,100.27999877929688,99.9000015258789,99.93000030517578,16400
2024-11-18,100.58000183105469,100.58999633789062,100.27999877929688,100.33000183105469,5200
2024-11-19,100.69000244140625,100.80000305175781,100.54000091552734,100.80000305175781,7900
2024-11-20,100.43000030517578,100.54000091552734,100.30000305175781,100.41999816894531,8600
2024-11-21,100.19999694824219,100.62000274658203,100.18000030517578,100.43000030517578,3300
2024-11-22,99.33000183105469,99.44999694824219,99.25,99.25,6900
2024-11-25,100.23999786376953,100.37999725341797,100.12999725341797,100.20999908447266,7700
2024-11-26,100.13999938964844,100.19999694824219,100.01000213623047,100.19999694824219,3800
2024-11-27,100.72000122070312,100.94999694824219,100.5999984741211,100.7300033569336,5100
2024-11-29,100.8499984741211,100.87000274658203,100.66000366210938,100.80999755859375,1900
2024-12-02,100.26000213623047,100.2699966430664,99.98999786376953,100.13999938964844,7400
2024-12-03,100.2300033569336,100.58000183105469,100.20999908447266,100.51000213623047,8000
2024-12-04,100.47000122070312,100.55999755859375,100.18000030517578,100.18000030517578,4600
2024-12-05,101.11000061035156,101.1500015258789,100.80000305175781,100.8499984741211,7200
2024-12-06,101.08999633789062,101.30999755859375,101.01000213623047,101.29000091552734,7300
2024-12-09,101.08999633789062,101.25,101.05000305175781,101.12999725341797,7100
2024-12-10,100.5999984741211,100.97000122070312,100.5999984741211,100.94999694824219,4400
2024-12-11,100.41999816894531,100.5999984741211,100.4000015258789,100.5999984741211,6200
2024-12-12,99.52999877929688,100.12999725341797,99.5199966430664,99.87999725341797,10600
2024-12-13,99.4800033569336,99.55999755859375,99.37999725341797,99.51000213623047,18800
2024-12-16,99.37999725341797,99.5,99.27999877929688,99.47000122070312,14500
2024-12-17,99.5,99.63999938964844,99.19999694824219,99.2300033569336,14000
2024-12-18,98.63999938964844,99.56999969482422,98.61000061035156,99.36000061035156,13000
2024-12-19,98.9000015258789,98.94999694824219,98.75,98.87000274658203,8400
2024-12-20,99.45999908447266,99.63999938964844,99.26000213623047,99.29000091552734,13200
2024-12-23,98.80999755859375,99.02999877929688,98.68000030517578,99.02999877929688,12300
2024-12-24,98.5999984741211,98.70999908447266,98.55999755859375,98.70999908447266,3200
2024-12-26,98.80000305175781,98.80999755859375,98.58000183105469,98.5999984741211,5200
2024-12-27,98.44999694824219,98.66999816894531,98.4000015258789,98.66999816894531,23100
2024-12-30,98.26000213623047,98.26000213623047,97.9000015258789,98.06999969482422,13600
2024-12-31,97.86000061035156,98.13999938964844,97.77999877929688,98.13999938964844,7800
2025-01-02,97.29000091552734,97.7300033569336,97.23999786376953,97.7300033569336,33100
2025-01-03,97.7300033569336,97.73999786376953,97.61000061035156,97.66999816894531,5700
2025-01-06,98.16999816894531,98.22000122070312,98.05000305175781,98.1500015258789,16400
2025-01-07,97.69999694824219,97.97000122070312,97.69999694824219,97.97000122070312,5200
2025-01-08,97.45999908447266,97.56999969482422,97.43000030517578,97.52999877929688,4900
2025-01-10,96.87000274658203,97.0199966430664,96.77999877929688,97.01000213623047,9500
2025-01-13,96.73999786376953,96.80999755859375,96.61000061035156,96.80999755859375,11400
2025-01-14,97.30999755859375,97.33999633789062,96.91999816894531,96.94999694824219,21000
2025-01-15,97.30000305175781,97.58999633789062,97.25,97.58999633789062,9900
2025-01-16,97.44999694824219,97.51000213623047,97.2300033569336,97.29000091552734,12500
2025-01-17,97.05000305175781,97.44000244140625,97.05000305175781,97.20999908447266,10600
2025-01-21,98.0,98.0,97.70999908447266,97.70999908447266,16400
2025-01-22,97.91999816894531,98.0199966430664,97.86000061035156,97.94999694824219,3400
2025-01-23,97.83999633789062,98.0,97.55000305175781,97.80000305175781,9800
2025-01-24,98.01000213623047,98.19000244140625,97.87999725341797,97.87999725341797,10100
2025-01-27,98.45999908447266,98.80000305175781,98.44000244140625,98.69999694824219,20800
2025-01-28,98.20999908447266,98.2300033569336,98.04000091552734,98.12000274658203,12400
2025-01-29,97.86000061035156,97.97000122070312,97.72000122070312,97.87000274658203,6500
2025-01-30,97.62999725341797,97.93000030517578,97.54000091552734,97.86000061035156,14000
2025-01-31,97.5,97.87999725341797,97.47000122070312,97.52999877929688,10000
2025-02-03,97.30000305175781,97.5,96.98999786376953,97.1500015258789,26400
2025-02-04,98.12000274658203,98.13999938964844,97.80999755859375,97.8499984741211,14800
2025-02-05,98.54000091552734,98.62999725341797,98.4800033569336,98.4800033569336,51500
2025-02-06,98.12999725341797,98.19999694824219,97.98999786376953,98.01000213623047,16800
2025-02-07,97.6500015258789,97.86000061035156,97.55000305175781,97.8499984741211,17800
2025-02-10,97.41999816894531,97.58000183105469,97.41000366210938,97.48999786376953,25700
2025-02-11,97.22000122070312,97.30000305175781,97.16999816894531,97.25,4600
2025-02-12,97.2300033569336,97.37999725341797,97.08999633789062,97.16999816894531,12200
2025-02-13,98.27999877929688,98.31999969482422,97.72000122070312,97.7300033569336,29800
2025-02-14,98.69000244140625,98.94000244140625,98.69000244140625,98.87000274658203,33600
2025-02-18,98.25,98.5199966430664,98.22000122070312,98.5199966430664,12400
2025-02-19,98.19999694824219,98.3499984741211,98.12999725341797,98.33999633789062,9200
2025-02-20,98.87999725341797,98.91999816894531,98.41000366210938,98.41999816894531,18200
2025-02-21,98.95999908447266,99.0,98.70999908447266,98.77999877929688,21000
2025-02-24,99.01000213623047,99.12000274658203,98.87000274658203,98.87000274658203,78200
2025-02-25,99.52999877929688,99.61000061035156,99.33999633789062,99.4000015258789,44400
2025-02-26,99.3499984741211,99.5,99.20999908447266,99.30999755859375,9600
2025-02-27,98.7699966430664,98.87999725341797,98.62999725341797,98.75,19400
2025-02-28,98.33999633789062,98.5199966430664,98.2699966430664,98.45999908447266,27500
2025-03-03,99.08000183105469,99.0999984741211,98.83000183105469,98.87000274658203,42500
2025-03-04,99.9800033569336,100.01000213623047,99.66000366210938,99.76000213623047,59300
2025-03-05,99.7300033569336,100.0999984741211,99.66999816894531,99.9800033569336,26300
2025-03-06,100.54000091552734,100.61000061035156,100.22000122070312,100.38999938964844,60400
2025-03-07,100.98999786376953,101.27999877929688,100.8499984741211,101.16000366210938,48800
2025-03-10,100.80000305175781,101.30999755859375,100.66000366210938,101.30999755859375,42900
2025-03-11,100.66000366210938,101.06999969482422,100.6500015258789,100.91000366210938,66900
2025-03-12,100.68000030517578,100.72000122070312,100.37999725341797,100.55000305175781,29800
2025-03-13,100.55999755859375,100.58999633789062,100.30000305175781,100.56999969482422,42500
2025-03-14,100.36000061035156,100.4000015258789,100.22000122070312,100.37999725341797,42400
2025-03-17,100.8499984741211,100.9000015258789,100.58999633789062,100.63999938964844,26700
2025-03-18,101.36000061035156,101.37000274658203,100.97000122070312,100.9800033569336,20900
2025-03-19,101.1500015258789,101.19999694824219,100.80999755859375,100.9800033569336,29000
2025-03-20,100.6500015258789,100.70999908447266,100.41999816894531,100.58000183105469,20000
2025-03-21,100.55999755859375,100.75,100.52999877929688,100.75,8600
2025-03-24,100.52999877929688,100.7300033569336,100.37000274658203,100.69000244140625,46300
2025-03-25,100.5999984741211,100.83999633789062,100.55999755859375,100.83000183105469,16800
2025-03-26,100.38999938964844,100.5,100.30999755859375,100.38999938964844,21300
2025-03-27,100.66999816894531,100.7699966430664,100.47000122070312,100.5199966430664,24400
2025-03-28,100.70999908447266,100.81999969482422,100.56999969482422,100.56999969482422,14400
2025-03-31,100.37999725341797,100.75,100.26000213623047,100.75,20600
2025-04-01,100.44999694824219,100.66000366210938,100.41999816894531,100.4800033569336,17500
2025-04-02,100.58000183105469,100.6500015258789,100.47000122070312,100.62999725341797,29400
2025-04-03,103.30000305175781,103.80999755859375,103.01000213623047,103.38999938964844,115000
2025-04-04,103.05000305175781,104.38999938964844,102.97000122070312,104.2699966430664,276000
2025-04-07,103.55999755859375,103.95999908447266,102.4800033569336,103.95999908447266,182600
2025-04-08,104.73999786376953,105.0199966430664,103.41999816894531,104.18000030517578,111400
2025-04-09,103.52999877929688,106.02999877929688,103.4000015258789,106.02999877929688,417100
2025-04-10,107.66000366210938,107.81999969482422,105.69000244140625,105.79000091552734,348900
2025-04-11,108.87999725341797,109.43000030517578,108.41000366210938,109.4000015258789,514000
2025-04-14,109.12999725341797,109.33999633789062,107.44999694824219,107.55000305175781,362800
2025-04-15,107.9000015258789,108.69999694824219,107.8499984741211,108.54000091552734,258200
2025-04-16,109.08000183105469,109.2699966430664,108.63999938964844,109.05999755859375,1245900
2025-04-17,108.37000274658203,108.7699966430664,107.87000274658203,108.62999725341797,319400
2025-04-21,109.87999725341797,110.36000061035156,109.80000305175781,110.16999816894531,623300
2025-04-22,108.47000122070312,109.3499984741211,108.38999938964844,109.12999725341797,363100
2025-04-23,106.9800033569336,107.91999816894531,106.94999694824219,107.88999938964844,455800
2025-04-24,107.30999755859375,107.52999877929688,107.08999633789062,107.5199966430664,179300
2025-04-25,107.19999694824219,107.37000274658203,106.76000213623047,106.79000091552734,190700
2025-04-28,108.19999694824219,108.20999908447266,106.94000244140625,107.04000091552734,143100
2025-04-29,107.70999908447266,108.0,107.5999984741211,107.87999725341797,91800
2025-04-30,107.54000091552734,107.97000122070312,107.5199966430664,107.73999786376953,120300
2025-05-01,106.98999786376953,107.16000366210938,106.4800033569336,107.11000061035156,159300
2025-05-02,107.41000366210938,107.86000061035156,107.19999694824219,107.55999755859375,104700
2025-05-05,107.95999908447266,108.05000305175781,107.61000061035156,107.95999908447266,146200
2025-05-06,108.06999969482422,108.0999984741211,107.55999755859375,107.79000091552734,121000
2025-05-07,107.83000183105469,108.41999816894531,107.76000213623047,107.97000122070312,95500
2025-05-08,106.80000305175781,107.69000244140625,106.5199966430664,107.69000244140625,129800
2025-05-09,106.83000183105469,107.26000213623047,106.7300033569336,106.94999694824219,70200
2025-05-12,104.94000244140625,105.4800033569336,104.66999816894531,105.25,281100
2025-05-13,105.62999725341797,105.66000366210938,105.20999908447266,105.44000244140625,113600
2025-05-14,105.16000366210938,105.97000122070312,105.11000061035156,105.97000122070312,292700
2025-05-15,106.16999816894531,106.22000122070312,105.80999755859375,105.9800033569336,106400
2025-05-16,105.68000030517578,106.0,105.58999633789062,105.87000274658203,59600
2025-05-19,106.33000183105469,106.58999633789062,106.1500015258789,106.44999694824219,103600
2025-05-20,106.94000244140625,106.94999694824219,106.30000305175781,106.31999969482422,47100
2025-05-21,107.47000122070312,107.77999877929688,107.4000015258789,107.44999694824219,115300
2025-05-22,107.04000091552734,107.23999786376953,106.80000305175781,107.23999786376953,76800
2025-05-23,108.11000061035156,108.12999725341797,107.62999725341797,107.7300033569336,222300
2025-05-27,107.18000030517578,107.58000183105469,107.1500015258789,107.58000183105469,114500
2025-05-28,107.26000213623047,107.5199966430664,107.02999877929688,107.05999755859375,40200
2025-05-29,107.73999786376953,107.88999938964844,107.5199966430664,107.5999984741211,93600
2025-05-30,107.81999969482422,108.0199966430664,107.62000274658203,107.69000244140625,111300
2025-06-02,108.6500015258789,108.75,108.30999755859375,108.37999725341797,95700
2025-06-03,107.6500015258789,107.87000274658203,107.58000183105469,107.83000183105469,73100
2025-06-04,108.33000183105469,108.56999969482422,107.91999816894531,107.94999694824219,93300
2025-06-05,108.0999984741211,108.5,107.98999786376953,108.41999816894531,64400
2025-06-06,107.91000366210938,107.9800033569336,107.5999984741211,107.63999938964844,110700
2025-06-09,107.9800033569336,108.12999725341797,107.8499984741211,107.87999725341797,63200
2025-06-10,107.80000305175781,108.0999984741211,107.75,108.0999984741211,100400
2025-06-11,108.08999633789062,108.25,108.05000305175781,108.05000305175781,41300
2025-06-12,109.36000061035156,109.36000061035156,108.94000244140625,109.16000366210938,73600
2025-06-13,109.37000274658203,109.41000366210938,109.01000213623047,109.02999877929688,57800
2025-06-16,108.91999816894531,109.63999938964844,108.9000015258789,109.4800033569336,48600
2025-06-17,108.66000366210938,109.02999877929688,108.54000091552734,109.01000213623047,55700
2025-06-18,108.25,108.66000366210938,108.18000030517578,108.58000183105469,56800
2025-06-20,108.38999938964844,108.6500015258789,108.37999725341797,108.58000183105469,76100
2025-06-23,109.26000213623047,109.26000213623047,108.38999938964844,108.41999816894531,60900
2025-06-24,110.12000274658203,110.33000183105469,109.56999969482422,109.62999725341797,61900
2025-06-25,110.18000030517578,110.29000091552734,109.91000366210938,109.98999786376953,83100
2025-06-26,110.81999969482422,111.12000274658203,110.75,110.94999694824219,87900
2025-06-27,110.87000274658203,111.08000183105469,110.73999786376953,111.05000305175781,120800
2025-06-30,111.80000305175781,111.81999969482422,111.13999938964844,111.1500015258789,96600
2025-07-01,111.94000244140625,112.37000274658203,111.66000366210938,112.23999786376953,86700
2025-07-02,112.08000183105469,112.08000183105469,111.69000244140625,111.8499984741211,64000
2025-07-03,111.4800033569336,111.68000030517578,111.37000274658203,111.44000244140625,58400
2025-07-07,111.08999633789062,111.3499984741211,110.9800033569336,111.29000091552734,69000
2025-07-08,111.38999938964844,111.4800033569336,110.91000366210938,110.97000122070312,52100
2025-07-09,111.56999969482422,111.66000366210938,111.4000015258789,111.45999908447266,46600
2025-07-10,111.26000213623047,111.31999969482422,110.94999694824219,111.27999877929688,61900
2025-07-11,111.25,111.44000244140625,111.19000244140625,111.3499984741211,50200
2025-07-14,111.06999969482422,111.38999938964844,111.05000305175781,111.30000305175781,88600
2025-07-15,110.5199966430664,111.22000122070312,110.47000122070312,111.22000122070312,88200
2025-07-16,110.69999694824219,111.5,109.97000122070312,110.16000366210938,151400
2025-07-17,110.19999694824219,110.2300033569336,109.93000030517578,110.1500015258789,1034200
2025-07-18,110.54000091552734,110.9000015258789,110.51000213623047,110.86000061035156,91300
2025-07-21,111.04000091552734,111.23999786376953,110.87000274658203,110.87999725341797,42900
2025-07-22,111.9000015258789,111.9000015258789,111.05999755859375,111.05999755859375,36700
2025-07-23,111.9000015258789,111.9000015258789,111.52999877929688,111.63999938964844,17400
2025-07-24,111.51000213623047,111.70999908447266,111.3499984741211,111.55000305175781,29900
2025-07-25,111.45999908447266,111.5199966430664,111.08000183105469,111.2699966430664,43500
2025-07-28,110.30000305175781,110.7300033569336,110.27999877929688,110.55000305175781,95600
2025-07-29,109.97000122070312,110.05999755859375,109.70999908447266,109.75,62800
2025-07-30,108.83999633789062,109.48999786376953,108.79000091552734,109.05999755859375,162400
2025-07-31,109.05999755859375,109.16000366210938,108.76000213623047,108.7699966430664,97500
2025-08-01,110.05000305175781,110.29000091552734,109.66000366210938,110.08999633789062,89000
2025-08-04,109.66000366210938,109.8499984741211,109.55000305175781,109.80000305175781,76400
2025-08-05,109.75,109.86000061035156,109.41000366210938,109.55000305175781,92300
2025-08-06,109.80999755859375,110.06999969482422,109.72000122070312,109.91000366210938,52400
2025-08-07,109.81999969482422,109.8499984741211,109.52999877929688,109.63999938964844,61900
2025-08-08,109.58999633789062,109.81999969482422,109.55999755859375,109.77999877929688,94200
2025-08-11,108.98999786376953,109.2300033569336,108.94000244140625,109.22000122070312,36900
2025-08-12,109.88999938964844,109.88999938964844,109.22000122070312,109.22000122070312,28100
2025-08-13,109.95999908447266,110.25,109.94000244140625,110.0999984741211,25400
2025-08-14,109.68000030517578,109.75,109.45999908447266,109.66999816894531,22800
2025-08-15,109.81999969482422,110.0999984741211,109.81999969482422,109.88999938964844,20600
2025-08-18,109.75,109.8499984741211,109.68000030517578,109.73999786376953,22500
2025-08-19,109.66000366210938,109.98999786376953,109.6500015258789,109.91999816894531,16000
2025-08-20,110.19999694824219,110.30999755859375,109.87999725341797,109.87999725341797,21300
2025-08-21,109.44999694824219,109.88999938964844,109.44999694824219,109.87000274658203,27900
2025-08-22,110.54000091552734,110.66999816894531,109.55999755859375,109.58999633789062,44000
2025-08-25,109.7699966430664,110.43000030517578,109.7699966430664,110.37999725341797,31300
2025-08-26,110.27999877929688,110.37999725341797,110.0999984741211,110.13999938964844,23900
2025-08-27,110.41000366210938,110.51000213623047,109.98999786376953,110.05999755859375,21100
2025-08-28,110.45999908447266,110.72000122070312,110.29000091552734,110.37000274658203,34900
2025-08-29,110.72000122070312,110.91000366210938,110.44000244140625,110.44000244140625,57500
2025-09-02,110.05999755859375,110.44000244140625,109.9800033569336,110.19999694824219,72500
2025-09-03,110.16000366210938,110.36000061035156,110.0,110.05999755859375,48700
2025-09-04,109.93000030517578,110.04000091552734,109.72000122070312,110.0199966430664,41200
2025-09-05,110.94000244140625,111.31999969482422,110.7300033569336,110.7300033569336,53900
2025-09-08,111.70999908447266,111.73999786376953,111.4800033569336,111.63999938964844,50800
2025-09-09,111.08999633789062,111.62999725341797,111.02999877929688,111.58999633789062,48400
2025-09-10,110.83999633789062,111.22000122070312,110.80999755859375,111.19999694824219,28200
2025-09-11,111.30999755859375,111.41000366210938,111.02999877929688,111.02999877929688,33100
2025-09-12,111.27999877929688,111.31999969482422,111.02999877929688,111.06999969482422,30300
2025-09-15,111.56999969482422,111.61000061035156,111.3499984741211,111.4000015258789,106900
2025-09-16,112.69000244140625,112.7300033569336,112.16000366210938,112.16000366210938,86600
2025-09-17,112.36000061035156,113.12000274658203,112.29000091552734,112.5999984741211,94400
2025-09-18,111.68000030517578,111.86000061035156,111.56999969482422,111.8499984741211,41400
2025-09-19,111.31999969482422,111.52999877929688,111.31999969482422,111.41999816894531,52800
2025-09-22,111.80000305175781,111.80000305175781,111.51000213623047,111.69000244140625,77900
2025-09-23,111.94000244140625,111.97000122070312,111.66000366210938,111.80999755859375,44700
2025-09-24,111.37999725341797,111.5,111.33000183105469,111.45999908447266,42200
2025-09-25,110.69999694824219,110.97000122070312,110.51000213623047,110.91999816894531,59200
2025-09-26,111.06999969482422,111.08000183105469,110.81999969482422,110.81999969482422,35300
2025-09-29,111.02999877929688,111.18000030517578,111.0199966430664,111.11000061035156,77200
2025-09-30,111.2300033569336,111.48999786376953,110.94000244140625,110.94000244140625,32200
2025-10-01,111.11000061035156,111.19000244140625,110.8499984741211,111.08000183105469,30300
2025-10-02,110.97000122070312,111.08000183105469,110.69999694824219,111.08000183105469,52700
2025-10-03,111.30999755859375,111.41000366210938,111.16999816894531,111.26000213623047,30600
2025-10-06,111.38999938964844,111.4000015258789,111.02999877929688,111.02999877929688,38400
2025-10-07,110.81999969482422,111.12999725341797,110.81999969482422,110.95999908447266,35900
2025-10-08,110.43000030517578,110.63999938964844,110.29000091552734,110.5999984741211,44100
2025-10-09,109.69999694824219,110.23999786376953,109.5999984741211,110.23999786376953,53900
2025-10-10,110.51000213623047,110.6500015258789,109.83000183105469,109.88999938964844,104000
2025-10-13,110.06999969482422,110.1500015258789,109.9000015258789,110.08000183105469,62500
2025-10-14,110.55999755859375,110.61000061035156,110.20999908447266,110.2300033569336,27500
2025-10-15,111.1500015258789,111.18000030517578,110.62999725341797,110.6500015258789,43000
2025-10-16,111.62999725341797,111.70999908447266,110.94999694824219,110.94999694824219,60300
2025-10-17,111.7300033569336,111.97000122070312,111.66000366210938,111.91999816894531,50600
2025-10-20,111.76000213623047,111.97000122070312,111.66999816894531,111.79000091552734,93200
2025-10-21,111.19000244140625,111.47000122070312,111.18000030517578,111.33000183105469,47800
2025-10-22,111.16000366210938,111.3499984741211,111.02999877929688,111.02999877929688,112500
2025-10-23,111.27999877929688,111.30000305175781,111.02999877929688,111.08999633789062,28200
2025-10-24,111.27999877929688,111.43000030517578,111.18000030517578,111.41999816894531,33700
2025-10-27,111.27999877929688,111.31999969482422,111.08999633789062,111.20999908447266,34700
2025-10-28,111.58000183105469,111.66000366210938,111.13999938964844,111.18000030517578,59300
2025-10-29,110.56999969482422,111.23999786376953,110.37999725341797,111.13999938964844,59600
2025-10-30,110.30999755859375,110.47000122070312,110.25,110.27999877929688,50700
2025-10-31,109.95999908447266,110.25,109.95999908447266,110.08999633789062,79300
2025-11-03,109.54000091552734,109.66999816894531,109.36000061035156,109.41000366210938,85000
2025-11-04,109.16000366210938,109.38999938964844,109.12999725341797,109.27999877929688,48400
2025-11-05,109.19000244140625,109.26000213623047,108.91000366210938,109.19999694824219,44300
2025-11-06,109.73999786376953,109.76000213623047,109.4000015258789,109.47000122070312,60100
2025-11-07,109.88999938964844,110.11000061035156,109.83999633789062,109.95999908447266,25600
2025-11-10,109.9800033569336,110.0,109.69000244140625,109.94000244140625,34000
2025-11-11,110.52999877929688,110.80999755859375,110.5199966430664,110.80999755859375,36100
2025-11-12,110.87999725341797,111.05000305175781,110.76000213623047,110.7699966430664,26700
2025-11-13,111.58000183105469,111.8499984741211,111.19999694824219,111.19999694824219,70300
2025-11-14,111.44999694824219,112.08999633789062,111.33999633789062,112.0,50500
2025-11-17,111.08999633789062,111.26000213623047,111.08000183105469,111.19000244140625,30500
2025-11-18,110.66999816894531,111.0999984741211,110.5999984741211,111.0999984741211,103400
2025-11-19,109.80000305175781,110.2699966430664,109.75,110.26000213623047,52700
2025-11-20,109.75,109.91000366210938,109.58999633789062,109.77999877929688,47700
2025-11-21,109.55999755859375,109.72000122070312,109.31999969482422,109.51000213623047,33100
2025-11-24,109.45999908447266,109.55999755859375,109.37000274658203,109.5199966430664,21800
2025-11-25,109.55999755859375,109.72000122070312,109.33999633789062,109.38999938964844,38300
2025-11-26,109.97000122070312,110.04000091552734,109.4800033569336,109.4800033569336,93700
2025-11-28,110.12000274658203,110.19999694824219,109.77999877929688,109.80999755859375,63400
2025-12-01,109.9000015258789,110.41000366210938,109.9000015258789,110.37999725341797,55700
2025-12-02,110.1500015258789,110.18000030517578,109.91000366210938,109.9800033569336,22200
2025-12-03,110.61000061035156,110.66000366210938,110.41999816894531,110.44000244140625,81000
2025-12-04,110.01000213623047,110.58999633789062,109.9800033569336,110.58999633789062,27000
2025-12-05,109.9800033569336,110.11000061035156,109.80000305175781,110.11000061035156,50900
2025-12-08,109.61000061035156,109.83000183105469,109.43000030517578,109.83000183105469,48200
2025-12-09,109.7300033569336,109.7699966430664,109.47000122070312,109.61000061035156,39000
2025-12-10,110.56999969482422,110.62999725341797,110.05999755859375,110.0999984741211,50000
2025-12-11,111.23999786376953,111.54000091552734,111.19000244140625,111.33000183105469,76400
2025-12-12,111.05999755859375,111.30000305175781,111.05000305175781,111.13999938964844,40900
2025-12-15,111.02999877929688,111.4000015258789,110.94000244140625,111.1500015258789,34300
2025-12-16,111.19999694824219,111.48999786376953,111.0999984741211,111.31999969482422,43400
2025-12-17,111.13999938964844,111.43000030517578,111.05999755859375,111.05999755859375,27100
2025-12-18,111.3499984741211,111.47000122070312,111.23999786376953,111.30000305175781,19900
2025-12-19,111.16999816894531,111.33000183105469,111.08000183105469,111.33000183105469,29500
2025-12-22,111.63999938964844,111.68000030517578,111.54000091552734,111.54000091552734,54400
2025-12-23,112.18000030517578,112.20999908447266,111.79000091552734,111.8499984741211,62600
2025-12-24,112.12000274658203,112.18000030517578,112.0,112.18000030517578,37200
2025-12-26,112.08000183105469,112.2300033569336,111.9000015258789,112.2300033569336,31400
2025-12-29,112.0,112.18000030517578,111.83999633789062,112.0,67500
2025-12-30,111.58999633789062,111.87999725341797,111.56999969482422,111.87999725341797,71400
2025-12-31,111.5999984741211,111.61000061035156,111.31999969482422,111.55999755859375,45000
2026-01-02,111.58000183105469,111.9000015258789,111.55999755859375,111.58999633789062,48000
2026-01-05,111.69000244140625,111.73999786376953,111.11000061035156,111.16000366210938,79700
2026-01-06,111.12999725341797,111.5199966430664,111.08000183105469,111.48999786376953,44100
2026-01-07,110.86000061035156,111.16000366210938,110.83000183105469,111.05000305175781,56100
2026-01-08,110.55999755859375,110.83000183105469,110.51000213623047,110.66000366210938,128000
2026-01-09,110.38999938964844,110.5,110.30000305175781,110.44999694824219,39700
2026-01-12,110.8499984741211,111.06999969482422,110.83000183105469,110.87000274658203,90400
2026-01-13,110.41999816894531,110.81999969482422,110.30999755859375,110.81999969482422,71400
2026-01-14,110.48999786376953,110.73999786376953,110.47000122070312,110.4800033569336,83500
2026-01-15,110.0,110.22000122070312,109.93000030517578,110.22000122070312,95400
2026-01-16,110.12000274658203,110.44000244140625,110.05000305175781,110.30000305175781,155600
2026-01-20,111.91999816894531,112.12000274658203,111.62000274658203,111.87999725341797,303200
2026-01-21,111.19000244140625,111.79000091552734,110.97000122070312,111.7300033569336,221100
2026-01-22,111.91999816894531,112.0,111.58999633789062,111.58999633789062,112700
2026-01-23,113.12999725341797,113.13999938964844,111.8499984741211,111.9000015258789,159000
2026-01-26,113.87999725341797,114.36000061035156,113.79000091552734,113.83999633789062,363400
2026-01-27,115.9800033569336,116.30000305175781,114.83000183105469,114.83000183105469,336800
2026-01-28,114.97000122070312,115.31999969482422,114.44999694824219,115.20999908447266,280700
2026-01-29,115.43000030517578,115.55000305175781,114.75,115.29000091552734,287700
2026-01-30,114.4000015258789,115.11000061035156,114.37999725341797,114.98999786376953,194200
2026-02-02,113.43000030517578,113.55999755859375,113.06999969482422,113.48999786376953,360300
2026-02-03,114.05000305175781,114.19999694824219,113.62000274658203,113.62000274658203,187400
2026-02-04,113.76000213623047,114.0,113.69999694824219,113.94999694824219,142500
2026-02-05,113.55000305175781,114.02999877929688,113.55000305175781,113.93000030517578,162800
2026-02-06,114.05000305175781,114.06999969482422,113.79000091552734,113.80999755859375,308900
2026-02-09,115.31999969482422,115.43000030517578,115.0199966430664,115.19000244140625,182500
2026-02-10,115.12999725341797,115.83000183105469,115.0199966430664,115.80999755859375,229100
2026-02-11,114.58000183105469,114.8499984741211,114.37999725341797,114.62000274658203,234500
2026-02-12,114.86000061035156,115.16999816894531,114.73999786376953,114.87999725341797,131000
2026-02-13,115.11000061035156,115.16999816894531,114.76000213623047,115.05000305175781,152400
2026-02-17,114.79000091552734,114.80000305175781,114.22000122070312,114.55999755859375,176600
2026-02-18,114.36000061035156,114.61000061035156,114.33999633789062,114.52999877929688,127800
2026-02-19,113.91000366210938,114.11000061035156,113.86000061035156,113.9000015258789,306100
2026-02-20,113.9800033569336,114.27999877929688,113.7300033569336,113.83000183105469,108000
2026-02-23,114.06999969482422,114.27999877929688,114.01000213623047,114.01000213623047,278800
2026-02-24,114.16999816894531,114.2699966430664,114.01000213623047,114.08999633789062,99400
2026-02-25,114.25,114.44000244140625,114.12999725341797,114.12999725341797,260800
2026-02-26,114.12000274658203,114.2300033569336,113.91999816894531,114.11000061035156,177800
2026-02-27,114.87999725341797,115.13999938964844,114.77999877929688,114.77999877929688,97100
2026-03-02,113.31999969482422,113.66999816894531,113.04000091552734,113.51000213623047,289700
2026-03-03,113.02999877929688,113.06999969482422,112.20999908447266,112.4000015258789,193100
2026-03-04,113.37000274658203,113.4000015258789,113.02999877929688,113.2300033569336,58100
2026-03-05,113.08000183105469,113.23999786376953,112.66000366210938,113.13999938964844,69000
2026-03-06,113.6500015258789,113.80999755859375,113.06999969482422,113.06999969482422,56200
2026-03-09,113.5199966430664,113.63999938964844,113.1500015258789,113.47000122070312,94400
2026-03-10,113.41000366210938,113.97000122070312,113.3499984741211,113.95999908447266,83900
2026-03-11,113.2300033569336,113.5,113.12000274658203,113.37000274658203,76200
2026-03-12,112.33000183105469,112.94999694824219,112.33000183105469,112.9000015258789,79000
2026-03-13,111.58000183105469,112.30999755859375,111.55999755859375,112.18000030517578,149600
2026-03-16,112.16999816894531,112.25,111.87999725341797,112.0999984741211,80200
2026-03-17,112.5,112.56999969482422,112.25,112.33000183105469,32500
2026-03-18,111.4000015258789,112.11000061035156,111.37999725341797,112.05999755859375,57700
2026-03-19,112.02999877929688,112.3499984741211,111.1500015258789,111.19999694824219,128200
2026-03-20,112.01000213623047,112.16000366210938,111.75,112.16000366210938,81100
2026-03-23,112.33999633789062,112.70999908447266,112.0199966430664,112.11000061035156,86000
2026-03-24,111.7699966430664,111.83000183105469,111.44999694824219,111.66000366210938,94700
2026-03-25,111.52999877929688,111.75,111.4800033569336,111.66000366210938,58800
2026-03-26,110.9800033569336,111.41999816894531,110.94999694824219,111.36000061035156,65500
2026-03-27,110.55999755859375,111.0,110.5,110.87999725341797,63500
2026-03-30,110.38999938964844,110.44999694824219,110.22000122070312,110.41999816894531,93800
2026-03-31,110.41000366210938,110.45999908447266,109.80999755859375,110.37999725341797,221400
2026-04-01,111.0999984741211,111.55999755859375,111.0199966430664,111.4000015258789,106300
2026-04-02,110.4800033569336,110.6500015258789,110.30999755859375,110.44999694824219,49200
2026-04-06,110.5999984741211,110.88999938964844,110.54000091552734,110.75,192200
2026-04-07,110.62999725341797,110.69000244140625,110.2300033569336,110.36000061035156,59600
2026-04-08,111.61000061035156,112.04000091552734,111.4000015258789,112.0,61500
2026-04-09,111.6500015258789,112.0,111.5999984741211,111.73999786376953,230400
2026-04-10,111.87999725341797,112.37000274658203,111.77999877929688,112.2300033569336,45500
2026-04-13,112.6500015258789,112.69000244140625,111.7699966430664,111.83000183105469,95200
2026-04-14,113.0,113.30000305175781,112.97000122070312,113.05000305175781,44100
2026-04-15,112.94000244140625,113.05000305175781,112.8499984741211,112.93000030517578,50600
2026-04-16,112.68000030517578,112.76000213623047,112.5,112.69000244140625,52600
2026-04-17,112.94999694824219,113.48999786376953,112.94999694824219,113.20999908447266,70000
2026-04-20,113.41000366210938,113.51000213623047,113.0199966430664,113.22000122070312,196200
2026-04-21,112.83000183105469,113.37999725341797,112.7699966430664,113.2300033569336,72100
2026-04-22,112.43000030517578,112.91000366210938,112.43000030517578,112.86000061035156,145100
2026-04-23,112.19999694824219,112.63999938964844,112.16000366210938,112.30000305175781,106900
2026-04-24,112.41999816894531,112.48999786376953,112.08999633789062,112.16000366210938,182200
2026-04-27,112.33000183105469,112.69999694824219,112.30000305175781,112.52999877929688,52100
2026-04-28,111.7699966430664,111.88999938964844,111.58999633789062,111.75,35600
2026-04-29,111.5199966430664,111.75,111.3499984741211,111.5199966430664,55700
2026-04-30,112.91999816894531,113.01000213623047,112.38999938964844,112.47000122070312,71900
2026-05-01,112.91999816894531,113.43000030517578,112.91999816894531,113.08999633789062,44600
2026-05-04,112.58999633789062,112.8499984741211,112.4800033569336,112.73999786376953,48600
2026-05-05,112.66999816894531,112.9000015258789,112.62999725341797,112.63999938964844,31600
2026-05-06,113.30000305175781,113.36000061035156,113.0999984741211,113.16999816894531,77000
2026-05-07,113.08000183105469,113.5999984741211,113.06999969482422,113.58999633789062,34000
2026-05-08,113.58999633789062,113.69999694824219,113.41000366210938,113.47000122070312,40500
2026-05-11,113.4000015258789,113.55999755859375,113.3499984741211,113.43000030517578,47200
2026-05-12,113.0,113.05000305175781,112.76000213623047,112.93000030517578,118700
2026-05-13,112.83000183105469,112.8499984741211,112.68000030517578,112.72000122070312,61500
2026-05-14,112.56999969482422,112.83000183105469,112.55000305175781,112.80000305175781,75000
2026-05-15,112.18000030517578,112.37000274658203,112.08000183105469,112.2300033569336,97600
2026-05-18,112.45999908447266,112.52999877929688,112.20999908447266,112.38999938964844,59700
2026-05-19,111.81999969482422,111.91000366210938,111.62999725341797,111.7699966430664,26200
2026-05-20,112.12999725341797,112.25,111.5999984741211,111.61000061035156,59100
2026-05-21,112.18000030517578,112.20999908447266,111.5999984741211,111.70999908447266,41100
2026-05-22,112.4000015258789,112.55000305175781,112.0999984741211,112.41999816894531,58200
2026-05-26,112.25,112.4000015258789,112.22000122070312,112.33000183105469,28500
2026-05-27,112.08999633789062,112.43000030517578,112.0199966430664,112.29000091552734,28100
2026-05-28,112.5,112.58000183105469,112.01000213623047,112.0999984741211,38000
2026-05-29,113.01000213623047,113.12000274658203,112.69999694824219,112.87999725341797,68500
2026-06-01,112.12999725341797,112.26000213623047,111.88999938964844,112.11000061035156,81300
2026-06-02,112.06999969482422,112.23999786376953,111.94000244140625,112.19999694824219,34700
2026-06-03,111.37999725341797,111.69000244140625,111.2699966430664,111.66999816894531,40700
2026-06-04,111.72000122070312,111.97000122070312,111.66999816894531,111.91999816894531,44500
2026-06-05,110.80999755859375,111.26000213623047,110.68000030517578,111.20999908447266,37600
2026-06-08,110.5199966430664,110.93000030517578,110.5199966430664,110.91999816894531,28400
2026-06-09,110.41999816894531,110.87999725341797,110.37999725341797,110.80999755859375,44900
2026-06-10,110.22000122070312,110.69999694824219,110.22000122070312,110.55000305175781,47700
2026-06-11,110.87999725341797,110.94999694824219,110.05000305175781,110.2699966430664,117500
2026-06-12,110.70999908447266,110.80000305175781,110.58000183105469,110.79000091552734,55200
2026-06-15,110.97000122070312,111.33999633789062,110.95999908447266,111.33999633789062,33500
2026-06-16,111.16000366210938,111.27999877929688,110.83000183105469,110.83000183105469,16300
2026-06-17,110.13999938964844,111.26000213623047,109.98999786376953,111.19999694824219,39600
2026-06-18,109.55999755859375,109.94000244140625,109.41999816894531,109.7300033569336,145600
2026-06-22,109.0199966430664,109.19999694824219,108.9000015258789,108.94000244140625,123900
2026-06-23,108.87999725341797,109.18000030517578,108.7699966430664,108.98999786376953,44200
2026-06-24,108.44000244140625,108.6500015258789,108.37000274658203,108.5,169900
2026-06-25,108.87999725341797,108.94000244140625,108.6500015258789,108.6500015258789,56300
2026-06-26,108.9000015258789,109.22000122070312,108.83999633789062,109.20999908447266,43100
2026-06-29,109.16000366210938,109.19999694824219,109.0,109.02999877929688,29700
2026-06-30,109.05000305175781,109.29000091552734,108.95999908447266,108.95999908447266,30500
2026-07-01,108.91999816894531,109.08999633789062,108.79000091552734,108.79000091552734,25800
2026-07-02,109.69999694824219,109.9800033569336,109.66999816894531,109.69999694824219,31700
2026-07-06,109.44999694824219,109.54000091552734,109.20999908447266,109.37000274658203,39000
2026-07-07,109.05999755859375,109.41000366210938,108.9800033569336,109.33999633789062,26600
2026-07-08,109.12000274658203,109.18000030517578,108.7300033569336,108.93000030517578,27300
2026-07-09,109.19000244140625,109.33999633789062,109.16000366210938,109.19000244140625,10000
2026-07-10,108.98999786376953,109.33999633789062,108.97000122070312,109.06999969482422,27800
2026-07-13,108.19000244140625,108.79000091552734,108.16999816894531,108.79000091552734,40400
2026-07-14,108.87000274658203,109.30999755859375,108.83999633789062,109.1500015258789,18700
2026-07-15,109.47000122070312,109.69999694824219,108.88999938964844,108.88999938964844,49800
2026-07-16,108.91999816894531,109.16000366210938,108.83000183105469,109.16000366210938,31000
2026-07-17,109.19000244140625,109.27999877929688,109.0999984741211,109.0999984741211,30500
2026-07-20,108.80000305175781,108.91000366210938,108.70999908447266,108.91000366210938,11600
2026-07-21,108.41999816894531,108.69000244140625,108.33000183105469,108.5999984741211,27800
2026-07-22,108.18000030517578,108.5199966430664,108.13999938964844,108.5199966430664,16400
2026-07-23,107.87999725341797,107.9800033569336,107.79000091552734,107.91999816894531,28100
2026-07-24,107.69000244140625,107.94000244140625,107.66000366210938,107.69000244140625,20400
2026-07-27,107.58000183105469,107.76000213623047,107.55999755859375,107.66999816894531,31600
2026-07-28,107.55000305175781,107.87999725341797,107.55000305175781,107.55000305175781,38500
2026-07-29,108.08999633789062,108.31999969482422,107.38999938964844,107.5999984741211,34100
2026-07-30,109.51000213623047,109.56999969482422,108.55999755859375,108.55999755859375,43300
2026-07-31,109.04000091552734,109.12999725341797,108.41999816894531,108.87999725341797,21800
2026-08-03,108.75,108.97000122070312,108.62000274658203,108.94000244140625,28500
2026-08-04,108.88999938964844,109.0,108.72000122070312,108.9000015258789,27500
2026-08-05,109.13999938964844,109.2300033569336,108.98999786376953,109.01000213623047,19400
2026-08-06,108.44999694824219,108.87000274658203,108.31999969482422,108.83999633789062,22100
2026-08-07,109.12000274658203,109.19000244140625,108.98999786376953,109.12000274658203,28600
2026-08-10,108.7699966430664,108.97000122070312,108.72000122070312,108.87000274658203,26400
2026-08-11,108.68000030517578,108.7699966430664,108.5199966430664,108.69999694824219,18200
2026-08-12,108.2699966430664,108.70999908447266,108.2699966430664,108.70999908447266,20400
2026-08-13,108.12999725341797,108.58999633789062,108.12999725341797,108.44000244140625,25600
2026-08-14,108.33000183105469,108.69999694824219,108.30999755859375,108.5199966430664,28600
2026-08-17,108.62999725341797,108.94000244140625,108.54000091552734,108.88999938964844,51900
2026-08-18,108.41000366210938,108.55999755859375,108.38999938964844,108.4000015258789,9600
2026-08-19,110.4800033569336,110.54000091552734,109.4800033569336,109.4800033569336,41500
2026-08-20,110.02999877929688,110.44000244140625,109.9800033569336,110.37999725341797,50100
2026-08-21,110.0199966430664,110.16999816894531,109.83000183105469,110.05999755859375,44500
2026-08-24,109.75,109.88999938964844,109.73999786376953,109.83000183105469,53300
2026-08-25,109.94999694824219,109.94999694824219,109.7300033569336,109.81999969482422,92100
2026-08-26,109.4000015258789,109.54000091552734,109.30999755859375,109.54000091552734,18900
2026-08-27,109.55000305175781,109.68000030517578,109.5199966430664,109.66999816894531,31400
2026-08-28,108.91999816894531,109.76000213623047,108.81999969482422,109.56999969482422,22900
2026-08-31,108.98999786376953,109.13999938964844,108.95999908447266,109.01000213623047,36500
2026-09-01,108.61000061035156,108.80000305175781,108.4800033569336,108.73999786376953,18303
