entry_time,side,entry,stop0,target,exit,outcome,bars_held,be_armed,ambiguous,stop_frac,cost_R,gross_R,unit_net_R,net_R,instrument
2021-09-07 12:00:00-04:00,-1.0,1795.728,1800.1092616756432,1782.5842149730706,1800.1092616756432,stop,2,False,False,0.00243982478172816,0.1061858538145676,-1.0,-1.1061858538145677,-1.1061858538145677,XAU/USD
2021-09-07 12:00:00-04:00,1.0,110.215,110.13650172732429,110.45049481802715,110.13650172732429,stop,8,False,False,0.0007122285775594647,0.13649282879425972,-1.0,-1.1364928287942597,-1.1364928287942597,USD/JPY
2021-09-08 04:00:00-04:00,-1.0,1798.638,1802.0354019945394,1788.4457940163816,1802.0354019945394,stop,1,False,True,0.001888874801121432,0.13278762959968263,-1.0,-1.1327876295996826,-1.1327876295996826,XAU/USD
2021-09-08 04:00:00-04:00,-1.0,1.18214,1.18306,1.1793799999999999,1.18306,stop,6,False,False,0.0007782496151048369,0.12255606146200394,-1.0,-1.122556061462004,-1.122556061462004,EUR/USD
2021-09-08 08:00:00-04:00,-1.0,1796.568,1802.074,1780.0499999999997,1802.074,stop,10,False,False,0.003064732311830159,0.08287169136570946,-1.0,-1.0828716913657095,-1.0828716913657095,XAU/USD
2021-09-13 04:00:00-04:00,-1.0,1.17756,1.17924,1.1725199999999996,1.17924,stop,1,False,False,0.0014266788953430194,0.0669040396175174,-1.0,-1.0669040396175173,-1.0669040396175173,EUR/USD
2021-09-13 08:00:00-04:00,-1.0,1.18088,1.1819375373749283,1.1777073878752147,1.1819375373749283,stop,4,False,False,0.0008955502463657772,0.10653695233392657,-1.0,-1.1065369523339266,-1.1065369523339266,EUR/USD
2021-09-13 12:00:00-04:00,-1.0,15386.249,15449.297,15197.104999999998,15449.297,stop,1,False,False,0.004097684887330284,0.03985793156784637,-1.0,-1.0398579315678464,-1.0398579315678464,NAS100
2021-09-14 12:00:00-04:00,1.0,1805.638,1800.604482798698,1820.7385516039058,1800.604482798698,stop,3,False,False,0.002787666853102309,0.08233714410781744,-1.0,-1.0823371441078173,-1.0823371441078173,XAU/USD
2021-09-15 08:00:00-04:00,-1.0,109.305,109.41269931914746,108.98190204255764,109.41269931914746,stop,1,False,False,0.000985310087804374,0.09889589620342575,-1.0,-1.0988958962034256,-1.0988958962034256,USD/JPY
2021-09-15 12:00:00-04:00,1.0,109.414,109.30274955085979,109.74775134742065,109.30274955085979,stop,2,False,False,0.0010167844072990191,0.09581596930689742,-1.0,-1.0958159693068974,-1.0958159693068974,USD/JPY
2021-09-16 08:00:00-04:00,-1.0,1762.587,1773.147,1730.9070000000002,1773.147,stop,19,False,False,0.005991193626186932,0.04090702839928774,-1.0,-1.0409070283992878,-1.0409070283992878,XAU/USD
2021-09-16 08:00:00-04:00,-1.0,1.17549,1.17696,1.1710799999999997,1.17696,stop,1,False,False,0.0012505423270296493,0.07637641487811234,-1.0,-1.0763764148781123,-1.0763764148781123,EUR/USD
2021-09-16 12:00:00-04:00,1.0,1.17689,1.17532,1.1816000000000002,1.17532,stop,5,False,False,0.0013340244202942257,0.0715983900927257,-1.0,-1.0715983900927257,-1.0715983900927257,EUR/USD
2021-09-17 12:00:00-04:00,-1.0,1.17254,1.173699657863777,1.1690610264086685,1.173699657863777,stop,9,False,False,0.0009890134782413748,0.09663318615410324,-1.0,-1.0966331861541032,-1.0966331861541032,EUR/USD
2021-09-20 08:00:00-04:00,-1.0,15080.859,15124.847851685416,14948.892444943755,14948.892444943755,target,1,False,False,0.0029168664520645197,0.058573756224819806,3.0,2.9414262437751804,2.9414262437751804,NAS100
2021-09-20 12:00:00-04:00,-1.0,14927.579,14985.499361385546,14753.817915843361,14985.499361385546,stop,1,False,False,0.0038800907625775173,0.04292206147302478,-1.0,-1.0429220614730248,-1.0429220614730248,NAS100
2021-09-21 08:00:00-04:00,-1.0,15085.389,15142.389,14914.389,15142.389,stop,6,False,False,0.0037784905646118905,0.04483476350495025,-1.0,-1.0448347635049502,-1.0448347635049502,NAS100
2021-09-23 12:00:00-04:00,1.0,15355.469,15306.791516496613,15501.501450510159,15306.791516496613,stop,1,False,False,0.0031700421200672292,0.051575666522872876,-1.0,-1.0515756665228728,-1.0515756665228728,NAS100
2021-09-23 12:00:00-04:00,1.0,110.178,110.0776998399774,110.4789004800678,110.4789004800678,target,3,False,False,0.0009103465303653956,0.10680184542696682,3.0,2.893198154573033,2.893198154573033,USD/JPY
2021-09-24 00:00:00-04:00,1.0,110.437,110.35341470677605,110.68775587967184,110.35341470677605,stop,1,False,False,0.0007568595056362232,0.12837762399784283,-1.0,-1.128377623997843,-1.128377623997843,USD/JPY
2021-09-24 08:00:00-04:00,1.0,110.553,110.45962316054771,110.83313051835687,110.83313051835687,target,6,False,False,0.0008446341524182069,0.11497003403930223,3.0,2.885029965960698,2.885029965960698,USD/JPY
2021-09-27 08:00:00-04:00,1.0,110.983,110.781,111.589,111.589,target,6,False,False,0.0018200985736554081,0.05331897399689305,3.0,2.946681026003107,2.946681026003107,USD/JPY
2021-09-28 08:00:00-04:00,-1.0,14975.689,15031.910326758953,14807.025019723143,14807.025019723143,target,1,False,False,0.0037541729638584423,0.04560253339333839,3.0,2.9543974666066615,2.9543974666066615,NAS100
2021-09-28 08:00:00-04:00,1.0,111.555,111.429,111.93300000000002,111.429,stop,1,False,False,0.0011294876966519184,0.08581283808609172,-1.0,-1.0858128380860916,-1.0858128380860916,USD/JPY
2021-09-28 08:00:00-04:00,-1.0,1730.228,1738.148,1706.4680000000005,1738.148,stop,1,False,False,0.004577431413663312,0.053878520585150906,-1.0,-1.0538785205851509,-1.0538785205851509,XAU/USD
2021-09-28 12:00:00-04:00,-1.0,14771.239,14855.319,14518.999,14855.319,stop,2,False,False,0.005692142683494589,0.029569074820962205,-1.0,-1.0295690748209623,-1.0295690748209623,NAS100
2021-09-28 12:00:00-04:00,-1.0,111.464,111.62,110.99599999999998,111.62,stop,2,False,False,0.0013995550132778827,0.07564197928876494,-1.0,-1.075641979288765,-1.075641979288765,USD/JPY
2021-09-28 12:00:00-04:00,1.0,1737.758,1731.8741738677934,1755.40947839662,1731.8741738677934,stop,5,False,False,0.003385871986897284,0.07629926539129692,-1.0,-1.0762992653912968,-1.0762992653912968,XAU/USD
2021-09-29 00:00:00-04:00,-1.0,111.485,111.61406712790937,111.0977986162719,111.61406712790937,stop,2,False,False,0.0011577084622089592,0.0875965880997725,-1.0,-1.0875965880997724,-1.0875965880997724,USD/JPY
2021-09-29 04:00:00-04:00,-1.0,1.16588,1.1668736707451663,1.162898987764501,1.162898987764501,target,1,False,False,0.0008522924702081857,0.1123637494194914,3.0,2.8876362505805084,2.8876362505805084,EUR/USD
2021-09-29 08:00:00-04:00,-1.0,14857.239,14913.036764206463,14689.84570738061,14689.84570738061,target,7,False,False,0.0037555944416363903,0.04525763744861472,3.0,2.9547423625513853,2.9547423625513853,NAS100
2021-09-29 08:00:00-04:00,-1.0,1.16456,1.16587,1.1606300000000003,1.1606300000000003,target,1,False,False,0.0011248883698563598,0.08518277372807194,3.0,2.914817226271928,2.914817226271928,EUR/USD
2021-09-29 12:00:00-04:00,-1.0,1.16013,1.16155,1.1558700000000002,1.16155,stop,17,False,False,0.0012240007585356612,0.07831517502462881,-1.0,-1.078315175024629,-1.078315175024629,EUR/USD
2021-09-29 12:00:00-04:00,1.0,111.945,111.79498169119366,112.39505492641901,111.79498169119366,stop,2,False,False,0.0013401072741644384,0.07887756846710932,-1.0,-1.0788775684671092,-1.0788775684671092,USD/JPY
2021-10-01 12:00:00-04:00,-1.0,111.022,111.15845904833536,110.61262285499394,111.15845904833536,stop,4,False,False,0.0012291171870021601,0.0789338847295704,-1.0,-1.0789338847295704,-1.0789338847295704,USD/JPY
2021-10-04 12:00:00-04:00,-1.0,14409.559,14483.496359459234,14187.746921622296,14483.496359459234,stop,1,False,False,0.005131132705673669,0.03297102657057474,-1.0,-1.0329710265705747,-1.0329710265705747,NAS100
2021-10-06 00:00:00-04:00,1.0,111.757,111.626,112.15,111.626,stop,1,False,False,0.0011721860823035713,0.08263505977752604,-1.0,-1.082635059777526,-1.082635059777526,USD/JPY
2021-10-06 04:00:00-04:00,-1.0,1.1552,1.156147920616012,1.1523562381519643,1.156147920616012,stop,5,False,False,0.0008205684002873088,0.11694631415253491,-1.0,-1.1169463141525349,-1.1169463141525349,EUR/USD
2021-10-07 08:00:00-04:00,1.0,14966.317,14870.099,15254.970999999996,14870.099,stop,4,False,False,0.006428969799316622,0.026573513414305035,-1.0,-1.026573513414305,-1.026573513414305,NAS100
2021-10-08 00:00:00-04:00,1.0,111.925,111.83406132200086,112.1978160339974,111.83406132200086,stop,1,False,False,0.0008124965646560973,0.11915040175432647,-1.0,-1.1191504017543266,-1.1191504017543266,USD/JPY
2021-10-08 12:00:00-04:00,-1.0,1758.408,1763.9334481826472,1741.831655452058,1763.9334481826472,stop,11,False,False,0.0031423015492691823,0.07905710268193075,-1.0,-1.0790571026819307,-1.0790571026819307,XAU/USD
2021-10-08 12:00:00-04:00,1.0,112.196,112.05426233985082,112.62121298044752,112.62121298044752,target,3,False,False,0.0012633040406892877,0.07657508196955294,3.0,2.923424918030447,2.923424918030447,USD/JPY
2021-10-10 20:00:00-04:00,1.0,112.3,112.174,112.67799999999997,112.67799999999997,target,1,False,False,0.001121994657168215,0.09406201325111156,3.0,2.9059379867488886,2.9059379867488886,USD/JPY
2021-10-11 00:00:00-04:00,1.0,112.726,112.60123116866788,113.10030649399636,113.10030649399636,target,2,False,False,0.0011068327744452845,0.09527993031358796,3.0,2.904720069686412,2.904720069686412,USD/JPY
2021-10-11 08:00:00-04:00,1.0,113.189,112.885,114.10099999999996,114.10099999999996,target,22,False,False,0.0026857733525341497,0.035939574221319465,3.0,2.9640604257786807,2.9640604257786807,USD/JPY
2021-10-12 12:00:00-04:00,-1.0,1.15282,1.15418,1.1487399999999999,1.15418,stop,2,False,False,0.0011797158272757481,0.08138653982015973,-1.0,-1.0813865398201596,-1.0813865398201596,EUR/USD
2021-10-13 12:00:00-04:00,1.0,1793.678,1787.6602618432319,1811.7312144703048,1787.6602618432319,stop,2,False,False,0.003354971269518969,0.07152721254449708,-1.0,-1.071527212544497,-1.071527212544497,XAU/USD
2021-10-14 04:00:00-04:00,1.0,1.1616,1.16066,1.1644199999999998,1.16066,stop,1,False,False,0.0008092286501376902,0.12908501279622264,-1.0,-1.1290850127962226,-1.1290850127962226,EUR/USD
2021-10-14 04:00:00-04:00,1.0,1795.948,1791.9040260462114,1808.0799218613663,1791.9040260462114,stop,5,False,False,0.0022517210708710585,0.10130621094546857,-1.0,-1.1013062109454685,-1.1013062109454685,XAU/USD
2021-10-14 08:00:00-04:00,1.0,1.16062,1.1596144887151185,1.1636365338546444,1.1596144887151185,stop,1,False,False,0.0008663570202835263,0.11067859189040476,-1.0,-1.1106785918904047,-1.1106785918904047,EUR/USD
2021-10-14 08:00:00-04:00,1.0,14930.249,14895.18145533285,15035.45163400145,15035.45163400145,target,1,False,False,0.002348758193326199,0.07251119745765142,3.0,2.9274888025423484,2.9274888025423484,NAS100
2021-10-14 12:00:00-04:00,1.0,15048.419,15008.894628612077,15166.992114163768,15166.992114163768,target,8,False,False,0.0026264799902184183,0.06303266459965746,3.0,2.9369673354003427,2.9369673354003427,NAS100
2021-10-15 00:00:00-04:00,1.0,113.966,113.85309344226366,114.30471967320901,114.30471967320901,target,1,False,False,0.000990703874281257,0.10603980865100326,3.0,2.893960191348997,2.893960191348997,USD/JPY
2021-10-15 08:00:00-04:00,1.0,114.449,114.264,115.004,114.264,stop,1,False,False,0.0016164405106204708,0.05956258009017166,-1.0,-1.0595625800901716,-1.0595625800901716,USD/JPY
2021-10-15 12:00:00-04:00,1.0,114.309,114.14778109986285,114.79265670041143,114.14778109986285,stop,2,False,False,0.0014103780116801244,0.0744458928605607,-1.0,-1.0744458928605607,-1.0744458928605607,USD/JPY
2021-10-18 00:00:00-04:00,1.0,114.326,114.17978051303957,114.76465846088125,114.17978051303957,stop,2,False,False,0.0012789696740935482,0.08207895965267706,-1.0,-1.082078959652677,-1.082078959652677,USD/JPY
2021-10-18 12:00:00-04:00,1.0,15232.909,15193.319078989696,15351.67876303091,15351.67876303091,target,4,False,False,0.0025989731186803152,0.06324453050451,3.0,2.93675546949549,2.93675546949549,NAS100
2021-10-19 04:00:00-04:00,1.0,1.16601,1.16494,1.1692199999999997,1.16494,stop,1,False,False,0.0009176593682729174,0.10430555280536664,-1.0,-1.1043055528053667,-1.1043055528053667,EUR/USD
2021-10-19 08:00:00-04:00,-1.0,1.16457,1.16571,1.1611500000000003,1.16571,stop,7,False,False,0.000978902084030946,0.09781927741243346,-1.0,-1.0978192774124333,-1.0978192774124333,EUR/USD
2021-10-19 08:00:00-04:00,1.0,15389.139,15325.019,15581.498999999996,15325.019,stop,10,False,False,0.0041665748811547535,0.040422143063384354,-1.0,-1.0404221430633844,-1.0404221430633844,NAS100
2021-10-19 20:00:00-04:00,1.0,114.622,114.516,114.93999999999998,114.516,stop,1,False,False,0.0009247788382683477,0.11345350635631625,-1.0,-1.1134535063563162,-1.1134535063563162,USD/JPY
2021-10-20 00:00:00-04:00,-1.0,114.43,114.562,114.03400000000003,114.03400000000003,target,6,False,False,0.0011535436511403547,0.08339793796757325,3.0,2.916602062032427,2.916602062032427,USD/JPY
2021-10-21 12:00:00-04:00,-1.0,113.677,113.8473895096863,113.16583147094114,113.8473895096863,stop,1,False,False,0.0014988916815740032,0.06430193012876766,-1.0,-1.0643019301287677,-1.0643019301287677,USD/JPY
2021-10-22 04:00:00-04:00,1.0,1793.028,1789.5165636359225,1803.5623090922327,1789.5165636359225,stop,1,False,True,0.00195838345194696,0.12117928938320076,-1.0,-1.1211792893832007,-1.1211792893832007,XAU/USD
2021-10-22 12:00:00-04:00,-1.0,113.463,113.639,112.93499999999999,113.639,stop,2,False,False,0.0015511664595507077,0.06784419129639796,-1.0,-1.0678441912963978,-1.0678441912963978,USD/JPY
2021-10-22 12:00:00-04:00,-1.0,1791.444,1798.474,1770.354,1798.474,stop,3,False,False,0.003924208627230309,0.06304572361958485,-1.0,-1.063045723619585,-1.063045723619585,XAU/USD
2021-10-24 20:00:00-04:00,-1.0,113.642,113.827,113.08699999999999,113.827,stop,3,False,False,0.001627919255204962,0.06461910955294747,-1.0,-1.0646191095529476,-1.0646191095529476,USD/JPY
2021-10-25 08:00:00-04:00,-1.0,1.15947,1.16091,1.1551499999999997,1.16091,stop,1,False,False,0.001241946751533121,0.07716721164542606,-1.0,-1.077167211645426,-1.077167211645426,EUR/USD
2021-10-25 12:00:00-04:00,1.0,1.16112,1.1599073956346622,1.1647578130960132,1.1599073956346622,stop,2,False,False,0.001044340262279322,0.09176714233874325,-1.0,-1.0917671423387432,-1.0917671423387432,EUR/USD
2021-10-26 12:00:00-04:00,-1.0,15547.629,15612.169,15354.009000000004,15612.169,stop,5,False,False,0.0041511152600823605,0.039158320027107424,-1.0,-1.0391583200271075,-1.0391583200271075,NAS100
2021-10-26 12:00:00-04:00,-1.0,1.1587,1.1598066651875663,1.1553800044373015,1.1598066651875663,stop,1,False,False,0.0009550920752275752,0.1003742390012717,-1.0,-1.1003742390012716,-1.1003742390012716,EUR/USD
2021-10-28 12:00:00-04:00,1.0,15742.849,15701.923210984212,15865.626367047364,15701.923210984212,stop,1,False,False,0.002599643115155828,0.06263071396141899,-1.0,-1.062630713961419,-1.062630713961419,NAS100
2021-10-28 12:00:00-04:00,-1.0,113.455,113.59688120635775,113.02935638092674,113.59688120635775,stop,1,False,False,0.0012505504945374989,0.08415689453917226,-1.0,-1.0841568945391722,-1.0841568945391722,USD/JPY
2021-10-28 12:00:00-04:00,1.0,1.16875,1.1670231413604466,1.17393057591866,1.1670231413604466,stop,3,False,False,0.0014775261087087508,0.06475450240008644,-1.0,-1.0647545024000864,-1.0647545024000864,EUR/USD
2021-10-29 12:00:00-04:00,-1.0,1777.964,1783.7223359553848,1760.6889921338454,1783.7223359553848,stop,3,False,False,0.003238724718489709,0.07288881111493166,-1.0,-1.0728888111149317,-1.0728888111149317,XAU/USD
2021-10-29 12:00:00-04:00,-1.0,1.15384,1.1555738568261813,1.148638429521456,1.1555738568261813,stop,1,False,False,0.001502683930338109,0.06385688936728018,-1.0,-1.0638568893672802,-1.0638568893672802,EUR/USD
2021-10-31 20:00:00-04:00,1.0,114.155,114.02112899849112,114.55661300452664,114.02112899849112,stop,4,False,False,0.0011727125531853998,0.0895746325764665,-1.0,-1.0895746325764666,-1.0895746325764666,USD/JPY
2021-11-01 04:00:00-04:00,-1.0,1.15656,1.1578125085117033,1.1528024744648904,1.1578125085117033,stop,1,False,False,0.0010829602542913647,0.088580261896453,-1.0,-1.088580261896453,-1.088580261896453,EUR/USD
2021-11-01 08:00:00-04:00,-1.0,1.1572,1.1583854007601717,1.1536437977194849,1.1583854007601717,stop,1,False,False,0.0010243698238607902,0.09361910389779092,-1.0,-1.093619103897791,-1.093619103897791,EUR/USD
2021-11-02 12:00:00-04:00,1.0,15964.729,15923.759,16087.638999999997,16087.638999999997,target,6,False,False,0.002566282208736481,0.06311377567072372,3.0,2.9368862243292764,2.9368862243292764,NAS100
2021-11-03 12:00:00-04:00,-1.0,1761.918,1766.4001231372938,1748.4716305881182,1766.4001231372938,stop,1,False,False,0.0025438886130307492,0.10028642747344244,-1.0,-1.1002864274734425,-1.1002864274734425,XAU/USD
2021-11-04 08:00:00-04:00,1.0,16255.549,16166.819,16521.739000000005,16166.819,stop,22,False,False,0.005458443759727917,0.030026483054077138,-1.0,-1.030026483054077,-1.030026483054077,NAS100
2021-11-05 12:00:00-04:00,-1.0,113.371,113.52350719670599,112.913478409882,113.52350719670599,stop,2,False,False,0.0013452046529182702,0.07826334298506153,-1.0,-1.0782633429850614,-1.0782633429850614,USD/JPY
2021-11-05 12:00:00-04:00,1.0,1.15634,1.15492,1.1605999999999999,1.1605999999999999,target,10,False,False,0.001228012522268517,0.07813117247289995,3.0,2.9218688275271,2.9218688275271,EUR/USD
2021-11-05 12:00:00-04:00,1.0,1813.974,1807.718,1832.7419999999995,1832.7419999999995,target,18,False,False,0.003448781515060226,0.0685589554624049,3.0,2.931441044537595,2.931441044537595,XAU/USD
2021-11-08 11:00:00-05:00,-1.0,113.151,113.27875772360885,112.76772682917344,113.27875772360885,stop,1,False,False,0.001129090539269223,0.09328946797094406,-1.0,-1.0932894679709442,-1.0932894679709442,USD/JPY
2021-11-08 19:00:00-05:00,-1.0,113.211,113.31177530728806,112.90867407813582,112.90867407813582,target,1,False,False,0.000890154731325228,0.11832869910322757,3.0,2.8816713008967723,2.8816713008967723,USD/JPY
2021-11-08 23:00:00-05:00,-1.0,112.822,112.93740932297622,112.47577203107134,112.93740932297622,stop,1,False,False,0.0010229327877206542,0.10308609882642156,-1.0,-1.1030860988264215,-1.1030860988264215,USD/JPY
2021-11-09 07:00:00-05:00,-1.0,112.874,113.112,112.16,113.112,stop,4,False,False,0.0021085458121445112,0.04999387239548358,-1.0,-1.0499938723954836,-1.0499938723954836,USD/JPY
2021-11-10 07:00:00-05:00,-1.0,16108.709,16166.707,15934.715000000002,16166.707,stop,1,False,True,0.0036004126711829975,0.07766530190864779,-1.0,-1.0776653019086477,-1.0776653019086477,NAS100
2021-11-10 11:00:00-05:00,1.0,1854.804,1848.383001559717,1874.0669953208492,1848.383001559717,stop,1,False,False,0.0034618204620450615,0.0718805751882577,-1.0,-1.0718805751882576,-1.0718805751882576,XAU/USD
2021-11-10 15:00:00-05:00,-1.0,1.14775,1.1495308694683686,1.1424073915948945,1.1424073915948945,target,17,False,False,0.0015516179205998944,0.07037614088941042,3.0,2.9296238591105896,2.9296238591105896,EUR/USD
2021-11-10 15:00:00-05:00,1.0,15983.709,15919.376443171479,16176.706670485566,16176.706670485566,target,11,False,False,0.004024882887227349,0.04135784637008967,3.0,2.9586421536299103,2.9586421536299103,NAS100
2021-11-10 23:00:00-05:00,-1.0,113.964,114.09006747958314,113.58579756125057,114.09006747958314,stop,1,False,False,0.0011062044117716298,0.09501279908847299,-1.0,-1.095012799088473,-1.095012799088473,USD/JPY
2021-11-11 23:00:00-05:00,1.0,114.259,114.1658157824061,114.5385526527817,114.1658157824061,stop,1,False,False,0.0008155525393527079,0.11804343415547161,-1.0,-1.1180434341554717,-1.1180434341554717,USD/JPY
2021-11-15 11:00:00-05:00,-1.0,1.13856,1.1421,1.1279400000000004,1.1279400000000004,target,8,False,False,0.003109190556492303,0.030967796278300985,3.0,2.969032203721699,2.969032203721699,EUR/USD
2021-11-15 11:00:00-05:00,-1.0,16132.399,16199.207,15931.974999999997,16199.207,stop,1,False,False,0.004141231567605097,0.0387914426543987,-1.0,-1.0387914426543987,-1.0387914426543987,NAS100
2021-11-16 07:00:00-05:00,1.0,1861.138,1856.3486060466337,1875.5061818600986,1856.3486060466337,stop,1,False,False,0.0025733685268723994,0.09981134936814554,-1.0,-1.0998113493681456,-1.0998113493681456,XAU/USD
2021-11-16 11:00:00-05:00,-1.0,1855.104,1861.338,1836.4020000000003,1861.338,stop,4,False,False,0.003360458497205506,0.07316809944363585,-1.0,-1.073168099443636,-1.073168099443636,XAU/USD
2021-11-16 11:00:00-05:00,1.0,114.621,114.501,114.98099999999997,114.501,stop,5,False,False,0.0010469285732980025,0.09186901324335031,-1.0,-1.0918690132433504,-1.0918690132433504,USD/JPY
2021-11-17 03:00:00-05:00,-1.0,1.13125,1.132799617956177,1.1266011461314693,1.132799617956177,stop,1,False,False,0.001369828027559707,0.07045860554454235,-1.0,-1.0704586055445424,-1.0704586055445424,EUR/USD
2021-11-17 07:00:00-05:00,-1.0,1.13167,1.13321,1.1270499999999997,1.13321,stop,3,False,False,0.0013608207339596322,0.07092256128028286,-1.0,-1.0709225612802828,-1.0709225612802828,EUR/USD
2021-11-17 11:00:00-05:00,1.0,114.133,113.97627197153436,114.6031840853969,113.97627197153436,stop,2,False,False,0.0013732051945154887,0.07013629137487637,-1.0,-1.0701362913748764,-1.0701362913748764,USD/JPY
2021-11-17 11:00:00-05:00,1.0,16392.889,16332.809,16573.129,16332.809,stop,1,False,False,0.003665003770842341,0.043090541074624164,-1.0,-1.043090541074624,-1.043090541074624,NAS100
2021-11-17 15:00:00-05:00,-1.0,16316.889,16355.301385893727,16201.651842318817,16355.301385893727,stop,2,False,False,0.002354148875666638,0.06987525746489924,-1.0,-1.0698752574648993,-1.0698752574648993,NAS100
2021-11-18 07:00:00-05:00,1.0,16398.789,16374.201992811013,16472.550021566964,16374.201992811013,stop,1,False,True,0.0014993184672958246,0.1813374076757509,-1.0,-1.181337407675751,-1.181337407675751,NAS100
2021-11-18 11:00:00-05:00,-1.0,16441.259,16492.799,16286.638999999996,16492.799,stop,1,False,False,0.0031347964289110022,0.050476313900793136,-1.0,-1.050476313900793,-1.050476313900793,NAS100
2021-11-18 15:00:00-05:00,1.0,16483.599,16440.395354244636,16613.209937266085,16613.209937266085,target,4,False,False,0.0026210080550589853,0.06099608613213743,3.0,2.9390039138678627,2.9390039138678627,NAS100
2021-11-19 11:00:00-05:00,1.0,113.978,113.785,114.55699999999999,114.55699999999999,target,6,False,False,0.0016933092351155297,0.06209342084513417,3.0,2.9379065791548657,2.9379065791548657,USD/JPY
2021-11-19 11:00:00-05:00,1.0,16604.809,16563.169,16729.729,16563.169,stop,1,False,False,0.002507707255169235,0.06259039327212032,-1.0,-1.0625903932721203,-1.0625903932721203,NAS100
2021-11-19 11:00:00-05:00,1.0,1.13183,1.1299169088339995,1.137569273498001,1.1299169088339995,stop,1,False,False,0.0016902637021463985,0.057121938780002254,-1.0,-1.0571219387800022,-1.0571219387800022,EUR/USD
2021-11-22 07:00:00-05:00,1.0,16651.079,16624.70690431028,16730.19528706917,16624.70690431028,stop,1,False,False,0.0015838070127301184,0.17399303785406384,-1.0,-1.1739930378540637,-1.1739930378540637,NAS100
2021-11-22 11:00:00-05:00,-1.0,1815.608,1822.077162896858,1796.2005113094258,1796.2005113094258,target,4,False,False,0.003563083494266412,0.06861764177511659,3.0,2.9313823582248832,2.9313823582248832,XAU/USD
2021-11-22 11:00:00-05:00,-1.0,1.12484,1.1265487934920082,1.1197136195239756,1.1265487934920082,stop,4,False,False,0.0015191436044309792,0.06362859890154635,-1.0,-1.0636285989015464,-1.0636285989015464,EUR/USD
2021-11-22 11:00:00-05:00,1.0,16528.499,16466.009,16715.969000000005,16466.009,stop,1,False,False,0.003780742582856532,0.04147994508067883,-1.0,-1.0414799450806789,-1.0414799450806789,NAS100
2021-11-22 23:00:00-05:00,1.0,115.097,114.95994555481913,115.50816333554259,114.95994555481913,stop,1,False,False,0.0011907733927110657,0.09526891976836684,-1.0,-1.095268919768367,-1.095268919768367,USD/JPY
2021-11-23 07:00:00-05:00,-1.0,1791.768,1797.404,1774.8600000000001,1797.404,stop,15,False,False,0.003145496515173821,0.08461772442312525,-1.0,-1.0846177244231252,-1.0846177244231252,XAU/USD
2021-11-23 11:00:00-05:00,-1.0,16174.619,16248.416562435934,15953.2263126922,16248.416562435934,stop,1,False,False,0.004562553370557494,0.03478105162645784,-1.0,-1.034781051626458,-1.034781051626458,NAS100
2021-11-23 15:00:00-05:00,1.0,16307.799,16222.249,16564.449000000004,16222.249,stop,4,False,False,0.005245956244616523,0.030948525802773786,-1.0,-1.0309485258027737,-1.0309485258027737,NAS100
2021-11-24 07:00:00-05:00,-1.0,1.12073,1.1220630193663907,1.1167309419008278,1.1220630193663907,stop,5,False,False,0.0011894206154834277,0.08136421179443969,-1.0,-1.0813642117944398,-1.0813642117944398,EUR/USD
2021-11-24 11:00:00-05:00,1.0,115.447,115.2843210105158,115.93503696845262,115.2843210105158,stop,5,False,False,0.0014091227098513277,0.06812407575259938,-1.0,-1.0681240757525994,-1.0681240757525994,USD/JPY
2021-11-25 03:00:00-05:00,-1.0,1.12231,1.1232767553994738,1.1194097338015783,1.1232767553994738,stop,5,False,False,0.0008613978307899638,0.11229904708366359,-1.0,-1.1122990470836636,-1.1122990470836636,EUR/USD
2021-11-25 11:00:00-05:00,1.0,115.374,115.29831479472551,115.60105561582344,115.29831479472551,stop,1,False,False,0.0006559987976015555,0.22563657187734334,-1.0,-1.2256365718773434,-1.2256365718773434,USD/JPY
2021-11-26 07:00:00-05:00,1.0,1.12916,1.12741,1.1344099999999997,1.12741,stop,5,False,False,0.001549824648411136,0.062307511407892674,-1.0,-1.0623075114078926,-1.0623075114078926,EUR/USD
2021-11-26 07:00:00-05:00,-1.0,113.862,114.209,112.82099999999997,112.82099999999997,target,12,False,False,0.0030475487871283523,0.034490838715376955,3.0,2.965509161284623,2.965509161284623,USD/JPY
2021-11-30 07:00:00-05:00,1.0,1.13544,1.134007598090277,1.1397372057291688,1.134007598090277,stop,1,False,False,0.001261539059503748,0.07640573739605079,-1.0,-1.0764057373960507,-1.0764057373960507,EUR/USD
2021-11-30 07:00:00-05:00,1.0,113.523,112.542,116.46599999999998,113.633,time,80,False,False,0.008641420681271588,0.012204017574853197,0.11213047910295622,0.09992646152810303,0.09992646152810303,USD/JPY
2021-11-30 11:00:00-05:00,-1.0,1.13103,1.1336999733382598,1.1230200799852206,1.1336999733382598,stop,1,False,False,0.0023606565150878413,0.040886898404573074,-1.0,-1.0408868984045732,-1.0408868984045732,EUR/USD
2021-12-02 07:00:00-05:00,1.0,1779.405,1775.0340279359236,1792.517916192229,1775.0340279359236,stop,1,False,False,0.00245642339100786,0.1156129832841214,-1.0,-1.1156129832841213,-1.1156129832841213,XAU/USD
2021-12-02 11:00:00-05:00,-1.0,1766.628,1772.219084941745,1749.8547451747647,1772.219084941745,stop,2,False,False,0.003164834329437248,0.08606997005217036,-1.0,-1.0860699700521703,-1.0860699700521703,XAU/USD
2021-12-03 11:00:00-05:00,-1.0,15585.549,15719.369,15184.089000000002,15719.369,stop,1,False,False,0.008586158883463117,0.01899000671951323,-1.0,-1.0189900067195132,-1.0189900067195132,NAS100
2021-12-07 07:00:00-05:00,1.0,16229.599,16099.239,16620.679000000004,16099.239,stop,27,False,False,0.008032237888317547,0.03477084080824983,-1.0,-1.0347708408082499,-1.0347708408082499,NAS100
2021-12-07 07:00:00-05:00,-1.0,1.12524,1.1264416985320587,1.121634904403824,1.1264416985320587,stop,2,False,False,0.0010679486438969893,0.09051887653286031,-1.0,-1.0905188765328604,-1.0905188765328604,EUR/USD
2021-12-08 07:00:00-05:00,-1.0,1784.415,1788.318413305819,1772.704760082543,1772.704760082543,target,10,False,False,0.0021875030784985323,0.12272240863854308,3.0,2.877277591361457,2.877277591361457,XAU/USD
2021-12-10 07:00:00-05:00,1.0,1773.448,1770.5259741118205,1782.214077664539,1782.214077664539,target,1,False,False,0.0016476524195689034,0.16781691481809197,3.0,2.832183085181908,2.832183085181908,XAU/USD
2021-12-14 07:00:00-05:00,-1.0,15909.439,16017.509,15585.229000000001,16017.509,stop,7,False,False,0.006792822801608511,0.042008937410741506,-1.0,-1.0420089374107415,-1.0420089374107415,NAS100
2021-12-14 15:00:00-05:00,-1.0,1.12539,1.1266169778751836,1.121709066374449,1.1266169778751836,stop,1,False,False,0.0010902690402293123,0.09679867886427392,-1.0,-1.0967986788642738,-1.0967986788642738,EUR/USD
2021-12-15 11:00:00-05:00,-1.0,1765.518,1768.9024867391545,1755.3645397825367,1768.9024867391545,stop,1,False,False,0.001916993618391007,0.13867421416326312,-1.0,-1.138674214163263,-1.138674214163263,XAU/USD
2021-12-15 11:00:00-05:00,-1.0,1.12591,1.1271053934327655,1.1223238197017034,1.1271053934327655,stop,1,False,False,0.001061713132280142,0.09102752033157772,-1.0,-1.0910275203315778,-1.0910275203315778,EUR/USD
2021-12-15 15:00:00-05:00,1.0,1777.855,1768.285,1806.5649999999998,1806.5649999999998,target,8,False,False,0.005382891180664304,0.05430384725522156,3.0,2.9456961527447785,2.9456961527447785,XAU/USD
2021-12-15 15:00:00-05:00,1.0,1.12875,1.12632,1.1360399999999997,1.12632,stop,11,False,False,0.0021528239202657207,0.053081906929689365,-1.0,-1.0530819069296893,-1.0530819069296893,EUR/USD
2021-12-17 03:00:00-05:00,1.0,1807.768,1804.5041486122977,1817.559554163107,1804.5041486122977,stop,1,False,False,0.0018054592114155625,0.14563156835568497,-1.0,-1.145631568355685,-1.145631568355685,XAU/USD
2021-12-17 11:00:00-05:00,-1.0,1804.698,1808.6610104010272,1792.8089687969189,1792.8089687969189,target,6,False,False,0.0021959410389035044,0.11265538142056791,3.0,2.8873446185794323,2.8873446185794323,XAU/USD
2021-12-17 11:00:00-05:00,1.0,113.64,113.4859397347651,114.10218079570471,113.4859397347651,stop,3,False,False,0.0013556869520846857,0.07111203749956044,-1.0,-1.0711120374995604,-1.0711120374995604,USD/JPY
2021-12-20 07:00:00-05:00,1.0,15637.529,15549.819,15900.659000000003,15549.819,stop,1,False,False,0.005608942435854216,0.0507294778860668,-1.0,-1.0507294778860667,-1.0507294778860667,NAS100
2021-12-22 07:00:00-05:00,1.0,114.212,114.11995522946827,114.48813431159519,114.11995522946827,stop,2,False,False,0.0008059115551056689,0.13030120695778755,-1.0,-1.1303012069577876,-1.1303012069577876,USD/JPY
2021-12-22 11:00:00-05:00,1.0,16137.019,16078.45861828076,16312.700145157722,16312.700145157722,target,6,False,False,0.003628946692027844,0.04419331871221496,3.0,2.9558066812877852,2.9558066812877852,NAS100
2021-12-23 11:00:00-05:00,1.0,16326.759,16287.832851189578,16443.537446431266,16443.537446431266,target,6,False,False,0.002384193262754849,0.06667076420697804,3.0,2.933329235793022,2.933329235793022,NAS100
2021-12-23 11:00:00-05:00,1.0,114.415,114.32499461908472,114.68501614274587,114.32499461908472,stop,2,False,False,0.0007866571770771886,0.14452058313323396,-1.0,-1.144520583133234,-1.144520583133234,USD/JPY
2021-12-23 23:00:00-05:00,-1.0,114.316,114.39157001539611,114.08928995381167,114.39157001539611,stop,1,False,False,0.0006610624531658742,0.19851826248877905,-1.0,-1.1985182624887791,-1.1985182624887791,USD/JPY
2021-12-27 11:00:00-05:00,1.0,1809.109,1806.2859275592855,1817.5782173221432,1817.5782173221432,target,4,False,False,0.0015604766991455135,0.17069139711466091,3.0,2.829308602885339,2.829308602885339,XAU/USD
2021-12-27 11:00:00-05:00,1.0,16533.909,16495.718766573627,16648.479700279117,16648.479700279117,target,4,False,False,0.002309812726462465,0.06880615883744778,3.0,2.9311938411625524,2.9311938411625524,NAS100
2021-12-27 11:00:00-05:00,1.0,114.897,114.81729860769045,115.13610417692868,114.81729860769045,stop,1,False,False,0.0006936768785047397,0.138556456933036,-1.0,-1.138556456933036,-1.138556456933036,USD/JPY
2021-12-27 19:00:00-05:00,1.0,114.894,114.76,115.296,114.76,stop,2,False,False,0.0011662924086549371,0.09733122518933193,-1.0,-1.097331225189332,-1.097331225189332,USD/JPY
2021-12-28 03:00:00-05:00,1.0,1815.398,1812.9171790198955,1822.8404629403133,1812.9171790198955,stop,1,False,False,0.0013665438543528495,0.18747781682741646,-1.0,-1.1874778168274165,-1.1874778168274165,XAU/USD
2021-12-28 07:00:00-05:00,1.0,1817.738,1815.008,1825.928,1815.008,stop,1,False,False,0.0015018666056384462,0.17060938081163024,-1.0,-1.1706093808116302,-1.1706093808116302,XAU/USD
2021-12-28 11:00:00-05:00,-1.0,1810.578,1813.6425088209467,1801.38447353716,1801.38447353716,target,4,False,False,0.0016925582995853726,0.15380841483988056,3.0,2.8461915851601196,2.8461915851601196,XAU/USD
2021-12-28 11:00:00-05:00,1.0,114.805,114.72224002674785,115.05327991975646,114.72224002674785,stop,5,False,False,0.0007208742933857585,0.14542696084647916,-1.0,-1.145426960846479,-1.145426960846479,USD/JPY
2021-12-29 07:00:00-05:00,-1.0,1793.538,1797.378,1782.0180000000003,1797.378,stop,1,False,False,0.0021410195936745796,0.12405061499158115,-1.0,-1.1240506149915812,-1.1240506149915812,XAU/USD
2021-12-29 07:00:00-05:00,-1.0,114.81,114.959,114.363,114.959,stop,1,False,False,0.001297796359202168,0.07407821519560695,-1.0,-1.074078215195607,-1.074078215195607,USD/JPY
2021-12-29 07:00:00-05:00,1.0,1.1318,1.1296,1.1383999999999999,1.1383999999999999,target,13,False,False,0.0019438063262060257,0.04961189254422735,3.0,2.9503881074557725,2.9503881074557725,EUR/USD
2021-12-29 11:00:00-05:00,1.0,1802.598,1798.8930147124308,1813.7129558627073,1798.8930147124308,stop,3,False,False,0.002055358592192555,0.13035342376493886,-1.0,-1.1303534237649389,-1.1303534237649389,XAU/USD
2021-12-29 23:00:00-05:00,1.0,115.114,115.03888746129434,115.339337616117,115.03888746129434,stop,2,False,False,0.0006525056787677213,0.17382848744410548,-1.0,-1.1738284874441054,-1.1738284874441054,USD/JPY
2021-12-30 15:00:00-05:00,1.0,115.074,114.98895158893232,115.32914523320302,115.32914523320302,target,9,False,False,0.0007390758213642924,0.16526737358554772,3.0,2.834732626414452,2.834732626414452,USD/JPY
2021-12-31 11:00:00-05:00,1.0,1825.184,1821.448,1836.3919999999996,1821.448,stop,4,False,False,0.0020469169135823436,0.12739910277497868,-1.0,-1.1273991027749788,-1.1273991027749788,XAU/USD
2021-12-31 11:00:00-05:00,1.0,1.1379,1.13589,1.1439299999999994,1.13589,stop,3,False,False,0.0017664118112310796,0.054549862969139766,-1.0,-1.0545498629691397,-1.0545498629691397,EUR/USD
2022-01-02 23:00:00-05:00,1.0,115.307,115.22802083399887,115.5439374980034,115.22802083399887,stop,1,False,False,0.0006849468462550686,0.1528516668190017,-1.0,-1.1528516668190016,-1.1528516668190016,USD/JPY
2022-01-03 03:00:00-05:00,1.0,1826.304,1822.368,1838.1120000000005,1822.368,stop,1,False,False,0.002155172413793185,0.12083730465573352,-1.0,-1.1208373046557336,-1.1208373046557336,XAU/USD
2022-01-03 11:00:00-05:00,1.0,16426.259,16375.401315482713,16578.83205355185,16375.401315482713,stop,5,False,False,0.0030961209437453,0.05034296821630604,-1.0,-1.0503429682163061,-1.0503429682163061,NAS100
2022-01-03 15:00:00-05:00,1.0,115.342,115.24774386106188,115.62476841681436,115.62476841681436,target,1,False,False,0.0008171883523618555,0.13870765911404065,3.0,2.861292340885959,2.861292340885959,USD/JPY
2022-01-03 23:00:00-05:00,1.0,115.787,115.67301042168206,116.12896873495383,116.12896873495383,target,1,False,False,0.000984476481107043,0.12374403614115606,3.0,2.876255963858844,2.876255963858844,USD/JPY
2022-01-04 07:00:00-05:00,-1.0,1.1273,1.1285908532587585,1.1234274402237243,1.1285908532587585,stop,1,False,False,0.001145084058155372,0.08434568665344312,-1.0,-1.084345686653443,-1.084345686653443,EUR/USD
2022-01-04 11:00:00-05:00,-1.0,116.161,116.29505208087379,115.75884375737864,115.75884375737864,target,4,False,False,0.0011540196871048492,0.09049810585431001,3.0,2.90950189414569,2.90950189414569,USD/JPY
2022-01-04 11:00:00-05:00,-1.0,16210.679,16263.568863183167,16052.009410450499,16263.568863183167,stop,1,False,False,0.0032626556347927875,0.048508500221554306,-1.0,-1.0485085002215544,-1.0485085002215544,NAS100
2022-01-04 15:00:00-05:00,1.0,16279.759,16220.49724988613,16457.544250341612,16220.49724988613,stop,1,False,False,0.0036402105285385502,0.04493196607108559,-1.0,-1.0449319660710856,-1.0449319660710856,NAS100
2022-01-05 15:00:00-05:00,-1.0,15773.289,15908.109,15368.829000000002,15368.829000000002,target,17,False,False,0.008547361301755119,0.019208426976774974,3.0,2.980791573023225,2.980791573023225,NAS100
2022-01-06 07:00:00-05:00,-1.0,1791.638,1800.328,1765.5679999999998,1800.328,stop,12,False,False,0.004850310163102175,0.05639915503883087,-1.0,-1.056399155038831,-1.056399155038831,XAU/USD
2022-01-07 11:00:00-05:00,1.0,1.13564,1.13376,1.1412799999999996,1.13376,stop,3,False,False,0.001655454193230145,0.05824036937854601,-1.0,-1.058240369378546,-1.058240369378546,EUR/USD
2022-01-09 19:00:00-05:00,-1.0,115.59,115.69569339623085,115.27291981130746,115.69569339623085,stop,1,False,False,0.0009143818343355629,0.12380386993353464,-1.0,-1.1238038699335346,-1.1238038699335346,USD/JPY
2022-01-10 11:00:00-05:00,-1.0,115.088,115.22704514054682,114.67086457835951,115.22704514054682,stop,1,False,False,0.00120816367081561,0.07951405322894714,-1.0,-1.0795140532289471,-1.0795140532289471,USD/JPY
2022-01-10 11:00:00-05:00,-1.0,15286.149,15374.698278003869,15020.501165988391,15374.698278003869,stop,1,False,False,0.005792778678519319,0.02846748477253341,-1.0,-1.0284674847725335,-1.0284674847725335,NAS100
2022-01-10 23:00:00-05:00,-1.0,115.246,115.371,114.871,115.371,stop,1,False,False,0.0010846363431268765,0.09654081471418685,-1.0,-1.0965408147141869,-1.0965408147141869,USD/JPY
2022-01-11 07:00:00-05:00,-1.0,115.548,115.679,115.155,115.155,target,6,False,False,0.001133727974521413,0.09226619843645434,3.0,2.9077338015635457,2.9077338015635457,USD/JPY
2022-01-11 11:00:00-05:00,1.0,1815.168,1809.908,1830.9479999999999,1809.908,stop,29,False,False,0.002897803398914035,0.0853168751339183,-1.0,-1.0853168751339184,-1.0853168751339184,XAU/USD
2022-01-12 11:00:00-05:00,1.0,1.14312,1.14173382261424,1.1472785321572798,1.1472785321572798,target,4,False,False,0.0012126263084890196,0.07936725055364222,3.0,2.9206327494463578,2.9206327494463578,EUR/USD
2022-01-12 11:00:00-05:00,-1.0,114.727,114.895,114.22300000000003,114.22300000000003,target,5,False,False,0.0014643457947997607,0.0656781330986184,3.0,2.9343218669013815,2.9343218669013815,USD/JPY
2022-01-12 11:00:00-05:00,-1.0,15896.587,15974.237202179815,15663.636393460554,15974.237202179815,stop,5,False,False,0.004884709037217555,0.03317075530517152,-1.0,-1.0331707553051714,-1.0331707553051714,NAS100
2022-01-13 03:00:00-05:00,1.0,1.14661,1.1455139175779188,1.1498982472662433,1.1455139175779188,stop,1,False,False,0.0009559330740889632,0.1005892131940011,-1.0,-1.1005892131940012,-1.1005892131940012,EUR/USD
2022-01-13 07:00:00-05:00,-1.0,1.14584,1.1470607260010688,1.1421778219967935,1.1470607260010688,stop,1,False,False,0.0010653546752328572,0.09025136739632224,-1.0,-1.0902513673963223,-1.0902513673963223,EUR/USD
2022-01-13 11:00:00-05:00,-1.0,114.052,114.20787275101024,113.5843817469693,114.20787275101024,stop,1,False,False,0.0013666814348738802,0.07686910960514587,-1.0,-1.076869109605146,-1.076869109605146,USD/JPY
2022-01-13 19:00:00-05:00,-1.0,113.921,114.175,113.15900000000003,114.175,stop,5,False,False,0.0022296152596974275,0.05109338630954545,-1.0,-1.0510933863095455,-1.0510933863095455,USD/JPY
2022-01-14 11:00:00-05:00,1.0,15551.539,15429.817,15916.705000000005,15429.817,stop,10,False,False,0.007827006703323805,0.020791360723896327,-1.0,-1.0207913607238963,-1.0207913607238963,NAS100
2022-01-17 23:00:00-05:00,1.0,114.87,114.73747758987454,115.26756723037639,114.73747758987454,stop,1,False,False,0.001153672935713942,0.0984024516127831,-1.0,-1.098402451612783,-1.098402451612783,USD/JPY
2022-01-18 11:00:00-05:00,1.0,1813.408,1808.702231337052,1827.525305988844,1827.525305988844,target,5,False,False,0.002594986160283843,0.0965988404916233,3.0,2.903401159508377,2.903401159508377,XAU/USD
2022-01-18 11:00:00-05:00,-1.0,1.13342,1.1347741965281701,1.12935741041549,1.1347741965281701,stop,4,False,False,0.0011947879234264769,0.08074458208152392,-1.0,-1.080744582081524,-1.080744582081524,EUR/USD
2022-01-19 03:00:00-05:00,-1.0,1.13376,1.1348833617007306,1.1303899148978087,1.1348833617007306,stop,1,False,False,0.0009908284828627424,0.0973451465802291,-1.0,-1.097345146580229,-1.097345146580229,EUR/USD
2022-01-19 11:00:00-05:00,1.0,1840.104,1835.777338289639,1853.0839851310834,1835.777338289639,stop,10,False,False,0.0023513136813794887,0.10090013940680956,-1.0,-1.1009001394068096,-1.1009001394068096,XAU/USD
2022-01-19 23:00:00-05:00,1.0,114.422,114.2868090149937,114.82757295501891,114.2868090149937,stop,1,False,False,0.0011815121655477424,0.08882754808924502,-1.0,-1.088827548089245,-1.088827548089245,USD/JPY
2022-01-20 15:00:00-05:00,-1.0,1.13038,1.13185,1.1259699999999997,1.13185,stop,1,False,False,0.0013004476370778698,0.08102418790300356,-1.0,-1.0810241879030036,-1.0810241879030036,EUR/USD
2022-01-20 23:00:00-05:00,-1.0,113.832,113.96928309031107,113.42015072906678,113.96928309031107,stop,1,False,False,0.001206014919452109,0.08719681701746279,-1.0,-1.0871968170174628,-1.0871968170174628,USD/JPY
2022-01-24 07:00:00-05:00,1.0,113.834,113.65,114.386,114.386,target,13,False,False,0.0016163887766396463,0.06505194295110221,3.0,2.934948057048898,2.934948057048898,USD/JPY
2022-01-24 11:00:00-05:00,-1.0,13944.189,14098.219,13482.099000000004,14098.219,stop,1,False,False,0.011046178447523827,0.015562365884468889,-1.0,-1.0155623658844688,-1.0155623658844688,NAS100
2022-01-24 11:00:00-05:00,1.0,1.13106,1.129719159438151,1.1350825216855467,1.129719159438151,stop,4,False,False,0.001185472531827587,0.08138715156899856,-1.0,-1.0813871515689986,-1.0813871515689986,EUR/USD
2022-01-24 15:00:00-05:00,1.0,14523.709,14132.649,15696.889000000005,14132.649,stop,4,False,False,0.026925628983615776,0.006510423619856198,-1.0,-1.006510423619856,-1.006510423619856,NAS100
2022-01-25 07:00:00-05:00,-1.0,1.12677,1.1279299493264183,1.1232901520207452,1.1279299493264183,stop,1,False,False,0.0010294464055825721,0.09384095652867382,-1.0,-1.0938409565286737,-1.0938409565286737,EUR/USD
2022-01-25 11:00:00-05:00,1.0,1.12842,1.12715,1.1322299999999996,1.12715,stop,5,False,False,0.0011254674677867128,0.085795838482896,-1.0,-1.085795838482896,-1.085795838482896,EUR/USD
2022-01-26 11:00:00-05:00,1.0,114.332,114.22397336434506,114.6560799069648,114.6560799069648,target,1,False,False,0.0009448503975696857,0.11111014538330545,3.0,2.8888898546166946,2.8888898546166946,USD/JPY
2022-01-26 15:00:00-05:00,-1.0,1817.598,1822.5886308715096,1802.626107385471,1802.626107385471,target,4,False,False,0.0027457286327943063,0.10783285998482273,3.0,2.8921671400151774,2.8921671400151774,XAU/USD
2022-01-26 15:00:00-05:00,1.0,114.593,114.402,115.16600000000001,115.16600000000001,target,3,False,False,0.0016667684762594792,0.06817007850473689,3.0,2.9318299214952632,2.9318299214952632,USD/JPY
2022-01-26 15:00:00-05:00,-1.0,1.12401,1.12553,1.11945,1.11945,target,3,False,False,0.0013523011361108582,0.0846652341219205,3.0,2.9153347658780797,2.9153347658780797,EUR/USD
2022-01-27 03:00:00-05:00,-1.0,1.11963,1.1207547784973901,1.1162556645078292,1.1162556645078292,target,1,False,False,0.0010045983917814218,0.09634662147311214,3.0,2.903653378526888,2.903653378526888,EUR/USD
2022-01-27 07:00:00-05:00,-1.0,1.11573,1.1170570074193755,1.1117489777418739,1.1170570074193755,stop,6,False,False,0.0011893624975356173,0.08146353352442562,-1.0,-1.0814635335244256,-1.0814635335244256,EUR/USD
2022-01-27 11:00:00-05:00,-1.0,1793.168,1799.320339317763,1774.7109820467106,1799.320339317763,stop,12,False,False,0.0034309887962327614,0.07498784825536026,-1.0,-1.0749878482553603,-1.0749878482553603,XAU/USD
2022-01-27 11:00:00-05:00,1.0,115.479,115.32716377739266,115.93450866782203,115.32716377739266,stop,1,False,False,0.0013148383914594302,0.0795996640732804,-1.0,-1.0795996640732803,-1.0795996640732803,USD/JPY
2022-01-28 07:00:00-05:00,1.0,1.11686,1.11268,1.1294000000000002,1.1294000000000002,target,18,False,False,0.0037426356033881353,0.025888858675720786,3.0,2.974111141324279,2.974111141324279,EUR/USD
2022-01-31 11:00:00-05:00,1.0,14789.799,14680.039,15119.079000000002,15119.079000000002,target,7,False,False,0.007421331419040935,0.02261518058613588,3.0,2.977384819413864,2.977384819413864,NAS100
2022-02-02 03:00:00-05:00,1.0,1.12895,1.1279243661570852,1.1320269015287439,1.1320269015287439,target,1,False,False,0.0009084847361837574,0.10629381126245173,3.0,2.893706188737548,2.893706188737548,EUR/USD
2022-02-02 07:00:00-05:00,1.0,1.13248,1.1312726887706297,1.1361019336881106,1.1312726887706297,stop,1,False,False,0.0010660773076524388,0.09052690108844427,-1.0,-1.0905269010884442,-1.0905269010884442,EUR/USD
2022-02-02 11:00:00-05:00,-1.0,1.13092,1.1322337360014914,1.1269787919955256,1.1322337360014914,stop,5,False,True,0.0011616524612628903,0.08309270664204135,-1.0,-1.0830927066420413,-1.0830927066420413,EUR/USD
2022-02-02 11:00:00-05:00,1.0,114.391,114.26456515475647,114.77030453573062,114.77030453573062,target,4,False,False,0.0011052866505541267,0.09496842054953568,3.0,2.905031579450464,2.905031579450464,USD/JPY
2022-02-02 11:00:00-05:00,1.0,15133.129,15010.839,15499.999000000003,15010.839,stop,1,False,False,0.008080946114977337,0.020161265013209542,-1.0,-1.0201612650132095,-1.0201612650132095,NAS100
2022-02-03 11:00:00-05:00,1.0,1.14257,1.1404989207210887,1.1487832378367342,1.1404989207210887,stop,16,False,False,0.0018126497973090221,0.057906873301377,-1.0,-1.057906873301377,-1.057906873301377,EUR/USD
2022-02-04 07:00:00-05:00,1.0,1804.245,1792.018,1840.9259999999995,1840.9259999999995,target,26,False,False,0.006776795834268551,0.03850408204604273,3.0,2.961495917953957,2.961495917953957,XAU/USD
2022-02-04 11:00:00-05:00,1.0,115.246,115.09860063876137,115.68819808371587,115.09860063876137,stop,5,False,False,0.0012789976332248116,0.08526327243232855,-1.0,-1.0852632724323286,-1.0852632724323286,USD/JPY
2022-02-08 11:00:00-05:00,1.0,115.623,115.51290514582975,115.95328456251077,115.51290514582975,stop,1,False,False,0.0009521881820248258,0.10077931953495192,-1.0,-1.100779319534952,-1.100779319534952,USD/JPY
2022-02-08 19:00:00-05:00,-1.0,115.521,115.61394328508877,115.2421701447337,115.61394328508877,stop,6,False,False,0.0008045574838234178,0.1300980489318597,-1.0,-1.1300980489318597,-1.1300980489318597,USD/JPY
2022-02-09 11:00:00-05:00,1.0,14997.239,14922.259,15222.178999999998,14922.259,stop,5,False,False,0.004999586923966443,0.03334466582465037,-1.0,-1.0333446658246503,-1.0333446658246503,NAS100
2022-02-10 07:00:00-05:00,1.0,116.169,115.743,117.447,115.743,stop,1,False,False,0.0036670712496449306,0.02848454075734356,-1.0,-1.0284845407573435,-1.0284845407573435,USD/JPY
2022-02-10 11:00:00-05:00,1.0,1.14888,1.14653,1.1559299999999995,1.14653,stop,1,False,False,0.002045470371143942,0.047002599325626455,-1.0,-1.0470025993256264,-1.0470025993256264,EUR/USD
2022-02-10 11:00:00-05:00,1.0,116.014,115.83,116.56599999999999,115.83,stop,5,False,False,0.001586015480890216,0.06589843344332777,-1.0,-1.0658984334433277,-1.0658984334433277,USD/JPY
2022-02-10 15:00:00-05:00,-1.0,1.14311,1.14548,1.1360000000000001,1.1360000000000001,target,5,False,False,0.002073291284303333,0.054874753145342785,3.0,2.945125246854657,2.945125246854657,EUR/USD
2022-02-10 15:00:00-05:00,-1.0,1827.048,1831.7445010087574,1812.9584969737277,1831.7445010087574,stop,4,False,False,0.0025705405707772445,0.10154079415329809,-1.0,-1.1015407941532982,-1.1015407941532982,XAU/USD
2022-02-11 15:00:00-05:00,1.0,1861.068,1855.3055923332352,1878.3552230002945,1855.3055923332352,stop,2,False,False,0.00309629076786277,0.09181333861437994,-1.0,-1.09181333861438,-1.09181333861438,XAU/USD
2022-02-11 15:00:00-05:00,-1.0,14248.329,14352.919,13934.559,14352.919,stop,6,False,False,0.007340509894177776,0.023425788850809925,-1.0,-1.02342578885081,-1.02342578885081,NAS100
2022-02-14 03:00:00-05:00,1.0,1856.658,1851.7837743926025,1871.2806768221922,1851.7837743926025,stop,1,False,False,0.0026252684163682385,0.09599189785976117,-1.0,-1.0959918978597611,-1.0959918978597611,XAU/USD
2022-02-14 03:00:00-05:00,-1.0,1.13092,1.13431,1.12075,1.13431,stop,6,False,False,0.0029975595090722634,0.03220059696417839,-1.0,-1.0322005969641783,-1.0322005969641783,EUR/USD
2022-02-14 07:00:00-05:00,1.0,1861.378,1853.138,1886.098,1853.138,stop,5,False,False,0.004426827866236739,0.05561129728391143,-1.0,-1.0556112972839113,-1.0556112972839113,XAU/USD
2022-02-17 07:00:00-05:00,1.0,1886.568,1881.4471317723735,1901.9306046828794,1901.9306046828794,target,3,False,False,0.0027143830636512907,0.09138624147973837,3.0,2.9086137585202616,2.9086137585202616,XAU/USD
2022-02-18 11:00:00-05:00,-1.0,13983.479,14072.399,13716.719,14072.399,stop,1,False,False,0.006358932566066003,0.027140347958269424,-1.0,-1.0271403479582695,-1.0271403479582695,NAS100
2022-02-21 19:00:00-05:00,-1.0,114.716,114.82430173204612,114.3910948038616,114.82430173204612,stop,2,False,False,0.0009440856728453701,0.12032862614800276,-1.0,-1.1203286261480028,-1.1203286261480028,USD/JPY
2022-02-23 15:00:00-05:00,-1.0,13516.899,13610.438583632074,13236.280249103775,13236.280249103775,target,1,False,False,0.006920195499875744,0.026464281664973378,3.0,2.9735357183350266,2.9735357183350266,NAS100
2022-02-24 03:00:00-05:00,1.0,1953.348,1940.228,1992.7079999999996,1940.228,stop,1,False,False,0.006716673117130123,0.038128538502695625,-1.0,-1.0381285385026957,-1.0381285385026957,XAU/USD
2022-02-24 07:00:00-05:00,1.0,1962.548,1950.448,1998.8479999999997,1950.448,stop,1,False,False,0.006165454297168737,0.043127162473325605,-1.0,-1.0431271624733256,-1.0431271624733256,XAU/USD
2022-02-24 07:00:00-05:00,-1.0,1.11703,1.1194009831726572,1.1099170504820282,1.1194009831726572,stop,1,False,False,0.002122577883008756,0.04565614597423018,-1.0,-1.0456561459742302,-1.0456561459742302,EUR/USD
2022-02-24 11:00:00-05:00,-1.0,1.11874,1.1216761961632182,1.1099314115103456,1.1216761961632182,stop,1,False,False,0.0026245563430449996,0.03690714051754818,-1.0,-1.0369071405175483,-1.0369071405175483,EUR/USD
2022-02-24 11:00:00-05:00,1.0,115.36,115.15608041115982,115.97175876652054,115.15608041115982,stop,3,False,False,0.0017676802083926772,0.05432021790935033,-1.0,-1.0543202179093503,-1.0543202179093503,USD/JPY
2022-02-25 15:00:00-05:00,-1.0,115.53,115.67238782122973,115.1028365363108,115.67238782122973,stop,1,False,False,0.001232474865660283,0.08839296130620815,-1.0,-1.0883929613062082,-1.0883929613062082,USD/JPY
2022-02-28 11:00:00-05:00,1.0,14264.209,14150.207057821755,14606.214826534737,14150.207057821755,stop,1,False,False,0.00799216712109626,0.021669380908798802,-1.0,-1.0216693809087989,-1.0216693809087989,NAS100
2022-03-01 15:00:00-05:00,1.0,1.11302,1.1106201112734444,1.1202196661796664,1.1106201112734444,stop,2,False,False,0.0021561955100137457,0.05330487957386122,-1.0,-1.0533048795738613,-1.0533048795738613,EUR/USD
2022-03-02 07:00:00-05:00,1.0,1.1117,1.10944,1.1184799999999997,1.10944,stop,1,False,False,0.0020329225510478804,0.04774350081179224,-1.0,-1.0477435008117921,-1.0477435008117921,EUR/USD
2022-03-03 07:00:00-05:00,1.0,115.638,115.511,116.01900000000003,115.511,stop,1,False,False,0.0010982548989087457,0.08737352881023483,-1.0,-1.0873735288102349,-1.0873735288102349,USD/JPY
2022-03-03 11:00:00-05:00,-1.0,14130.569,14220.153468278133,13861.815595165599,13861.815595165599,target,2,False,False,0.006339763690912483,0.027106933464409965,3.0,2.97289306653559,2.97289306653559,NAS100
2022-03-03 15:00:00-05:00,1.0,1.10628,1.1042805964632088,1.1122782106103735,1.1042805964632088,stop,1,False,False,0.0018073214166315743,0.06373157742406597,-1.0,-1.0637315774240659,-1.0637315774240659,EUR/USD
2022-03-04 07:00:00-05:00,-1.0,1.09372,1.0982,1.08028,1.0982,stop,18,False,False,0.004096112350510221,0.023793803571831338,-1.0,-1.0237938035718313,-1.0237938035718313,EUR/USD
2022-03-04 11:00:00-05:00,1.0,1962.598,1955.0305829193742,1985.3002512418773,1985.3002512418773,target,2,False,False,0.0038558161582890505,0.06496473380789725,3.0,2.9350352661921026,2.9350352661921026,XAU/USD
2022-03-07 03:00:00-05:00,1.0,1996.478,1988.2101802757772,2021.2814591726685,1988.2101802757772,stop,1,False,False,0.004141202519748686,0.05742369270771015,-1.0,-1.05742369270771,-1.05742369270771,XAU/USD
2022-03-07 07:00:00-05:00,-1.0,13676.949,13880.469,13066.389000000005,13066.389000000005,target,32,False,False,0.014880511728163834,0.021093043936977657,3.0,2.9789069560630224,2.9789069560630224,NAS100
2022-03-07 11:00:00-05:00,1.0,1984.04,1973.2889078765738,2016.2932763702784,2016.2932763702784,target,3,False,False,0.005418787989872247,0.04448117869464683,3.0,2.955518821305353,2.955518821305353,XAU/USD
2022-03-08 03:00:00-05:00,1.0,2009.018,1999.1698734414608,2038.5623796756176,2038.5623796756176,target,1,False,False,0.00490196034009611,0.05193305237231117,3.0,2.9480669476276886,2.9480669476276886,XAU/USD
2022-03-08 11:00:00-05:00,1.0,2069.358,2043.988,2145.4680000000008,2043.988,stop,1,False,False,0.012259840974833796,0.022529220602981997,-1.0,-1.022529220602982,-1.022529220602982,XAU/USD
2022-03-08 23:00:00-05:00,1.0,115.878,115.757,116.24099999999999,115.757,stop,1,False,False,0.0010442016603668955,0.10837219462190957,-1.0,-1.1083721946219096,-1.1083721946219096,USD/JPY
2022-03-09 11:00:00-05:00,1.0,1.10703,1.10429,1.1152499999999999,1.10429,stop,2,False,False,0.0024750910092770427,0.03922491064011433,-1.0,-1.0392249106401144,-1.0392249106401144,EUR/USD
2022-03-10 03:00:00-05:00,1.0,1.10412,1.1019751757009244,1.1105544728972268,1.1019751757009244,stop,1,False,True,0.0019425644849070639,0.05467788534495005,-1.0,-1.05467788534495,-1.05467788534495,EUR/USD
2022-03-10 07:00:00-05:00,1.0,1.10982,1.10329,1.1294099999999998,1.10329,stop,1,False,False,0.005883837018615563,0.018055618299366773,-1.0,-1.0180556182993667,-1.0180556182993667,EUR/USD
2022-03-10 11:00:00-05:00,-1.0,1.10066,1.1040128928997803,1.090601321300659,1.1040128928997803,stop,4,False,False,0.003046256700325584,0.0319326611308913,-1.0,-1.0319326611308912,-1.0319326611308912,EUR/USD
2022-03-10 23:00:00-05:00,1.0,116.559,116.425,116.961,116.961,target,1,False,False,0.001149632375020379,0.0981549849654496,3.0,2.9018450150345503,2.9018450150345503,USD/JPY
2022-03-11 07:00:00-05:00,1.0,116.916,116.76873628328367,117.35779115014897,117.35779115014897,target,3,False,False,0.0012595685510650742,0.08274162073283388,3.0,2.917258379267166,2.917258379267166,USD/JPY
2022-03-11 11:00:00-05:00,1.0,1985.608,1974.6891234182867,2018.3646297451396,1974.6891234182867,stop,2,False,False,0.005499009160777566,0.04986504648408912,-1.0,-1.049865046484089,-1.049865046484089,XAU/USD
2022-03-13 20:00:00-04:00,1.0,117.717,117.468,118.46399999999998,118.46399999999998,target,15,False,False,0.0021152424883406407,0.053154366948623806,3.0,2.9468456330513764,2.9468456330513764,USD/JPY
2022-03-14 12:00:00-04:00,-1.0,13080.889,13191.009,12750.528999999997,13191.009,stop,5,False,False,0.00841838807744648,0.021445460324811778,-1.0,-1.0214454603248118,-1.0214454603248118,NAS100
2022-03-14 12:00:00-04:00,1.0,1960.952,1952.5139791241281,1986.2660626276156,1952.5139791241281,stop,1,False,False,0.0043030226521974385,0.06134349177497066,-1.0,-1.0613434917749707,-1.0613434917749707,XAU/USD
2022-03-15 04:00:00-04:00,-1.0,1931.548,1938.819297248368,1909.734108254896,1909.734108254896,target,1,False,False,0.00376449213189007,0.07657646485739325,3.0,2.9234235351426068,2.9234235351426068,XAU/USD
2022-03-15 12:00:00-04:00,1.0,1929.153,1920.1664840150625,1956.1125479548127,1920.1664840150625,stop,1,False,False,0.004658270227886315,0.06071078344401262,-1.0,-1.0607107834440126,-1.0607107834440126,XAU/USD
2022-03-15 12:00:00-04:00,-1.0,13336.927,13428.472338631185,13062.290984106443,13428.472338631185,stop,1,False,False,0.006864050364164518,0.02602701308283214,-1.0,-1.0260270130828322,-1.0260270130828322,NAS100
2022-03-16 12:00:00-04:00,1.0,118.578,118.439,118.99500000000003,118.99500000000003,target,1,False,False,0.0011722241899847358,0.08848075265088971,3.0,2.9115192473491103,2.9115192473491103,USD/JPY
2022-03-17 08:00:00-04:00,1.0,13981.907,13821.239,14463.910999999998,14463.910999999998,target,13,False,False,0.011491136366448416,0.015531928472628546,3.0,2.9844680715273713,2.9844680715273713,NAS100
2022-03-17 12:00:00-04:00,1.0,1.11309,1.11045,1.1210099999999998,1.11045,stop,1,False,False,0.0023717758671805297,0.040892516580755295,-1.0,-1.0408925165807552,-1.0408925165807552,EUR/USD
2022-03-18 08:00:00-04:00,1.0,1.10252,1.1003,1.1091799999999996,1.1003,stop,10,False,False,0.0020135689148495163,0.048271348285566194,-1.0,-1.0482713482855661,-1.0482713482855661,EUR/USD
2022-03-18 12:00:00-04:00,1.0,119.161,119.02126870377616,119.58019388867153,119.02126870377616,stop,2,False,False,0.0011726260792024493,0.08832601019911379,-1.0,-1.088326010199114,-1.088326010199114,USD/JPY
2022-03-21 08:00:00-04:00,1.0,14351.219,14235.109,14699.548999999995,14235.109,stop,1,False,False,0.00809060192029672,0.021453351782039595,-1.0,-1.0214533517820397,-1.0214533517820397,NAS100
2022-03-21 12:00:00-04:00,1.0,14268.469,14190.723446218117,14501.705661345646,14501.705661345646,target,5,False,False,0.005448766352008918,0.03128647982000605,3.0,2.968713520179994,2.968713520179994,NAS100
2022-03-21 20:00:00-04:00,1.0,119.943,119.58,121.032,121.032,target,5,False,False,0.0030264375578399703,0.03690762935675877,3.0,2.963092370643241,2.963092370643241,USD/JPY
2022-03-22 04:00:00-04:00,1.0,1.10072,1.09808,1.1086399999999998,1.09808,stop,6,False,False,0.00239843011846789,0.04434216098283179,-1.0,-1.0443421609828318,-1.0443421609828318,EUR/USD
2022-03-22 12:00:00-04:00,1.0,14646.957,14579.550275634592,14849.177173096225,14579.550275634592,stop,4,False,False,0.004602097511818194,0.03673836556607166,-1.0,-1.0367383655660716,-1.0367383655660716,NAS100
2022-03-22 20:00:00-04:00,1.0,121.158,120.79,122.26199999999999,120.79,stop,2,False,False,0.003037356179534121,0.036646336527427846,-1.0,-1.0366463365274279,-1.0366463365274279,USD/JPY
2022-03-23 08:00:00-04:00,1.0,14591.749,14467.389,14964.829000000002,14467.389,stop,1,False,False,0.008522624669599277,0.020349483494593958,-1.0,-1.0203494834945939,-1.0203494834945939,NAS100
2022-03-24 08:00:00-04:00,1.0,1953.353,1946.398,1974.2180000000005,1946.398,stop,6,False,False,0.003560544356294103,0.07293085963437031,-1.0,-1.0729308596343703,-1.0729308596343703,XAU/USD
2022-03-24 12:00:00-04:00,1.0,122.378,122.038,123.39800000000001,122.038,stop,2,False,False,0.0027782771413162777,0.03697104992551298,-1.0,-1.036971049925513,-1.036971049925513,USD/JPY
2022-03-25 00:00:00-04:00,1.0,121.703,121.424,122.53999999999999,121.424,stop,1,False,False,0.0022924660854703365,0.052025171359325634,-1.0,-1.0520251713593256,-1.0520251713593256,USD/JPY
2022-03-25 08:00:00-04:00,1.0,14747.249,14693.33815456265,14908.981536312047,14693.33815456265,stop,1,False,False,0.0036556543825461314,0.04705276313994761,-1.0,-1.0470527631399476,-1.0470527631399476,NAS100
2022-03-25 08:00:00-04:00,1.0,1956.153,1951.0495149529847,1971.4634551410459,1951.0495149529847,stop,4,False,False,0.0026089396110709558,0.09714927728477696,-1.0,-1.0971492772847768,-1.0971492772847768,XAU/USD
2022-03-25 12:00:00-04:00,1.0,14645.319,14578.357301638203,14846.204095085388,14846.204095085388,target,6,False,False,0.004572225320718255,0.03655670387293295,3.0,2.963443296127067,2.963443296127067,NAS100
2022-03-28 00:00:00-04:00,1.0,123.231,122.97840311339095,123.98879065982712,123.98879065982712,target,1,False,False,0.00204978363081563,0.05397482223315947,3.0,2.9460251777668405,2.9460251777668405,USD/JPY
2022-03-28 08:00:00-04:00,1.0,123.817,123.39202047191698,125.09193858424904,123.39202047191698,stop,1,False,False,0.003432319698288718,0.03454630110739132,-1.0,-1.0345463011073912,-1.0345463011073912,USD/JPY
2022-03-28 12:00:00-04:00,1.0,123.4,122.98425217813471,124.64724346559589,122.98425217813471,stop,5,False,False,0.0033691071463962355,0.03518275215621093,-1.0,-1.035182752156211,-1.035182752156211,USD/JPY
2022-03-29 08:00:00-04:00,1.0,15160.887,15077.849,15410.001000000002,15077.849,stop,1,False,False,0.005477120171135136,0.030793068682552906,-1.0,-1.0307930686825528,-1.0307930686825528,NAS100
2022-03-29 08:00:00-04:00,-1.0,1897.049,1909.644,1859.264,1909.644,stop,1,False,False,0.006639259186241382,0.04037907043032918,-1.0,-1.0403790704303293,-1.0403790704303293,XAU/USD
2022-03-29 08:00:00-04:00,1.0,1.11127,1.10789,1.1214099999999998,1.10789,stop,1,False,False,0.0030415650561969087,0.03189120573175935,-1.0,-1.0318912057317593,-1.0318912057317593,EUR/USD
2022-03-29 12:00:00-04:00,1.0,1.10891,1.1062800055185482,1.1167999834443556,1.1167999834443556,target,5,False,False,0.0023716933578485605,0.0447238655871553,3.0,2.955276134412845,2.955276134412845,EUR/USD
2022-03-29 12:00:00-04:00,1.0,15183.169,15086.589,15472.909,15086.589,stop,6,False,False,0.006360990910395579,0.026066414959387975,-1.0,-1.0260664149593879,-1.0260664149593879,NAS100
2022-03-29 12:00:00-04:00,1.0,1915.248,1907.383004937588,1938.8429851872359,1938.8429851872359,target,11,False,False,0.004106515220176152,0.06522796026130757,3.0,2.9347720397386925,2.9347720397386925,XAU/USD
2022-03-30 08:00:00-04:00,1.0,1.11639,1.11195,1.12971,1.11195,stop,5,False,False,0.003977104775212963,0.02436134557151482,-1.0,-1.0243613455715148,-1.0243613455715148,EUR/USD
2022-04-01 12:00:00-04:00,-1.0,14740.889,14798.107471063715,14569.233586808852,14798.107471063715,stop,1,False,False,0.003881616031686807,0.04339217594446627,-1.0,-1.0433921759444662,-1.0433921759444662,NAS100
2022-04-04 08:00:00-04:00,-1.0,1.09925,1.100562034412379,1.0953138967628633,1.0953138967628633,target,6,False,False,0.0011935723560417796,0.08149952394619506,3.0,2.918500476053805,2.918500476053805,EUR/USD
2022-04-05 12:00:00-04:00,1.0,123.585,123.38098427212037,124.19704718363886,124.19704718363886,target,13,False,False,0.0016508130264969174,0.06200912475194327,3.0,2.937990875248057,2.937990875248057,USD/JPY
2022-04-05 12:00:00-04:00,-1.0,1.09141,1.0930257971864414,1.0865626084406756,1.0930257971864414,stop,5,False,False,0.001480467639513517,0.06584972450704416,-1.0,-1.0658497245070442,-1.0658497245070442,EUR/USD
2022-04-06 08:00:00-04:00,-1.0,14499.729,14637.157,14087.445,14637.157,stop,1,False,False,0.009477970243443852,0.018194189199881687,-1.0,-1.0181941891998816,-1.0181941891998816,NAS100
2022-04-06 12:00:00-04:00,-1.0,14439.939,14498.476853917879,14264.325438246366,14498.476853917879,stop,1,False,False,0.004053885124991057,0.04149359029852246,-1.0,-1.0414935902985225,-1.0414935902985225,NAS100
2022-04-06 12:00:00-04:00,-1.0,1.0908,1.0923757314681635,1.0860728055955096,1.0923757314681635,stop,3,False,False,0.0014445649689800854,0.06751181886050524,-1.0,-1.0675118188605053,-1.0675118188605053,EUR/USD
2022-04-07 08:00:00-04:00,1.0,1.09134,1.0896471535826329,1.0964185392521013,1.0896471535826329,stop,1,False,False,0.0015511631731331308,0.06285271082087879,-1.0,-1.0628527108208787,-1.0628527108208787,EUR/USD
2022-04-07 12:00:00-04:00,-1.0,14355.319,14433.405211721614,14121.060364835155,14433.405211721614,stop,1,False,False,0.005439531627379005,0.031250295454816626,-1.0,-1.0312502954548166,-1.0312502954548166,NAS100
2022-04-07 20:00:00-04:00,1.0,123.814,123.65784692299889,124.28245923100332,124.28245923100332,target,3,False,False,0.0012611907942648448,0.09710449798134668,3.0,2.9028955020186533,2.9028955020186533,USD/JPY
2022-04-08 04:00:00-04:00,1.0,1.0869,1.0854248852794572,1.0913253441616282,1.0854248852794572,stop,1,False,False,0.0013571761160573524,0.07191181069463597,-1.0,-1.071911810694636,-1.071911810694636,EUR/USD
2022-04-08 12:00:00-04:00,1.0,124.387,124.23081078001778,124.85556765994667,124.23081078001778,stop,2,False,False,0.0012556715732530241,0.08776324594710007,-1.0,-1.0877632459471,-1.0877632459471,USD/JPY
2022-04-08 12:00:00-04:00,1.0,1.08834,1.0866321762579962,1.0934634712260116,1.0866321762579962,stop,10,False,False,0.001569200564165467,0.06511715756935467,-1.0,-1.0651171575693548,-1.0651171575693548,EUR/USD
2022-04-11 00:00:00-04:00,1.0,124.919,124.74015021526475,125.45554935420574,125.45554935420574,target,1,False,False,0.0014317260363535477,0.08244108424962876,3.0,2.917558915750371,2.917558915750371,USD/JPY
2022-04-11 08:00:00-04:00,-1.0,14154.099,14220.583251616343,13954.646245150972,13954.646245150972,target,3,False,False,0.0046971729967652896,0.037552440096828565,3.0,2.9624475599031714,2.9624475599031714,NAS100
2022-04-11 08:00:00-04:00,1.0,1963.224,1958.1522839145405,1978.4391482563783,1958.1522839145405,stop,1,False,False,0.0025833608826397072,0.10097743796392471,-1.0,-1.1009774379639248,-1.1009774379639248,XAU/USD
2022-04-11 08:00:00-04:00,1.0,125.55,125.34367336490557,126.16897990528328,125.34367336490557,stop,3,False,False,0.0016433821990794704,0.06682792326753441,-1.0,-1.0668279232675344,-1.0668279232675344,USD/JPY
2022-04-11 12:00:00-04:00,-1.0,1941.308,1951.472,1910.816,1951.472,stop,1,False,False,0.00523564524537064,0.04745282630918687,-1.0,-1.047452826309187,-1.047452826309187,XAU/USD
2022-04-12 00:00:00-04:00,1.0,125.5,125.32647747655136,126.02056757034592,125.32647747655136,stop,2,False,False,0.0013826495892321855,0.0852086593020128,-1.0,-1.0852086593020127,-1.0852086593020127,USD/JPY
2022-04-12 12:00:00-04:00,1.0,1973.918,1966.914149923545,1994.9295502293646,1966.914149923545,stop,1,False,False,0.0035481970762994766,0.07519679961478466,-1.0,-1.0751967996147846,-1.0751967996147846,XAU/USD
2022-04-13 12:00:00-04:00,1.0,1978.048,1972.639661727496,1994.2730148175117,1972.639661727496,stop,3,False,False,0.0027341794903378972,0.08832692631518584,-1.0,-1.0883269263151858,-1.0883269263151858,XAU/USD
2022-04-14 12:00:00-04:00,-1.0,1.08243,1.0849267085999716,1.074939874200085,1.0849267085999716,stop,23,False,False,0.002306577422994228,0.04637382555779652,-1.0,-1.0463738255577966,-1.0463738255577966,EUR/USD
2022-04-15 00:00:00-04:00,1.0,126.42,126.24589861203906,126.94230416388284,126.24589861203906,stop,6,False,False,0.001377166492334642,0.1368886912024074,-1.0,-1.1368886912024074,-1.1368886912024074,USD/JPY
2022-04-18 04:00:00-04:00,1.0,1992.828,1987.4231686017436,2009.0424941947692,1987.4231686017436,stop,1,False,False,0.002712141438326047,0.09395459974694134,-1.0,-1.0939545997469413,-1.0939545997469413,XAU/USD
2022-04-18 08:00:00-04:00,-1.0,13874.689,13962.589,13610.989000000001,13962.589,stop,1,False,False,0.00633527713666228,0.027961323598578988,-1.0,-1.027961323598579,-1.027961323598579,NAS100
2022-04-18 12:00:00-04:00,-1.0,1986.402,1992.2140703708003,1968.9657888875993,1968.9657888875993,target,5,False,False,0.0029259285737732125,0.08577827513418457,3.0,2.9142217248658153,2.9142217248658153,XAU/USD
2022-04-18 20:00:00-04:00,1.0,127.31,126.986,128.28199999999998,128.28199999999998,target,1,False,False,0.0025449689733720686,0.04906438754377201,2.999999999999956,2.950935612456184,2.950935612456184,USD/JPY
2022-04-19 00:00:00-04:00,1.0,128.143,127.836,129.06400000000002,129.06400000000002,target,4,False,False,0.002395760985773723,0.052014062827651336,3.000000000000046,2.947985937172395,2.947985937172395,USD/JPY
2022-04-19 12:00:00-04:00,-1.0,1955.158,1961.275280605188,1936.8061581844354,1936.8061581844354,target,10,False,False,0.003128790923898821,0.07954645025470301,3.0,2.920453549745297,2.920453549745297,XAU/USD
2022-04-20 00:00:00-04:00,1.0,128.553,128.23452043057506,129.5084387082748,128.23452043057506,stop,1,False,False,0.002477418414388909,0.0502238849532118,-1.0,-1.0502238849532117,-1.0502238849532117,USD/JPY
2022-04-20 08:00:00-04:00,1.0,1.08289,1.0812187730809957,1.0879036807570126,1.0879036807570126,target,4,False,False,0.0015433025690552427,0.06327688373266377,3.0,2.9367231162673364,2.9367231162673364,EUR/USD
2022-04-21 08:00:00-04:00,1.0,1.0891,1.087106382755233,1.095080851734301,1.087106382755233,stop,1,False,False,0.0018305180835249174,0.05331721945010152,-1.0,-1.0533172194501015,-1.0533172194501015,EUR/USD
2022-04-22 08:00:00-04:00,-1.0,13718.199,13781.745977189956,13527.558068430135,13527.558068430135,target,1,False,False,0.004632311952170632,0.03841082474647076,3.0,2.961589175253529,2.961589175253529,NAS100
2022-04-22 08:00:00-04:00,-1.0,1935.828,1945.262,1907.526,1907.526,target,6,False,False,0.004873366848707617,0.05508326687788588,3.0,2.944916733122114,2.944916733122114,XAU/USD
2022-04-22 12:00:00-04:00,-1.0,13488.399,13572.157452142917,13237.123643571245,13237.123643571245,target,3,False,False,0.006209665961313721,0.028511187391684904,3.0,2.971488812608315,2.971488812608315,NAS100
2022-04-25 04:00:00-04:00,-1.0,1.07306,1.0750458144188793,1.0671025567433619,1.0750458144188793,stop,1,False,False,0.0018506089304226702,0.057938547997946926,-1.0,-1.0579385479979468,-1.0579385479979468,EUR/USD
2022-04-25 04:00:00-04:00,-1.0,1908.758,1918.063,1880.8429999999998,1880.8429999999998,target,16,False,False,0.004874897708352794,0.05405883194965791,3.0,2.945941168050342,2.945941168050342,XAU/USD
2022-04-25 12:00:00-04:00,-1.0,1.07131,1.0734955228894545,1.0647534313316365,1.0734955228894545,stop,2,False,False,0.0020400471287064484,0.048036230379096635,-1.0,-1.0480362303790967,-1.0480362303790967,EUR/USD
2022-04-26 00:00:00-04:00,1.0,128.104,127.80879020161538,128.9896293951539,127.80879020161538,stop,1,False,False,0.002304454180857997,0.054080228039330325,-1.0,-1.0540802280393304,-1.0540802280393304,USD/JPY
2022-04-26 04:00:00-04:00,-1.0,1.06706,1.06939,1.0600699999999994,1.0600699999999994,target,5,False,False,0.002183569808633222,0.04918997718220767,3.0,2.9508100228177923,2.9508100228177923,EUR/USD
2022-04-26 12:00:00-04:00,-1.0,13125.779,13220.169,12842.609000000002,12842.609000000002,target,1,False,False,0.007191192233238074,0.024907119210746363,3.0,2.9750928807892536,2.9750928807892536,NAS100
2022-04-26 12:00:00-04:00,1.0,127.525,127.23729939963512,128.38810180109465,127.23729939963512,stop,1,False,False,0.0022560329375799714,0.048395178123747155,-1.0,-1.048395178123747,-1.048395178123747,USD/JPY
2022-04-26 20:00:00-04:00,1.0,127.544,127.243,128.447,128.447,target,3,False,False,0.0023599698927429117,0.05294861364014339,3.0,2.9470513863598566,2.9470513863598566,USD/JPY
2022-04-27 04:00:00-04:00,-1.0,1.05886,1.06248,1.0479999999999994,1.0479999999999994,target,7,False,False,0.0034187711312167602,0.03150091598059486,3.0,2.968499084019405,2.968499084019405,EUR/USD
2022-04-28 00:00:00-04:00,1.0,129.843,129.54242321677256,130.74473034968227,130.74473034968227,target,1,False,False,0.0023149248186458055,0.06010486726730745,3.0,2.9398951327326928,2.9398951327326928,USD/JPY
2022-04-28 04:00:00-04:00,1.0,1886.143,1879.858,1904.9980000000003,1904.9980000000003,target,4,False,False,0.0033321969755209873,0.0820088929516925,3.0,2.9179911070483073,2.9179911070483073,XAU/USD
2022-04-28 08:00:00-04:00,1.0,130.898,130.46083716580685,132.20948850257943,130.46083716580685,stop,3,False,False,0.003339721265360399,0.03469618697180655,-1.0,-1.0346961869718065,-1.0346961869718065,USD/JPY
2022-04-29 04:00:00-04:00,1.0,1914.658,1909.4813679311924,1930.1878962064225,1909.4813679311924,stop,1,False,False,0.00270368497601531,0.09513687893817661,-1.0,-1.0951368789381766,-1.0951368789381766,XAU/USD
2022-04-29 08:00:00-04:00,1.0,1911.213,1905.2933501336427,1928.9719495990719,1905.2933501336427,stop,1,False,False,0.0030973260784419652,0.08586361162957934,-1.0,-1.0858636116295792,-1.0858636116295792,XAU/USD
2022-05-02 08:00:00-04:00,-1.0,12909.409,13045.699,12500.538999999997,13045.699,stop,1,False,False,0.010557415912688247,0.017739555030380993,-1.0,-1.017739555030381,-1.017739555030381,NAS100
2022-05-02 12:00:00-04:00,-1.0,1865.978,1872.8683043656802,1845.3070869029598,1872.8683043656802,stop,5,False,False,0.0036925967860714833,0.06890437619170094,-1.0,-1.068904376191701,-1.068904376191701,XAU/USD
2022-05-03 08:00:00-04:00,1.0,1871.019,1861.904,1898.364,1861.904,stop,3,False,False,0.004871676877680029,0.05223604717899511,-1.0,-1.052236047178995,-1.052236047178995,XAU/USD
2022-05-05 04:00:00-04:00,1.0,1.06001,1.0578504186008473,1.0664887441974578,1.0578504186008473,stop,1,False,False,0.002037321722580562,0.0528836513884417,-1.0,-1.0528836513884416,-1.0528836513884416,EUR/USD
2022-05-05 12:00:00-04:00,-1.0,1874.613,1881.7954413103537,1853.0656760689392,1881.7954413103537,stop,4,False,False,0.00383142617188381,0.06753338624246233,-1.0,-1.0675333862424623,-1.0675333862424623,XAU/USD
2022-05-06 00:00:00-04:00,1.0,130.686,130.4351304857846,131.4386085426462,130.4351304857846,stop,1,False,False,0.0019196357239137732,0.06041147692329149,-1.0,-1.0604114769232915,-1.0604114769232915,USD/JPY
2022-05-06 04:00:00-04:00,1.0,1.05573,1.05123,1.06923,1.05123,stop,5,False,False,0.004262453468216256,0.02529081706581749,-1.0,-1.0252908170658175,-1.0252908170658175,EUR/USD
2022-05-09 00:00:00-04:00,1.0,130.996,130.78337969540914,131.63386091377262,130.78337969540914,stop,2,False,False,0.0016231053207034641,0.07130962914788007,-1.0,-1.07130962914788,-1.07130962914788,USD/JPY
2022-05-09 08:00:00-04:00,-1.0,1863.218,1871.448,1838.528,1838.528,target,7,False,False,0.004417089143621422,0.06119496781209051,3.0,2.9388050321879096,2.9388050321879096,XAU/USD
2022-05-09 08:00:00-04:00,-1.0,12304.209,12464.981,11821.893000000004,12464.981,stop,6,False,False,0.01306642304271644,0.014664533048519845,-1.0,-1.0146645330485198,-1.0146645330485198,NAS100
2022-05-09 08:00:00-04:00,1.0,130.828,130.592,131.53599999999997,130.592,stop,1,False,False,0.0018038951906318983,0.05582405749422041,-1.0,-1.0558240574942204,-1.0558240574942204,USD/JPY
2022-05-10 12:00:00-04:00,-1.0,1841.578,1847.9256608317087,1822.5350175048738,1847.9256608317087,stop,3,False,False,0.0034468596126304226,0.07879020351461115,-1.0,-1.078790203514611,-1.078790203514611,XAU/USD
2022-05-11 04:00:00-04:00,-1.0,1850.192,1855.3965012586534,1834.5784962240398,1855.3965012586534,stop,1,False,False,0.0028129519847958527,0.09786429392926109,-1.0,-1.097864293929261,-1.097864293929261,XAU/USD
2022-05-12 04:00:00-04:00,-1.0,1.04406,1.04651,1.0367099999999998,1.0367099999999998,target,2,False,False,0.0023466084324656276,0.04615642541573845,3.0,2.9538435745842615,2.9538435745842615,EUR/USD
2022-05-12 08:00:00-04:00,-1.0,128.114,128.739,126.239,128.739,stop,3,False,False,0.004878467614780586,0.025524434509329258,-1.0,-1.0255244345093293,-1.0255244345093293,USD/JPY
2022-05-12 08:00:00-04:00,-1.0,11847.039,12127.897,11004.465,12127.897,stop,3,False,False,0.02370702080072499,0.008362328545448886,-1.0,-1.0083623285454488,-1.0083623285454488,NAS100
2022-05-12 12:00:00-04:00,-1.0,1.03577,1.03906,1.0259,1.03906,stop,2,False,False,0.003176380856753927,0.03417626009576638,-1.0,-1.0341762600957665,-1.0341762600957665,EUR/USD
2022-05-13 00:00:00-04:00,-1.0,128.942,129.28553966322602,127.91138101032197,129.28553966322602,stop,2,False,False,0.0026642960650991206,0.04666005384884291,-1.0,-1.0466600538488429,-1.0466600538488429,USD/JPY
2022-05-13 04:00:00-04:00,-1.0,1822.053,1827.4224065567432,1805.9447803297708,1805.9447803297708,target,1,False,False,0.002946899215743513,0.09904365512805875,3.0,2.900956344871941,2.900956344871941,XAU/USD
2022-05-13 08:00:00-04:00,-1.0,129.011,129.31084668606084,128.11145994181746,129.31084668606084,stop,1,False,False,0.002324194728053003,0.04676862474937233,-1.0,-1.0467686247493724,-1.0467686247493724,USD/JPY
2022-05-13 12:00:00-04:00,-1.0,1808.764,1815.3845555333462,1788.902333399961,1815.3845555333462,stop,3,False,False,0.0036602649839040944,0.07256448594902379,-1.0,-1.0725644859490238,-1.0725644859490238,XAU/USD
2022-05-16 04:00:00-04:00,-1.0,1800.37,1807.0221760463892,1780.413471860832,1807.0221760463892,stop,1,False,False,0.003694893853146457,0.08113530482934724,-1.0,-1.0811353048293473,-1.0811353048293473,XAU/USD
2022-05-17 08:00:00-04:00,1.0,1.05428,1.0521745840849912,1.0605962477450268,1.0521745840849912,stop,1,False,False,0.0019970177894002555,0.04931449009015261,-1.0,-1.0493144900901525,-1.0493144900901525,EUR/USD
2022-05-17 12:00:00-04:00,-1.0,129.286,129.51356340351535,128.60330978945396,129.51356340351535,stop,1,False,False,0.0017601550323727807,0.06611685526824268,-1.0,-1.0661168552682427,-1.0661168552682427,USD/JPY
2022-05-18 12:00:00-04:00,-1.0,128.068,128.338,127.25800000000007,128.338,stop,1,False,False,0.0021082549895366665,0.05540873822619416,-1.0,-1.055408738226194,-1.055408738226194,USD/JPY
2022-05-19 00:00:00-04:00,-1.0,128.606,128.886,127.76599999999999,127.76599999999999,target,1,False,False,0.002177192354944568,0.05361837965148398,3.0,2.946381620348516,2.946381620348516,USD/JPY
2022-05-19 08:00:00-04:00,1.0,11890.889,11792.009,12187.528999999997,11792.009,stop,6,False,False,0.008315610380350806,0.023501531023669968,-1.0,-1.02350153102367,-1.02350153102367,NAS100
2022-05-19 08:00:00-04:00,1.0,127.206,126.87314923785681,128.2045522864296,128.2045522864296,target,3,False,False,0.0026166278488687273,0.04476987081424392,3.0,2.955230129185756,2.955230129185756,USD/JPY
2022-05-19 12:00:00-04:00,1.0,1.05931,1.0570669082715853,1.0660392751852439,1.0570669082715853,stop,2,False,False,0.002117502646453481,0.050884029140032296,-1.0,-1.0508840291400323,-1.0508840291400323,EUR/USD
2022-05-19 12:00:00-04:00,1.0,1842.943,1836.8639041051226,1861.180287684632,1836.8639041051226,stop,2,False,False,0.0032985805284685174,0.07622408159003975,-1.0,-1.0762240815900397,-1.0762240815900397,XAU/USD
2022-05-23 04:00:00-04:00,-1.0,1.06758,1.0695386306620054,1.0617041080139837,1.0695386306620054,stop,2,False,False,0.0018346453305657766,0.05856480535748904,-1.0,-1.058564805357489,-1.058564805357489,EUR/USD
2022-05-23 12:00:00-04:00,1.0,1853.318,1846.948,1872.4279999999997,1846.948,stop,11,False,False,0.003437078795975591,0.07538408186312244,-1.0,-1.0753840818631224,-1.0753840818631224,XAU/USD
2022-05-24 04:00:00-04:00,1.0,1.07111,1.0692152128089214,1.0767943615732358,1.0692152128089214,stop,5,False,False,0.0017689940258970658,0.0554058643540497,-1.0,-1.0554058643540496,-1.0554058643540496,EUR/USD
2022-05-24 20:00:00-04:00,-1.0,126.893,127.12160423941563,126.20718728175311,127.12160423941563,stop,1,False,False,0.0018015512235949275,0.06947347502450674,-1.0,-1.0694734750245067,-1.0694734750245067,USD/JPY
2022-05-26 12:00:00-04:00,1.0,12314.109,12210.339,12625.419000000002,12625.419000000002,target,6,False,False,0.008426919073073044,0.02235719649428882,3.0,2.977642803505711,2.977642803505711,NAS100
2022-05-27 12:00:00-04:00,1.0,12585.579,12512.950190416337,12803.465428750987,12803.465428750987,target,4,False,False,0.005770796050278067,0.03232922660594807,3.0,2.967670773394052,2.967670773394052,NAS100
2022-05-30 04:00:00-04:00,-1.0,1.07666,1.078195730852567,1.072052807442299,1.078195730852567,stop,1,False,False,0.0014263842369615055,0.07512354379967545,-1.0,-1.0751235437996756,-1.0751235437996756,EUR/USD
2022-05-30 12:00:00-04:00,-1.0,127.538,127.70878386791863,127.02564839624411,127.70878386791863,stop,1,False,False,0.0013390822179948686,0.1108244766412445,-1.0,-1.1108244766412445,-1.1108244766412445,USD/JPY
2022-05-31 00:00:00-04:00,1.0,128.046,127.693,129.10499999999996,127.693,stop,1,False,False,0.002756821767177377,0.04523328572170581,-1.0,-1.0452332857217057,-1.0452332857217057,USD/JPY
2022-05-31 12:00:00-04:00,1.0,128.55,128.3059217165676,129.28223485029721,129.28223485029721,target,3,False,False,0.0018987030994352479,0.06551728611744728,3.0,2.9344827138825527,2.9344827138825527,USD/JPY
2022-06-01 00:00:00-04:00,1.0,129.224,129.02869466240608,129.8099160127817,129.8099160127817,target,2,False,False,0.0015113704698346113,0.0821621650219406,3.0,2.9178378349780596,2.9178378349780596,USD/JPY
2022-06-01 04:00:00-04:00,1.0,1831.438,1827.2179849678569,1844.0980450964298,1844.0980450964298,target,1,False,False,0.0023042085138253315,0.11787114072950196,3.0,2.882128859270498,2.882128859270498,XAU/USD
2022-06-01 08:00:00-04:00,1.0,129.357,129.1587707497444,129.95168775076678,129.95168775076678,target,1,False,False,0.0015324199715175334,0.07579187823483989,3.0,2.9242081217651603,2.9242081217651603,USD/JPY
2022-06-01 12:00:00-04:00,-1.0,1.06391,1.0660861848220646,1.0573814455338058,1.0660861848220646,stop,3,False,False,0.0020454595050941526,0.04800054539629979,-1.0,-1.0480005453962997,-1.0480005453962997,EUR/USD
2022-06-01 12:00:00-04:00,1.0,130.131,129.89836236778004,130.8289128966599,129.89836236778004,stop,2,False,False,0.001787718777385574,0.06495069972443936,-1.0,-1.0649506997244393,-1.0649506997244393,USD/JPY
2022-06-02 00:00:00-04:00,1.0,129.896,129.71962357634257,130.42512927097223,129.71962357634257,stop,1,False,False,0.001357827982827925,0.09119559821071525,-1.0,-1.0911955982107153,-1.0911955982107153,USD/JPY
2022-06-02 08:00:00-04:00,1.0,129.941,129.633,130.86499999999998,130.86499999999998,target,6,False,False,0.0023703065237299444,0.045795663647575445,3.0,2.9542043363524244,2.9542043363524244,USD/JPY
2022-06-02 12:00:00-04:00,1.0,1867.855,1863.4455776334746,1881.0832670995762,1863.4455776334746,stop,4,False,False,0.0023606877228293443,0.10765105312184291,-1.0,-1.1076510531218429,-1.1076510531218429,XAU/USD
2022-06-03 04:00:00-04:00,1.0,1864.748,1861.4993601269696,1874.4939196190915,1861.4993601269696,stop,1,False,False,0.0017421334534373921,0.15433413995009138,-1.0,-1.1543341399500915,-1.1543341399500915,XAU/USD
2022-06-03 12:00:00-04:00,1.0,130.885,130.69351151630124,131.45946545109624,130.69351151630124,stop,3,False,False,0.0014630284883580876,0.07396317540082992,-1.0,-1.0739631754008299,-1.0739631754008299,USD/JPY
2022-06-05 20:00:00-04:00,1.0,130.828,130.66,131.33200000000002,130.66,stop,1,False,False,0.001284128779771963,0.09029337059903719,-1.0,-1.0902933705990372,-1.0902933705990372,USD/JPY
2022-06-06 00:00:00-04:00,1.0,130.659,130.429,131.34899999999996,131.34899999999996,target,2,False,False,0.0017603073649728666,0.06586952116485263,3.0,2.934130478835147,2.934130478835147,USD/JPY
2022-06-06 08:00:00-04:00,1.0,130.789,130.61864626211317,131.30006121366043,131.30006121366043,target,1,False,False,0.001302508145844172,0.08293901899185682,3.0,2.9170609810081434,2.9170609810081434,USD/JPY
2022-06-06 12:00:00-04:00,1.0,131.672,131.46280893097185,132.29957320708445,132.29957320708445,target,1,False,False,0.0015887285757651656,0.07033256043677151,3.0,2.9296674395632283,2.9296674395632283,USD/JPY
2022-06-06 20:00:00-04:00,1.0,132.219,132.02396691745687,132.80409924762935,132.80409924762935,target,1,False,False,0.001475076067305905,0.09344848815321756,3.0,2.9065515118467826,2.9065515118467826,USD/JPY
2022-06-07 00:00:00-04:00,1.0,132.944,132.577,134.04499999999996,132.577,stop,1,False,False,0.002760560837645853,0.044470704424880436,-1.0,-1.0444707044248804,-1.0444707044248804,USD/JPY
2022-06-07 12:00:00-04:00,1.0,1.0701,1.068233311614728,1.0757000651558162,1.068233311614728,stop,2,False,False,0.0017444055558097763,0.056197197191933675,-1.0,-1.0561971971919337,-1.0561971971919337,EUR/USD
2022-06-07 12:00:00-04:00,1.0,12620.609,12543.30230107139,12852.529096785833,12543.30230107139,stop,11,False,False,0.006125433323273923,0.029864190224181096,-1.0,-1.0298641902241812,-1.0298641902241812,NAS100
2022-06-07 12:00:00-04:00,1.0,132.588,132.3312807600393,133.35815771988206,133.35815771988206,target,3,False,False,0.0019362177569666045,0.059530524877984194,3.0,2.9404694751220157,2.9404694751220157,USD/JPY
2022-06-08 00:00:00-04:00,1.0,133.249,133.03148166824215,133.90155499527353,133.90155499527353,target,1,False,False,0.0016324199938299306,0.07049816578514015,3.0,2.92950183421486,2.92950183421486,USD/JPY
2022-06-08 08:00:00-04:00,1.0,134.29,133.905,135.44499999999996,133.905,stop,1,False,False,0.002866929778836778,0.04004126972032417,-1.0,-1.040041269720324,-1.040041269720324,USD/JPY
2022-06-09 12:00:00-04:00,-1.0,1.06524,1.0674955872503338,1.0584732382489985,1.0584732382489985,target,4,False,False,0.0021174451300493904,0.04637726794319982,3.0,2.9536227320568003,2.9536227320568003,EUR/USD
2022-06-10 04:00:00-04:00,-1.0,1.06145,1.06332,1.05584,1.05584,target,1,False,False,0.0017617410146498077,0.06114729970873666,3.0,2.9388527002912634,2.9388527002912634,EUR/USD
2022-06-10 08:00:00-04:00,-1.0,1833.638,1843.584,1803.7999999999995,1843.584,stop,1,False,False,0.005424189507416481,0.04839765121122616,-1.0,-1.048397651211226,-1.048397651211226,XAU/USD
2022-06-10 08:00:00-04:00,-1.0,12032.829,12329.289,11143.448999999997,11143.448999999997,target,25,False,False,0.024637597692113877,0.007920573335695402,3.0,2.9920794266643047,2.9920794266643047,NAS100
2022-06-10 08:00:00-04:00,-1.0,1.05225,1.0586,1.0331999999999997,1.0586,stop,26,False,False,0.006034687574245738,0.01631912691318659,-1.0,-1.0163191269131866,-1.0163191269131866,EUR/USD
2022-06-10 12:00:00-04:00,1.0,1871.608,1864.0154516717994,1894.3856449846016,1864.0154516717994,stop,3,False,False,0.0040566979454033985,0.06615195037076708,-1.0,-1.066151950370767,-1.066151950370767,XAU/USD
2022-06-12 20:00:00-04:00,1.0,134.959,134.666,135.83800000000002,134.666,stop,1,False,False,0.002171029720137274,0.059555119747935335,-1.0,-1.0595551197479354,-1.0595551197479354,USD/JPY
2022-06-13 00:00:00-04:00,1.0,135.016,134.75798911236973,135.79003266289078,134.75798911236973,stop,1,False,False,0.0019109652754507847,0.06763450504845471,-1.0,-1.0676345050484548,-1.0676345050484548,USD/JPY
2022-06-14 20:00:00-04:00,-1.0,135.016,135.31549588587245,134.1175123423826,134.1175123423826,target,4,False,False,0.0022182251427420464,0.058242421313379825,3.0,2.9417575786866204,2.9417575786866204,USD/JPY
2022-06-16 08:00:00-04:00,-1.0,132.789,133.2342863807555,131.45314085773347,133.2342863807555,stop,3,False,False,0.003353337857469405,0.03442985431402838,-1.0,-1.0344298543140285,-1.0344298543140285,USD/JPY
2022-06-16 12:00:00-04:00,-1.0,11081.409,11201.279,10721.798999999997,11201.279,stop,2,False,False,0.010817216474908633,0.01829071275798416,-1.0,-1.018290712757984,-1.018290712757984,NAS100
2022-06-16 12:00:00-04:00,1.0,1.056,1.05222,1.0673400000000004,1.05222,stop,2,False,False,0.0035795454545455648,0.02750083427886565,-1.0,-1.0275008342788656,-1.0275008342788656,EUR/USD
2022-06-21 08:00:00-04:00,1.0,136.232,135.908,137.20400000000004,135.908,stop,5,False,False,0.0023782958482589426,0.04795938187605196,-1.0,-1.047959381876052,-1.047959381876052,USD/JPY
2022-06-21 12:00:00-04:00,1.0,11591.239,11534.600494382923,11761.15451685123,11534.600494382923,stop,1,False,False,0.0048863202300527655,0.039932615390465984,-1.0,-1.039932615390466,-1.039932615390466,NAS100
2022-06-22 08:00:00-04:00,1.0,135.842,135.5682079756465,136.6633760730606,135.5682079756465,stop,3,False,False,0.0020155182075759018,0.06027462051753192,-1.0,-1.060274620517532,-1.060274620517532,USD/JPY
2022-06-24 12:00:00-04:00,1.0,1826.698,1821.8998932851691,1841.092320144493,1821.8998932851691,stop,6,False,False,0.0026266557005213587,0.09519607426917617,-1.0,-1.0951960742691762,-1.0951960742691762,XAU/USD
2022-06-24 12:00:00-04:00,1.0,11992.069,11926.721164168704,12188.112507493885,12188.112507493885,target,3,False,False,0.005449254489053975,0.034851705946301305,3.0,2.965148294053699,2.965148294053699,NAS100
2022-06-28 08:00:00-04:00,1.0,136.27,135.934,137.27800000000005,135.934,stop,3,False,False,0.0024656931092684577,0.0462524286483056,-1.0,-1.0462524286483057,-1.0462524286483057,USD/JPY
2022-06-29 00:00:00-04:00,1.0,136.016,135.772,136.748,136.748,target,2,False,False,0.0017939065992236191,0.06774097010145186,3.0,2.9322590298985483,2.9322590298985483,USD/JPY
2022-06-29 04:00:00-04:00,1.0,1.05207,1.0504038364202117,1.057068490739365,1.0504038364202117,stop,1,False,False,0.0015837003049115807,0.0682096966378424,-1.0,-1.0682096966378425,-1.0682096966378425,EUR/USD
2022-06-29 04:00:00-04:00,-1.0,1816.425,1819.524867773595,1807.125396679215,1819.524867773595,stop,1,False,False,0.0017065762547834077,0.14723016971514474,-1.0,-1.1472301697151448,-1.1472301697151448,XAU/USD
2022-06-29 08:00:00-04:00,1.0,136.571,136.339,137.267,136.339,stop,4,False,False,0.0016987501006802273,0.0670333786133418,-1.0,-1.067033378613342,-1.067033378613342,USD/JPY
2022-06-29 08:00:00-04:00,1.0,1831.213,1824.738,1850.6379999999997,1824.738,stop,1,False,False,0.003535907619703393,0.06960983033718547,-1.0,-1.0696098303371855,-1.0696098303371855,XAU/USD
2022-06-29 12:00:00-04:00,1.0,11657.019,11585.332643334626,11872.078069996121,11585.332643334626,stop,3,False,False,0.006149630249841212,0.031488652289689695,-1.0,-1.0314886522896898,-1.0314886522896898,NAS100
2022-06-29 12:00:00-04:00,-1.0,1.04456,1.0477,1.0351399999999995,1.0477,stop,5,False,False,0.0030060503944245834,0.032843162801237794,-1.0,-1.0328431628012378,-1.0328431628012378,EUR/USD
2022-06-30 08:00:00-04:00,-1.0,1816.903,1825.008,1792.588,1792.588,target,4,False,False,0.004460887565269042,0.05894262851345344,3.0,2.9410573714865467,2.9410573714865467,XAU/USD
2022-06-30 12:00:00-04:00,1.0,11606.269,11511.219,11891.419000000004,11511.219,stop,1,False,False,0.008189539635864126,0.023757332471132805,-1.0,-1.0237573324711329,-1.0237573324711329,NAS100
2022-06-30 12:00:00-04:00,-1.0,1.04801,1.0503229475615121,1.041071157315464,1.041071157315464,target,5,False,False,0.0022069899729124844,0.04469307015854621,3.0,2.955306929841454,2.955306929841454,EUR/USD
2022-07-01 04:00:00-04:00,-1.0,1789.734,1795.858,1771.3619999999999,1795.858,stop,1,False,False,0.0034217375319461015,0.0807814402200432,-1.0,-1.0807814402200433,-1.0807814402200433,XAU/USD
2022-07-01 08:00:00-04:00,-1.0,1789.744,1794.532682631433,1775.3779521057004,1794.532682631433,stop,1,False,False,0.0026756243526633843,0.09767837719969459,-1.0,-1.0976783771996945,-1.0976783771996945,XAU/USD
2022-07-01 12:00:00-04:00,1.0,1.04106,1.0387989902932577,1.0478430291202272,1.0387989902932577,stop,10,False,False,0.00217183419470767,0.049896494234988584,-1.0,-1.0498964942349887,-1.0498964942349887,EUR/USD
2022-07-05 08:00:00-04:00,-1.0,1.02917,1.0312327261500414,1.0229818215498756,1.0229818215498756,target,5,False,False,0.0020042618323906046,0.049533521944521326,3.0,2.950466478055479,2.950466478055479,EUR/USD
2022-07-05 12:00:00-04:00,-1.0,1767.248,1772.9920406704207,1750.015877988738,1750.015877988738,target,5,False,False,0.0032502742515032666,0.07770580367776972,3.0,2.9222941963222304,2.9222941963222304,XAU/USD
2022-07-06 04:00:00-04:00,-1.0,1.02444,1.02741,1.0155300000000003,1.0155300000000003,target,7,False,False,0.002899144898676269,0.03760452790604628,3.0,2.9623954720939536,2.9623954720939536,EUR/USD
2022-07-07 04:00:00-04:00,-1.0,1741.994,1746.9298198541899,1727.18654043743,1746.9298198541899,stop,1,False,False,0.002833431030296292,0.09375457610473503,-1.0,-1.0937545761047351,-1.0937545761047351,XAU/USD
2022-07-07 08:00:00-04:00,-1.0,1739.478,1745.827,1720.4310000000003,1745.827,stop,3,False,False,0.003649945558380119,0.07282567525072986,-1.0,-1.07282567525073,-1.07282567525073,XAU/USD
2022-07-07 08:00:00-04:00,-1.0,1.01702,1.01964,1.0091599999999998,1.0091599999999998,target,4,False,False,0.002576153861281063,0.03861839503268843,3.0,2.9613816049673116,2.9613816049673116,EUR/USD
2022-07-07 12:00:00-04:00,1.0,12071.589,12013.606724619707,12245.535826140878,12013.606724619707,stop,5,False,False,0.004803201581854119,0.039738098527475785,-1.0,-1.0397380985274758,-1.0397380985274758,NAS100
2022-07-08 08:00:00-04:00,-1.0,1.01427,1.01686,1.0064999999999997,1.01686,stop,1,False,False,0.0025535606889685114,0.04282860466517206,-1.0,-1.042828604665172,-1.042828604665172,EUR/USD
2022-07-08 12:00:00-04:00,-1.0,136.167,136.45446904912353,135.3045928526294,136.45446904912353,stop,3,False,False,0.0021111506394613224,0.05402854960911734,-1.0,-1.0540285496091173,-1.0540285496091173,USD/JPY
2022-07-08 12:00:00-04:00,1.0,12097.319,12011.179,12355.738999999998,12011.179,stop,3,False,False,0.007120585974462558,0.026642668086304742,-1.0,-1.0266426680863048,-1.0266426680863048,NAS100
2022-07-11 00:00:00-04:00,1.0,137.04,136.77899079240282,137.8230276227915,136.77899079240282,stop,1,False,False,0.0019046206041824962,0.06361659440797371,-1.0,-1.0636165944079736,-1.0636165944079736,USD/JPY
2022-07-11 08:00:00-04:00,1.0,137.587,137.312,138.41199999999992,137.312,stop,1,False,False,0.001998735345635687,0.05686231241549696,-1.0,-1.056862312415497,-1.056862312415497,USD/JPY
2022-07-11 12:00:00-04:00,1.0,1.00705,1.0047919794821014,1.0138240615536958,1.0047919794821014,stop,1,False,False,0.0022422129168348987,0.04891990374217957,-1.0,-1.0489199037421795,-1.0489199037421795,EUR/USD
2022-07-11 12:00:00-04:00,-1.0,137.315,137.5628398538166,136.5714804385502,136.5714804385502,target,5,False,False,0.0018049000751309068,0.06298235873655418,3.0,2.937017641263446,2.937017641263446,USD/JPY
2022-07-13 12:00:00-04:00,-1.0,137.219,137.47816897117832,136.44149308646502,137.47816897117832,stop,1,False,False,0.001888725112253595,0.05636206518369721,-1.0,-1.0563620651836971,-1.0563620651836971,USD/JPY
2022-07-13 12:00:00-04:00,1.0,11791.349,11694.487778752353,12081.932663742942,11694.487778752353,stop,1,False,False,0.008214600487836237,0.023595927457945913,-1.0,-1.0235959274579458,-1.0235959274579458,NAS100
2022-07-13 12:00:00-04:00,1.0,1737.824,1730.4696369672115,1759.8870890983658,1730.4696369672115,stop,1,False,False,0.004231937775510391,0.06783559165092701,-1.0,-1.067835591650927,-1.067835591650927,XAU/USD
2022-07-14 00:00:00-04:00,1.0,138.234,137.993,138.95700000000005,138.95700000000005,target,1,False,False,0.0017434205767033716,0.06919434505882154,3.0,2.9308056549411785,2.9308056549411785,USD/JPY
2022-07-14 08:00:00-04:00,-1.0,138.926,139.276,137.87599999999992,137.87599999999992,target,17,False,False,0.0025193268358696197,0.04776406003581828,3.0,2.9522359399641815,2.9522359399641815,USD/JPY
2022-07-14 12:00:00-04:00,1.0,1709.834,1703.0443920017044,1730.202823994887,1703.0443920017044,stop,3,False,False,0.003970916473935862,0.07332754572879578,-1.0,-1.0733275457287959,-1.0733275457287959,XAU/USD
2022-07-14 12:00:00-04:00,1.0,1.00138,0.9983727720169917,1.0104016839490246,1.0104016839490246,target,9,False,False,0.003003083727464331,0.03994935810261715,3.0,2.9600506418973827,2.9600506418973827,EUR/USD
2022-07-18 04:00:00-04:00,1.0,1.01552,1.01235,1.0250299999999997,1.01235,stop,1,False,False,0.0031215534898376153,0.03504911990181914,-1.0,-1.035049119901819,-1.035049119901819,EUR/USD
2022-07-18 08:00:00-04:00,-1.0,1.01365,1.0158443879146881,1.0070668362559354,1.0158443879146881,stop,1,False,False,0.0021648378776581447,0.04601189258039878,-1.0,-1.0460118925803987,-1.0460118925803987,EUR/USD
2022-07-18 12:00:00-04:00,-1.0,1.01543,1.0180096757154913,1.0076909728535264,1.0180096757154913,stop,3,False,False,0.0025404761682156574,0.04306254007618742,-1.0,-1.0430625400761875,-1.0430625400761875,EUR/USD
2022-07-19 04:00:00-04:00,1.0,1.02439,1.0220123291100405,1.0315230126698782,1.0220123291100405,stop,6,False,False,0.0023210602309271253,0.049076403739045225,-1.0,-1.0490764037390452,-1.0490764037390452,EUR/USD
2022-07-20 08:00:00-04:00,1.0,12235.219,12192.375988667836,12363.748033996488,12363.748033996488,target,1,False,False,0.0035016137702286215,0.05494685692680386,3.0,2.945053143073196,2.945053143073196,NAS100
2022-07-20 12:00:00-04:00,1.0,12438.159,12370.085085598414,12642.380743204758,12370.085085598414,stop,2,False,False,0.005472989563936759,0.03406272124037471,-1.0,-1.0340627212403748,-1.0340627212403748,NAS100
2022-07-21 04:00:00-04:00,-1.0,1684.984,1689.508,1671.4119999999996,1689.508,stop,1,False,False,0.0026848919633658923,0.10130701828615266,-1.0,-1.1013070182861526,-1.1013070182861526,XAU/USD
2022-07-21 08:00:00-04:00,1.0,137.963,137.707,138.731,137.707,stop,1,False,False,0.0018555699716590697,0.06110236935739762,-1.0,-1.0611023693573975,-1.0611023693573975,USD/JPY
2022-07-21 08:00:00-04:00,-1.0,1705.694,1711.1187679968305,1689.4196960095085,1711.1187679968305,stop,1,False,False,0.0031803875705903265,0.08994259856667222,-1.0,-1.0899425985666722,-1.0899425985666722,XAU/USD
2022-07-21 12:00:00-04:00,1.0,12578.619,12497.019,12823.419000000002,12497.019,stop,3,False,False,0.006487198634444716,0.0284135882606993,-1.0,-1.0284135882606993,-1.0284135882606993,NAS100
2022-07-22 08:00:00-04:00,1.0,1734.578,1722.098,1772.018,1722.098,stop,1,False,False,0.0071948335560580255,0.03396357939987263,-1.0,-1.0339635793998727,-1.0339635793998727,XAU/USD
2022-07-22 08:00:00-04:00,-1.0,136.854,137.12790232382585,136.0322930285225,136.0322930285225,target,1,False,False,0.002001419935302124,0.060673120690751856,3.0,2.939326879309248,2.939326879309248,USD/JPY
2022-07-22 12:00:00-04:00,-1.0,12399.999,12459.314777642754,12222.051667071737,12459.314777642754,stop,5,False,False,0.004783530840829444,0.039240518523917994,-1.0,-1.039240518523918,-1.039240518523918,NAS100
2022-07-22 12:00:00-04:00,1.0,1723.978,1718.5026498192021,1740.4040505423939,1718.5026498192021,stop,6,False,False,0.003175997710410418,0.08917432977424322,-1.0,-1.0891743297742433,-1.0891743297742433,XAU/USD
2022-07-22 12:00:00-04:00,-1.0,136.017,136.3644205609847,134.97473831704585,136.3644205609847,stop,2,False,False,0.002554243667958535,0.050407444883555065,-1.0,-1.050407444883555,-1.050407444883555,USD/JPY
2022-07-24 20:00:00-04:00,-1.0,136.093,136.551,134.719,136.551,stop,2,False,False,0.003365345756210815,0.038251588887996735,-1.0,-1.0382515888879968,-1.0382515888879968,USD/JPY
2022-07-25 08:00:00-04:00,-1.0,136.544,136.79862357825135,135.780129265246,136.79862357825135,stop,5,False,False,0.001864773100622075,0.06110184401521227,-1.0,-1.0611018440152122,-1.0611018440152122,USD/JPY
2022-07-26 12:00:00-04:00,-1.0,1.0117,1.014009846212228,1.0047704613633162,1.014009846212228,stop,2,False,False,0.0022831335496965124,0.04797233807163912,-1.0,-1.047972338071639,-1.047972338071639,EUR/USD
2022-07-26 12:00:00-04:00,-1.0,12093.609,12144.50898973993,11940.90903078021,12144.50898973993,stop,1,False,False,0.00420883375177169,0.0450379564443045,-1.0,-1.0450379564443044,-1.0450379564443044,NAS100
2022-07-27 12:00:00-04:00,1.0,1720.678,1716.7517539883959,1732.4567380348128,1732.4567380348128,target,1,False,False,0.002281801715140331,0.1259122006938102,3.0,2.87408779930619,2.87408779930619,XAU/USD
2022-07-28 00:00:00-04:00,-1.0,135.363,135.6585988372118,134.4762034883646,135.6585988372118,stop,1,False,False,0.002183749157537869,0.05235446882930948,-1.0,-1.0523544688293094,-1.0523544688293094,USD/JPY
2022-07-28 04:00:00-04:00,1.0,1745.665,1741.3595313333517,1758.5814059999448,1741.3595313333517,stop,1,False,False,0.002466377378619762,0.09834056957544858,-1.0,-1.0983405695754487,-1.0983405695754487,XAU/USD
2022-07-28 08:00:00-04:00,-1.0,1752.948,1758.8305624798427,1735.3003125604723,1758.8305624798427,stop,3,False,False,0.003355811170578129,0.07467185336626245,-1.0,-1.0746718533662625,-1.0746718533662625,XAU/USD
2022-07-28 12:00:00-04:00,-1.0,134.446,134.7843919099852,133.43082427004438,133.43082427004438,target,2,False,False,0.0025169354981569186,0.0455558490602589,3.0,2.954444150939741,2.954444150939741,USD/JPY
2022-07-29 00:00:00-04:00,-1.0,133.033,133.39230757005635,131.9550772898309,133.39230757005635,stop,1,False,False,0.0027008905313445452,0.04815484420176076,-1.0,-1.0481548442017607,-1.0481548442017607,USD/JPY
2022-07-29 04:00:00-04:00,1.0,1762.494,1757.854843468282,1776.4114695951534,1757.854843468282,stop,1,False,False,0.002632154510436827,0.0940179065768883,-1.0,-1.0940179065768882,-1.0940179065768882,XAU/USD
2022-07-29 08:00:00-04:00,1.0,12842.009,12722.439,13200.719,13200.719,target,19,False,False,0.009310848481728966,0.02005655848008226,3.0,2.9799434415199175,2.9799434415199175,NAS100
2022-07-29 08:00:00-04:00,-1.0,133.66,134.324,131.66799999999995,131.66799999999995,target,7,False,False,0.0049678288193926055,0.023871554653085665,3.0,2.976128445346914,2.976128445346914,USD/JPY
2022-08-01 08:00:00-04:00,1.0,131.816,131.41906428903303,133.00680713290092,131.41906428903303,stop,2,False,False,0.003011286270004943,0.04337035621560128,-1.0,-1.0433703562156014,-1.0433703562156014,USD/JPY
2022-08-01 08:00:00-04:00,-1.0,1.02681,1.0291818005834525,1.0196945982496424,1.0291818005834525,stop,3,False,False,0.002309872891238441,0.051390247048909446,-1.0,-1.0513902470489094,-1.0513902470489094,EUR/USD
2022-08-01 08:00:00-04:00,1.0,1773.418,1768.448,1788.3279999999993,1768.448,stop,1,False,False,0.0028024977754820355,0.09132209239755999,-1.0,-1.09132209239756,-1.09132209239756,XAU/USD
2022-08-01 20:00:00-04:00,-1.0,130.938,131.525,129.17699999999994,131.525,stop,3,False,False,0.004483037773602908,0.034357844611176004,-1.0,-1.034357844611176,-1.034357844611176,USD/JPY
2022-08-02 08:00:00-04:00,-1.0,130.749,131.077,129.765,131.077,stop,1,False,False,0.0025086233929131614,0.052198225803829865,-1.0,-1.0521982258038298,-1.0521982258038298,USD/JPY
2022-08-02 12:00:00-04:00,-1.0,1776.078,1781.6296900733607,1759.4229297799177,1759.4229297799177,target,1,False,False,0.0031258143354969546,0.08208000983622742,3.0,2.9179199901637727,2.9179199901637727,XAU/USD
2022-08-03 12:00:00-04:00,1.0,13236.047,13165.349,13448.141000000001,13165.349,stop,5,False,False,0.005341322828484994,0.03376540135678046,-1.0,-1.0337654013567805,-1.0337654013567805,NAS100
2022-08-03 12:00:00-04:00,-1.0,1.01547,1.017522180943342,1.0093134571699747,1.017522180943342,stop,2,False,False,0.0020209173519077943,0.05899366378513752,-1.0,-1.0589936637851376,-1.0589936637851376,EUR/USD
2022-08-04 08:00:00-04:00,-1.0,13281.609,13324.820994960206,13151.973015119383,13324.820994960206,stop,1,False,False,0.003253521087708999,0.05688084350801552,-1.0,-1.0568808435080155,-1.0568808435080155,NAS100
2022-08-05 12:00:00-04:00,1.0,135.097,134.70886658667436,136.26140023997695,134.70886658667436,stop,5,False,False,0.0028729980186506534,0.047563685820270596,-1.0,-1.0475636858202706,-1.0475636858202706,USD/JPY
2022-08-08 08:00:00-04:00,1.0,134.845,134.5432080482337,135.75037585529887,134.5432080482337,stop,12,False,False,0.002238065569849015,0.05783694364614357,-1.0,-1.0578369436461437,-1.0578369436461437,USD/JPY
2022-08-08 12:00:00-04:00,-1.0,13173.609,13238.199,12979.839,12979.839,target,5,False,False,0.004902984444126142,0.0366383827030605,3.0,2.9633616172969397,2.9633616172969397,NAS100
2022-08-09 12:00:00-04:00,-1.0,12963.729,13019.244463650297,12797.182609049107,13019.244463650297,stop,1,False,False,0.004282368418091549,0.04231731299257795,-1.0,-1.042317312992578,-1.042317312992578,NAS100
2022-08-09 12:00:00-04:00,1.0,1794.278,1789.9530994655017,1807.2527016034949,1789.9530994655017,stop,3,False,False,0.0024103848648304683,0.10162899967314562,-1.0,-1.1016289996731456,-1.1016289996731456,XAU/USD
2022-08-10 08:00:00-04:00,1.0,1.03241,1.02401,1.05761,1.02401,stop,12,False,False,0.008136302437984872,0.014547277315309469,-1.0,-1.0145472773153095,-1.0145472773153095,EUR/USD
2022-08-10 12:00:00-04:00,-1.0,132.54,132.92596668421672,131.38209994734981,132.92596668421672,stop,1,False,False,0.0029120769897142433,0.046031290693969586,-1.0,-1.0460312906939695,-1.0460312906939695,USD/JPY
2022-08-11 12:00:00-04:00,-1.0,13369.989,13425.500569278243,13203.454292165268,13425.500569278243,stop,5,False,False,0.004151953249792784,0.04323102443437489,-1.0,-1.043231024434375,-1.043231024434375,NAS100
2022-08-11 12:00:00-04:00,1.0,132.777,132.43523737286506,133.80228788140477,133.80228788140477,target,4,False,False,0.0025739595497332097,0.050621598782659746,3.0,2.94937840121734,2.94937840121734,USD/JPY
2022-08-15 08:00:00-04:00,-1.0,1777.768,1782.63517963955,1763.1664610813502,1782.63517963955,stop,1,False,False,0.0027378036051666646,0.09495043227766169,-1.0,-1.0949504322776618,-1.0949504322776618,XAU/USD
2022-08-15 08:00:00-04:00,-1.0,1.01981,1.0223,1.0123400000000005,1.0123400000000005,target,5,False,False,0.0024416312842587156,0.048750564910113495,3.0,2.9512494350898866,2.9512494350898866,EUR/USD
2022-08-15 12:00:00-04:00,1.0,13644.269,13595.80410223044,13789.66369330868,13595.80410223044,stop,5,False,False,0.00355203329467923,0.04940686184600084,-1.0,-1.0494068618460008,-1.0494068618460008,NAS100
2022-08-16 08:00:00-04:00,1.0,134.592,134.259,135.5910000000001,134.259,stop,1,False,False,0.0024741440798860762,0.05232208200062663,-1.0,-1.0523220820006267,-1.0523220820006267,USD/JPY
2022-08-16 08:00:00-04:00,1.0,1.01436,1.01247,1.0200299999999998,1.0200299999999998,target,7,False,False,0.0018632438187625177,0.06394733075323651,3.0,2.9360526692467634,2.9360526692467634,EUR/USD
2022-08-16 12:00:00-04:00,-1.0,134.334,134.57031343144303,133.62505970567094,134.57031343144303,stop,3,False,False,0.0017591483276238526,0.07785970909222734,-1.0,-1.0778597090922273,-1.0778597090922273,USD/JPY
2022-08-17 00:00:00-04:00,1.0,134.146,133.95931670030626,134.70604989908117,134.70604989908117,target,1,False,False,0.0013916426855346132,0.0985125959738235,3.0,2.9014874040261764,2.9014874040261764,USD/JPY
2022-08-17 08:00:00-04:00,1.0,135.297,134.938,136.37400000000002,134.938,stop,1,False,False,0.002653421731450135,0.048655357553159195,-1.0,-1.0486553575531592,-1.0486553575531592,USD/JPY
2022-08-17 08:00:00-04:00,-1.0,1767.754,1773.368,1750.9119999999998,1750.9119999999998,target,11,False,False,0.003175781245580569,0.08082591252876684,3.0,2.9191740874712333,2.9191740874712333,XAU/USD
2022-08-17 12:00:00-04:00,1.0,135.413,135.18208048095832,136.10575855712509,135.18208048095832,stop,1,False,False,0.001705298007146223,0.08008231929770362,-1.0,-1.0800823192977036,-1.0800823192977036,USD/JPY
2022-08-18 12:00:00-04:00,-1.0,1.009,1.0115,1.0014999999999994,1.0014999999999994,target,10,False,False,0.0024777006937563616,0.04826132057932204,3.0,2.951738679420678,2.951738679420678,EUR/USD
2022-08-19 00:00:00-04:00,1.0,136.487,136.197,137.35699999999997,137.35699999999997,target,6,False,False,0.0021247444811593194,0.06399748971818706,3.0,2.936002510281813,2.936002510281813,USD/JPY
2022-08-19 08:00:00-04:00,-1.0,13359.699,13400.28400580092,13237.94398259724,13237.94398259724,target,1,False,False,0.0030378682783886108,0.060072610326837104,3.0,2.939927389673163,2.939927389673163,NAS100
2022-08-19 08:00:00-04:00,1.0,1756.374,1749.774,1776.1740000000004,1749.774,stop,1,False,False,0.0037577418021447232,0.06643042888767417,-1.0,-1.0664304288876743,-1.0664304288876743,XAU/USD
2022-08-19 12:00:00-04:00,-1.0,1749.564,1753.4600791652183,1737.8757625043454,1737.8757625043454,target,4,False,False,0.0022268857642351036,0.11303887889513611,3.0,2.886961121104864,2.886961121104864,XAU/USD
2022-08-19 12:00:00-04:00,-1.0,13255.829,13304.001596349068,13111.311210952796,13111.311210952796,target,4,False,False,0.003634068932925134,0.0496390518644861,3.0,2.950360948135514,2.950360948135514,NAS100
2022-08-22 00:00:00-04:00,1.0,137.239,137.0299603278413,137.8661190164761,137.0299603278413,stop,1,False,False,0.0015231797969869757,0.0890237004831968,-1.0,-1.0890237004831969,-1.0890237004831969,USD/JPY
2022-08-22 04:00:00-04:00,-1.0,1734.859,1738.0271776581549,1725.354467025535,1738.0271776581549,stop,1,False,False,0.0018261874066739406,0.1427693811616657,-1.0,-1.1427693811616657,-1.1427693811616657,XAU/USD
2022-08-22 04:00:00-04:00,1.0,1.00137,0.9989,1.0087800000000002,0.9989,stop,1,False,False,0.0024666207296005303,0.048632440422049374,-1.0,-1.0486324404220493,-1.0486324404220493,EUR/USD
2022-08-22 08:00:00-04:00,-1.0,1730.398,1734.0638333531488,1719.4004999405533,1734.0638333531488,stop,1,False,False,0.0021184914413613833,0.12217446817688687,-1.0,-1.1221744681768868,-1.1221744681768868,XAU/USD
2022-08-22 08:00:00-04:00,-1.0,13045.059,13085.84772572437,12922.692822826886,12922.692822826886,target,1,False,False,0.003126756707223098,0.05896312484211242,3.0,2.9410368751578875,2.9410368751578875,NAS100
2022-08-22 12:00:00-04:00,-1.0,12959.199,13005.273126286282,12820.976621141157,12820.976621141157,target,3,False,False,0.0035553220755604703,0.05114963985817345,3.0,2.9488503601418263,2.9488503601418263,NAS100
2022-08-22 12:00:00-04:00,1.0,1735.968,1731.7398278782823,1748.6525163651534,1731.7398278782823,stop,5,False,True,0.0024356279157897853,0.1098693623644674,-1.0,-1.1098693623644673,-1.1098693623644673,XAU/USD
2022-08-22 12:00:00-04:00,1.0,137.518,137.26972450459837,138.2628264862049,137.26972450459837,stop,2,False,False,0.001805403622810313,0.07503744655700507,-1.0,-1.0750374465570052,-1.0750374465570052,USD/JPY
2022-08-22 12:00:00-04:00,-1.0,0.99317,0.9949584676026494,0.9878045971920518,0.9949584676026494,stop,2,False,False,0.0018007668401677362,0.0668244383432303,-1.0,-1.0668244383432304,-1.0668244383432304,EUR/USD
2022-08-23 04:00:00-04:00,1.0,0.99245,0.9906936566758451,0.997719029972465,0.997719029972465,target,1,False,False,0.0017697045938384545,0.06801397282190615,3.0,2.9319860271780938,2.9319860271780938,EUR/USD
2022-08-23 12:00:00-04:00,-1.0,12902.729,12957.486591957091,12738.456224128724,12957.486591957091,stop,5,False,False,0.0042438767765402025,0.04289204212764795,-1.0,-1.042892042127648,-1.042892042127648,NAS100
2022-08-25 04:00:00-04:00,1.0,1762.394,1759.0104572433345,1772.5446282699966,1759.0104572433345,stop,1,False,False,0.0019198560348398371,0.13627475057849822,-1.0,-1.1362747505784982,-1.1362747505784982,XAU/USD
2022-08-25 08:00:00-04:00,-1.0,1760.198,1763.4505978934071,1750.440206319779,1750.440206319779,target,5,False,False,0.0018478591007415233,0.1398910058102509,3.0,2.860108994189749,2.860108994189749,XAU/USD
2022-08-26 12:00:00-04:00,-1.0,0.99796,1.0004753208910704,0.9904140373267887,1.0004753208910704,stop,6,False,False,0.0025204626348455123,0.04962781907503007,-1.0,-1.04962781907503,-1.04962781907503,EUR/USD
2022-08-26 12:00:00-04:00,-1.0,12792.779,12861.928908334443,12585.329274996673,12585.329274996673,target,2,False,False,0.005405385986457082,0.03394848869844837,3.0,2.9660515113015515,2.9660515113015515,NAS100
2022-08-28 20:00:00-04:00,1.0,138.377,138.083,139.25900000000004,138.083,stop,8,False,False,0.002124630538312083,0.06691816184526546,-1.0,-1.0669181618452654,-1.0669181618452654,USD/JPY
2022-08-29 04:00:00-04:00,-1.0,1727.608,1731.9728208121799,1714.5135375634602,1731.9728208121799,stop,1,False,False,0.0025265111137364,0.10524969124664388,-1.0,-1.1052496912466439,-1.1052496912466439,XAU/USD
2022-08-29 08:00:00-04:00,-1.0,1738.044,1745.418,1715.9220000000007,1715.9220000000007,target,11,False,False,0.004242700414949101,0.062271549689142065,3.0,2.937728450310858,2.937728450310858,XAU/USD
2022-08-29 08:00:00-04:00,-1.0,12452.319,12597.999,12015.278999999999,12597.999,stop,4,False,False,0.011699025699550445,0.01641107941109952,-1.0,-1.0164110794110994,-1.0164110794110994,NAS100
2022-08-30 12:00:00-04:00,-1.0,12306.139,12386.939,12063.738999999996,12386.939,stop,2,False,False,0.006565828648611973,0.02869998190769427,-1.0,-1.0286999819076943,-1.0286999819076943,NAS100
2022-08-31 08:00:00-04:00,-1.0,1711.484,1715.884,1698.2839999999997,1715.884,stop,1,False,False,0.0025708683224617297,0.09971099370406945,-1.0,-1.0997109937040694,-1.0997109937040694,XAU/USD
2022-08-31 20:00:00-04:00,1.0,139.473,139.2572678582183,140.1201964253451,139.2572678582183,stop,1,False,False,0.0015467663403074443,0.09160051153291277,-1.0,-1.0916005115329128,-1.0916005115329128,USD/JPY
2022-09-01 00:00:00-04:00,1.0,139.368,139.15844005480002,139.9966798355999,139.15844005480002,stop,1,False,False,0.001503644632914086,0.08950454385086544,-1.0,-1.0895045438508655,-1.0895045438508655,USD/JPY
2022-09-01 08:00:00-04:00,-1.0,12165.659,12220.349559646469,12001.587321060591,12220.349559646469,stop,1,False,False,0.004495486816330246,0.04280045400890192,-1.0,-1.042800454008902,-1.042800454008902,NAS100
2022-09-01 08:00:00-04:00,-1.0,1700.974,1705.0943518918098,1688.6129443245704,1705.0943518918098,stop,5,False,False,0.0024223485437224984,0.10518981537611709,-1.0,-1.105189815376117,-1.105189815376117,XAU/USD
2022-09-01 12:00:00-04:00,-1.0,12027.159,12091.482102198635,11834.189693404092,12091.482102198635,stop,1,False,False,0.005348154306319203,0.035472007855832745,-1.0,-1.0354720078558328,-1.0354720078558328,NAS100
2022-09-01 12:00:00-04:00,1.0,140.041,139.77182063345882,140.84853809962354,140.84853809962354,target,16,False,False,0.0019221468465747947,0.06983932253967466,3.0,2.9301606774603255,2.9301606774603255,USD/JPY
2022-09-05 04:00:00-04:00,1.0,0.99234,0.9899633094424709,0.9994700716725873,0.9899633094424709,stop,7,False,False,0.00239503653740562,0.05025830419186919,-1.0,-1.0502583041918692,-1.0502583041918692,EUR/USD
2022-09-06 08:00:00-04:00,1.0,142.374,141.871,143.88299999999995,143.88299999999995,target,3,False,False,0.0035329484315955576,0.035728677296093976,3.0,2.964271322703906,2.964271322703906,USD/JPY
2022-09-06 12:00:00-04:00,1.0,12010.059,11935.192043722704,12234.659868831886,11935.192043722704,stop,2,False,False,0.006233687634448397,0.030779119135472967,-1.0,-1.030779119135473,-1.030779119135473,NAS100
2022-09-06 12:00:00-04:00,1.0,0.99092,0.9887799312327424,0.9973402063017728,0.9887799312327424,stop,2,False,False,0.002159678649394084,0.055785517613750564,-1.0,-1.0557855176137505,-1.0557855176137505,EUR/USD
2022-09-06 20:00:00-04:00,1.0,143.162,142.88804236731985,143.98387289804046,143.98387289804046,target,1,False,False,0.0019136197641842888,0.07651852900042129,3.0,2.9234814709995787,2.9234814709995787,USD/JPY
2022-09-07 00:00:00-04:00,1.0,144.144,143.754,145.31400000000005,143.754,stop,3,False,False,0.002705627705627808,0.04897560995688444,-1.0,-1.0489756099568845,-1.0489756099568845,USD/JPY
2022-09-07 20:00:00-04:00,1.0,144.33,143.986,145.36200000000008,143.986,stop,1,False,False,0.0023834268689809637,0.061336477842489884,-1.0,-1.0613364778424899,-1.0613364778424899,USD/JPY
2022-09-08 12:00:00-04:00,1.0,0.99685,0.9944194193979332,1.0041417418062004,1.0041417418062004,target,2,False,False,0.00243826112460932,0.04923767632952302,3.0,2.950762323670477,2.950762323670477,EUR/USD
2022-09-09 04:00:00-04:00,1.0,1.01065,1.0085631239752242,1.0169106280743276,1.0085631239752242,stop,1,False,False,0.0020648849995308595,0.05794092298129715,-1.0,-1.057940922981297,-1.057940922981297,EUR/USD
2022-09-09 08:00:00-04:00,1.0,1.00443,1.002134613282392,1.0113161601528236,1.0113161601528236,target,5,False,False,0.0022852630025067674,0.052410183524811145,3.0,2.947589816475189,2.947589816475189,EUR/USD
2022-09-09 12:00:00-04:00,1.0,12570.599,12506.769,12762.089,12762.089,target,8,False,False,0.005077721435549724,0.036795466844728,3.0,2.963204533155272,2.963204533155272,NAS100
2022-09-12 04:00:00-04:00,1.0,1.01916,1.0166799720120612,1.0266000839638167,1.0166799720120612,stop,1,False,False,0.002433403967913667,0.04903574280017798,-1.0,-1.049035742800178,-1.049035742800178,EUR/USD
2022-09-12 08:00:00-04:00,1.0,1729.614,1725.5662918074102,1741.7571245777697,1725.5662918074102,stop,1,False,False,0.002340237875381374,0.10663844796530032,-1.0,-1.1066384479653004,-1.1066384479653004,XAU/USD
2022-09-13 04:00:00-04:00,1.0,1.01544,1.01325,1.0220099999999996,1.01325,stop,1,False,False,0.002156700543606628,0.055260863436329626,-1.0,-1.0552608634363296,-1.0552608634363296,EUR/USD
2022-09-13 12:00:00-04:00,-1.0,1703.604,1709.4360945433527,1686.107716369942,1686.107716369942,target,9,False,False,0.003423386270138304,0.07396380574025747,3.0,2.9260361942597424,2.9260361942597424,XAU/USD
2022-09-13 12:00:00-04:00,1.0,12211.909,12138.344832205517,12432.601503383446,12138.344832205517,stop,1,False,False,0.006023969536170166,0.0315223715330152,-1.0,-1.0315223715330153,-1.0315223715330153,NAS100
2022-09-13 20:00:00-04:00,-1.0,144.415,144.7888966610787,143.29331001676388,143.29331001676388,target,1,False,False,0.00258904311241009,0.05645467003668872,3.0,2.943545329963311,2.943545329963311,USD/JPY
2022-09-15 04:00:00-04:00,-1.0,1687.208,1690.800205069113,1676.4313847926614,1690.800205069113,stop,1,False,True,0.002129082525161615,0.115869009862677,-1.0,-1.115869009862677,-1.115869009862677,XAU/USD
2022-09-15 12:00:00-04:00,-1.0,1663.224,1669.4189276453105,1644.6392170640681,1669.4189276453105,stop,5,False,False,0.0037246502246904806,0.06977556459787265,-1.0,-1.0697755645978726,-1.0697755645978726,XAU/USD
2022-09-15 12:00:00-04:00,-1.0,11948.089,12017.897,11738.664999999997,11738.664999999997,target,5,False,False,0.005842607968521234,0.03290161897465085,3.0,2.967098381025349,2.967098381025349,NAS100
2022-09-16 12:00:00-04:00,-1.0,1673.065,1679.1843303518883,1654.7070089443353,1679.1843303518883,stop,2,False,False,0.003657556850384334,0.07114498018597276,-1.0,-1.0711449801859727,-1.0711449801859727,XAU/USD
2022-09-16 12:00:00-04:00,1.0,11816.619,11738.119,12052.119,11738.119,stop,5,False,False,0.006643186177027456,0.029082580225692357,-1.0,-1.0290825802256924,-1.0290825802256924,NAS100
2022-09-20 12:00:00-04:00,-1.0,143.598,143.7991453745441,142.99456387636772,143.7991453745441,stop,2,False,False,0.0014007533151164876,0.09469288895176953,-1.0,-1.0946928889517695,-1.0946928889517695,USD/JPY
2022-09-21 04:00:00-04:00,-1.0,0.99017,0.9920574107403222,0.9845077677790335,0.9845077677790335,target,2,False,False,0.0019061481769011086,0.06316425604716847,3.0,2.9368357439528316,2.9368357439528316,EUR/USD
2022-09-21 12:00:00-04:00,-1.0,0.98695,0.9890631349707042,0.9806105950878874,0.9890631349707042,stop,4,False,False,0.0021410760126695377,0.05639319018962542,-1.0,-1.0563931901896255,-1.0563931901896255,EUR/USD
2022-09-22 00:00:00-04:00,1.0,144.926,144.49731596378734,146.21205210863792,144.49731596378734,stop,1,False,False,0.0029579512041500084,0.04701228943572149,-1.0,-1.0470122894357214,-1.0470122894357214,USD/JPY
2022-09-22 08:00:00-04:00,-1.0,140.718,141.6014675446982,138.06759736590533,141.6014675446982,stop,1,False,False,0.0062782838350333315,0.024589409934145514,-1.0,-1.0245894099341455,-1.0245894099341455,USD/JPY
2022-09-22 12:00:00-04:00,1.0,142.354,141.45250264097965,145.05849207706112,145.05849207706112,target,41,False,False,0.006332785583969316,0.023248998236202047,3.0,2.976751001763798,2.976751001763798,USD/JPY
2022-09-22 12:00:00-04:00,-1.0,11520.709,11599.127483901235,11285.453548296298,11285.453548296298,target,5,False,False,0.006806741139042236,0.02874692472727332,3.0,2.9712530752727266,2.9712530752727266,NAS100
2022-09-23 04:00:00-04:00,-1.0,0.9753,0.97802,0.9671399999999998,0.9671399999999998,target,2,False,False,0.0027888854711371432,0.04347435507247164,3.0,2.9565256449275283,2.9565256449275283,EUR/USD
2022-09-23 08:00:00-04:00,-1.0,1646.035,1652.167379901353,1627.6378602959417,1627.6378602959417,target,4,False,False,0.003725546480696222,0.07344496422808384,3.0,2.926555035771916,2.926555035771916,XAU/USD
2022-09-23 08:00:00-04:00,-1.0,11346.769,11402.540201377948,11179.455395866158,11179.455395866158,target,1,False,False,0.004915161432998888,0.04090998849322316,3.0,2.9590900115067766,2.9590900115067766,NAS100
2022-09-23 12:00:00-04:00,-1.0,0.9707,0.9732637080335981,0.9630088758992058,0.9630088758992058,target,3,False,False,0.002641092030079393,0.04988695277650138,3.0,2.9501130472234984,2.9501130472234984,EUR/USD
2022-09-23 12:00:00-04:00,-1.0,11292.519,11355.583639747905,11103.325080756285,11355.583639747905,stop,4,False,False,0.005584638799182445,0.03556370390124459,-1.0,-1.0355637039012446,-1.0355637039012446,NAS100
2022-09-28 04:00:00-04:00,1.0,0.9574,0.95382,0.9681400000000001,0.9681400000000001,target,1,False,False,0.003739293921036168,0.03545376193502622,3.0,2.964546238064974,2.964546238064974,EUR/USD
2022-09-28 04:00:00-04:00,1.0,1628.725,1615.802,1667.494,1667.494,target,11,False,False,0.007934427236028184,0.034264279973336906,3.0,2.965735720026663,2.965735720026663,XAU/USD
2022-09-29 12:00:00-04:00,1.0,0.9776,0.974322240593245,0.987433278220265,0.974322240593245,stop,4,False,False,0.003352863550281311,0.03611150763648019,-1.0,-1.0361115076364802,-1.0361115076364802,EUR/USD
2022-09-30 08:00:00-04:00,1.0,1664.408,1659.6893703600235,1678.563888919929,1659.6893703600235,stop,6,False,False,0.0028350198028226077,0.09564454723946055,-1.0,-1.0956445472394605,-1.0956445472394605,XAU/USD
2022-09-30 08:00:00-04:00,-1.0,0.97824,0.98182,0.9674999999999999,0.98182,stop,4,False,False,0.003659633627739642,0.03308423414913582,-1.0,-1.0330842341491357,-1.0330842341491357,EUR/USD
2022-10-03 12:00:00-04:00,1.0,1691.025,1684.7325724989062,1709.9022825032819,1709.9022825032819,target,3,False,False,0.0037210730184911076,0.07038239542662769,3.0,2.929617604573372,2.929617604573372,XAU/USD
2022-10-04 04:00:00-04:00,1.0,0.98791,0.98524,0.9959199999999998,0.9959199999999998,target,1,False,False,0.0027026753449200334,0.04462429540904628,3.0,2.9553757045909537,2.9553757045909537,EUR/USD
2022-10-04 04:00:00-04:00,1.0,1708.785,1703.5683160020508,1724.435051993848,1724.435051993848,target,1,False,False,0.0030528615349206035,0.0858369773974095,3.0,2.9141630226025903,2.9141630226025903,XAU/USD
2022-10-04 08:00:00-04:00,1.0,1711.81,1703.927,1735.459,1703.927,stop,5,False,False,0.004605067151144133,0.056418269105110753,-1.0,-1.0564182691051107,-1.0564182691051107,XAU/USD
2022-10-04 12:00:00-04:00,1.0,11544.069,11459.799,11796.878999999995,11459.799,stop,4,False,False,0.007299852417721916,0.026823837490891813,-1.0,-1.0268238374908918,-1.0268238374908918,NAS100
2022-10-04 12:00:00-04:00,1.0,0.99742,0.9948153333200749,1.0052340000397753,0.9948153333200749,stop,3,False,False,0.002611404102509569,0.045989315307935326,-1.0,-1.0459893153079354,-1.0459893153079354,EUR/USD
2022-10-04 20:00:00-04:00,-1.0,143.845,144.06673571844505,143.17979284466486,144.06673571844505,stop,1,False,False,0.001541490621467874,0.0948939806995568,-1.0,-1.0948939806995568,-1.0948939806995568,USD/JPY
2022-10-05 00:00:00-04:00,1.0,144.13,143.88052936655276,144.8784119003417,144.8784119003417,target,8,False,False,0.001730872361390628,0.07651805042166958,3.0,2.9234819495783304,2.9234819495783304,USD/JPY
2022-10-05 04:00:00-04:00,1.0,0.99473,0.9923,1.0020200000000001,0.9923,stop,1,False,False,0.00244287394569385,0.049278799275402144,-1.0,-1.0492787992754022,-1.0492787992754022,EUR/USD
2022-10-05 04:00:00-04:00,1.0,1712.588,1703.068,1741.148,1703.068,stop,1,False,False,0.005558838436331436,0.0449417823953516,-1.0,-1.0449417823953515,-1.0449417823953515,XAU/USD
2022-10-07 04:00:00-04:00,1.0,0.98015,0.9781653753417654,0.9861038739747037,0.9781653753417654,stop,1,False,False,0.002024817281267733,0.059768043305738344,-1.0,-1.0597680433057384,-1.0597680433057384,EUR/USD
2022-10-07 12:00:00-04:00,1.0,0.97386,0.9713721844288725,0.9813234467133822,0.9713721844288725,stop,4,False,False,0.002554592622273661,0.0475053622631811,-1.0,-1.0475053622631811,-1.0475053622631811,EUR/USD
2022-10-07 12:00:00-04:00,-1.0,11082.639,11153.171056593843,10871.042830218468,10871.042830218468,target,7,False,False,0.006364193275071367,0.03162591291199057,3.0,2.9683740870880095,2.9683740870880095,NAS100
2022-10-07 12:00:00-04:00,1.0,145.263,145.08123484176494,145.8082954747052,145.8082954747052,target,10,False,False,0.0012512832464913043,0.10544712641635619,3.0,2.8945528735836437,2.8945528735836437,USD/JPY
2022-10-07 12:00:00-04:00,1.0,1699.824,1693.7033483018804,1718.185955094359,1693.7033483018804,stop,3,False,False,0.0036007561359997697,0.07574620317509129,-1.0,-1.0757462031750913,-1.0757462031750913,XAU/USD
2022-10-10 04:00:00-04:00,-1.0,1680.128,1685.0137531791015,1665.4707404626952,1665.4707404626952,target,4,False,False,0.002907964856904703,0.09104688117625362,3.0,2.9089531188237463,2.9089531188237463,XAU/USD
2022-10-10 04:00:00-04:00,-1.0,0.96881,0.97087,0.9626299999999998,0.97087,stop,1,False,False,0.0021263199182502885,0.057153677442698336,-1.0,-1.0571536774426984,-1.0571536774426984,EUR/USD
2022-10-10 08:00:00-04:00,-1.0,0.96999,0.97217,0.9634500000000001,0.97217,stop,1,False,False,0.0022474458499571743,0.054082957163435405,-1.0,-1.0540829571634354,-1.0540829571634354,EUR/USD
2022-10-10 12:00:00-04:00,-1.0,10945.759,11024.140852902681,10710.613441291956,11024.140852902681,stop,17,False,True,0.007160933554510126,0.028437451619539054,-1.0,-1.0284374516195391,-1.0284374516195391,NAS100
2022-10-11 04:00:00-04:00,1.0,0.97074,0.9687506995029983,0.9767079014910053,0.9767079014910053,target,2,False,False,0.0020492619002016447,0.059280422658307554,3.0,2.9407195773416923,2.9407195773416923,EUR/USD
2022-10-12 08:00:00-04:00,1.0,146.733,146.55056946877724,147.2802915936683,146.55056946877724,stop,6,False,True,0.0012432822284200802,0.08917579551488912,-1.0,-1.089175795514889,-1.089175795514889,USD/JPY
2022-10-13 12:00:00-04:00,1.0,0.97963,0.9762550003567796,0.9897549989296612,0.9762550003567796,stop,2,False,False,0.003445177917397804,0.035159430994727785,-1.0,-1.0351594309947278,-1.0351594309947278,EUR/USD
2022-10-13 12:00:00-04:00,1.0,147.209,146.93478603356792,148.03164189929626,148.03164189929626,target,5,False,False,0.0018627527286516853,0.07042542709138805,3.0,2.929574572908612,2.929574572908612,USD/JPY
2022-10-13 12:00:00-04:00,1.0,11023.059,10909.840478650864,11362.714564047406,10909.840478650864,stop,5,False,False,0.010271061902974093,0.01958797175822116,-1.0,-1.0195879717582212,-1.0195879717582212,NAS100
2022-10-13 12:00:00-04:00,1.0,1665.715,1658.0776633063576,1688.6270100809268,1658.0776633063576,stop,4,False,False,0.0045850200626411375,0.060659289008202125,-1.0,-1.060659289008202,-1.060659289008202,XAU/USD
2022-10-14 08:00:00-04:00,1.0,147.968,147.677,148.84099999999998,148.84099999999998,target,1,False,False,0.0019666414359861377,0.06302012069374732,3.0,2.9369798793062527,2.9369798793062527,USD/JPY
2022-10-14 12:00:00-04:00,1.0,148.844,148.377,150.24499999999995,148.377,stop,11,False,False,0.0031375131009646648,0.03944525643023356,-1.0,-1.0394452564302337,-1.0394452564302337,USD/JPY
2022-10-14 12:00:00-04:00,-1.0,10771.549,10879.798848072895,10446.79945578132,10879.798848072895,stop,6,False,False,0.010049608285019513,0.020345654834331157,-1.0,-1.0203456548343313,-1.0203456548343313,NAS100
2022-10-17 12:00:00-04:00,1.0,0.98412,0.9815454736559236,0.9918435790322292,0.9815454736559236,stop,4,False,False,0.0026160695281839614,0.04618279314204127,-1.0,-1.0461827931420413,-1.0461827931420413,EUR/USD
2022-10-18 04:00:00-04:00,1.0,0.98377,0.9816254165045859,0.9902037504862424,0.9816254165045859,stop,5,False,False,0.0021799643162671474,0.05542315358570058,-1.0,-1.0554231535857006,-1.0554231535857006,EUR/USD
2022-10-18 08:00:00-04:00,1.0,149.078,148.84762566554915,149.76912300335258,149.76912300335258,target,6,False,False,0.0015453275094303488,0.07134721511505066,3.0,2.9286527848849495,2.9286527848849495,USD/JPY
2022-10-18 12:00:00-04:00,-1.0,11088.789,11197.779,10761.819000000001,11197.779,stop,1,False,False,0.009828846053432866,0.02038319427839154,-1.0,-1.0203831942783916,-1.0203831942783916,NAS100
2022-10-19 04:00:00-04:00,1.0,1641.797,1637.4592688204834,1654.8101935385498,1637.4592688204834,stop,1,False,False,0.002642063044040521,0.12693140351702473,-1.0,-1.1269314035170248,-1.1269314035170248,XAU/USD
2022-10-19 08:00:00-04:00,-1.0,1634.798,1639.3434811958448,1621.1615564124656,1639.3434811958448,stop,6,False,False,0.0027804543410530147,0.12284311072942736,-1.0,-1.1228431107294274,-1.1228431107294274,XAU/USD
2022-10-19 08:00:00-04:00,1.0,149.738,149.5800561959052,150.2118314122844,149.5800561959052,stop,6,False,False,0.001054801079851468,0.10436753513901612,-1.0,-1.104367535139016,-1.104367535139016,USD/JPY
2022-10-21 00:00:00-04:00,1.0,150.385,150.24716292746106,150.79851121761678,150.79851121761678,target,1,False,False,0.0009165613095649756,0.11990785755972692,3.0,2.8800921424402732,2.8800921424402732,USD/JPY
2022-10-21 04:00:00-04:00,1.0,1625.258,1620.327,1640.0510000000002,1620.327,stop,1,False,True,0.003033979835816861,0.11619860081633004,-1.0,-1.11619860081633,-1.11619860081633,XAU/USD
2022-10-21 08:00:00-04:00,-1.0,0.97969,0.982285257158319,0.9719042285250427,0.982285257158319,stop,1,False,False,0.0026490595579408767,0.04948958105212507,-1.0,-1.049489581052125,-1.049489581052125,EUR/USD
2022-10-21 08:00:00-04:00,-1.0,10933.339,10990.03176480273,10763.260705591809,10990.03176480273,stop,1,False,False,0.00518531116639943,0.039360720449782366,-1.0,-1.0393607204497823,-1.0393607204497823,NAS100
2022-10-21 12:00:00-04:00,-1.0,147.446,148.448,144.43999999999997,148.448,stop,2,False,False,0.006795708259294994,0.02825507146092294,-1.0,-1.0282550714609229,-1.0282550714609229,USD/JPY
2022-10-21 12:00:00-04:00,1.0,11187.729,11110.573899897678,11419.194300306965,11419.194300306965,target,2,False,False,0.006896404096159439,0.028748440045703347,3.0,2.971251559954297,2.971251559954297,NAS100
2022-10-21 12:00:00-04:00,1.0,0.98441,0.9812910050578209,0.9937669848265375,0.9812910050578209,stop,5,False,False,0.0031683901445324143,0.04133900263711843,-1.0,-1.0413390026371183,-1.0413390026371183,EUR/USD
2022-10-23 20:00:00-04:00,1.0,148.707,147.361,152.745,147.361,stop,13,False,False,0.00905135602224511,0.018863035009157997,-1.0,-1.018863035009158,-1.018863035009158,USD/JPY
2022-10-25 12:00:00-04:00,1.0,11624.759,11565.865737354541,11801.438787936377,11565.865737354541,stop,1,False,False,0.005066192137442065,0.03811253070184949,-1.0,-1.0381125307018495,-1.0381125307018495,NAS100
2022-10-25 12:00:00-04:00,1.0,0.99643,0.9939320171611238,1.0039239485166287,1.0039239485166287,target,4,False,False,0.0025069325882161875,0.047947462094282654,2.9999999999999556,2.952052537905673,2.952052537905673,EUR/USD
2022-10-26 04:00:00-04:00,1.0,1.0038,1.00154,1.0105799999999998,1.00154,stop,1,False,False,0.0022514445108586657,0.05323832108067376,-1.0,-1.0532383210806737,-1.0532383210806737,EUR/USD
2022-10-26 08:00:00-04:00,-1.0,1661.938,1669.598,1638.9580000000005,1669.598,stop,3,False,False,0.004609076872903715,0.0728911020268271,-1.0,-1.072891102026827,-1.072891102026827,XAU/USD
2022-10-26 08:00:00-04:00,-1.0,1.00043,1.00285,0.9931699999999997,1.00285,stop,1,False,False,0.0024189598472657645,0.049544425928106366,-1.0,-1.0495444259281064,-1.0495444259281064,EUR/USD
2022-10-26 12:00:00-04:00,1.0,1.00763,1.0051396721065553,1.0151009836803342,1.0051396721065553,stop,4,False,False,0.002471470572972938,0.048395218252121196,-1.0,-1.0483952182521212,-1.0483952182521212,EUR/USD
2022-10-27 04:00:00-04:00,1.0,1.00497,1.00281,1.0114499999999997,1.00281,stop,1,False,False,0.0021493178900862113,0.055701659768107044,-1.0,-1.055701659768107,-1.055701659768107,EUR/USD
2022-10-31 08:00:00-04:00,1.0,1637.198,1633.0581508822006,1649.6175473533985,1633.0581508822006,stop,1,False,False,0.0025286184797437363,0.12284274799364983,-1.0,-1.1228427479936498,-1.1228427479936498,XAU/USD
2022-10-31 08:00:00-04:00,1.0,148.741,148.45544393671216,149.59766818986358,148.45544393671216,stop,3,False,False,0.0019198207843691814,0.057481569005491534,-1.0,-1.0574815690054915,-1.0574815690054915,USD/JPY
2022-10-31 12:00:00-04:00,-1.0,0.98827,0.9901937811897125,0.9824986564308625,0.9901937811897125,stop,2,False,False,0.0019466149834685676,0.06193746063361718,-1.0,-1.0619374606336172,-1.0619374606336172,EUR/USD
2022-11-01 12:00:00-04:00,-1.0,0.9861,0.99096,0.97152,0.99096,stop,4,False,False,0.004928506236689966,0.024472614834877452,-1.0,-1.0244726148348775,-1.0244726148348775,EUR/USD
2022-11-02 12:00:00-04:00,-1.0,1649.357,1669.257,1589.6569999999997,1669.257,stop,11,False,False,0.01206530787452328,0.027333974872165313,-1.0,-1.0273339748721653,-1.0273339748721653,XAU/USD
2022-11-03 04:00:00-04:00,-1.0,0.97673,0.979,0.96992,0.979,stop,1,False,False,0.0023240813735628005,0.05218584839866207,-1.0,-1.0521858483986621,-1.0521858483986621,EUR/USD
2022-11-03 08:00:00-04:00,-1.0,10764.109,10819.984178194536,10596.483465416393,10819.984178194536,stop,1,False,False,0.005190878148347967,0.04072819677401137,-1.0,-1.0407281967740114,-1.0407281967740114,NAS100
2022-11-03 08:00:00-04:00,-1.0,0.97579,0.97872,0.9670000000000001,0.97872,stop,4,False,False,0.003002695252052171,0.040381783652296034,-1.0,-1.040381783652296,-1.040381783652296,EUR/USD
2022-11-03 12:00:00-04:00,-1.0,10738.209,10818.169,10498.329000000003,10818.169,stop,5,False,False,0.007446306921386901,0.027671252854326815,-1.0,-1.0276712528543268,-1.0276712528543268,NAS100
2022-11-04 12:00:00-04:00,1.0,1673.108,1667.0335257113804,1691.3314228658585,1667.0335257113804,stop,4,False,False,0.0036306528261292833,0.08580153596818077,-1.0,-1.0858015359681807,-1.0858015359681807,XAU/USD
2022-11-07 07:00:00-05:00,1.0,0.99871,0.9961946098936403,1.006256170319079,1.006256170319079,target,6,False,False,0.00251863915086432,0.04766733434732115,3.0,2.952332665652679,2.952332665652679,EUR/USD
2022-11-08 07:00:00-05:00,1.0,11043.979,10996.617793075859,11186.062620772422,10996.617793075859,stop,1,False,True,0.004288418777701478,0.08522899732646164,-1.0,-1.0852289973264617,-1.0852289973264617,NAS100
2022-11-08 11:00:00-05:00,1.0,1714.968,1708.752763392351,1733.6137098229474,1708.752763392351,stop,2,False,False,0.003624112291103451,0.08846761498226617,-1.0,-1.088467614982266,-1.088467614982266,XAU/USD
2022-11-08 11:00:00-05:00,1.0,1.00873,1.00602,1.0168599999999999,1.00602,stop,2,False,False,0.002686546449495891,0.044530391175710546,-1.0,-1.0445303911757104,-1.0445303911757104,EUR/USD
2022-11-08 11:00:00-05:00,-1.0,145.386,145.6746024420373,144.5201926738881,145.6746024420373,stop,1,False,False,0.0019850772566636535,0.056044808393603665,-1.0,-1.0560448083936036,-1.0560448083936036,USD/JPY
2022-11-08 11:00:00-05:00,1.0,11161.319,11073.927,11423.494999999999,11073.927,stop,1,False,False,0.007829898957282722,0.02556033846927519,-1.0,-1.0255603384692753,-1.0255603384692753,NAS100
2022-11-08 19:00:00-05:00,-1.0,145.588,145.87668075890514,144.72195772328456,145.87668075890514,stop,1,False,False,0.00198286094255807,0.06651313359970193,-1.0,-1.066513133599702,-1.066513133599702,USD/JPY
2022-11-08 23:00:00-05:00,-1.0,145.705,145.9834978153005,144.86950655409856,145.9834978153005,stop,2,False,False,0.001911381320479619,0.0689375269884232,-1.0,-1.0689375269884231,-1.0689375269884231,USD/JPY
2022-11-09 07:00:00-05:00,-1.0,146.4,146.70523669374603,145.48428991876193,146.70523669374603,stop,1,False,False,0.002084950093893613,0.05652381984755473,-1.0,-1.0565238198475548,-1.0565238198475548,USD/JPY
2022-11-09 11:00:00-05:00,-1.0,1705.107,1712.808,1682.004,1712.808,stop,5,False,False,0.004516432106606813,0.07291245447832854,-1.0,-1.0729124544783286,-1.0729124544783286,XAU/USD
2022-11-10 11:00:00-05:00,1.0,11458.499,11372.679,11715.958999999999,11715.958999999999,target,3,False,False,0.007489637168009502,0.02596783225707898,3.0,2.974032167742921,2.974032167742921,NAS100
2022-11-10 11:00:00-05:00,1.0,1.0158,1.0121046066043735,1.0268861801868796,1.0268861801868796,target,4,False,False,0.0036379143489136865,0.03277182062291445,3.0,2.9672281793770856,2.9672281793770856,EUR/USD
2022-11-10 11:00:00-05:00,1.0,1750.468,1744.119791972271,1769.5126240831871,1769.5126240831871,target,7,False,False,0.0036265775939514546,0.0846488700867595,3.0,2.9153511299132404,2.9153511299132404,XAU/USD
2022-11-10 11:00:00-05:00,-1.0,142.014,142.5921487766983,140.2795536699051,140.2795536699051,target,1,False,False,0.0040710688854500195,0.031038838136219347,3.0,2.968961161863781,2.968961161863781,USD/JPY
2022-11-10 19:00:00-05:00,1.0,141.784,141.1821610957559,143.58951671273226,141.1821610957559,stop,1,False,False,0.004244758959008704,0.034724837484467454,-1.0,-1.0347248374844675,-1.0347248374844675,USD/JPY
2022-11-11 03:00:00-05:00,1.0,1.02701,1.02261,1.0402099999999999,1.0402099999999999,target,12,False,False,0.004284281555194165,0.027728216186839107,3.0,2.9722717838131607,2.9722717838131607,EUR/USD
2022-11-11 11:00:00-05:00,1.0,11728.089,11649.529,11963.768999999998,11963.768999999998,target,12,False,False,0.0066984484855119614,0.028715739494457958,3.0,2.971284260505542,2.971284260505542,NAS100
2022-11-13 19:00:00-05:00,-1.0,139.259,139.81318960992616,137.59643117022148,139.81318960992616,stop,2,False,False,0.003979560458757921,0.03746387418249371,-1.0,-1.0374638741824938,-1.0374638741824938,USD/JPY
2022-11-15 03:00:00-05:00,1.0,1.04072,1.0384454085344557,1.0475437743966334,1.0384454085344557,stop,1,False,True,0.002185594074817846,0.05401029713753512,-1.0,-1.0540102971375351,-1.0540102971375351,EUR/USD
2022-11-15 03:00:00-05:00,1.0,1776.558,1771.5464609786384,1791.5926170640848,1771.5464609786384,stop,1,False,False,0.0028209262075100357,0.10746079012720805,-1.0,-1.107460790127208,-1.107460790127208,XAU/USD
2022-11-15 07:00:00-05:00,-1.0,1.04069,1.043117391369414,1.0334078258917574,1.0334078258917574,target,1,False,False,0.002332482650370588,0.05061383783795916,3.0,2.9493861621620407,2.9493861621620407,EUR/USD
2022-11-15 11:00:00-05:00,-1.0,1.0309,1.03885,1.0070499999999996,1.03885,stop,3,False,False,0.007711708216121956,0.01656936932602599,-1.0,-1.016569369326026,-1.016569369326026,EUR/USD
2022-11-15 11:00:00-05:00,1.0,12001.639,11908.619,12280.698999999995,11908.619,stop,1,False,False,0.007750608062781977,0.02431591646590034,-1.0,-1.0243159164659004,-1.0243159164659004,NAS100
2022-11-15 11:00:00-05:00,1.0,139.366,138.847126019422,140.92262194173404,138.847126019422,stop,1,False,False,0.0037231030565418204,0.03424495423838407,-1.0,-1.034244954238384,-1.034244954238384,USD/JPY
2022-11-17 11:00:00-05:00,-1.0,11709.149,11773.244075440152,11516.86377367954,11773.244075440152,stop,4,False,False,0.0054739311490658174,0.03524119096813355,-1.0,-1.0352411909681336,-1.0352411909681336,NAS100
2022-11-18 15:00:00-05:00,1.0,1748.468,1743.9663874034636,1761.9728377896095,1743.9663874034636,stop,2,False,False,0.002574603937010263,0.1324413933724456,-1.0,-1.1324413933724455,-1.1324413933724455,XAU/USD
2022-11-21 03:00:00-05:00,-1.0,1741.958,1745.7704016542193,1730.5207950373424,1745.7704016542193,stop,1,False,False,0.0021885726603162814,0.13932370121154525,-1.0,-1.1393237012115454,-1.1393237012115454,XAU/USD
2022-11-21 03:00:00-05:00,-1.0,1.02546,1.0275036715338046,1.0193289853985863,1.0275036715338046,stop,6,False,False,0.00199293149786884,0.059631014241111065,-1.0,-1.0596310142411112,-1.0596310142411112,EUR/USD
2022-11-21 07:00:00-05:00,-1.0,1741.168,1746.268,1725.8679999999995,1746.268,stop,5,False,False,0.0029290683035756095,0.10319109918142262,-1.0,-1.1031910991814227,-1.1031910991814227,XAU/USD
2022-11-21 11:00:00-05:00,1.0,141.956,141.63924819724323,142.90625540827025,141.63924819724323,stop,2,False,False,0.0022313378987626822,0.05343449965127798,-1.0,-1.053434499651278,-1.053434499651278,USD/JPY
2022-11-23 11:00:00-05:00,1.0,1743.218,1738.4022354222266,1757.6652937333206,1757.6652937333206,target,4,False,False,0.00276257162200798,0.11546782177549847,3.0,2.8845321782245015,2.8845321782245015,XAU/USD
2022-11-23 11:00:00-05:00,1.0,11785.689,11725.959,11964.878999999999,11725.959,stop,13,False,False,0.005068010873186927,0.03772290610263203,-1.0,-1.037722906102632,-1.037722906102632,NAS100
2022-11-23 15:00:00-05:00,1.0,1.04024,1.037993254555212,1.0469802363343643,1.037993254555212,stop,10,False,False,0.002159833735280406,0.061328625329105206,-1.0,-1.0613286253291052,-1.0613286253291052,EUR/USD
2022-11-23 23:00:00-05:00,-1.0,138.841,139.14676547037573,137.92370358887285,139.14676547037573,stop,1,False,False,0.0022022707296527537,0.05797015505463298,-1.0,-1.057970155054633,-1.057970155054633,USD/JPY
2022-11-24 07:00:00-05:00,1.0,1756.658,1753.296380627879,1766.7428581163626,1753.296380627879,stop,3,False,False,0.0019136447573294933,0.16260923205437233,-1.0,-1.1626092320543724,-1.1626092320543724,XAU/USD
2022-11-24 23:00:00-05:00,-1.0,138.458,138.7141799972749,137.6894600081753,138.7141799972749,stop,1,False,False,0.0018502361530204005,0.06901218568963328,-1.0,-1.0690121856896333,-1.0690121856896333,USD/JPY
2022-11-25 03:00:00-05:00,-1.0,1750.798,1753.9584598879571,1741.3166203361286,1753.9584598879571,stop,2,False,False,0.001805153928641186,0.16647519752596912,-1.0,-1.166475197525969,-1.166475197525969,XAU/USD
2022-11-28 15:00:00-05:00,-1.0,11589.849,11632.912948984782,11460.657153045655,11632.912948984782,stop,1,False,False,0.003715660918859404,0.054726493733046465,-1.0,-1.0547264937330465,-1.0547264937330465,NAS100
2022-11-30 11:00:00-05:00,-1.0,1.03148,1.0342763060009,1.0230910819973,1.0342763060009,stop,1,False,False,0.002710964828111038,0.04370387856754817,-1.0,-1.043703878567548,-1.043703878567548,EUR/USD
2022-11-30 15:00:00-05:00,1.0,1769.698,1764.0420756131482,1786.6657731605558,1786.6657731605558,target,4,False,False,0.0031959828099776873,0.09961548523926701,3.0,2.900384514760733,2.900384514760733,XAU/USD
2022-11-30 19:00:00-05:00,-1.0,136.798,137.538,134.57799999999997,134.57799999999997,target,7,False,False,0.005409435810465131,0.029160480378663714,3.0,2.9708395196213364,2.9708395196213364,USD/JPY
2022-12-01 11:00:00-05:00,1.0,1802.248,1796.028,1820.9080000000001,1796.028,stop,2,False,False,0.003451245333605601,0.0836351277050184,-1.0,-1.0836351277050185,-1.0836351277050185,XAU/USD
2022-12-01 11:00:00-05:00,1.0,12025.739,11963.049,12213.808999999996,11963.049,stop,5,False,False,0.005212985247725624,0.03670737360633034,-1.0,-1.0367073736063304,-1.0367073736063304,NAS100
2022-12-02 07:00:00-05:00,-1.0,135.471,135.9807905046054,133.9416284861838,135.9807905046054,stop,7,False,False,0.0037630969329628125,0.03644541855050583,-1.0,-1.0364454185505059,-1.0364454185505059,USD/JPY
2022-12-05 11:00:00-05:00,-1.0,1.04931,1.05379,1.0358699999999998,1.05379,stop,11,False,False,0.0042694723199054995,0.02866255749361889,-1.0,-1.0286625574936188,-1.0286625574936188,EUR/USD
2022-12-06 11:00:00-05:00,-1.0,11572.857,11620.429561232066,11430.139316303803,11430.139316303803,target,5,False,False,0.004110701552094328,0.04715116621305087,3.0,2.952848833786949,2.952848833786949,NAS100
2022-12-07 11:00:00-05:00,1.0,11508.709,11448.220749457996,11690.173751626015,11448.220749457996,stop,2,False,False,0.005255867581846461,0.03668496679361566,-1.0,-1.0366849667936155,-1.0366849667936155,NAS100
2022-12-08 23:00:00-05:00,-1.0,136.022,136.29325771411493,135.20822685765518,136.29325771411493,stop,1,False,False,0.001994219421232875,0.07196906974787613,-1.0,-1.071969069747876,-1.071969069747876,USD/JPY
2022-12-09 03:00:00-05:00,-1.0,1790.548,1794.0363742768795,1780.0828771693614,1794.0363742768795,stop,1,False,False,0.0019482160081045244,0.15415943886492528,-1.0,-1.1541594388649252,-1.1541594388649252,XAU/USD
2022-12-09 07:00:00-05:00,1.0,1800.498,1796.8362883246057,1811.4831350261832,1796.8362883246057,stop,1,False,False,0.0020337216011316714,0.148034059584909,-1.0,-1.148034059584909,-1.148034059584909,XAU/USD
2022-12-09 11:00:00-05:00,-1.0,1798.647,1804.898,1779.894,1779.894,target,7,False,False,0.0034753901126791287,0.09120432809486703,3.0,2.908795671905133,2.908795671905133,XAU/USD
2022-12-12 19:00:00-05:00,1.0,137.776,137.485,138.649,137.485,stop,1,False,False,0.002112124027406782,0.06063859105502889,-1.0,-1.060638591055029,-1.060638591055029,USD/JPY
2022-12-13 11:00:00-05:00,1.0,11807.839,11715.853001425472,12083.796995723584,11715.853001425472,stop,6,False,False,0.007790248374366208,0.024640082620305717,-1.0,-1.0246400826203057,-1.0246400826203057,NAS100
2022-12-13 11:00:00-05:00,-1.0,135.143,135.56919148740096,133.86442553779713,135.56919148740096,stop,1,False,False,0.0031536334652993957,0.03857673896254859,-1.0,-1.0385767389625487,-1.0385767389625487,USD/JPY
2022-12-13 11:00:00-05:00,1.0,1810.188,1803.6305076108179,1829.8604771675468,1803.6305076108179,stop,6,False,False,0.0036225477073001497,0.07067083523049053,-1.0,-1.0706708352304906,-1.0706708352304906,XAU/USD
2022-12-13 11:00:00-05:00,1.0,1.06202,1.0594067258300848,1.0698598225097455,1.0698598225097455,target,11,False,False,0.002460663800978505,0.04752080097693828,3.0,2.952479199023062,2.952479199023062,EUR/USD
2022-12-14 07:00:00-05:00,-1.0,134.961,135.2828557712896,133.99543268613124,135.2828557712896,stop,1,False,False,0.0023848057682559517,0.048008208681905876,-1.0,-1.0480082086819058,-1.0480082086819058,USD/JPY
2022-12-15 11:00:00-05:00,-1.0,1.06368,1.0665175768796484,1.0551672693610545,1.0665175768796484,stop,47,False,False,0.0026676978787308907,0.04387428144990869,-1.0,-1.0438742814499087,-1.0438742814499087,EUR/USD
2022-12-15 11:00:00-05:00,-1.0,11357.269,11422.759,11160.799,11160.799,target,12,False,False,0.005766351047949977,0.03444542917668093,3.0,2.965554570823319,2.965554570823319,NAS100
2022-12-15 15:00:00-05:00,-1.0,137.653,138.0308998564404,136.51930043067873,136.51930043067873,target,5,False,False,0.002745307813417956,0.04666137762654023,3.0,2.95333862237346,2.95333862237346,USD/JPY
2022-12-19 11:00:00-05:00,-1.0,11102.229,11149.899430683563,10959.217707949309,10959.217707949309,target,3,False,False,0.004293771159247716,0.04652027972297621,3.0,2.953479720277024,2.953479720277024,NAS100
2022-12-19 23:00:00-05:00,-1.0,133.329,133.88812938002397,131.65161185992812,131.65161185992812,target,2,False,False,0.004193606642395586,0.037313980713473534,3.0,2.9626860192865263,2.9626860192865263,USD/JPY
2022-12-20 07:00:00-05:00,1.0,1805.535,1798.495,1826.6550000000007,1798.495,stop,12,False,False,0.003899121313073516,0.06448818411826757,-1.0,-1.0644881841182676,-1.0644881841182676,XAU/USD
2022-12-20 11:00:00-05:00,-1.0,131.063,131.64164435141922,129.3270669457423,131.64164435141922,stop,1,False,False,0.004415009204880314,0.033965938100580254,-1.0,-1.0339659381005804,-1.0339659381005804,USD/JPY
2022-12-21 07:00:00-05:00,-1.0,132.231,132.62391838526085,131.05224484421743,132.62391838526085,stop,6,False,False,0.0029714543886142884,0.04142064675610137,-1.0,-1.0414206467561014,-1.0414206467561014,USD/JPY
2022-12-22 11:00:00-05:00,-1.0,10888.119,10938.299,10737.579,10938.299,stop,1,False,False,0.00460869320035906,0.04453246328289292,-1.0,-1.044532463282893,-1.044532463282893,NAS100
2022-12-27 03:00:00-05:00,-1.0,1.06542,1.06688,1.06104,1.06688,stop,7,False,False,0.0013703515984306816,0.07850246504989829,-1.0,-1.0785024650498982,-1.0785024650498982,EUR/USD
2022-12-27 11:00:00-05:00,1.0,1816.135,1810.509055313348,1833.012834059956,1810.509055313348,stop,2,False,False,0.003097756877463415,0.08442883383982201,-1.0,-1.084428833839822,-1.084428833839822,XAU/USD
2022-12-27 11:00:00-05:00,-1.0,133.395,133.58215603670305,132.83353188989088,133.58215603670305,stop,2,False,False,0.001403021377885558,0.08195005552965869,-1.0,-1.0819500555296586,-1.0819500555296586,USD/JPY
2022-12-27 23:00:00-05:00,1.0,134.068,133.83118229939512,134.77845310181468,133.83118229939512,stop,1,False,False,0.0017663998911364989,0.07762928213341261,-1.0,-1.0776292821334126,-1.0776292821334126,USD/JPY
2022-12-28 07:00:00-05:00,1.0,133.815,133.485,134.80499999999995,133.485,stop,4,False,False,0.00246609124537596,0.052667353146512726,-1.0,-1.0526673531465127,-1.0526673531465127,USD/JPY
2022-12-28 11:00:00-05:00,-1.0,1.06198,1.0637249451151713,1.0567451646544856,1.0637249451151713,stop,4,False,False,0.0016431054400002127,0.07125146246452518,-1.0,-1.071251462464525,-1.071251462464525,EUR/USD
2022-12-28 11:00:00-05:00,-1.0,10703.299,10754.2016885135,10550.590934459504,10754.2016885135,stop,4,False,False,0.004755794312902874,0.04318093254327776,-1.0,-1.0431809325432777,-1.0431809325432777,NAS100
2022-12-30 07:00:00-05:00,-1.0,131.784,132.0666737131542,130.9359788605374,130.9359788605374,target,1,False,False,0.0021449774870560623,0.06090863123234344,3.0,2.9390913687676568,2.9390913687676568,USD/JPY
2022-12-30 11:00:00-05:00,-1.0,131.808,132.1176829465462,130.87895116036134,130.87895116036134,target,2,False,False,0.0023495003834836875,0.05904630235011958,3.0,2.9409536976498805,2.9409536976498805,USD/JPY
2023-01-02 11:00:00-05:00,1.0,130.767,130.59485397560107,131.28343807319678,130.59485397560107,stop,1,False,True,0.0013164332316175106,0.236133995627478,-1.0,-1.236133995627478,-1.236133995627478,USD/JPY
2023-01-02 23:00:00-05:00,-1.0,129.592,129.8662606487381,128.76921805378578,129.8662606487381,stop,1,False,False,0.0021163393476300875,0.06943804045693347,-1.0,-1.0694380404569335,-1.0694380404569335,USD/JPY
2023-01-03 03:00:00-05:00,1.0,1838.755,1833.3355833749326,1855.0132498752025,1833.3355833749326,stop,1,False,False,0.002947329375075782,0.08445005520637291,-1.0,-1.084450055206373,-1.084450055206373,XAU/USD
2023-01-03 07:00:00-05:00,1.0,1834.468,1829.0254408435592,1850.7956774693228,1829.0254408435592,stop,1,False,False,0.0029668324312230538,0.08230773865118397,-1.0,-1.082307738651184,-1.082307738651184,XAU/USD
2023-01-03 07:00:00-05:00,-1.0,1.05554,1.05818,1.04762,1.05818,stop,4,False,False,0.002501089489739826,0.04690407959266249,-1.0,-1.0469040795926625,-1.0469040795926625,EUR/USD
2023-01-03 07:00:00-05:00,-1.0,10908.669,11095.929,10346.889,11095.929,stop,23,False,False,0.017166163901388906,0.02206804557209573,-1.0,-1.0220680455720956,-1.0220680455720956,NAS100
2023-01-03 11:00:00-05:00,1.0,1834.165,1827.2940388102065,1854.7778835693803,1854.7778835693803,target,3,False,False,0.003746097646500415,0.0677332560155555,3.0,2.9322667439844445,2.9322667439844445,XAU/USD
2023-01-04 03:00:00-05:00,-1.0,1.06106,1.063056256932685,1.0550712292019448,1.063056256932685,stop,4,False,False,0.0018813798773726412,0.062225550667456705,-1.0,-1.0622255506674567,-1.0622255506674567,EUR/USD
2023-01-04 03:00:00-05:00,1.0,1859.778,1854.8828680668846,1874.4633957993462,1854.8828680668846,stop,1,False,False,0.0026321055164193834,0.09197483142693585,-1.0,-1.0919748314269357,-1.0919748314269357,XAU/USD
2023-01-04 07:00:00-05:00,1.0,1859.995,1852.695,1881.8949999999998,1852.695,stop,1,False,False,0.003924741733176678,0.06182681222829595,-1.0,-1.061826812228296,-1.061826812228296,XAU/USD
2023-01-04 15:00:00-05:00,1.0,132.681,132.2760900716828,133.89572978495164,132.2760900716828,stop,1,False,False,0.0030517551745706598,0.043967246657175746,-1.0,-1.0439672466571757,-1.0439672466571757,USD/JPY
2023-01-05 11:00:00-05:00,-1.0,133.575,133.96669102393548,132.3999269281935,133.96669102393548,stop,3,False,False,0.0029323677629458614,0.041794516494804486,-1.0,-1.0417945164948046,-1.0417945164948046,USD/JPY
2023-01-05 11:00:00-05:00,-1.0,1.053,1.0551401448202993,1.046579565539102,1.0551401448202993,stop,5,False,False,0.0020324262301038357,0.05779629310508055,-1.0,-1.0577962931050806,-1.0577962931050806,EUR/USD
2023-01-06 07:00:00-05:00,-1.0,1.05083,1.05432,1.04036,1.05432,stop,1,False,False,0.0033211842067698803,0.03537061753325342,-1.0,-1.0353706175332533,-1.0353706175332533,EUR/USD
2023-01-06 11:00:00-05:00,-1.0,132.209,132.73113167025573,130.6426049892328,132.73113167025573,stop,17,False,False,0.0039492899141187945,0.029229634851974783,-1.0,-1.0292296348519747,-1.0292296348519747,USD/JPY
2023-01-06 11:00:00-05:00,1.0,1.06185,1.0591916996225745,1.0698249011322762,1.0698249011322762,target,5,False,False,0.0025034612962522265,0.04486342019052557,3.0,2.9551365798094746,2.9551365798094746,EUR/USD
2023-01-09 03:00:00-05:00,-1.0,1.0672,1.06933,1.06081,1.06933,stop,1,False,False,0.001995877061469233,0.058532629553905084,-1.0,-1.058532629553905,-1.058532629553905,EUR/USD
2023-01-09 07:00:00-05:00,1.0,1874.788,1870.2545454937676,1888.3883635186971,1870.2545454937676,stop,1,False,False,0.0024181158116183665,0.101049143923268,-1.0,-1.101049143923268,-1.101049143923268,XAU/USD
2023-01-09 11:00:00-05:00,1.0,11290.309,11237.82889137507,11447.749325874789,11237.82889137507,stop,1,False,False,0.00464824378366703,0.0429504273776536,-1.0,-1.0429504273776535,-1.0429504273776535,NAS100
2023-01-09 11:00:00-05:00,1.0,1876.048,1871.0932003292246,1890.9123990123262,1871.0932003292246,stop,1,False,False,0.002641083634733973,0.09318679647981779,-1.0,-1.0931867964798179,-1.0931867964798179,XAU/USD
2023-01-09 11:00:00-05:00,1.0,1.0758,1.0736866165760623,1.0821401502718133,1.0736866165760623,stop,1,False,False,0.0019644761330523727,0.05930948137592104,-1.0,-1.059309481375921,-1.059309481375921,EUR/USD
2023-01-09 15:00:00-05:00,-1.0,11109.729,11167.424620273756,10936.64213917873,11167.424620273756,stop,4,False,False,0.005193251813231134,0.03935232607986998,-1.0,-1.03935232607987,-1.03935232607987,NAS100
2023-01-10 03:00:00-05:00,1.0,1.07382,1.0721921158174414,1.0787036525476756,1.0721921158174414,stop,1,False,False,0.0015159749143790837,0.07686775730477372,-1.0,-1.0768677573047738,-1.0768677573047738,EUR/USD
2023-01-10 11:00:00-05:00,1.0,1.07362,1.0717626156983082,1.0791921529050754,1.0791921529050754,target,11,False,False,0.0017300202135688606,0.06200554289105188,3.0,2.9379944571089482,2.9379944571089482,EUR/USD
2023-01-11 03:00:00-05:00,1.0,1883.778,1879.8925157121594,1895.434452863522,1879.8925157121594,stop,1,False,False,0.002062602009281696,0.12338729120521465,-1.0,-1.1233872912052147,-1.1233872912052147,XAU/USD
2023-01-11 07:00:00-05:00,-1.0,1877.065,1883.215,1858.6150000000005,1883.215,stop,3,False,False,0.003276391600717004,0.08168229421708896,-1.0,-1.081682294217089,-1.081682294217089,XAU/USD
2023-01-11 15:00:00-05:00,1.0,11396.619,11340.809,11564.049000000005,11340.809,stop,4,False,False,0.004897066401886498,0.04144482996396207,-1.0,-1.041444829963962,-1.041444829963962,NAS100
2023-01-12 11:00:00-05:00,1.0,1.08222,1.0795447414785593,1.090245775564322,1.0795447414785593,stop,5,False,False,0.002472009869934655,0.04698991245439414,-1.0,-1.0469899124543942,-1.0469899124543942,EUR/USD
2023-01-12 11:00:00-05:00,-1.0,11463.229,11537.275347370412,11241.08995788876,11537.275347370412,stop,7,False,False,0.00645946681955085,0.03047759127226865,-1.0,-1.0304775912722686,-1.0304775912722686,NAS100
2023-01-12 11:00:00-05:00,1.0,1892.435,1885.7508013775655,1912.4875958673033,1912.4875958673033,target,5,False,False,0.003532062460499014,0.06920649481302711,3.0,2.9307935051869727,2.9307935051869727,XAU/USD
2023-01-12 11:00:00-05:00,-1.0,129.756,130.25557173956312,128.25728478131063,128.25728478131063,target,3,False,False,0.0038500858500810997,0.03924426949477526,3.0,2.9607557305052246,2.9607557305052246,USD/JPY
2023-01-12 23:00:00-05:00,1.0,129.21,128.78886849309572,130.47339452071287,128.78886849309572,stop,1,False,False,0.0032592795209681,0.04524053071105493,-1.0,-1.0452405307110548,-1.0452405307110548,USD/JPY
2023-01-13 07:00:00-05:00,-1.0,1896.485,1901.8160008648529,1880.491997405441,1901.8160008648529,stop,1,False,False,0.0028109902608525602,0.08552340079198702,-1.0,-1.085523400791987,-1.085523400791987,XAU/USD
2023-01-13 11:00:00-05:00,1.0,127.858,127.41504337379628,129.18686987861116,127.41504337379628,stop,3,False,False,0.003464442007568741,0.04053991066391249,-1.0,-1.0405399106639126,-1.0405399106639126,USD/JPY
2023-01-13 11:00:00-05:00,1.0,1916.778,1910.5022761533257,1935.6051715400229,1910.5022761533257,stop,9,False,False,0.003274100520078111,0.0725000140564077,-1.0,-1.0725000140564076,-1.0725000140564076,XAU/USD
2023-01-13 11:00:00-05:00,1.0,1.08279,1.080520588541473,1.0895982343755806,1.080520588541473,stop,5,False,False,0.0020958925170410534,0.055432125915854426,-1.0,-1.0554321259158543,-1.0554321259158543,EUR/USD
2023-01-15 23:00:00-05:00,-1.0,127.605,127.96625610730497,126.5212316780851,127.96625610730497,stop,1,False,False,0.002831049781003625,0.05783763072023246,-1.0,-1.0578376307202324,-1.0578376307202324,USD/JPY
2023-01-17 11:00:00-05:00,-1.0,11558.599,11598.169813644441,11439.886559066677,11598.169813644441,stop,2,False,False,0.0034234956714426145,0.0568518810537378,-1.0,-1.0568518810537377,-1.0568518810537377,NAS100
2023-01-17 23:00:00-05:00,1.0,131.336,130.82943525498504,132.85569423504492,130.82943525498504,stop,1,False,False,0.003857013652121046,0.040931948867216926,-1.0,-1.0409319488672168,-1.0409319488672168,USD/JPY
2023-01-18 11:00:00-05:00,-1.0,1.08265,1.0852336803313254,1.0748989590060234,1.0852336803313254,stop,10,False,False,0.00238644098399806,0.04875269571519109,-1.0,-1.0487526957151911,-1.0487526957151911,EUR/USD
2023-01-18 11:00:00-05:00,-1.0,11482.779,11557.049,11259.969,11259.969,target,5,False,False,0.006467946478809741,0.03035077268864741,3.0,2.9696492273113524,2.9696492273113524,NAS100
2023-01-19 11:00:00-05:00,-1.0,11267.119,11320.609,11106.649000000001,11320.609,stop,1,False,False,0.004747442536108812,0.041842976113469,-1.0,-1.041842976113469,-1.041842976113469,NAS100
2023-01-19 15:00:00-05:00,1.0,1933.448,1928.3453806280575,1948.755858115828,1928.3453806280575,stop,1,False,False,0.002639129354367243,0.09875251634049777,-1.0,-1.0987525163404979,-1.0987525163404979,XAU/USD
2023-01-20 07:00:00-05:00,-1.0,1924.055,1929.425,1907.9450000000004,1929.425,stop,1,False,False,0.0027909805073139233,0.08585809082325874,-1.0,-1.0858580908232587,-1.0858580908232587,XAU/USD
2023-01-23 03:00:00-05:00,1.0,1.09114,1.08931,1.09663,1.08931,stop,1,False,False,0.00167714500430742,0.06913318833442891,-1.0,-1.0691331883344288,-1.0691331883344288,EUR/USD
2023-01-23 11:00:00-05:00,1.0,11884.009,11808.799,12109.638999999997,11808.799,stop,1,False,False,0.006328672420224449,0.030325460707737967,-1.0,-1.030325460707738,-1.030325460707738,NAS100
2023-01-23 15:00:00-05:00,1.0,11868.299,11803.519,12062.639000000003,11803.519,stop,4,False,False,0.005458237949684336,0.036497490590146967,-1.0,-1.036497490590147,-1.036497490590147,NAS100
2023-01-24 03:00:00-05:00,1.0,1938.455,1934.1535569341177,1951.3593291976467,1934.1535569341177,stop,1,False,False,0.0022190058917448525,0.10602209238079921,-1.0,-1.1060220923807993,-1.1060220923807993,XAU/USD
2023-01-24 11:00:00-05:00,-1.0,130.077,130.43537305625082,129.00188083124752,130.43537305625082,stop,2,False,False,0.0027550839598916525,0.04215647109833499,-1.0,-1.042156471098335,-1.042156471098335,USD/JPY
2023-01-27 11:00:00-05:00,1.0,12140.859,12046.189,12424.869,12046.189,stop,5,False,False,0.007797636065125216,0.024166568167110637,-1.0,-1.0241665681671106,-1.0241665681671106,NAS100
2023-01-31 03:00:00-05:00,1.0,1.08296,1.08019,1.0912699999999997,1.0912699999999997,target,7,False,False,0.002557804535716868,0.045423430568212825,3.0,2.9545765694317874,2.9545765694317874,EUR/USD
2023-01-31 03:00:00-05:00,-1.0,1906.745,1914.845,1882.4449999999995,1914.845,stop,1,False,False,0.004248077220603771,0.05602414198077621,-1.0,-1.0560241419807763,-1.0560241419807763,XAU/USD
2023-01-31 11:00:00-05:00,-1.0,1927.225,1933.1558656882119,1909.432402935364,1933.1558656882119,stop,6,False,False,0.00307741217979839,0.07836977790185119,-1.0,-1.0783697779018513,-1.0783697779018513,XAU/USD
2023-02-01 11:00:00-05:00,1.0,1.09162,1.0902147527002701,1.0958357418991898,1.0958357418991898,target,1,False,False,0.0012873044646762664,0.08995192439515115,3.0,2.910048075604849,2.910048075604849,EUR/USD
2023-02-01 15:00:00-05:00,1.0,1.09879,1.096785883705845,1.1048023488824645,1.096785883705845,stop,4,False,False,0.0018239302270268818,0.07330756877575001,-1.0,-1.07330756877575,-1.07330756877575,EUR/USD
2023-02-01 15:00:00-05:00,1.0,1953.398,1939.098,1996.2979999999998,1939.098,stop,4,False,False,0.0073205767590629025,0.03695940362172865,-1.0,-1.0369594036217287,-1.0369594036217287,XAU/USD
2023-02-01 15:00:00-05:00,1.0,12367.889,12288.547,12605.914999999995,12605.914999999995,target,4,False,False,0.00641516106750301,0.030609866744737407,3.0,2.9693901332552626,2.9693901332552626,NAS100
2023-02-01 23:00:00-05:00,1.0,128.599,128.30428307903995,129.48315076288011,128.30428307903995,stop,2,False,False,0.002291751265251221,0.05767235389283565,-1.0,-1.0576723538928356,-1.0576723538928356,USD/JPY
2023-02-02 11:00:00-05:00,1.0,12780.739,12716.929462467378,12972.167612597863,12716.929462467378,stop,1,False,False,0.0049926328620450745,0.03669538818686388,-1.0,-1.036695388186864,-1.036695388186864,NAS100
2023-02-03 11:00:00-05:00,1.0,131.076,130.69930792657,132.20607622029002,132.20607622029002,target,2,False,False,0.002873844742210681,0.04029212545839993,3.0,2.9597078745416,2.9597078745416,USD/JPY
2023-02-03 11:00:00-05:00,-1.0,1868.245,1875.9839199765147,1845.0282400704555,1875.9839199765147,stop,3,False,False,0.004142347484679369,0.06198791738379282,-1.0,-1.0619879173837927,-1.0619879173837927,XAU/USD
2023-02-05 19:00:00-05:00,1.0,132.29,131.885,133.505,131.885,stop,1,False,False,0.003061455892357708,0.05002204508971272,-1.0,-1.0500220450897126,-1.0500220450897126,USD/JPY
2023-02-06 03:00:00-05:00,-1.0,1.07664,1.07881,1.07013,1.07013,target,6,False,False,0.002015529796403631,0.05774155426773219,3.0,2.942258445732268,2.942258445732268,EUR/USD
2023-02-06 11:00:00-05:00,1.0,132.771,132.42832411638034,133.79902765085893,132.42832411638034,stop,2,False,False,0.002580954301915693,0.04463912198853333,-1.0,-1.0446391219885334,-1.0446391219885334,USD/JPY
2023-02-07 03:00:00-05:00,-1.0,1.07188,1.0731622759262667,1.0680331722211998,1.0680331722211998,target,1,False,False,0.0011962868289983296,0.0974986518364875,3.0,2.9025013481635127,2.9025013481635127,EUR/USD
2023-02-07 07:00:00-05:00,-1.0,1.06951,1.070993219892551,1.065060340322347,1.070993219892551,stop,1,False,False,0.0013868219021336478,0.08415753280626959,-1.0,-1.0841575328062696,-1.0841575328062696,EUR/USD
2023-02-07 11:00:00-05:00,-1.0,1.07019,1.07623,1.0520699999999998,1.07623,stop,10,False,False,0.005643857632756843,0.020672896018252753,-1.0,-1.0206728960182527,-1.0206728960182527,EUR/USD
2023-02-09 11:00:00-05:00,-1.0,1874.065,1879.6251964478352,1857.3844106564948,1857.3844106564948,target,2,False,False,0.0029669176084261197,0.08477948495494728,3.0,2.9152205150450525,2.9152205150450525,XAU/USD
2023-02-09 11:00:00-05:00,1.0,130.983,130.68667837159165,131.87196488522505,131.87196488522505,target,2,False,False,0.002262290743137278,0.051182090478610914,3.0,2.948817909521389,2.948817909521389,USD/JPY
2023-02-10 15:00:00-05:00,1.0,12304.609,12246.435776738223,12479.128669785334,12246.435776738223,stop,2,False,False,0.0047277587822398765,0.03959275437180471,-1.0,-1.0395927543718047,-1.0395927543718047,NAS100
2023-02-12 23:00:00-05:00,1.0,132.134,131.83013452026697,133.04559643919904,131.83013452026697,stop,6,False,False,0.0022996766898226014,0.056762715638584794,-1.0,-1.0567627156385848,-1.0567627156385848,USD/JPY
2023-02-13 03:00:00-05:00,-1.0,1.06742,1.0687017899998827,1.063574630000352,1.0687017899998827,stop,1,False,False,0.001200830038675226,0.09727448542726606,-1.0,-1.097274485427266,-1.097274485427266,EUR/USD
2023-02-13 23:00:00-05:00,1.0,131.948,131.7188239370057,132.6355281889829,131.7188239370057,stop,2,False,True,0.001736866515553843,0.075223753640006,-1.0,-1.075223753640006,-1.075223753640006,USD/JPY
2023-02-14 15:00:00-05:00,-1.0,1.07377,1.0760625565301483,1.0668923304095548,1.0668923304095548,target,4,False,False,0.0021350536242848756,0.058957473663015576,3.0,2.9410425263369846,2.9410425263369846,EUR/USD
2023-02-15 03:00:00-05:00,-1.0,1833.635,1839.3238343677167,1816.5684968968499,1839.3238343677167,stop,4,False,False,0.0031024900635713806,0.08115104667978135,-1.0,-1.0811510466797813,-1.0811510466797813,XAU/USD
2023-02-15 11:00:00-05:00,1.0,134.288,134.00920720844618,135.1243783746615,134.00920720844618,stop,1,False,False,0.0020760811952953814,0.055249955255255494,-1.0,-1.0552499552552554,-1.0552499552552554,USD/JPY
2023-02-15 19:00:00-05:00,1.0,134.099,133.777,135.065,133.777,stop,1,False,False,0.00240121104557083,0.05716943876685884,-1.0,-1.0571694387668589,-1.0571694387668589,USD/JPY
2023-02-15 23:00:00-05:00,1.0,133.84,133.59897321239535,134.56308036281396,134.56308036281396,target,5,False,False,0.0018008576479726034,0.06793221801974755,3.0,2.9320677819802525,2.9320677819802525,USD/JPY
2023-02-16 03:00:00-05:00,-1.0,1837.555,1844.705,1816.1050000000005,1844.705,stop,2,False,False,0.0038910399960816757,0.0641402552001057,-1.0,-1.0641402552001058,-1.0641402552001058,XAU/USD
2023-02-16 11:00:00-05:00,1.0,1840.815,1832.258,1866.486,1832.258,stop,2,False,False,0.004648484502788176,0.05442713193356035,-1.0,-1.0544271319335603,-1.0544271319335603,XAU/USD
2023-02-16 23:00:00-05:00,1.0,134.662,134.41671616073202,135.39785151780396,134.41671616073202,stop,2,False,False,0.0018214777685463136,0.07101947482480957,-1.0,-1.0710194748248096,-1.0710194748248096,USD/JPY
2023-02-17 03:00:00-05:00,-1.0,1.06436,1.0656903740511168,1.0603688778466496,1.0656903740511168,stop,1,False,False,0.0012499286436138154,0.09360233179381287,-1.0,-1.0936023317938128,-1.0936023317938128,EUR/USD
2023-02-17 03:00:00-05:00,-1.0,1822.285,1827.0559676272644,1807.972097118207,1827.0559676272644,stop,1,False,False,0.002618123744235576,0.09592898565349958,-1.0,-1.0959289856534995,-1.0959289856534995,XAU/USD
2023-02-17 07:00:00-05:00,-1.0,1.06198,1.063431604104382,1.0576251876868534,1.063431604104382,stop,1,False,False,0.001366884597056597,0.0855132334748972,-1.0,-1.0855132334748971,-1.0855132334748971,EUR/USD
2023-02-17 07:00:00-05:00,-1.0,12291.739,12382.899,12018.259,12018.259,target,19,False,False,0.0074163631362494644,0.045036613908295144,3.0,2.954963386091705,2.954963386091705,NAS100
2023-02-17 07:00:00-05:00,1.0,1826.578,1821.7088551540428,1841.1854345378715,1841.1854345378715,target,1,False,False,0.002665719638557554,0.09403854137470412,3.0,2.905961458625296,2.905961458625296,XAU/USD
2023-02-17 11:00:00-05:00,1.0,1.06769,1.06566,1.07378,1.06566,stop,11,False,False,0.00190130093941123,0.06141990196172683,-1.0,-1.0614199019617268,-1.0614199019617268,EUR/USD
2023-02-17 11:00:00-05:00,1.0,134.263,134.0069499418677,135.0311501743969,134.0069499418677,stop,4,False,False,0.0019070783323201672,0.060159853971642245,-1.0,-1.0601598539716421,-1.0601598539716421,USD/JPY
2023-02-21 11:00:00-05:00,-1.0,134.831,135.05538140189975,134.1578557943007,135.05538140189975,stop,2,False,False,0.0016641677499963847,0.06880255726582059,-1.0,-1.0688025572658206,-1.0688025572658206,USD/JPY
2023-02-22 07:00:00-05:00,-1.0,12097.109,12134.001853809426,11986.430438571722,12134.001853809426,stop,1,False,False,0.0030497248399949124,0.11479005558919354,-1.0,-1.1147900555891936,-1.1147900555891936,NAS100
2023-02-22 11:00:00-05:00,-1.0,12031.079,12158.789,11647.948999999997,12158.789,stop,2,False,False,0.010615008013828265,0.017817065512133832,-1.0,-1.017817065512134,-1.017817065512134,NAS100
2023-02-23 07:00:00-05:00,1.0,1.06137,1.0600878418110804,1.0652164745667585,1.0600878418110804,stop,1,False,False,0.0012080218857886736,0.09695300884393117,-1.0,-1.0969530088439312,-1.0969530088439312,EUR/USD
2023-02-23 11:00:00-05:00,-1.0,134.804,135.00229988273188,134.20910035180438,134.20910035180438,target,2,False,False,0.0014710237287608218,0.0778502963067053,3.0,2.922149703693295,2.922149703693295,USD/JPY
2023-02-23 15:00:00-05:00,1.0,1.0603,1.0588156281544934,1.06475311553652,1.0588156281544934,stop,3,False,False,0.0013999545840862482,0.0904425939931664,-1.0,-1.0904425939931663,-1.0904425939931663,EUR/USD
2023-02-24 11:00:00-05:00,-1.0,11920.159,11973.217,11760.984999999997,11973.217,stop,1,False,False,0.004451115123548344,0.042943676428858414,-1.0,-1.0429436764288584,-1.0429436764288584,NAS100
2023-02-24 11:00:00-05:00,-1.0,1.05452,1.0560377855774228,1.0499666432677313,1.0560377855774228,stop,5,False,False,0.0014393141689326718,0.0815567107286788,-1.0,-1.0815567107286788,-1.0815567107286788,EUR/USD
2023-02-24 11:00:00-05:00,-1.0,1809.815,1814.1026901648988,1796.9519295053037,1814.1026901648988,stop,6,False,False,0.0023691317426912566,0.1064182112111367,-1.0,-1.1064182112111367,-1.1064182112111367,XAU/USD
2023-02-24 11:00:00-05:00,1.0,136.451,136.1575815168526,137.3312554494422,136.1575815168526,stop,3,False,False,0.0021503578804655562,0.05300650209224304,-1.0,-1.053006502092243,-1.053006502092243,USD/JPY
2023-02-26 23:00:00-05:00,1.0,136.351,136.1120891311122,137.06773260666336,136.1120891311122,stop,1,False,False,0.001752175406764787,0.06927330234789222,-1.0,-1.0692733023478922,-1.0692733023478922,USD/JPY
2023-02-27 07:00:00-05:00,-1.0,1.05582,1.0570717819397282,1.0520646541808154,1.0570717819397282,stop,1,False,False,0.001185601655327794,0.09888838644595685,-1.0,-1.0988883864459569,-1.0988883864459569,EUR/USD
2023-02-28 07:00:00-05:00,1.0,1809.195,1805.6252800484374,1819.9041598546876,1819.9041598546876,target,1,False,False,0.001973098505999932,0.12991677241249852,3.0,2.8700832275875015,2.8700832275875015,XAU/USD
2023-02-28 11:00:00-05:00,-1.0,136.097,136.3145637423595,135.44430877292154,136.3145637423595,stop,1,False,False,0.0015985932265919734,0.07139441404859334,-1.0,-1.0713944140485934,-1.0713944140485934,USD/JPY
2023-02-28 11:00:00-05:00,-1.0,1.06005,1.06172495988735,1.05502512033795,1.06172495988735,stop,3,False,False,0.0015800763052214544,0.07412048925928034,-1.0,-1.0741204892592804,-1.0741204892592804,EUR/USD
2023-03-01 03:00:00-05:00,1.0,1835.718,1832.012398210212,1846.8348053693642,1832.012398210212,stop,4,False,False,0.002018611676623552,0.12482831467022694,-1.0,-1.124828314670227,-1.124828314670227,XAU/USD
2023-03-01 07:00:00-05:00,1.0,1.06865,1.06633,1.0756100000000004,1.06633,stop,1,False,False,0.0021709633649933087,0.05381071117883623,-1.0,-1.0538107111788362,-1.0538107111788362,EUR/USD
2023-03-02 07:00:00-05:00,1.0,11875.569,11816.219,12053.619,12053.619,target,2,False,False,0.004997655270244345,0.06936174570715711,3.0,2.930638254292843,2.930638254292843,NAS100
2023-03-02 11:00:00-05:00,-1.0,136.745,137.01205290737897,135.9438412778631,135.9438412778631,target,5,False,False,0.0019529263035501703,0.05830798329759469,3.0,2.9416920167024054,2.9416920167024054,USD/JPY
2023-03-03 07:00:00-05:00,1.0,1846.875,1843.6064277928579,1856.6807166214264,1856.6807166214264,target,2,False,False,0.0017697852898231566,0.14284786761389937,3.0,2.8571521323861004,2.8571521323861004,XAU/USD
2023-03-03 11:00:00-05:00,1.0,12202.869,12151.399,12357.279000000004,12357.279000000004,target,3,False,False,0.004217860570329909,0.04464610941116054,3.0,2.9553538905888397,2.9553538905888397,NAS100
2023-03-03 15:00:00-05:00,1.0,1855.065,1851.3531309188472,1866.2006072434585,1851.3531309188472,stop,2,False,False,0.0020009374772058264,0.13117912247410102,-1.0,-1.131179122474101,-1.131179122474101,XAU/USD
2023-03-06 11:00:00-05:00,1.0,12441.349,12397.536726053348,12572.785821839958,12397.536726053348,stop,1,False,False,0.003521505099378899,0.05325651700299633,-1.0,-1.0532565170029964,-1.0532565170029964,NAS100
2023-03-07 11:00:00-05:00,-1.0,1816.955,1823.038,1798.7059999999997,1823.038,stop,5,False,False,0.003347909001598875,0.07507063122511892,-1.0,-1.075070631225119,-1.075070631225119,XAU/USD
2023-03-07 15:00:00-05:00,1.0,137.142,136.90122407528486,137.8643277741454,137.8643277741454,target,2,False,False,0.0017556687573109444,0.07309433755478692,3.0,2.926905662445213,2.926905662445213,USD/JPY
2023-03-07 15:00:00-05:00,-1.0,1.05506,1.0569656058068586,1.0493431825794246,1.0569656058068586,stop,4,False,False,0.0018061587083753542,0.07023785843340341,-1.0,-1.0702378584334034,-1.0702378584334034,EUR/USD
2023-03-07 23:00:00-05:00,1.0,137.83,137.60396217248456,138.50811348254638,137.60396217248456,stop,1,False,False,0.00163997553156392,0.07367195392468763,-1.0,-1.0736719539246877,-1.0736719539246877,USD/JPY
2023-03-08 11:00:00-05:00,-1.0,1817.565,1821.765,1804.965,1821.765,stop,5,False,False,0.002310783933449448,0.10817363337317351,-1.0,-1.1081736333731735,-1.1081736333731735,XAU/USD
2023-03-09 15:00:00-05:00,-1.0,11997.899,12071.919,11775.838999999998,12071.919,stop,4,False,False,0.006169413494812754,0.03197445143974723,-1.0,-1.0319744514397473,-1.0319744514397473,NAS100
2023-03-10 11:00:00-05:00,1.0,1864.098,1854.855,1891.8269999999998,1891.8269999999998,target,2,False,False,0.004958430297119539,0.04986355778832799,3.0,2.950136442211672,2.950136442211672,XAU/USD
2023-03-10 11:00:00-05:00,1.0,11871.109,11791.864415574439,12108.842753276685,11791.864415574439,stop,1,False,False,0.0066754154498591236,0.028865504712307834,-1.0,-1.0288655047123079,-1.0288655047123079,NAS100
2023-03-10 11:00:00-05:00,-1.0,134.738,135.24072327503657,133.22983017489028,133.22983017489028,target,5,False,False,0.003731117242623259,0.03269155577588761,3.0,2.967308444224112,2.967308444224112,USD/JPY
2023-03-13 04:00:00-04:00,1.0,1885.405,1875.375,1915.495,1915.495,target,12,False,False,0.005319811923698077,0.047021833763953864,3.0,2.952978166236046,2.952978166236046,XAU/USD
2023-03-13 08:00:00-04:00,-1.0,132.541,133.272,130.348,133.272,stop,1,False,False,0.005515274518828095,0.022248450389978497,-1.0,-1.0222484503899785,-1.0222484503899785,USD/JPY
2023-03-13 12:00:00-04:00,1.0,133.172,132.54490130311007,135.0532960906698,135.0532960906698,target,9,False,False,0.004708938041704944,0.024427224059381032,3.0,2.975572775940619,2.975572775940619,USD/JPY
2023-03-13 12:00:00-04:00,1.0,11998.219,11894.10078091354,12310.573657259374,12310.573657259374,target,14,False,False,0.008677806188273305,0.02200031337620915,3.0,2.9779996866237908,2.9779996866237908,NAS100
2023-03-15 08:00:00-04:00,1.0,1927.715,1916.868,1960.2559999999999,1916.868,stop,1,False,False,0.005626869117063456,0.04388595459436036,-1.0,-1.0438859545943604,-1.0438859545943604,XAU/USD
2023-03-15 12:00:00-04:00,1.0,1933.455,1924.945,1958.985,1924.945,stop,1,False,False,0.00440144715030864,0.054853405958310515,-1.0,-1.0548534059583106,-1.0548534059583106,XAU/USD
2023-03-15 12:00:00-04:00,-1.0,1.05801,1.060782955261746,1.0496911342147615,1.060782955261746,stop,3,False,False,0.002620915928721039,0.04478325961106279,-1.0,-1.0447832596110629,-1.0447832596110629,EUR/USD
2023-03-16 08:00:00-04:00,1.0,1930.248,1923.7034759549892,1949.8815721350325,1923.7034759549892,stop,1,False,False,0.0033905094293638968,0.0713390002997998,-1.0,-1.0713390002997998,-1.0713390002997998,XAU/USD
2023-03-16 08:00:00-04:00,1.0,12286.297,12182.167,12598.687000000004,12598.687000000004,target,1,False,False,0.008475295689173152,0.022694855603296163,3.0,2.977305144396704,2.977305144396704,NAS100
2023-03-16 12:00:00-04:00,1.0,133.441,132.901,135.06099999999998,132.901,stop,3,False,False,0.004046732263697005,0.030279126907347166,-1.0,-1.0302791269073472,-1.0302791269073472,USD/JPY
2023-03-16 12:00:00-04:00,1.0,12540.639,12457.519,12789.998999999996,12457.519,stop,5,False,False,0.006628051409501461,0.0278031101369596,-1.0,-1.0278031101369596,-1.0278031101369596,NAS100
2023-03-17 12:00:00-04:00,1.0,1961.708,1955.0118642176772,1981.7964073469689,1981.7964073469689,target,1,False,False,0.003413421254500122,0.06887920034754039,3.0,2.9311207996524598,2.9311207996524598,XAU/USD
2023-03-17 12:00:00-04:00,-1.0,12490.599,12569.589,12253.629,12569.589,stop,2,False,False,0.006323956120919403,0.028931208596505168,-1.0,-1.0289312085965052,-1.0289312085965052,NAS100
2023-03-20 04:00:00-04:00,1.0,1983.755,1973.7831025325545,2013.670692402337,1973.7831025325545,stop,1,False,False,0.005026778744071528,0.04812240547155869,-1.0,-1.0481224054715588,-1.0481224054715588,XAU/USD
2023-03-20 08:00:00-04:00,1.0,131.529,130.978,133.18199999999996,130.978,stop,15,False,False,0.00418919021660613,0.030331008530569657,-1.0,-1.0303310085305697,-1.0303310085305697,USD/JPY
2023-03-20 12:00:00-04:00,1.0,1974.725,1964.733639197246,2004.6990824082616,1964.733639197246,stop,4,False,False,0.0050596213663947585,0.04678315396320451,-1.0,-1.0467831539632044,-1.0467831539632044,XAU/USD
2023-03-21 08:00:00-04:00,1.0,1.0781,1.0765713249289288,1.0826860252132138,1.0765713249289288,stop,1,False,False,0.0014179343948346529,0.06899624830674991,-1.0,-1.0689962483067499,-1.0689962483067499,EUR/USD
2023-03-22 04:00:00-04:00,1.0,1.078,1.0765,1.0825000000000002,1.0825000000000002,target,2,False,False,0.0013914656771800156,0.07029452191924578,3.0,2.9297054780807543,2.9297054780807543,EUR/USD
2023-03-22 12:00:00-04:00,1.0,12790.769,12738.819,12946.619000000002,12738.819,stop,1,False,False,0.004061522806017428,0.04505700531321376,-1.0,-1.0450570053132138,-1.0450570053132138,NAS100
2023-03-23 04:00:00-04:00,-1.0,1.08996,1.0917310655837271,1.0846468032488188,1.0846468032488188,target,2,False,False,0.0016248904397657554,0.06003994449674396,3.0,2.939960055503256,2.939960055503256,EUR/USD
2023-03-24 08:00:00-04:00,-1.0,130.463,130.82312864680796,129.3826140595761,130.82312864680796,stop,1,False,False,0.002760389128013038,0.04483281302384412,-1.0,-1.0448328130238442,-1.0448328130238442,USD/JPY
2023-03-28 12:00:00-04:00,-1.0,12563.109,12607.889001613832,12428.768995158505,12607.889001613832,stop,1,False,False,0.0035644044490763947,0.05185168887570225,-1.0,-1.0518516888757024,-1.0518516888757024,NAS100
2023-03-29 08:00:00-04:00,1.0,132.52,132.163,133.591,133.591,target,11,False,False,0.002693932991246599,0.04281040003839875,3.0,2.9571895999616014,2.9571895999616014,USD/JPY
2023-03-29 12:00:00-04:00,1.0,1.08275,1.081212021354351,1.0873639359369474,1.0873639359369474,target,4,False,False,0.001420437446916726,0.06876637968286373,3.0,2.931233620317136,2.931233620317136,EUR/USD
2023-03-30 08:00:00-04:00,1.0,12927.559,12899.449,13011.888999999996,12899.449,stop,1,False,False,0.0021744244215012878,0.08531940226100267,-1.0,-1.0853194022610027,-1.0853194022610027,NAS100
2023-03-30 08:00:00-04:00,1.0,1.091,1.08785,1.10045,1.08785,stop,5,False,False,0.0028872593950504,0.03376345520045561,-1.0,-1.0337634552004555,-1.0337634552004555,EUR/USD
2023-03-30 12:00:00-04:00,1.0,12944.349,12905.379,13061.258999999998,13061.258999999998,target,5,False,False,0.003010580138097277,0.06075915769464003,3.0,2.93924084230536,2.93924084230536,NAS100
2023-03-31 12:00:00-04:00,1.0,13105.299,13071.033194284864,13208.09641714541,13071.033194284864,stop,6,False,False,0.002614652722928076,0.06884029687022043,-1.0,-1.0688402968702204,-1.0688402968702204,NAS100
2023-03-31 12:00:00-04:00,-1.0,1977.065,1982.1898750589255,1961.6903748232237,1961.6903748232237,target,2,False,False,0.0025921631605058276,0.09092528764287927,3.0,2.909074712357121,2.909074712357121,XAU/USD
2023-04-03 12:00:00-04:00,1.0,1985.025,1979.12647571855,2002.7205728443505,1979.12647571855,stop,2,False,False,0.002971511331822086,0.07750465315231944,-1.0,-1.0775046531523194,-1.0775046531523194,XAU/USD
2023-04-04 12:00:00-04:00,1.0,1.09482,1.0928214559196718,1.100815632240984,1.0928214559196718,stop,5,False,False,0.0018254544859685324,0.053352607867148384,-1.0,-1.0533526078671485,-1.0533526078671485,EUR/USD
2023-04-04 12:00:00-04:00,1.0,13107.889,13068.2714865064,13226.741540480794,13068.2714865064,stop,4,False,False,0.0030224175299011446,0.06015810376737856,-1.0,-1.0601581037673786,-1.0601581037673786,NAS100
2023-04-04 12:00:00-04:00,-1.0,131.624,131.9286629371528,130.71001118854156,130.71001118854156,target,5,False,False,0.0023146457876436874,0.04665796575514852,3.0,2.9533420342448515,2.9533420342448515,USD/JPY
2023-04-04 12:00:00-04:00,1.0,2020.655,2013.8939898490783,2040.9380304527651,2013.8939898490783,stop,5,False,False,0.003345949779117029,0.06825078811606113,-1.0,-1.0682507881160612,-1.0682507881160612,XAU/USD
2023-04-05 12:00:00-04:00,-1.0,12908.009,12947.656436267253,12789.066691198243,12947.656436267253,stop,1,False,False,0.003071537699365757,0.059093244430211266,-1.0,-1.0590932444302112,-1.0590932444302112,NAS100
2023-04-05 12:00:00-04:00,-1.0,131.088,131.37725451123737,130.22023646628787,131.37725451123737,stop,1,False,False,0.002206567429798104,0.04900850500769639,-1.0,-1.0490085050076965,-1.0490085050076965,USD/JPY
2023-04-05 12:00:00-04:00,1.0,2022.954,2017.0563104600444,2040.6470686198666,2017.0563104600444,stop,2,False,False,0.0029153848975090567,0.0783950938751502,-1.0,-1.0783950938751503,-1.0783950938751503,XAU/USD
2023-04-06 08:00:00-04:00,1.0,12911.519,12871.019,13033.019,13033.019,target,1,False,False,0.003136733950513491,0.059644910494784965,3.0,2.940355089505215,2.940355089505215,NAS100
2023-04-06 12:00:00-04:00,1.0,13016.749,12972.992337914307,13148.018986257077,12972.992337914307,stop,10,False,False,0.003361566093476364,0.054003125645001995,-1.0,-1.054003125645002,-1.054003125645002,NAS100
2023-04-10 08:00:00-04:00,1.0,133.327,132.85,134.758,132.85,stop,12,False,False,0.003577669939322147,0.03420879045920151,-1.0,-1.0342087904592014,-1.0342087904592014,USD/JPY
2023-04-12 04:00:00-04:00,-1.0,1.09237,1.0934808093784445,1.0890375718646668,1.0934808093784445,stop,1,False,False,0.0010168801582288352,0.09584261837924779,-1.0,-1.0958426183792478,-1.0958426183792478,EUR/USD
2023-04-12 12:00:00-04:00,-1.0,12959.919,13013.737003025348,12798.464990923956,13013.737003025348,stop,5,False,False,0.004152649644287741,0.04372303551609704,-1.0,-1.0437230355160971,-1.0437230355160971,NAS100
2023-04-12 12:00:00-04:00,-1.0,2013.545,2019.9085518026943,1994.4543445919173,2019.9085518026943,stop,3,False,False,0.0031603722800802795,0.08222124180016785,-1.0,-1.0822212418001678,-1.0822212418001678,XAU/USD
2023-04-12 12:00:00-04:00,1.0,1.0996,1.097894801929767,1.1047155942106988,1.097894801929767,stop,3,False,False,0.0015507439707465893,0.0627349684688409,-1.0,-1.062734968468841,-1.062734968468841,EUR/USD
2023-04-13 08:00:00-04:00,1.0,1.10488,1.10083,1.1170300000000004,1.10083,stop,6,False,False,0.0036655564405185257,0.026499408846501392,-1.0,-1.0264994088465014,-1.0264994088465014,EUR/USD
2023-04-13 08:00:00-04:00,1.0,2044.935,2026.425,2100.465,2026.425,stop,6,False,False,0.009051632447975114,0.02613916888214078,-1.0,-1.0261391688821409,-1.0261391688821409,XAU/USD
2023-04-14 12:00:00-04:00,-1.0,12970.289,13029.359,12793.079000000002,13029.359,stop,1,False,False,0.004554254727863019,0.03960347831592221,-1.0,-1.0396034783159223,-1.0396034783159223,NAS100
2023-04-14 12:00:00-04:00,1.0,1999.475,1991.8512675478162,2022.346197356551,1991.8512675478162,stop,6,False,False,0.0038128671037065886,0.06115626373984788,-1.0,-1.061156263739848,-1.061156263739848,XAU/USD
2023-04-17 12:00:00-04:00,1.0,134.481,134.2443186298725,135.19104411038245,134.2443186298725,stop,3,False,False,0.0017599614081356106,0.0651299821946505,-1.0,-1.0651299821946505,-1.0651299821946505,USD/JPY
2023-04-17 12:00:00-04:00,-1.0,1.09116,1.0928062018605218,1.0862213944184342,1.0928062018605218,stop,1,False,False,0.0015086713777281882,0.06460543924416062,-1.0,-1.0646054392441606,-1.0646054392441606,EUR/USD
2023-04-18 00:00:00-04:00,-1.0,134.44,134.61998283663743,133.9000514900877,133.9000514900877,target,1,False,False,0.0013387595703468881,0.0856345101941719,3.0,2.914365489805828,2.914365489805828,USD/JPY
2023-04-18 08:00:00-04:00,1.0,13187.369,13157.913804358377,13275.734586924871,13157.913804358377,stop,1,False,False,0.00223359152546831,0.08285372930898072,-1.0,-1.0828537293089808,-1.0828537293089808,NAS100
2023-04-19 08:00:00-04:00,-1.0,1990.705,1997.0312148342273,1971.7263554973179,1997.0312148342273,stop,3,False,False,0.003177876598605699,0.0758549786630117,-1.0,-1.0758549786630116,-1.0758549786630116,XAU/USD
2023-04-19 08:00:00-04:00,-1.0,134.382,134.728,133.344,134.728,stop,1,False,False,0.0025747495944397586,0.04451332390840606,-1.0,-1.0445133239084061,-1.0445133239084061,USD/JPY
2023-04-20 12:00:00-04:00,-1.0,13079.409,13119.236382129182,12959.926853612453,12959.926853612453,target,3,False,False,0.0030450444763354596,0.05905438080718416,3.0,2.940945619192816,2.940945619192816,NAS100
2023-04-21 12:00:00-04:00,1.0,13012.739,12970.776257013433,13138.6272289597,12970.776257013433,stop,3,False,False,0.0032247433062760123,0.05650406350090418,-1.0,-1.0565040635009042,-1.0565040635009042,NAS100
2023-04-21 12:00:00-04:00,1.0,134.214,133.98438475178384,134.9028457446485,133.98438475178384,stop,2,False,False,0.0017108144322959087,0.06270749167344253,-1.0,-1.0627074916734425,-1.0627074916734425,USD/JPY
2023-04-24 08:00:00-04:00,1.0,1.10228,1.09992,1.1093599999999997,1.09992,stop,6,False,False,0.0021410168015385546,0.04540372774551447,-1.0,-1.0454037277455144,-1.0454037277455144,EUR/USD
2023-04-25 12:00:00-04:00,-1.0,12823.539,12856.884502333913,12723.502492998265,12856.884502333913,stop,1,False,True,0.002600335393678142,0.07114744166099016,-1.0,-1.07114744166099,-1.07114744166099,NAS100
2023-04-26 08:00:00-04:00,1.0,133.327,133.013,134.26899999999998,134.26899999999998,target,9,False,False,0.002355111867813668,0.04878132867303294,3.0,2.9512186713269672,2.9512186713269672,USD/JPY
2023-04-26 12:00:00-04:00,-1.0,1986.495,1992.355,1968.9149999999995,1992.355,stop,2,False,False,0.0029499193302777644,0.08172293697590507,-1.0,-1.0817229369759052,-1.0817229369759052,XAU/USD
2023-04-26 12:00:00-04:00,-1.0,1.10409,1.1060852593970245,1.0981042218089265,1.1060852593970245,stop,3,False,False,0.0018071528562205036,0.05377523412930759,-1.0,-1.0537752341293076,-1.0537752341293076,EUR/USD
2023-04-27 12:00:00-04:00,1.0,13094.909,13054.321047049085,13216.672858852744,13216.672858852744,target,1,False,False,0.0030995215736829306,0.05841872123859937,3.0,2.941581278761401,2.941581278761401,NAS100
2023-04-28 08:00:00-04:00,1.0,136.219,135.8330252420061,137.37692427398167,137.37692427398167,target,7,False,False,0.002833486943773575,0.040217600711222136,3.0,2.9597823992887777,2.9597823992887777,USD/JPY
2023-04-28 08:00:00-04:00,1.0,13130.309,13091.059,13248.059,13248.059,target,2,False,False,0.0029892670461906115,0.06194522103994427,3.0,2.9380547789600557,2.9380547789600557,NAS100
2023-05-01 08:00:00-04:00,1.0,136.822,136.59722931285148,137.49631206144556,137.49631206144556,target,1,False,False,0.0016427963861697728,0.06486541243500415,3.0,2.935134587564996,2.935134587564996,USD/JPY
2023-05-01 12:00:00-04:00,1.0,137.473,137.24268797388294,138.16393607835124,137.24268797388294,stop,5,False,False,0.0016753255265912297,0.06350287246715744,-1.0,-1.0635028724671574,-1.0635028724671574,USD/JPY
2023-05-02 08:00:00-04:00,1.0,1.09792,1.09431,1.1087500000000003,1.1087500000000003,target,7,False,False,0.003288035558146416,0.029607853277780084,3.0,2.97039214672222,2.97039214672222,EUR/USD
2023-05-02 12:00:00-04:00,1.0,2015.015,2009.1438273519734,2032.6285179440802,2009.1438273519734,stop,5,False,False,0.002913711633921676,0.07857464315052892,-1.0,-1.078574643150529,-1.078574643150529,XAU/USD
2023-05-03 12:00:00-04:00,-1.0,135.309,135.56650918727786,134.5364724381664,134.5364724381664,target,1,False,False,0.001903119432394456,0.056211351491219294,3.0,2.9437886485087805,2.9437886485087805,USD/JPY
2023-05-03 12:00:00-04:00,1.0,1.10491,1.1035993532497905,1.1088419402506287,1.1088419402506287,target,3,False,False,0.0011862022700577712,0.081902046050049,3.0,2.918097953949951,2.918097953949951,EUR/USD
2023-05-03 12:00:00-04:00,1.0,2023.985,2019.1271418190195,2038.5585745429412,2038.5585745429412,target,1,False,False,0.0024001453474113837,0.0959778843783737,3.0,2.9040221156216264,2.9040221156216264,XAU/USD
2023-05-03 20:00:00-04:00,-1.0,134.524,134.8404769909988,133.57456902700358,134.8404769909988,stop,3,False,False,0.0023525689913978776,0.0487201979437149,-1.0,-1.0487201979437148,-1.0487201979437148,USD/JPY
2023-05-04 04:00:00-04:00,1.0,2037.755,2029.9837876837219,2061.068636948835,2029.9837876837219,stop,7,False,False,0.0038136146476285184,0.06346685022860366,-1.0,-1.0634668502286035,-1.0634668502286035,XAU/USD
2023-05-04 08:00:00-04:00,-1.0,134.283,134.877,132.50099999999992,134.877,stop,6,False,False,0.004423493666361509,0.025913999366856733,-1.0,-1.0259139993668567,-1.0259139993668567,USD/JPY
2023-05-09 08:00:00-04:00,-1.0,1.095,1.09671,1.0898699999999997,1.09671,stop,1,False,False,0.0015616438356165301,0.062352334037126075,-1.0,-1.0623523340371261,-1.0623523340371261,EUR/USD
2023-05-09 12:00:00-04:00,-1.0,1.09627,1.0974991333794177,1.092582599861747,1.0974991333794177,stop,2,False,False,0.0011211958545045081,0.08683877526898201,-1.0,-1.086838775268982,-1.086838775268982,EUR/USD
2023-05-10 12:00:00-04:00,-1.0,2030.875,2036.6632798720725,2013.5101603837825,2036.6632798720725,stop,4,False,False,0.0028501408861069774,0.07399513586673248,-1.0,-1.0739951358667326,-1.0739951358667326,XAU/USD
2023-05-10 12:00:00-04:00,1.0,13333.869,13248.129,13591.089,13591.089,target,31,False,False,0.0064302416650410905,0.02777679532616764,3.0,2.972223204673832,2.972223204673832,NAS100
2023-05-10 20:00:00-04:00,-1.0,134.065,134.26598068500923,133.46205794497232,134.26598068500923,stop,1,False,False,0.0014991286689980793,0.07901855642997342,-1.0,-1.0790185564299735,-1.0790185564299735,USD/JPY
2023-05-11 00:00:00-04:00,1.0,134.242,134.04798205579579,134.8240538326126,134.8240538326126,target,1,False,False,0.0014452849644984815,0.07930394381372985,3.0,2.9206960561862703,2.9206960561862703,USD/JPY
2023-05-11 04:00:00-04:00,-1.0,1.09282,1.0942645248886527,1.0884864253340416,1.0942645248886527,stop,1,False,False,0.0013218324048358972,0.07372448326024872,-1.0,-1.0737244832602486,-1.0737244832602486,EUR/USD
2023-05-11 08:00:00-04:00,1.0,1.09327,1.091817353567659,1.097627939297023,1.091817353567659,stop,1,False,False,0.001328716997942867,0.07335989576276596,-1.0,-1.073359895762766,-1.073359895762766,EUR/USD
2023-05-11 12:00:00-04:00,-1.0,1.09127,1.092871680311409,1.0864649590657731,1.092871680311409,stop,3,False,False,0.001467721380967999,0.06641258387926341,-1.0,-1.0664125838792633,-1.0664125838792633,EUR/USD
2023-05-11 12:00:00-04:00,1.0,134.448,134.1768424275639,135.2614727173083,135.2614727173083,target,5,False,False,0.002016821168303697,0.05314754765006833,3.0,2.9468524523499315,2.9468524523499315,USD/JPY
2023-05-11 12:00:00-04:00,-1.0,2013.875,2021.0527459860266,1992.3417620419202,2021.0527459860266,stop,5,False,False,0.003564146725107861,0.06668966569899307,-1.0,-1.066689665698993,-1.066689665698993,XAU/USD
2023-05-12 08:00:00-04:00,-1.0,2011.174,2021.384,1980.5439999999999,2021.384,stop,7,False,False,0.005076636830030637,0.04492463581669489,-1.0,-1.0449246358166948,-1.0449246358166948,XAU/USD
2023-05-12 08:00:00-04:00,-1.0,1.0887,1.0899444431336014,1.0849666705991958,1.0849666705991958,target,1,False,False,0.0011430542239380837,0.08534472574488705,3.0,2.914655274255113,2.914655274255113,EUR/USD
2023-05-12 12:00:00-04:00,-1.0,1.08516,1.0865701978430546,1.0809294064708357,1.0865701978430546,stop,4,False,False,0.0012995298785936998,0.0751329726596312,-1.0,-1.0751329726596313,-1.0751329726596313,EUR/USD
2023-05-12 12:00:00-04:00,1.0,135.657,135.43423026708578,136.3253091987427,136.3253091987427,target,12,False,False,0.0016421543518891776,0.06507047354852948,3.0,2.9349295264514703,2.9349295264514703,USD/JPY
2023-05-15 04:00:00-04:00,-1.0,1.08684,1.08801,1.0833300000000003,1.08801,stop,1,False,False,0.0010765154024510446,0.09065832957217324,-1.0,-1.0906583295721732,-1.0906583295721732,EUR/USD
2023-05-15 08:00:00-04:00,-1.0,1.08647,1.08816,1.0814000000000001,1.08816,stop,3,False,False,0.0015554962401170482,0.06273613775971604,-1.0,-1.062736137759716,-1.062736137759716,EUR/USD
2023-05-16 12:00:00-04:00,-1.0,1987.534,1996.974,1959.2140000000006,1959.2140000000006,target,11,False,False,0.004749604283498962,0.04902279259941434,3.0,2.9509772074005856,2.9509772074005856,XAU/USD
2023-05-16 12:00:00-04:00,1.0,136.323,136.13927951024183,136.87416146927453,136.87416146927453,target,3,False,False,0.0013476852017500552,0.07915986208765563,3.0,2.9208401379123443,2.9208401379123443,USD/JPY
2023-05-17 04:00:00-04:00,-1.0,1.0829,1.0848,1.0772,1.0848,stop,2,False,False,0.0017545479730353799,0.055677410036253525,-1.0,-1.0556774100362536,-1.0556774100362536,EUR/USD
2023-05-17 08:00:00-04:00,1.0,137.144,136.904,137.86400000000003,137.86400000000003,target,4,False,False,0.0017499854167882596,0.060832071789948754,3.0,2.9391679282100514,2.9391679282100514,USD/JPY
2023-05-17 12:00:00-04:00,1.0,1.08417,1.0827701108218755,1.088369667534374,1.0827701108218755,stop,3,False,False,0.0012912081851781671,0.07563772359821244,-1.0,-1.0756377235982124,-1.0756377235982124,EUR/USD
2023-05-18 00:00:00-04:00,1.0,137.6,137.42787252603094,138.11638242190716,138.11638242190716,target,2,False,False,0.0012509264096588351,0.0850287382505967,3.0,2.9149712617494035,2.9149712617494035,USD/JPY
2023-05-18 08:00:00-04:00,1.0,1.07752,1.076171452355035,1.0815656429348952,1.076171452355035,stop,3,False,False,0.0012515291084759996,0.07816030277040383,-1.0,-1.0781603027704039,-1.0781603027704039,EUR/USD
2023-05-18 08:00:00-04:00,1.0,13658.099,13570.219,13921.739000000003,13921.739000000003,target,16,False,False,0.006434277566739048,0.027974844114895456,3.0,2.9720251558851047,2.9720251558851047,NAS100
2023-05-18 12:00:00-04:00,-1.0,1955.545,1960.2601917625127,1941.3994247124622,1960.2601917625127,stop,2,False,False,0.0024111906207796964,0.09900639976663009,-1.0,-1.0990063997666302,-1.0990063997666302,XAU/USD
2023-05-18 12:00:00-04:00,1.0,138.577,138.34748595880288,139.26554212359136,138.34748595880288,stop,2,False,False,0.001656220304936031,0.06404936085028468,-1.0,-1.0640493608502846,-1.0640493608502846,USD/JPY
2023-05-19 00:00:00-04:00,1.0,138.457,138.26066682168874,139.04599953493374,138.26066682168874,stop,1,False,False,0.0014180083225207062,0.07993292606196128,-1.0,-1.0799329260619612,-1.0799329260619612,USD/JPY
2023-05-19 04:00:00-04:00,-1.0,1964.554,1968.5849827357563,1952.4610517927315,1968.5849827357563,stop,1,False,False,0.0020518564191955003,0.11798504692461506,-1.0,-1.117985046924615,-1.117985046924615,XAU/USD
2023-05-19 04:00:00-04:00,-1.0,1.07944,1.080718292322256,1.0756051230332317,1.080718292322256,stop,1,False,False,0.0011842180410732133,0.08257183054429865,-1.0,-1.0825718305442986,-1.0825718305442986,EUR/USD
2023-05-19 08:00:00-04:00,1.0,138.551,138.193,139.62499999999991,138.193,stop,1,False,False,0.0025838860780505062,0.041069009765851906,-1.0,-1.041069009765852,-1.041069009765852,USD/JPY
2023-05-19 08:00:00-04:00,-1.0,1960.765,1964.745,1948.8250000000007,1964.745,stop,1,False,False,0.0020298199937268313,0.11824605731759767,-1.0,-1.1182460573175976,-1.1182460573175976,XAU/USD
2023-05-23 00:00:00-04:00,-1.0,138.413,138.6413595740664,137.72792127780085,138.6413595740664,stop,2,False,False,0.0016498419517414432,0.06867942623984633,-1.0,-1.0686794262398462,-1.0686794262398462,USD/JPY
2023-05-24 08:00:00-04:00,-1.0,13595.209,13632.297,13483.945000000002,13632.297,stop,1,False,False,0.0027280198487569947,0.06549197894307907,-1.0,-1.065491978943079,-1.065491978943079,NAS100
2023-05-24 08:00:00-04:00,1.0,1.07893,1.0776405228844008,1.0827984313467973,1.0776405228844008,stop,1,False,False,0.001195144370440274,0.08187445399526001,-1.0,-1.08187445399526,-1.08187445399526,EUR/USD
2023-05-24 12:00:00-04:00,-1.0,13565.269,13605.057228685107,13445.904313944679,13605.057228685107,stop,1,False,False,0.002933095442862743,0.06001840394829618,-1.0,-1.0600184039482963,-1.0600184039482963,NAS100
2023-05-24 12:00:00-04:00,1.0,139.307,139.0862356108342,139.96929316749737,139.0862356108342,stop,1,False,False,0.0015847329220053106,0.06684838564778482,-1.0,-1.0668483856477848,-1.0668483856477848,USD/JPY
2023-05-25 00:00:00-04:00,1.0,139.604,139.38645914149697,140.25662257550914,139.38645914149697,stop,1,False,False,0.0015582709557250686,0.07021376210981783,-1.0,-1.0702137621098178,-1.0702137621098178,USD/JPY
2023-05-25 04:00:00-04:00,-1.0,1.07225,1.0734638089866326,1.0686085730401018,1.0734638089866326,stop,1,False,False,0.0011320205051365848,0.08653913515015976,-1.0,-1.0865391351501597,-1.0865391351501597,EUR/USD
2023-05-25 12:00:00-04:00,-1.0,1943.525,1949.3317778688177,1926.1046663935474,1949.3317778688177,stop,3,False,False,0.0029877556855803563,0.0819193801619594,-1.0,-1.0819193801619593,-1.0819193801619593,XAU/USD
2023-05-25 12:00:00-04:00,1.0,139.93,139.6864858135937,140.66054255921895,139.6864858135937,stop,3,False,False,0.0017402571743465696,0.06075413036960945,-1.0,-1.0607541303696095,-1.0607541303696095,USD/JPY
2023-05-25 12:00:00-04:00,1.0,1.07275,1.07113,1.0776100000000006,1.07113,stop,5,False,False,0.0015101374970870908,0.06488409175889713,-1.0,-1.064884091758897,-1.064884091758897,EUR/USD
2023-05-26 04:00:00-04:00,-1.0,1952.474,1957.119433766848,1938.5376986994556,1938.5376986994556,target,12,False,False,0.0023792551229097547,0.10066204375864875,3.0,2.899337956241351,2.899337956241351,XAU/USD
2023-05-26 12:00:00-04:00,1.0,140.594,140.34691294870592,141.33526115388221,140.34691294870592,stop,4,False,False,0.0017574508961554086,0.06006332083622462,-1.0,-1.0600633208362247,-1.0600633208362247,USD/JPY
2023-05-26 12:00:00-04:00,1.0,14281.659,14227.500247690172,14444.135256929483,14444.135256929483,target,11,False,False,0.0037921891504220785,0.04501489243267806,3.0,2.954985107567322,2.954985107567322,NAS100
2023-05-29 00:00:00-04:00,1.0,140.464,140.26981316438432,141.04656050684704,140.26981316438432,stop,1,False,False,0.0013824669354117905,0.0764170293404628,-1.0,-1.0764170293404627,-1.0764170293404627,USD/JPY
2023-05-30 04:00:00-04:00,1.0,1944.858,1941.2219968076486,1955.766009577054,1955.766009577054,target,1,False,False,0.0018695468730114907,0.12773155074455375,3.0,2.872268449255446,2.872268449255446,XAU/USD
2023-05-30 08:00:00-04:00,-1.0,1.07222,1.07465,1.0649299999999995,1.0649299999999995,target,7,False,False,0.0022663259405720417,0.0432235854327653,3.0,2.956776414567235,2.956776414567235,EUR/USD
2023-05-30 08:00:00-04:00,1.0,14414.709,14361.139,14575.419000000005,14361.139,stop,1,False,False,0.0037163427995668538,0.04641490422758248,-1.0,-1.0464149042275825,-1.0464149042275825,NAS100
2023-05-30 12:00:00-04:00,-1.0,14409.389,14451.544273629486,14282.923179111538,14282.923179111538,target,5,False,False,0.0029255420635453076,0.058166933203050615,3.0,2.9418330667969492,2.9418330667969492,NAS100
2023-05-31 04:00:00-04:00,-1.0,1955.245,1959.775,1941.6549999999993,1959.775,stop,1,False,False,0.0023168452035423697,0.1048358709230857,-1.0,-1.1048358709230857,-1.1048358709230857,XAU/USD
2023-05-31 12:00:00-04:00,1.0,1966.085,1960.7338384146115,1982.1384847561658,1960.7338384146115,stop,3,False,False,0.0027217346072975386,0.08878332936966642,-1.0,-1.0887833293696665,-1.0887833293696665,XAU/USD
2023-05-31 12:00:00-04:00,-1.0,1.06378,1.0654,1.05892,1.0654,stop,1,False,False,0.0015228712703754112,0.06442315967381876,-1.0,-1.0644231596738187,-1.0644231596738187,EUR/USD
2023-06-01 00:00:00-04:00,-1.0,139.412,139.6571438792634,138.67656836220982,139.6571438792634,stop,1,False,False,0.0017584130438082451,0.06626853755301941,-1.0,-1.0662685375530194,-1.0662685375530194,USD/JPY
2023-06-01 12:00:00-04:00,1.0,1978.025,1973.2213179644275,1992.4360461067179,1973.2213179644275,stop,5,False,False,0.002428524429960487,0.09690655865751088,-1.0,-1.0969065586575109,-1.0969065586575109,XAU/USD
2023-06-01 12:00:00-04:00,1.0,1.07598,1.0742620755275458,1.0811337734173623,1.0742620755275458,stop,5,False,False,0.001596613759042095,0.06130328780682783,-1.0,-1.0613032878068278,-1.0613032878068278,EUR/USD
2023-06-01 12:00:00-04:00,-1.0,138.796,139.06356813015523,137.99329560953427,139.06356813015523,stop,4,False,False,0.0019277798362722282,0.05499877034256052,-1.0,-1.0549987703425605,-1.0549987703425605,USD/JPY
2023-06-02 08:00:00-04:00,1.0,1964.898,1959.93226300457,1979.79521098629,1959.93226300457,stop,1,False,False,0.0025272238026757656,0.09927024793291231,-1.0,-1.0992702479329124,-1.0992702479329124,XAU/USD
2023-06-02 12:00:00-04:00,1.0,14562.219,14514.85796873811,14704.302093785667,14514.85796873811,stop,2,False,False,0.003252322414728783,0.052405860963174115,-1.0,-1.0524058609631741,-1.0524058609631741,NAS100
2023-06-05 04:00:00-04:00,1.0,1942.188,1938.1329581855657,1954.3531254433033,1938.1329581855657,stop,1,False,True,0.0020878729630882226,0.11699527280738178,-1.0,-1.1169952728073818,-1.1169952728073818,XAU/USD
2023-06-05 12:00:00-04:00,1.0,14660.777,14617.639,14790.191000000003,14617.639,stop,1,False,False,0.00294240885049959,0.05773917659173862,-1.0,-1.0577391765917386,-1.0577391765917386,NAS100
2023-06-07 12:00:00-04:00,-1.0,14365.009,14432.309,14163.109000000002,14432.309,stop,5,False,False,0.0046849953244024614,0.03683764408123853,-1.0,-1.0368376440812386,-1.0368376440812386,NAS100
2023-06-08 12:00:00-04:00,-1.0,138.937,139.15944624521563,138.26966126435315,139.15944624521563,stop,2,False,False,0.0016010583589369405,0.06619801569938387,-1.0,-1.0661980156993838,-1.0661980156993838,USD/JPY
2023-06-08 12:00:00-04:00,1.0,1.07846,1.077141656632461,1.082415030102617,1.077141656632461,stop,3,False,False,0.0012224313999026379,0.08002551294470726,-1.0,-1.0800255129447072,-1.0800255129447072,EUR/USD
2023-06-09 08:00:00-04:00,1.0,1.07708,1.0760218045798091,1.0802545862605728,1.0760218045798091,stop,1,False,False,0.0009824668735757061,0.09959792509877508,-1.0,-1.099597925098775,-1.099597925098775,EUR/USD
2023-06-09 12:00:00-04:00,-1.0,14569.589,14621.28219936523,14414.509401904308,14621.28219936523,stop,5,False,False,0.0035480204256434834,0.04729787090698175,-1.0,-1.0472978709069818,-1.0472978709069818,NAS100
2023-06-09 12:00:00-04:00,-1.0,1961.115,1965.448229355974,1948.115311932078,1965.448229355974,stop,5,False,False,0.0022095743268365324,0.10664985345460175,-1.0,-1.1066498534546017,-1.1066498534546017,XAU/USD
2023-06-09 12:00:00-04:00,1.0,1.07482,1.073666794701837,1.0782796158944894,1.073666794701837,stop,3,False,False,0.0010729287677593417,0.0912536481351643,-1.0,-1.0912536481351642,-1.0912536481351642,EUR/USD
2023-06-13 04:00:00-04:00,1.0,1.08074,1.07942,1.0847,1.07942,stop,1,False,False,0.0012213853470769915,0.08005744742444143,-1.0,-1.0800574474244415,-1.0800574474244415,EUR/USD
2023-06-13 12:00:00-04:00,-1.0,1942.485,1948.0113292020767,1925.9060123937695,1948.0113292020767,stop,2,False,False,0.0028449790871367324,0.08425455965582798,-1.0,-1.084254559655828,-1.084254559655828,XAU/USD
2023-06-13 12:00:00-04:00,1.0,140.174,139.84,141.17600000000002,139.84,stop,5,False,False,0.0023827528642972533,0.044377056600899197,-1.0,-1.0443770566008992,-1.0443770566008992,USD/JPY
2023-06-13 12:00:00-04:00,-1.0,1.07889,1.08043,1.0742699999999996,1.08043,stop,4,False,False,0.0014273929686994013,0.06851393473488848,-1.0,-1.0685139347348884,-1.0685139347348884,EUR/USD
2023-06-13 12:00:00-04:00,-1.0,14892.569,14945.436858249264,14733.965425252205,14945.436858249264,stop,4,False,False,0.0035499488536373295,0.04722077351613159,-1.0,-1.0472207735161316,-1.0472207735161316,NAS100
2023-06-14 12:00:00-04:00,1.0,14981.619,14939.780548487513,15107.134354537462,14939.780548487513,stop,4,False,False,0.002792652216859016,0.05985410374435424,-1.0,-1.0598541037443543,-1.0598541037443543,NAS100
2023-06-14 12:00:00-04:00,1.0,1.08623,1.0849721682211546,1.0900034953365363,1.0849721682211546,stop,1,False,False,0.001157979229855021,0.08431410194777433,-1.0,-1.0843141019477742,-1.0843141019477742,EUR/USD
2023-06-15 00:00:00-04:00,1.0,141.268,141.01257073417318,142.03428779748046,141.01257073417318,stop,1,False,False,0.001808118369530393,0.06220140529096837,-1.0,-1.0622014052909683,-1.0622014052909683,USD/JPY
2023-06-15 12:00:00-04:00,1.0,1.09436,1.0922785311837053,1.100604406448884,1.0922785311837053,stop,5,False,False,0.001901996432887417,0.051210606243864705,-1.0,-1.0512106062438646,-1.0512106062438646,EUR/USD
2023-06-15 12:00:00-04:00,1.0,15164.099,15074.359,15433.319,15074.359,stop,11,False,False,0.005917924962109505,0.028071098828514673,-1.0,-1.0280710988285147,-1.0280710988285147,NAS100
2023-06-15 12:00:00-04:00,1.0,1958.615,1952.8926465811426,1975.7820602565723,1952.8926465811426,stop,10,False,False,0.00292163259183527,0.08163868393250881,-1.0,-1.0816386839325087,-1.0816386839325087,XAU/USD
2023-06-16 12:00:00-04:00,1.0,141.85,141.51662932008998,142.85011203973005,141.51662932008998,stop,3,False,False,0.0023501634114206447,0.04480073688444265,-1.0,-1.0448007368844427,-1.0448007368844427,USD/JPY
2023-06-19 00:00:00-04:00,1.0,141.653,141.41438219154833,142.36885342535498,141.41438219154833,stop,7,False,False,0.0016845235078089724,0.06669071768100948,-1.0,-1.0666907176810094,-1.0666907176810094,USD/JPY
2023-06-21 12:00:00-04:00,1.0,1933.205,1928.6156458234534,1946.9730625296395,1928.6156458234534,stop,3,False,False,0.002373961466345536,0.10135178829665473,-1.0,-1.1013517882966548,-1.1013517882966548,XAU/USD
2023-06-21 12:00:00-04:00,-1.0,14866.359,14949.499,14616.939000000002,14949.499,stop,5,False,False,0.00559249241862109,0.029932235910375672,-1.0,-1.0299322359103757,-1.0299322359103757,NAS100
2023-06-22 00:00:00-04:00,1.0,1.09943,1.09797,1.10381,1.09797,stop,2,False,False,0.0013279608524417352,0.07327418211446483,-1.0,-1.073274182114465,-1.073274182114465,EUR/USD
2023-06-22 08:00:00-04:00,-1.0,1.09824,1.10016,1.0924800000000003,1.0924800000000003,target,4,False,False,0.001748251748251677,0.05568979644202439,3.0,2.9443102035579756,2.9443102035579756,EUR/USD
2023-06-22 12:00:00-04:00,1.0,142.986,142.75223072084268,143.68730783747193,142.75223072084268,stop,5,False,True,0.0016349102650421352,0.06420351833723202,-1.0,-1.064203518337232,-1.064203518337232,USD/JPY
2023-06-22 12:00:00-04:00,-1.0,1915.145,1919.667929699822,1901.5762109005339,1919.667929699822,stop,4,False,False,0.002361664364746295,0.10041972960004053,-1.0,-1.1004197296000404,-1.1004197296000404,XAU/USD
2023-06-23 04:00:00-04:00,-1.0,1.08491,1.08744,1.0773200000000003,1.08744,stop,1,False,False,0.002331990672037239,0.04185392343665624,-1.0,-1.0418539234366562,-1.0418539234366562,EUR/USD
2023-06-23 04:00:00-04:00,-1.0,1917.555,1921.3794361704852,1906.0816914885447,1921.3794361704852,stop,1,False,False,0.00199443362536413,0.11876905730813522,-1.0,-1.1187690573081353,-1.1187690573081353,XAU/USD
2023-06-23 08:00:00-04:00,1.0,1.08871,1.0872122939332753,1.0932031182001742,1.0932031182001742,target,10,False,False,0.0013756703499781615,0.07091427213699335,3.0,2.9290857278630065,2.9290857278630065,EUR/USD
2023-06-23 12:00:00-04:00,1.0,143.865,143.588100669613,144.69569799116104,143.588100669613,stop,2,False,False,0.0019247164382373086,0.05443689834861259,-1.0,-1.0544368983486125,-1.0544368983486125,USD/JPY
2023-06-25 20:00:00-04:00,1.0,143.505,143.27617558117464,144.19147325647606,143.27617558117464,stop,1,False,False,0.001594539694263993,0.07013816402656044,-1.0,-1.0701381640265604,-1.0701381640265604,USD/JPY
2023-06-27 08:00:00-04:00,-1.0,143.548,143.74245801999942,142.96462594000175,143.74245801999942,stop,1,False,False,0.0013546550282791565,0.08243159721501726,-1.0,-1.0824315972150174,-1.0824315972150174,USD/JPY
2023-06-27 08:00:00-04:00,-1.0,14770.209,14811.987,14644.875000000005,14811.987,stop,1,False,False,0.0028285314039901825,0.061077418369287345,-1.0,-1.0610774183692873,-1.0610774183692873,NAS100
2023-06-27 12:00:00-04:00,1.0,144.037,143.80821353931302,144.72335938206098,143.80821353931302,stop,1,False,False,0.00158838673873373,0.06593076227392479,-1.0,-1.0659307622739247,-1.0659307622739247,USD/JPY
2023-06-28 08:00:00-04:00,-1.0,1906.845,1910.1766845169507,1896.849946449148,1910.1766845169507,stop,1,False,False,0.0017472235640288776,0.13811897631136352,-1.0,-1.1381189763113635,-1.1381189763113635,XAU/USD
2023-06-28 12:00:00-04:00,1.0,14939.069,14882.146859802742,15109.835420591771,14882.146859802742,stop,5,False,False,0.00381028698624106,0.04371294119279994,-1.0,-1.0437129411928,-1.0437129411928,NAS100
2023-06-28 12:00:00-04:00,1.0,1912.185,1908.101796634511,1924.434610096467,1908.101796634511,stop,1,False,False,0.0021353600020337983,0.11123058509177777,-1.0,-1.1112305850917779,-1.1112305850917779,XAU/USD
2023-06-28 12:00:00-04:00,-1.0,144.182,144.40548461677125,143.5115461496862,144.40548461677125,stop,1,False,False,0.0015500174555163543,0.06752213204045567,-1.0,-1.0675221320404558,-1.0675221320404558,USD/JPY
2023-06-29 04:00:00-04:00,1.0,1.09167,1.0904774324129585,1.0952477027611243,1.0904774324129585,stop,1,False,False,0.0010924249883586146,0.08922260735917222,-1.0,-1.0892226073591722,-1.0892226073591722,EUR/USD
2023-06-29 12:00:00-04:00,1.0,1910.185,1905.1500481511516,1925.289855546545,1905.1500481511516,stop,3,False,False,0.002635845140051002,0.09017445841779188,-1.0,-1.090174458417792,-1.090174458417792,XAU/USD
2023-06-29 12:00:00-04:00,1.0,144.844,144.6038598621475,145.5644204135575,144.6038598621475,stop,3,False,False,0.0016579225777561138,0.06304067659656575,-1.0,-1.0630406765965656,-1.0630406765965656,USD/JPY
2023-06-29 12:00:00-04:00,-1.0,1.08706,1.0887736779821788,1.0819189660534632,1.0887736779821788,stop,5,False,False,0.0015764336671194952,0.061904998860794855,-1.0,-1.061904998860795,-1.061904998860795,EUR/USD
2023-06-30 00:00:00-04:00,-1.0,144.72,144.89683814084998,144.18948557745006,144.89683814084998,stop,1,False,False,0.0012219329798920718,0.09120143848774477,-1.0,-1.0912014384877449,-1.0912014384877449,USD/JPY
2023-06-30 08:00:00-04:00,1.0,1.08969,1.08531,1.1028300000000002,1.08531,stop,20,False,False,0.004019491782066505,0.02425278083302827,-1.0,-1.0242527808330282,-1.0242527808330282,EUR/USD
2023-06-30 12:00:00-04:00,1.0,15195.079,15142.409,15353.089,15142.409,stop,10,False,False,0.0034662537786081977,0.04766785376555378,-1.0,-1.0476678537655537,-1.0476678537655537,NAS100
2023-07-03 12:00:00-04:00,1.0,1921.195,1917.1064547156227,1933.4606358531316,1933.4606358531316,target,11,False,False,0.002128126132109043,0.11447602951520836,3.0,2.8855239704847917,2.8855239704847917,XAU/USD
2023-07-05 12:00:00-04:00,-1.0,1921.465,1925.0947087270415,1910.5758738188752,1925.0947087270415,stop,4,False,False,0.0018890319246208434,0.12730969646060344,-1.0,-1.1273096964606035,-1.1273096964606035,XAU/USD
2023-07-06 00:00:00-04:00,-1.0,1.08556,1.08753,1.07965,1.08753,stop,1,False,False,0.0018147315671174576,0.053817773878641166,-1.0,-1.0538177738786412,-1.0538177738786412,EUR/USD
2023-07-06 04:00:00-04:00,1.0,1.08639,1.08454,1.0919399999999997,1.08454,stop,1,False,False,0.0017028875449883627,0.057289646529758355,-1.0,-1.0572896465297583,-1.0572896465297583,EUR/USD
2023-07-07 08:00:00-04:00,1.0,143.24,142.581,145.21700000000007,142.581,stop,1,False,False,0.0046006702038538135,0.023587839753481037,-1.0,-1.023587839753481,-1.023587839753481,USD/JPY
2023-07-07 12:00:00-04:00,-1.0,142.106,142.44254771888401,141.09635684334793,142.44254771888401,stop,3,False,False,0.0023682864825131963,0.044413498703906,-1.0,-1.044413498703906,-1.044413498703906,USD/JPY
2023-07-07 12:00:00-04:00,1.0,1.09717,1.0952649519657889,1.1028851441026333,1.0952649519657889,stop,4,False,False,0.0017363289501272352,0.05606738560360236,-1.0,-1.0560673856036025,-1.0560673856036025,EUR/USD
2023-07-10 04:00:00-04:00,1.0,1.09646,1.0952438219920297,1.1001085340239107,1.0952438219920297,stop,1,False,False,0.0011091859328842344,0.08778410251628194,-1.0,-1.087784102516282,-1.087784102516282,EUR/USD
2023-07-10 08:00:00-04:00,-1.0,141.714,142.417,139.605,139.605,target,9,False,False,0.004960695485273177,0.02261899892802627,3.0,2.977381001071974,2.977381001071974,USD/JPY
2023-07-10 12:00:00-04:00,1.0,1.09952,1.098217808039022,1.1034265758829345,1.098217808039022,stop,5,False,False,0.0011843276711457167,0.07830759931161786,-1.0,-1.0783075993116178,-1.0783075993116178,EUR/USD
2023-07-11 04:00:00-04:00,-1.0,1934.984,1938.7931009587523,1923.5566971237427,1938.7931009587523,stop,4,False,False,0.0019685439046278545,0.12473595384036947,-1.0,-1.1247359538403694,-1.1247359538403694,XAU/USD
2023-07-11 12:00:00-04:00,1.0,1.10024,1.0990423671903522,1.1038328984289438,1.1038328984289438,target,5,False,False,0.0010885196044934816,0.08935181582133706,3.0,2.910648184178663,2.910648184178663,EUR/USD
2023-07-11 20:00:00-04:00,-1.0,139.737,140.162,138.46199999999996,138.46199999999996,target,3,False,False,0.003041427825128716,0.03950054594977592,3.0,2.960499454050224,2.960499454050224,USD/JPY
2023-07-12 12:00:00-04:00,-1.0,138.324,138.64279692614932,137.3676092215521,138.64279692614932,stop,2,False,False,0.0023047115912589555,0.046056472704887615,-1.0,-1.0460564727048876,-1.0460564727048876,USD/JPY
2023-07-12 12:00:00-04:00,1.0,15272.799,15206.319,15472.239000000005,15472.239000000005,target,5,False,False,0.004352836700070588,0.03801442140336134,3.0,2.9619855785966385,2.9619855785966385,NAS100
2023-07-12 12:00:00-04:00,1.0,1959.035,1954.225871694001,1973.4623849179975,1954.225871694001,stop,5,False,False,0.002454845526496024,0.09585612171654427,-1.0,-1.0958561217165443,-1.0958561217165443,XAU/USD
2023-07-12 12:00:00-04:00,1.0,1.11319,1.1115595316661009,1.118081405001697,1.118081405001697,target,5,False,False,0.0014646810822043098,0.06618498611603632,3.0,2.933815013883964,2.933815013883964,EUR/USD
2023-07-13 00:00:00-04:00,-1.0,138.394,138.83,137.08599999999998,138.83,stop,2,False,False,0.0031504255964854475,0.03597437685800158,-1.0,-1.0359743768580016,-1.0359743768580016,USD/JPY
2023-07-13 08:00:00-04:00,-1.0,138.148,138.665,136.597,138.665,stop,5,False,False,0.0037423632625879196,0.030279801324809667,-1.0,-1.0302798013248096,-1.0302798013248096,USD/JPY
2023-07-13 08:00:00-04:00,1.0,15418.209,15387.41656294641,15510.586311160774,15510.586311160774,target,1,False,False,0.0019971474672311894,0.08344736810838181,3.0,2.9165526318916184,2.9165526318916184,NAS100
2023-07-13 08:00:00-04:00,1.0,1.11795,1.11615,1.12335,1.12335,target,3,False,False,0.0016100898966859196,0.06012485246309512,3.0,2.9398751475369047,2.9398751475369047,EUR/USD
2023-07-13 12:00:00-04:00,1.0,15515.089,15477.595092027083,15627.570723918752,15627.570723918752,target,5,False,False,0.0024166092745531425,0.06769947174486689,3.0,2.932300528255133,2.932300528255133,NAS100
2023-07-14 00:00:00-04:00,1.0,1.12214,1.12041,1.12733,1.12041,stop,9,False,False,0.0015416971144420566,0.0627470175106392,-1.0,-1.0627470175106393,-1.0627470175106393,EUR/USD
2023-07-14 12:00:00-04:00,1.0,15570.339,15527.946565332975,15697.516304001074,15527.946565332975,stop,2,False,False,0.0027226404426406287,0.060491006255087125,-1.0,-1.0604910062550872,-1.0604910062550872,NAS100
2023-07-18 04:00:00-04:00,-1.0,1.1237,1.12559,1.1180299999999994,1.12559,stop,1,False,False,0.0016819435792472808,0.057472346702650265,-1.0,-1.0574723467026503,-1.0574723467026503,EUR/USD
2023-07-18 08:00:00-04:00,-1.0,1977.975,1984.195,1959.3149999999998,1984.195,stop,9,False,False,0.003144630240523782,0.07698351258135232,-1.0,-1.0769835125813523,-1.0769835125813523,XAU/USD
2023-07-18 12:00:00-04:00,1.0,15775.019,15736.209,15891.448999999999,15891.448999999999,target,5,False,False,0.0024602189068678453,0.06574120197501918,3.0,2.934258798024981,2.934258798024981,NAS100
2023-07-19 04:00:00-04:00,1.0,1.12324,1.1217650151204748,1.1276649546385757,1.1217650151204748,stop,1,False,False,0.0013131520240778844,0.0736640761977967,-1.0,-1.0736640761977967,-1.0736640761977967,EUR/USD
2023-07-19 08:00:00-04:00,1.0,139.715,139.44125336224195,140.53623991327416,139.44125336224195,stop,3,False,False,0.001959321746112098,0.05766922972802049,-1.0,-1.0576692297280206,-1.0576692297280206,USD/JPY
2023-07-19 12:00:00-04:00,-1.0,1.1192,1.1207495420842781,1.1145513737471655,1.1207495420842781,stop,2,False,False,0.0013845086528575365,0.06990730518255328,-1.0,-1.0699073051825532,-1.0699073051825532,EUR/USD
2023-07-20 04:00:00-04:00,1.0,1981.495,1978.0425365268102,1991.852390419569,1978.0425365268102,stop,1,False,False,0.0017423528563986837,0.13575176370324546,-1.0,-1.1357517637032455,-1.1357517637032455,XAU/USD
2023-07-20 12:00:00-04:00,-1.0,1.11241,1.1140538657040813,1.1074784028877558,1.1140538657040813,stop,2,False,False,0.0014777516420037317,0.06560933260380798,-1.0,-1.065609332603808,-1.065609332603808,EUR/USD
2023-07-20 12:00:00-04:00,1.0,140.46,140.20040900781433,141.23877297655704,140.20040900781433,stop,1,False,False,0.0018481488835659881,0.060988607796850836,-1.0,-1.060988607796851,-1.060988607796851,USD/JPY
2023-07-21 08:00:00-04:00,1.0,141.594,141.26451895976473,142.5824431207058,141.26451895976473,stop,5,False,False,0.00232694210372802,0.05133633659997613,-1.0,-1.0513363365999762,-1.0513363365999762,USD/JPY
2023-07-21 08:00:00-04:00,-1.0,1.11186,1.11379,1.10607,1.11379,stop,5,False,False,0.0017358300505459206,0.055863513149959396,-1.0,-1.0558635131499594,-1.0558635131499594,EUR/USD
2023-07-24 04:00:00-04:00,-1.0,1.10708,1.10878,1.10198,1.10878,stop,1,False,False,0.001535571051775874,0.063205092939267,-1.0,-1.063205092939267,-1.063205092939267,EUR/USD
2023-07-24 08:00:00-04:00,1.0,1.1082,1.1064412790818305,1.1134761627545087,1.1064412790818305,stop,1,False,False,0.0015870067841269912,0.06116365790865105,-1.0,-1.061163657908651,-1.061163657908651,EUR/USD
2023-07-24 12:00:00-04:00,1.0,15470.749,15424.079,15610.759,15610.759,target,6,False,False,0.0030166606671726153,0.05436206850994747,3.0,2.9456379314900527,2.9456379314900527,NAS100
2023-07-25 08:00:00-04:00,-1.0,1.10485,1.1061182510860228,1.101045246741932,1.1061182510860228,stop,4,False,False,0.0011478943621511398,0.08464633879054893,-1.0,-1.084646338790549,-1.084646338790549,EUR/USD
2023-07-25 12:00:00-04:00,1.0,1963.445,1959.3607350736029,1975.697794779191,1975.697794779191,target,6,False,False,0.0020801524495960184,0.11684939164205436,3.0,2.8831506083579455,2.8831506083579455,XAU/USD
2023-07-27 00:00:00-04:00,-1.0,140.038,140.31257424056398,139.21427727830812,140.31257424056398,stop,1,False,False,0.0019607123820960352,0.05754591367687731,-1.0,-1.0575459136768772,-1.0575459136768772,USD/JPY
2023-07-27 08:00:00-04:00,1.0,15711.189,15672.805993559072,15826.338019322786,15672.805993559072,stop,1,False,False,0.0024430363889663925,0.0676715434097788,-1.0,-1.0676715434097788,-1.0676715434097788,NAS100
2023-07-27 12:00:00-04:00,-1.0,1944.185,1949.987514693854,1926.7774559184375,1949.987514693854,stop,2,False,False,0.0029845486380432745,0.08087205442546784,-1.0,-1.0808720544254677,-1.0808720544254677,XAU/USD
2023-07-27 12:00:00-04:00,-1.0,1.099,1.1013480030180725,1.0919559909457826,1.1013480030180725,stop,4,False,False,0.0021364904623043454,0.04553565591246637,-1.0,-1.0455356559124664,-1.0455356559124664,EUR/USD
2023-07-27 12:00:00-04:00,-1.0,15618.079,15741.409,15248.089,15741.409,stop,5,False,False,0.007896617759456841,0.020621755266823076,-1.0,-1.020621755266823,-1.020621755266823,NAS100
2023-07-28 12:00:00-04:00,-1.0,1.10254,1.1047635243688387,1.095869426893484,1.095869426893484,target,12,False,False,0.0020167289793011213,0.04819797299420889,3.0,2.951802027005791,2.951802027005791,EUR/USD
2023-07-31 00:00:00-04:00,1.0,141.881,141.44864023180335,143.17807930458994,143.17807930458994,target,8,False,False,0.0030473408574555267,0.03685561628415803,3.0,2.963144383715842,2.963144383715842,USD/JPY
2023-08-01 08:00:00-04:00,1.0,143.266,142.943,144.23499999999993,142.943,stop,2,False,False,0.0022545474850975047,0.052717841381191205,-1.0,-1.0527178413811913,-1.0527178413811913,USD/JPY
2023-08-02 12:00:00-04:00,-1.0,15377.969,15431.131949743321,15218.480150770032,15431.131949743321,stop,6,False,False,0.0034570852459985006,0.04766144229483928,-1.0,-1.0476614422948394,-1.0476614422948394,NAS100
2023-08-02 12:00:00-04:00,-1.0,1936.415,1940.6835959853292,1923.609212044012,1940.6835959853292,stop,11,False,False,0.0022043807682388767,0.09972632562893624,-1.0,-1.0997263256289362,-1.0997263256289362,XAU/USD
2023-08-02 12:00:00-04:00,-1.0,1.0946,1.0962443479935282,1.0896669560194154,1.0962443479935282,stop,6,False,False,0.0015022364274878445,0.06483409221313978,-1.0,-1.0648340922131398,-1.0648340922131398,EUR/USD
2023-08-04 12:00:00-04:00,-1.0,141.835,142.11124438241737,141.00626685274793,142.11124438241737,stop,3,False,False,0.0019476460846572436,0.05404029030238094,-1.0,-1.0540402903023809,-1.0540402903023809,USD/JPY
2023-08-04 12:00:00-04:00,1.0,1941.885,1937.5485272781314,1954.8944181656059,1937.5485272781314,stop,4,False,False,0.0022331254023119965,0.09983259763686317,-1.0,-1.0998325976368633,-1.0998325976368633,XAU/USD
2023-08-06 20:00:00-04:00,-1.0,141.592,141.914,140.6260000000001,141.914,stop,1,False,False,0.0022741397819084005,0.050927425419588425,-1.0,-1.0509274254195884,-1.0509274254195884,USD/JPY
2023-08-09 12:00:00-04:00,-1.0,15105.669,15202.079,14816.439,15202.079,stop,3,False,False,0.006382372075013683,0.0257067459024192,-1.0,-1.0257067459024192,-1.0257067459024192,NAS100
2023-08-09 12:00:00-04:00,1.0,143.638,143.406,144.334,143.406,stop,5,False,True,0.0016151714727300527,0.06918753405677422,-1.0,-1.0691875340567742,-1.0691875340567742,USD/JPY
2023-08-09 12:00:00-04:00,-1.0,1916.205,1919.8049030327404,1905.4052909017785,1919.8049030327404,stop,3,False,False,0.0018786627906411295,0.12053962565511982,-1.0,-1.1205396256551199,-1.1205396256551199,XAU/USD
2023-08-10 08:00:00-04:00,-1.0,1.10395,1.1053727834092733,1.0996816497721802,1.0996816497721802,target,1,False,False,0.0012888114581939988,0.0754219827373969,3.0,2.9245780172626032,2.9245780172626032,EUR/USD
2023-08-10 08:00:00-04:00,-1.0,1914.878,1922.745,1891.277,1891.277,target,27,False,False,0.004108355728145586,0.05750377250038819,3.0,2.942496227499612,2.942496227499612,XAU/USD
2023-08-10 12:00:00-04:00,1.0,144.448,144.2306112923014,145.10016612309582,145.10016612309582,target,9,False,False,0.0015049617003946292,0.07406631207688556,3.0,2.9259336879231146,2.9259336879231146,USD/JPY
2023-08-10 12:00:00-04:00,-1.0,1.10133,1.1030084566873808,1.0962946299378573,1.0962946299378573,target,5,False,False,0.0015240270285753312,0.06384134073539761,3.0,2.9361586592646023,2.9361586592646023,EUR/USD
2023-08-11 12:00:00-04:00,-1.0,14995.879,15051.359,14829.439000000002,15051.359,stop,2,False,False,0.0036996830929350365,0.04519613127994873,-1.0,-1.0451961312799487,-1.0451961312799487,NAS100
2023-08-14 00:00:00-04:00,-1.0,144.907,145.08027831674977,144.38716504975073,145.08027831674977,stop,1,False,False,0.001195789828992103,0.09606594209182263,-1.0,-1.0960659420918226,-1.0960659420918226,USD/JPY
2023-08-14 12:00:00-04:00,1.0,145.364,145.1749010390615,145.93129688281553,145.1749010390615,stop,5,False,False,0.0013008651450050132,0.08028029603310169,-1.0,-1.0802802960331017,-1.0802802960331017,USD/JPY
2023-08-14 12:00:00-04:00,-1.0,1.09172,1.0933786874384561,1.0867439376846317,1.0933786874384561,stop,4,False,False,0.0015193341135603421,0.05814414243784851,-1.0,-1.0581441424378486,-1.0581441424378486,EUR/USD
2023-08-15 08:00:00-04:00,1.0,145.593,145.4180176630292,146.1179470109124,145.4180176630292,stop,1,False,False,0.0012018595466183105,0.08688763113854042,-1.0,-1.0868876311385405,-1.0868876311385405,USD/JPY
2023-08-17 00:00:00-04:00,-1.0,1.08804,1.0891195887627239,1.084801233711828,1.0891195887627239,stop,1,False,False,0.0009922326042461306,0.09834386928367926,-1.0,-1.0983438692836793,-1.0983438692836793,EUR/USD
2023-08-17 00:00:00-04:00,1.0,146.357,146.21563746289516,146.78108761131452,146.21563746289516,stop,1,False,False,0.0009658747931758625,0.11138701330135721,-1.0,-1.1113870133013573,-1.1113870133013573,USD/JPY
2023-08-17 08:00:00-04:00,-1.0,14870.099,14945.189,14644.829,14644.829,target,5,False,False,0.005049731007170843,0.033717702191161145,3.0,2.966282297808839,2.966282297808839,NAS100
2023-08-17 12:00:00-04:00,-1.0,1888.265,1891.957581233101,1877.187256300697,1891.957581233101,stop,2,False,False,0.0019555418509059953,0.11980972037605543,-1.0,-1.1198097203760555,-1.1198097203760555,XAU/USD
2023-08-18 08:00:00-04:00,-1.0,14587.699,14628.801565111557,14464.391304665332,14628.801565111557,stop,1,False,False,0.0028176181254875106,0.06120672266982084,-1.0,-1.0612067226698207,-1.0612067226698207,NAS100
2023-08-18 12:00:00-04:00,1.0,14673.289,14610.519,14861.599000000002,14861.599000000002,target,6,False,False,0.004277841184754177,0.03930467953876981,3.0,2.9606953204612303,2.9606953204612303,NAS100
2023-08-18 12:00:00-04:00,1.0,1.08792,1.0866391910835855,1.0917624267492434,1.0917624267492434,target,10,False,False,0.0011773006438106355,0.07897971285552205,3.0,2.921020287144478,2.921020287144478,EUR/USD
2023-08-22 08:00:00-04:00,1.0,14995.749,14917.759,15229.719,14917.759,stop,1,False,False,0.005200807242105731,0.03260478137435869,-1.0,-1.0326047813743586,-1.0326047813743586,NAS100
2023-08-23 04:00:00-04:00,-1.0,1.08098,1.0822687101070132,1.0771138696789606,1.0822687101070132,stop,1,False,False,0.0011921683167247744,0.0780967443455686,-1.0,-1.0780967443455687,-1.0780967443455687,EUR/USD
2023-08-23 08:00:00-04:00,-1.0,1.08042,1.0816709752569635,1.0766670742291091,1.0816709752569635,stop,1,False,False,0.001157860144169494,0.08433674165180347,-1.0,-1.0843367416518035,-1.0843367416518035,EUR/USD
2023-08-23 12:00:00-04:00,1.0,1919.695,1915.9996309893957,1930.7811070318128,1915.9996309893957,stop,1,False,False,0.0019249771503307982,0.11494607592151032,-1.0,-1.1149460759215104,-1.1149460759215104,XAU/USD
2023-08-23 12:00:00-04:00,1.0,15183.749,15120.759,15372.719,15120.759,stop,5,False,False,0.004148514309608238,0.04024763319043357,-1.0,-1.0402476331904336,-1.0402476331904336,NAS100
2023-08-23 12:00:00-04:00,-1.0,144.621,144.85134223787432,143.92997328637708,144.85134223787432,stop,1,False,False,0.0015927302250317086,0.0656551703297139,-1.0,-1.065655170329714,-1.065655170329714,USD/JPY
2023-08-23 20:00:00-04:00,-1.0,144.994,145.1879142215479,144.41225733535626,145.1879142215479,stop,1,False,False,0.001337394799425588,0.08327674749247664,-1.0,-1.0832767474924767,-1.0832767474924767,USD/JPY
2023-08-24 04:00:00-04:00,-1.0,1919.505,1922.1743910810253,1911.4968267569245,1922.1743910810253,stop,1,False,False,0.0013906663858782322,0.15905813480661501,-1.0,-1.1590581348066151,-1.1590581348066151,XAU/USD
2023-08-25 08:00:00-04:00,-1.0,1.08078,1.0820436003589924,1.0769891989230231,1.0820436003589924,stop,5,False,False,0.0011691559419977347,0.08359955657609487,-1.0,-1.083599556576095,-1.083599556576095,EUR/USD
2023-08-25 12:00:00-04:00,1.0,146.331,146.10863727969,146.99808816093,146.99808816093,target,11,False,False,0.0015195872392726236,0.07080259080703115,3.0,2.9291974091929687,2.9291974091929687,USD/JPY
2023-08-28 12:00:00-04:00,1.0,1919.625,1916.4771906477913,1929.068428056626,1916.4771906477913,stop,5,False,True,0.0016398043118883618,0.14073568093784503,-1.0,-1.140735680937845,-1.140735680937845,XAU/USD
2023-08-29 08:00:00-04:00,1.0,147.237,147.08235587666695,147.70093236999912,147.08235587666695,stop,1,False,False,0.0010503074861145138,0.10547491619153823,-1.0,-1.1054749161915383,-1.1054749161915383,USD/JPY
2023-08-29 12:00:00-04:00,-1.0,145.915,146.15628760949903,145.19113717150287,146.15628760949903,stop,2,False,False,0.0016536175821474112,0.06307114377233734,-1.0,-1.0630711437723372,-1.0630711437723372,USD/JPY
2023-08-29 12:00:00-04:00,1.0,1937.095,1933.3332697917565,1948.3801906247306,1948.3801906247306,target,5,False,False,0.001941944100957121,0.11576170260475406,3.0,2.884238297395246,2.884238297395246,XAU/USD
2023-08-30 08:00:00-04:00,1.0,1945.085,1938.645,1964.4050000000002,1939.535,time,8,False,False,0.0033109092918818736,0.06928877578432628,-0.8618012422360105,-0.9310900180203368,-0.9310900180203368,XAU/USD
2023-08-30 12:00:00-04:00,1.0,15470.337,15423.512989473063,15610.809031580808,15423.512989473063,stop,4,False,False,0.0030266962204466546,0.054165622125508975,-1.0,-1.054165622125509,-1.054165622125509,NAS100
2023-08-30 12:00:00-04:00,1.0,1.09234,1.0907381062718704,1.0971456811843892,1.0907381062718704,stop,3,False,False,0.0014664790524284458,0.06333706876286517,-1.0,-1.0633370687628652,-1.0633370687628652,EUR/USD
2023-08-31 12:00:00-04:00,1.0,15526.119,15481.858184992261,15658.901445023219,15496.969,time,1,False,False,0.002850732691649435,0.057431950206453974,-0.6585960966806483,-0.7160280468871023,-0.7160280468871023,NAS100
